series_id,label,date,value
US_CPI_YOY,US CPI (YoY),1997-01-01,3.0440414507771907
US_CPI_YOY,US CPI (YoY),1997-02-01,3.034215622982561
US_CPI_YOY,US CPI (YoY),1997-03-01,2.7617212588310958
US_CPI_YOY,US CPI (YoY),1997-04-01,2.4952015355086177
US_CPI_YOY,US CPI (YoY),1997-05-01,2.2349936143039484
US_CPI_YOY,US CPI (YoY),1997-06-01,2.2973835354180183
US_CPI_YOY,US CPI (YoY),1997-07-01,2.2292993630573354
US_CPI_YOY,US CPI (YoY),1997-08-01,2.2250476795931284
US_CPI_YOY,US CPI (YoY),1997-09-01,2.154626108998725
US_CPI_YOY,US CPI (YoY),1997-10-01,2.0846493998736504
US_CPI_YOY,US CPI (YoY),1997-11-01,1.828499369482972
US_CPI_YOY,US CPI (YoY),1997-12-01,1.7023959646910614
US_CPI_YOY,US CPI (YoY),1998-01-01,1.5713387806411072
US_CPI_YOY,US CPI (YoY),1998-02-01,1.441102756892243
US_CPI_YOY,US CPI (YoY),1998-03-01,1.374999999999993
US_CPI_YOY,US CPI (YoY),1998-04-01,1.4357053682896526
US_CPI_YOY,US CPI (YoY),1998-05-01,1.6864459712679691
US_CPI_YOY,US CPI (YoY),1998-06-01,1.6843418590143378
US_CPI_YOY,US CPI (YoY),1998-07-01,1.6822429906542036
US_CPI_YOY,US CPI (YoY),1998-08-01,1.6169154228855787
US_CPI_YOY,US CPI (YoY),1998-09-01,1.488833746898277
US_CPI_YOY,US CPI (YoY),1998-10-01,1.4851485148514865
US_CPI_YOY,US CPI (YoY),1998-11-01,1.5479876160990669
US_CPI_YOY,US CPI (YoY),1998-12-01,1.6119032858028515
US_CPI_YOY,US CPI (YoY),1999-01-01,1.6707920792079278
US_CPI_YOY,US CPI (YoY),1999-02-01,1.6059295861643008
US_CPI_YOY,US CPI (YoY),1999-03-01,1.7262638717632672
US_CPI_YOY,US CPI (YoY),1999-04-01,2.2769230769230653
US_CPI_YOY,US CPI (YoY),1999-05-01,2.088452088452075
US_CPI_YOY,US CPI (YoY),1999-06-01,1.9631901840490684
US_CPI_YOY,US CPI (YoY),1999-07-01,2.1446078431372584
US_CPI_YOY,US CPI (YoY),1999-08-01,2.2643818849449104
US_CPI_YOY,US CPI (YoY),1999-09-01,2.6283618581907087
US_CPI_YOY,US CPI (YoY),1999-10-01,2.5609756097561
US_CPI_YOY,US CPI (YoY),1999-11-01,2.6219512195122086
US_CPI_YOY,US CPI (YoY),1999-12-01,2.684563758389258
US_CPI_YOY,US CPI (YoY),2000-01-01,2.738892270237381
US_CPI_YOY,US CPI (YoY),2000-02-01,3.221884498480243
US_CPI_YOY,US CPI (YoY),2000-03-01,3.7575757575757596
US_CPI_YOY,US CPI (YoY),2000-04-01,3.0685920577617543
US_CPI_YOY,US CPI (YoY),2000-05-01,3.1889290012033777
US_CPI_YOY,US CPI (YoY),2000-06-01,3.73044524669075
US_CPI_YOY,US CPI (YoY),2000-07-01,3.659268146370742
US_CPI_YOY,US CPI (YoY),2000-08-01,3.4111310592459754
US_CPI_YOY,US CPI (YoY),2000-09-01,3.4544371649791517
US_CPI_YOY,US CPI (YoY),2000-10-01,3.4482758620689724
US_CPI_YOY,US CPI (YoY),2000-11-01,3.446226975638722
US_CPI_YOY,US CPI (YoY),2000-12-01,3.3868092691621943
US_CPI_YOY,US CPI (YoY),2001-01-01,3.7322274881516515
US_CPI_YOY,US CPI (YoY),2001-02-01,3.5335689045936425
US_CPI_YOY,US CPI (YoY),2001-03-01,2.9205607476635587
US_CPI_YOY,US CPI (YoY),2001-04-01,3.2691185055458316
US_CPI_YOY,US CPI (YoY),2001-05-01,3.6151603498542295
US_CPI_YOY,US CPI (YoY),2001-06-01,3.248259860788849
US_CPI_YOY,US CPI (YoY),2001-07-01,2.719907407407396
US_CPI_YOY,US CPI (YoY),2001-08-01,2.719907407407396
US_CPI_YOY,US CPI (YoY),2001-09-01,2.648244099021313
US_CPI_YOY,US CPI (YoY),2001-10-01,2.126436781609198
US_CPI_YOY,US CPI (YoY),2001-11-01,1.895462377943713
US_CPI_YOY,US CPI (YoY),2001-12-01,1.551724137931032
US_CPI_YOY,US CPI (YoY),2002-01-01,1.142204454597362
US_CPI_YOY,US CPI (YoY),2002-02-01,1.1376564277588264
US_CPI_YOY,US CPI (YoY),2002-03-01,1.4755959137344066
US_CPI_YOY,US CPI (YoY),2002-04-01,1.6393442622950838
US_CPI_YOY,US CPI (YoY),2002-05-01,1.1817670230725996
US_CPI_YOY,US CPI (YoY),2002-06-01,1.0674157303370846
US_CPI_YOY,US CPI (YoY),2002-07-01,1.4647887323943731
US_CPI_YOY,US CPI (YoY),2002-08-01,1.8028169014084439
US_CPI_YOY,US CPI (YoY),2002-09-01,1.5143017386427315
US_CPI_YOY,US CPI (YoY),2002-10-01,2.025886325267323
US_CPI_YOY,US CPI (YoY),2002-11-01,2.19842164599775
US_CPI_YOY,US CPI (YoY),2002-12-01,2.376910016977929
US_CPI_YOY,US CPI (YoY),2003-01-01,2.5974025974025983
US_CPI_YOY,US CPI (YoY),2003-02-01,2.9808773903261976
US_CPI_YOY,US CPI (YoY),2003-03-01,3.0201342281878985
US_CPI_YOY,US CPI (YoY),2003-04-01,2.2246941045606317
US_CPI_YOY,US CPI (YoY),2003-05-01,2.057842046718572
US_CPI_YOY,US CPI (YoY),2003-06-01,2.1122846025569686
US_CPI_YOY,US CPI (YoY),2003-07-01,2.1099389228206533
US_CPI_YOY,US CPI (YoY),2003-08-01,2.158273381294973
US_CPI_YOY,US CPI (YoY),2003-09-01,2.3204419889502725
US_CPI_YOY,US CPI (YoY),2003-10-01,2.0408163265306145
US_CPI_YOY,US CPI (YoY),2003-11-01,1.7650303364588948
US_CPI_YOY,US CPI (YoY),2003-12-01,1.8794914317302513
US_CPI_YOY,US CPI (YoY),2004-01-01,1.9262520638414937
US_CPI_YOY,US CPI (YoY),2004-02-01,1.6930638995084513
US_CPI_YOY,US CPI (YoY),2004-03-01,1.7372421281216077
US_CPI_YOY,US CPI (YoY),2004-04-01,2.285092491838947
US_CPI_YOY,US CPI (YoY),2004-05-01,3.051771117166213
US_CPI_YOY,US CPI (YoY),2004-06-01,3.2661948829613596
US_CPI_YOY,US CPI (YoY),2004-07-01,2.9907558455682492
US_CPI_YOY,US CPI (YoY),2004-08-01,2.654387865655483
US_CPI_YOY,US CPI (YoY),2004-09-01,2.5377969762419017
US_CPI_YOY,US CPI (YoY),2004-10-01,3.189189189189201
US_CPI_YOY,US CPI (YoY),2004-11-01,3.5230352303523116
US_CPI_YOY,US CPI (YoY),2004-12-01,3.255561584373301
US_CPI_YOY,US CPI (YoY),2005-01-01,2.969762419006483
US_CPI_YOY,US CPI (YoY),2005-02-01,3.0075187969925032
US_CPI_YOY,US CPI (YoY),2005-03-01,3.1483457844183604
US_CPI_YOY,US CPI (YoY),2005-04-01,3.5106382978723483
US_CPI_YOY,US CPI (YoY),2005-05-01,2.8027498677948293
US_CPI_YOY,US CPI (YoY),2005-06-01,2.530311017395892
US_CPI_YOY,US CPI (YoY),2005-07-01,3.167898627243937
US_CPI_YOY,US CPI (YoY),2005-08-01,3.641160949868083
US_CPI_YOY,US CPI (YoY),2005-09-01,4.686677198525535
US_CPI_YOY,US CPI (YoY),2005-10-01,4.347826086956519
US_CPI_YOY,US CPI (YoY),2005-11-01,3.4554973821989465
US_CPI_YOY,US CPI (YoY),2005-12-01,3.4156594850236477
US_CPI_YOY,US CPI (YoY),2006-01-01,3.9853172522286373
US_CPI_YOY,US CPI (YoY),2006-02-01,3.59749739311781
US_CPI_YOY,US CPI (YoY),2006-03-01,3.3626487325400856
US_CPI_YOY,US CPI (YoY),2006-04-01,3.5457348406988665
US_CPI_YOY,US CPI (YoY),2006-05-01,4.166666666666674
US_CPI_YOY,US CPI (YoY),2006-06-01,4.318766066838053
US_CPI_YOY,US CPI (YoY),2006-07-01,4.145342886386905
US_CPI_YOY,US CPI (YoY),2006-08-01,3.8187372708757605
US_CPI_YOY,US CPI (YoY),2006-09-01,2.062374245472842
US_CPI_YOY,US CPI (YoY),2006-10-01,1.3052208835341528
US_CPI_YOY,US CPI (YoY),2006-11-01,1.9736842105263275
US_CPI_YOY,US CPI (YoY),2006-12-01,2.5406504065040636
US_CPI_YOY,US CPI (YoY),2007-01-01,2.0756429652042385
US_CPI_YOY,US CPI (YoY),2007-02-01,2.415198792148976
US_CPI_YOY,US CPI (YoY),2007-03-01,2.7787787787787677
US_CPI_YOY,US CPI (YoY),2007-04-01,2.5736972704714756
US_CPI_YOY,US CPI (YoY),2007-05-01,2.6908641975308623
US_CPI_YOY,US CPI (YoY),2007-06-01,2.687037949728932
US_CPI_YOY,US CPI (YoY),2007-07-01,2.3582309582309557
US_CPI_YOY,US CPI (YoY),2007-08-01,1.9700833742030355
US_CPI_YOY,US CPI (YoY),2007-09-01,2.755051749630355
US_CPI_YOY,US CPI (YoY),2007-10-01,3.5361744301288356
US_CPI_YOY,US CPI (YoY),2007-11-01,4.306203473945414
US_CPI_YOY,US CPI (YoY),2007-12-01,4.081268582755193
US_CPI_YOY,US CPI (YoY),2008-01-01,4.280294047901356
US_CPI_YOY,US CPI (YoY),2008-02-01,4.026555413048727
US_CPI_YOY,US CPI (YoY),2008-03-01,3.981456231251701
US_CPI_YOY,US CPI (YoY),2008-04-01,3.9368897748275122
US_CPI_YOY,US CPI (YoY),2008-05-01,4.17554304180352
US_CPI_YOY,US CPI (YoY),2008-06-01,5.0217900476117405
US_CPI_YOY,US CPI (YoY),2008-07-01,5.6001229002539565
US_CPI_YOY,US CPI (YoY),2008-08-01,5.371855115262347
US_CPI_YOY,US CPI (YoY),2008-09-01,4.936927430572191
US_CPI_YOY,US CPI (YoY),2008-10-01,3.655186277137501
US_CPI_YOY,US CPI (YoY),2008-11-01,1.0695746918073956
US_CPI_YOY,US CPI (YoY),2008-12-01,0.09141290064560437
US_CPI_YOY,US CPI (YoY),2009-01-01,0.02984650369528552
US_CPI_YOY,US CPI (YoY),2009-02-01,0.2361910880378737
US_CPI_YOY,US CPI (YoY),2009-03-01,-0.3835562549173832
US_CPI_YOY,US CPI (YoY),2009-04-01,-0.7368857152167174
US_CPI_YOY,US CPI (YoY),2009-05-01,-1.2814357989586078
US_CPI_YOY,US CPI (YoY),2009-06-01,-1.4267760436898702
US_CPI_YOY,US CPI (YoY),2009-07-01,-2.097161353676058
US_CPI_YOY,US CPI (YoY),2009-08-01,-1.4843486119606064
US_CPI_YOY,US CPI (YoY),2009-09-01,-1.2862059666427395
US_CPI_YOY,US CPI (YoY),2009-10-01,-0.1828482774861251
US_CPI_YOY,US CPI (YoY),2009-11-01,1.8382958691302909
US_CPI_YOY,US CPI (YoY),2009-12-01,2.721331126205828
US_CPI_YOY,US CPI (YoY),2010-01-01,2.6257086429576137
US_CPI_YOY,US CPI (YoY),2010-02-01,2.143331778145363
US_CPI_YOY,US CPI (YoY),2010-03-01,2.3139594469439473
US_CPI_YOY,US CPI (YoY),2010-04-01,2.2364471956480836
US_CPI_YOY,US CPI (YoY),2010-05-01,2.0209860840939786
US_CPI_YOY,US CPI (YoY),2010-06-01,1.053348972845658
US_CPI_YOY,US CPI (YoY),2010-07-01,1.2351927783014638
US_CPI_YOY,US CPI (YoY),2010-08-01,1.1481045618392027
US_CPI_YOY,US CPI (YoY),2010-09-01,1.143682658159273
US_CPI_YOY,US CPI (YoY),2010-10-01,1.1721876055269531
US_CPI_YOY,US CPI (YoY),2010-11-01,1.1431609115702734
US_CPI_YOY,US CPI (YoY),2010-12-01,1.4957235273143077
US_CPI_YOY,US CPI (YoY),2011-01-01,1.631846857448771
US_CPI_YOY,US CPI (YoY),2011-02-01,2.1075846286581656
US_CPI_YOY,US CPI (YoY),2011-03-01,2.6816032642408505
US_CPI_YOY,US CPI (YoY),2011-04-01,3.1636308592764673
US_CPI_YOY,US CPI (YoY),2011-05-01,3.568645784634561
US_CPI_YOY,US CPI (YoY),2011-06-01,3.558828252242341
US_CPI_YOY,US CPI (YoY),2011-07-01,3.6287159822210757
US_CPI_YOY,US CPI (YoY),2011-08-01,3.7712081791197782
US_CPI_YOY,US CPI (YoY),2011-09-01,3.868356841040299
US_CPI_YOY,US CPI (YoY),2011-10-01,3.5251999213574026
US_CPI_YOY,US CPI (YoY),2011-11-01,3.3943775908008567
US_CPI_YOY,US CPI (YoY),2011-12-01,2.9624188448710953
US_CPI_YOY,US CPI (YoY),2012-01-01,2.9252167121508466
US_CPI_YOY,US CPI (YoY),2012-02-01,2.871098780438208
US_CPI_YOY,US CPI (YoY),2012-03-01,2.651398193021781
US_CPI_YOY,US CPI (YoY),2012-04-01,2.3027398112989372
US_CPI_YOY,US CPI (YoY),2012-05-01,1.704253774937592
US_CPI_YOY,US CPI (YoY),2012-06-01,1.6639937622385137
US_CPI_YOY,US CPI (YoY),2012-07-01,1.4084507042253502
US_CPI_YOY,US CPI (YoY),2012-08-01,1.692378997550148
US_CPI_YOY,US CPI (YoY),2012-09-01,1.9912820806649911
US_CPI_YOY,US CPI (YoY),2012-10-01,2.1623435988711304
US_CPI_YOY,US CPI (YoY),2012-11-01,1.764133846085847
US_CPI_YOY,US CPI (YoY),2012-12-01,1.741022368747558
US_CPI_YOY,US CPI (YoY),2013-01-01,1.5948646681225531
US_CPI_YOY,US CPI (YoY),2013-02-01,1.9779235097490577
US_CPI_YOY,US CPI (YoY),2013-03-01,1.4738962125967703
US_CPI_YOY,US CPI (YoY),2013-04-01,1.063085381489448
US_CPI_YOY,US CPI (YoY),2013-05-01,1.3619650588516885
US_CPI_YOY,US CPI (YoY),2013-06-01,1.7544165453768912
US_CPI_YOY,US CPI (YoY),2013-07-01,1.9606816118443948
US_CPI_YOY,US CPI (YoY),2013-08-01,1.518367559543199
US_CPI_YOY,US CPI (YoY),2013-09-01,1.184925261552161
US_CPI_YOY,US CPI (YoY),2013-10-01,0.9636127046434018
US_CPI_YOY,US CPI (YoY),2013-11-01,1.2370722045339066
US_CPI_YOY,US CPI (YoY),2013-12-01,1.501735619618394
US_CPI_YOY,US CPI (YoY),2014-01-01,1.5789473684210575
US_CPI_YOY,US CPI (YoY),2014-02-01,1.1263492501055294
US_CPI_YOY,US CPI (YoY),2014-03-01,1.51220287576308
US_CPI_YOY,US CPI (YoY),2014-04-01,1.9528578985167577
US_CPI_YOY,US CPI (YoY),2014-05-01,2.1271115499366777
US_CPI_YOY,US CPI (YoY),2014-06-01,2.0723413731670526
US_CPI_YOY,US CPI (YoY),2014-07-01,1.9923286357643066
US_CPI_YOY,US CPI (YoY),2014-08-01,1.6996113341628316
US_CPI_YOY,US CPI (YoY),2014-09-01,1.657918675715031
US_CPI_YOY,US CPI (YoY),2014-10-01,1.664340215632043
US_CPI_YOY,US CPI (YoY),2014-11-01,1.3223551823708934
US_CPI_YOY,US CPI (YoY),2014-12-01,0.7564932696557447
US_CPI_YOY,US CPI (YoY),2015-01-01,-0.08934831306964819
US_CPI_YOY,US CPI (YoY),2015-02-01,-0.025129801815304553
US_CPI_YOY,US CPI (YoY),2015-03-01,-0.07363739086643228
US_CPI_YOY,US CPI (YoY),2015-04-01,-0.1995174461766891
US_CPI_YOY,US CPI (YoY),2015-05-01,-0.039932744850779134
US_CPI_YOY,US CPI (YoY),2015-06-01,0.12377120368545214
US_CPI_YOY,US CPI (YoY),2015-07-01,0.1695697796432194
US_CPI_YOY,US CPI (YoY),2015-08-01,0.1950792930057288
US_CPI_YOY,US CPI (YoY),2015-09-01,-0.03612974780596856
US_CPI_YOY,US CPI (YoY),2015-10-01,0.17057443573555986
US_CPI_YOY,US CPI (YoY),2015-11-01,0.5017975786678841
US_CPI_YOY,US CPI (YoY),2015-12-01,0.7295197860415881
US_CPI_YOY,US CPI (YoY),2016-01-01,1.3730868138309926
US_CPI_YOY,US CPI (YoY),2016-02-01,1.0177997801654737
US_CPI_YOY,US CPI (YoY),2016-03-01,0.8525362211427412
US_CPI_YOY,US CPI (YoY),2016-04-01,1.125110418894426
US_CPI_YOY,US CPI (YoY),2016-05-01,1.019322554193569
US_CPI_YOY,US CPI (YoY),2016-06-01,0.9973264945230875
US_CPI_YOY,US CPI (YoY),2016-07-01,0.8271388704987004
US_CPI_YOY,US CPI (YoY),2016-08-01,1.0628745027610353
US_CPI_YOY,US CPI (YoY),2016-09-01,1.4637836474815646
US_CPI_YOY,US CPI (YoY),2016-10-01,1.6359875209176034
US_CPI_YOY,US CPI (YoY),2016-11-01,1.6925371625037933
US_CPI_YOY,US CPI (YoY),2016-12-01,2.074622132966919
US_CPI_YOY,US CPI (YoY),2017-01-01,2.5000422090529995
US_CPI_YOY,US CPI (YoY),2017-02-01,2.7379581714893186
US_CPI_YOY,US CPI (YoY),2017-03-01,2.3806124334402767
US_CPI_YOY,US CPI (YoY),2017-04-01,2.199689878417299
US_CPI_YOY,US CPI (YoY),2017-05-01,1.8748777208413614
US_CPI_YOY,US CPI (YoY),2017-06-01,1.633487955256463
US_CPI_YOY,US CPI (YoY),2017-07-01,1.727978456372492
US_CPI_YOY,US CPI (YoY),2017-08-01,1.9389742120581754
US_CPI_YOY,US CPI (YoY),2017-09-01,2.2329638650032235
US_CPI_YOY,US CPI (YoY),2017-10-01,2.0411287019761692
US_CPI_YOY,US CPI (YoY),2017-11-01,2.202582938683184
US_CPI_YOY,US CPI (YoY),2017-12-01,2.1090824745684245
US_CPI_YOY,US CPI (YoY),2018-01-01,2.0705076202751638
US_CPI_YOY,US CPI (YoY),2018-02-01,2.2117954212386604
US_CPI_YOY,US CPI (YoY),2018-03-01,2.3597114039729084
US_CPI_YOY,US CPI (YoY),2018-04-01,2.462743943334811
US_CPI_YOY,US CPI (YoY),2018-05-01,2.8010117148075553
US_CPI_YOY,US CPI (YoY),2018-06-01,2.87154783531669
US_CPI_YOY,US CPI (YoY),2018-07-01,2.9495150866471143
US_CPI_YOY,US CPI (YoY),2018-08-01,2.6991801041874375
US_CPI_YOY,US CPI (YoY),2018-09-01,2.2769721941990007
US_CPI_YOY,US CPI (YoY),2018-10-01,2.5224699286070296
US_CPI_YOY,US CPI (YoY),2018-11-01,2.176601032152403
US_CPI_YOY,US CPI (YoY),2018-12-01,1.9101588486313714
US_CPI_YOY,US CPI (YoY),2019-01-01,1.5512351381991252
US_CPI_YOY,US CPI (YoY),2019-02-01,1.520135265933309
US_CPI_YOY,US CPI (YoY),2019-03-01,1.8625227405691724
US_CPI_YOY,US CPI (YoY),2019-04-01,1.9964397755302565
US_CPI_YOY,US CPI (YoY),2019-05-01,1.7902284687663972
US_CPI_YOY,US CPI (YoY),2019-06-01,1.6484846560762545
US_CPI_YOY,US CPI (YoY),2019-07-01,1.8114648063935146
US_CPI_YOY,US CPI (YoY),2019-08-01,1.7497798894291483
US_CPI_YOY,US CPI (YoY),2019-09-01,1.7113045131695204
US_CPI_YOY,US CPI (YoY),2019-10-01,1.7640429444213845
US_CPI_YOY,US CPI (YoY),2019-11-01,2.0512779818916194
US_CPI_YOY,US CPI (YoY),2019-12-01,2.2851297401217163
US_CPI_YOY,US CPI (YoY),2020-01-01,2.4865719552504606
US_CPI_YOY,US CPI (YoY),2020-02-01,2.3348735639459495
US_CPI_YOY,US CPI (YoY),2020-03-01,1.5393269919198094
US_CPI_YOY,US CPI (YoY),2020-04-01,0.3290966863368272
US_CPI_YOY,US CPI (YoY),2020-05-01,0.11792637021070806
US_CPI_YOY,US CPI (YoY),2020-06-01,0.6457330475554857
US_CPI_YOY,US CPI (YoY),2020-07-01,0.9860818253037085
US_CPI_YOY,US CPI (YoY),2020-08-01,1.3096453823307153
US_CPI_YOY,US CPI (YoY),2020-09-01,1.3713248610564666
US_CPI_YOY,US CPI (YoY),2020-10-01,1.1820661677274913
US_CPI_YOY,US CPI (YoY),2020-11-01,1.1745357842679605
US_CPI_YOY,US CPI (YoY),2020-12-01,1.3620054947193205
US_CPI_YOY,US CPI (YoY),2021-01-01,1.3997697415600863
US_CPI_YOY,US CPI (YoY),2021-02-01,1.6762152173745104
US_CPI_YOY,US CPI (YoY),2021-03-01,2.619762508959189
US_CPI_YOY,US CPI (YoY),2021-04-01,4.15969483870211
US_CPI_YOY,US CPI (YoY),2021-05-01,4.992706537594471
US_CPI_YOY,US CPI (YoY),2021-06-01,5.391451413321335
US_CPI_YOY,US CPI (YoY),2021-07-01,5.365475239385398
US_CPI_YOY,US CPI (YoY),2021-08-01,5.251271554874992
US_CPI_YOY,US CPI (YoY),2021-09-01,5.390348855079163
US_CPI_YOY,US CPI (YoY),2021-10-01,6.221868903328898
US_CPI_YOY,US CPI (YoY),2021-11-01,6.809002839806477
US_CPI_YOY,US CPI (YoY),2021-12-01,7.036402865545144
US_CPI_YOY,US CPI (YoY),2022-01-01,7.479872468289117
US_CPI_YOY,US CPI (YoY),2022-02-01,7.871063897739283
US_CPI_YOY,US CPI (YoY),2022-03-01,8.542455554842432
US_CPI_YOY,US CPI (YoY),2022-04-01,8.258629340882372
US_CPI_YOY,US CPI (YoY),2022-05-01,8.581511543676523
US_CPI_YOY,US CPI (YoY),2022-06-01,9.059757964784154
US_CPI_YOY,US CPI (YoY),2022-07-01,8.52481474562552
US_CPI_YOY,US CPI (YoY),2022-08-01,8.262692503116241
US_CPI_YOY,US CPI (YoY),2022-09-01,8.20166964383362
US_CPI_YOY,US CPI (YoY),2022-10-01,7.7454273308049215
US_CPI_YOY,US CPI (YoY),2022-11-01,7.110322794191726
US_CPI_YOY,US CPI (YoY),2022-12-01,6.4544013314108195
US_CPI_YOY,US CPI (YoY),2023-01-01,6.410146968856267
US_CPI_YOY,US CPI (YoY),2023-02-01,6.035613077866597
US_CPI_YOY,US CPI (YoY),2023-03-01,4.984974122099173
US_CPI_YOY,US CPI (YoY),2023-04-01,4.930320398188925
US_CPI_YOY,US CPI (YoY),2023-05-01,4.047609272791974
US_CPI_YOY,US CPI (YoY),2023-06-01,2.9691776545588855
US_CPI_YOY,US CPI (YoY),2023-07-01,3.177780177942169
US_CPI_YOY,US CPI (YoY),2023-08-01,3.6651123843995492
US_CPI_YOY,US CPI (YoY),2023-09-01,3.69969812134443
US_CPI_YOY,US CPI (YoY),2023-10-01,3.241144651893202
US_CPI_YOY,US CPI (YoY),2023-11-01,3.1372707088417773
US_CPI_YOY,US CPI (YoY),2023-12-01,3.3521228314302265
US_CPI_YOY,US CPI (YoY),2024-01-01,3.0908847812280538
US_CPI_YOY,US CPI (YoY),2024-02-01,3.1531711208615976
US_CPI_YOY,US CPI (YoY),2024-03-01,3.4773850700380304
US_CPI_YOY,US CPI (YoY),2024-04-01,3.357363950119163
US_CPI_YOY,US CPI (YoY),2024-05-01,3.2690290569400204
US_CPI_YOY,US CPI (YoY),2024-06-01,2.971397107263307
US_CPI_YOY,US CPI (YoY),2024-07-01,2.8947531984913066
US_CPI_YOY,US CPI (YoY),2024-08-01,2.5307302964569622
US_CPI_YOY,US CPI (YoY),2024-09-01,2.440633031069983
US_CPI_YOY,US CPI (YoY),2024-10-01,2.597904904914672
US_CPI_YOY,US CPI (YoY),2024-11-01,2.7493803960905616
US_CPI_YOY,US CPI (YoY),2024-12-01,2.888057219980067
US_CPI_YOY,US CPI (YoY),2025-01-01,3.0004831121501097
US_CPI_YOY,US CPI (YoY),2025-02-01,2.82154895174751
US_CPI_YOY,US CPI (YoY),2025-03-01,2.3907252538964974
US_CPI_YOY,US CPI (YoY),2025-04-01,2.3112888616734883
US_CPI_YOY,US CPI (YoY),2025-05-01,2.354896535474671
US_CPI_YOY,US CPI (YoY),2025-06-01,2.669213018222316
US_CPI_YOY,US CPI (YoY),2025-07-01,2.7049023971513986
US_CPI_YOY,US CPI (YoY),2025-08-01,2.9161742842984006
US_CPI_YOY,US CPI (YoY),2025-09-01,3.0126767755256134
US_CPI_YOY,US CPI (YoY),2025-11-01,2.735084455122627
US_CPI_YOY,US CPI (YoY),2025-12-01,2.6770805278750087
US_CPI_YOY,US CPI (YoY),2026-01-01,2.386431244904319
US_CPI_YOY,US CPI (YoY),2026-02-01,2.4141129866304123
US_CPI_YOY,US CPI (YoY),2026-03-01,3.2564204390883145
US_CPI_YOY,US CPI (YoY),2026-04-01,3.8108449321217597
US_CPI_YOY,US CPI (YoY),2026-05-01,4.248674039164446
US_CPI_YOY,US CPI (YoY),2026-06-01,3.5314250637863864
IL_CPI_YOY,Israel CPI (YoY),1997-01,10.114942528735394
IL_CPI_YOY,Israel CPI (YoY),1997-02,10.402429764616471
IL_CPI_YOY,Israel CPI (YoY),1997-03,10.375939849624217
IL_CPI_YOY,Israel CPI (YoY),1997-04,9.393491124260155
IL_CPI_YOY,Israel CPI (YoY),1997-05,8.072727272727565
IL_CPI_YOY,Israel CPI (YoY),1997-06,8.447653429602742
IL_CPI_YOY,Israel CPI (YoY),1997-07,9.215262778977662
IL_CPI_YOY,Israel CPI (YoY),1997-08,9.253945480631277
IL_CPI_YOY,Israel CPI (YoY),1997-09,8.714285714285563
IL_CPI_YOY,Israel CPI (YoY),1997-10,9.14245216158751
IL_CPI_YOY,Israel CPI (YoY),1997-11,8.16901408450692
IL_CPI_YOY,Israel CPI (YoY),1997-12,6.988120195667347
IL_CPI_YOY,Israel CPI (YoY),1998-01,6.889352818371575
IL_CPI_YOY,Israel CPI (YoY),1998-02,5.570839064649147
IL_CPI_YOY,Israel CPI (YoY),1998-03,4.3596730245231585
IL_CPI_YOY,Israel CPI (YoY),1998-04,5.003380662609991
IL_CPI_YOY,Israel CPI (YoY),1998-05,4.912516823687696
IL_CPI_YOY,Israel CPI (YoY),1998-06,4.194407456724547
IL_CPI_YOY,Israel CPI (YoY),1998-07,3.032300593276127
IL_CPI_YOY,Israel CPI (YoY),1998-08,3.1516743269861314
IL_CPI_YOY,Israel CPI (YoY),1998-09,4.6649145860711005
IL_CPI_YOY,Israel CPI (YoY),1998-10,6.558441558441697
IL_CPI_YOY,Israel CPI (YoY),1998-11,8.203125
IL_CPI_YOY,Israel CPI (YoY),1998-12,8.621815806662326
IL_CPI_YOY,Israel CPI (YoY),1999-01,7.767382812499957
IL_CPI_YOY,Israel CPI (YoY),1999-02,7.013615635178994
IL_CPI_YOY,Israel CPI (YoY),1999-03,7.016775456918989
IL_CPI_YOY,Israel CPI (YoY),1999-04,5.875080489375373
IL_CPI_YOY,Israel CPI (YoY),1999-05,5.974663245670309
IL_CPI_YOY,Israel CPI (YoY),1999-06,5.871437699680282
IL_CPI_YOY,Israel CPI (YoY),1999-07,6.310364683301395
IL_CPI_YOY,Israel CPI (YoY),1999-08,6.272183322724323
IL_CPI_YOY,Israel CPI (YoY),1999-09,5.30075329566857
IL_CPI_YOY,Israel CPI (YoY),1999-10,2.895063985374624
IL_CPI_YOY,Israel CPI (YoY),1999-11,1.4046931407942775
IL_CPI_YOY,Israel CPI (YoY),1999-12,1.3437161755864846
IL_CPI_YOY,Israel CPI (YoY),2000-01,1.3371537726839522
IL_CPI_YOY,Israel CPI (YoY),2000-02,1.636188642925962
IL_CPI_YOY,Israel CPI (YoY),2000-03,1.5429122468661127
IL_CPI_YOY,Israel CPI (YoY),2000-04,1.7307692307693134
IL_CPI_YOY,Israel CPI (YoY),2000-05,2.1052631578946324
IL_CPI_YOY,Israel CPI (YoY),2000-06,2.099236641221558
IL_CPI_YOY,Israel CPI (YoY),2000-07,2.093244529020022
IL_CPI_YOY,Israel CPI (YoY),2000-08,1.041666666666674
IL_CPI_YOY,Israel CPI (YoY),2000-09,0.0
IL_CPI_YOY,Israel CPI (YoY),2000-10,-0.09363295880153721
IL_CPI_YOY,Israel CPI (YoY),2000-11,0.09380863039387677
IL_CPI_YOY,Israel CPI (YoY),2000-12,0.0
IL_CPI_YOY,Israel CPI (YoY),2001-01,-0.11837888784167472
IL_CPI_YOY,Israel CPI (YoY),2001-02,0.25378787878798104
IL_CPI_YOY,Israel CPI (YoY),2001-03,0.7415004748337228
IL_CPI_YOY,Israel CPI (YoY),2001-04,1.1705103969753994
IL_CPI_YOY,Israel CPI (YoY),2001-05,0.7160262417994279
IL_CPI_YOY,Israel CPI (YoY),2001-06,0.7319626168221793
IL_CPI_YOY,Israel CPI (YoY),2001-07,0.8469711090399734
IL_CPI_YOY,Israel CPI (YoY),2001-08,1.7132146204311693
IL_CPI_YOY,Israel CPI (YoY),2001-09,2.4889726672950863
IL_CPI_YOY,Israel CPI (YoY),2001-10,2.012371134020796
IL_CPI_YOY,Israel CPI (YoY),2001-11,1.414058106841698
IL_CPI_YOY,Israel CPI (YoY),2001-12,1.4093808630395221
IL_CPI_YOY,Israel CPI (YoY),2002-01,3.112449799196848
IL_CPI_YOY,Israel CPI (YoY),2002-02,4.02010050251258
IL_CPI_YOY,Israel CPI (YoY),2002-03,4.312938816449319
IL_CPI_YOY,Israel CPI (YoY),2002-04,4.970178926441271
IL_CPI_YOY,Israel CPI (YoY),2002-05,5.544554455445594
IL_CPI_YOY,Israel CPI (YoY),2002-06,6.614017769003211
IL_CPI_YOY,Israel CPI (YoY),2002-07,6.8829891838742
IL_CPI_YOY,Israel CPI (YoY),2002-08,6.176470588235428
IL_CPI_YOY,Israel CPI (YoY),2002-09,6.3600782778864495
IL_CPI_YOY,Israel CPI (YoY),2002-10,6.940371456500549
IL_CPI_YOY,Israel CPI (YoY),2002-11,6.686332350049251
IL_CPI_YOY,Israel CPI (YoY),2002-12,6.496062992125773
IL_CPI_YOY,Israel CPI (YoY),2003-01,5.552093476144049
IL_CPI_YOY,Israel CPI (YoY),2003-02,5.148985507246406
IL_CPI_YOY,Israel CPI (YoY),2003-03,4.848846153846176
IL_CPI_YOY,Israel CPI (YoY),2003-04,3.0579545454545887
IL_CPI_YOY,Israel CPI (YoY),2003-05,1.590243902439048
IL_CPI_YOY,Israel CPI (YoY),2003-06,-0.3200000000001313
IL_CPI_YOY,Israel CPI (YoY),2003-07,-1.6496780128795852
IL_CPI_YOY,Israel CPI (YoY),2003-08,-1.0891966759004612
IL_CPI_YOY,Israel CPI (YoY),2003-09,-1.9444342226310418
IL_CPI_YOY,Israel CPI (YoY),2003-10,-2.5718464351005887
IL_CPI_YOY,Israel CPI (YoY),2003-11,-1.960552995391751
IL_CPI_YOY,Israel CPI (YoY),2003-12,-1.886136783733705
IL_CPI_YOY,Israel CPI (YoY),2004-01,-2.266009852216788
IL_CPI_YOY,Israel CPI (YoY),2004-02,-2.453385672227637
IL_CPI_YOY,Israel CPI (YoY),2004-03,-2.742409402546464
IL_CPI_YOY,Israel CPI (YoY),2004-04,-1.4720314033366821
IL_CPI_YOY,Israel CPI (YoY),2004-05,-0.5917159763313307
IL_CPI_YOY,Israel CPI (YoY),2004-06,0.0
IL_CPI_YOY,Israel CPI (YoY),2004-07,0.4995004995004493
IL_CPI_YOY,Israel CPI (YoY),2004-08,0.4985044865404742
IL_CPI_YOY,Israel CPI (YoY),2004-09,0.8016032064126266
IL_CPI_YOY,Israel CPI (YoY),2004-10,0.8016032064126266
IL_CPI_YOY,Israel CPI (YoY),2004-11,0.9036144578314476
IL_CPI_YOY,Israel CPI (YoY),2004-12,1.2072434607643956
IL_CPI_YOY,Israel CPI (YoY),2005-01,0.8064516129031585
IL_CPI_YOY,Israel CPI (YoY),2005-02,0.804828973843108
IL_CPI_YOY,Israel CPI (YoY),2005-03,0.7049345417924124
IL_CPI_YOY,Israel CPI (YoY),2005-04,0.29880478087647155
IL_CPI_YOY,Israel CPI (YoY),2005-05,0.1984126984126311
IL_CPI_YOY,Israel CPI (YoY),2005-06,0.2976190476191798
IL_CPI_YOY,Israel CPI (YoY),2005-07,1.590457256461364
IL_CPI_YOY,Israel CPI (YoY),2005-08,1.5873015873015817
IL_CPI_YOY,Israel CPI (YoY),2005-09,1.8886679920478322
IL_CPI_YOY,Israel CPI (YoY),2005-10,2.68389662027837
IL_CPI_YOY,Israel CPI (YoY),2005-11,2.68656716417901
IL_CPI_YOY,Israel CPI (YoY),2005-12,2.385685884692057
IL_CPI_YOY,Israel CPI (YoY),2006-01,2.6999999999999247
IL_CPI_YOY,Israel CPI (YoY),2006-02,3.093812375249305
IL_CPI_YOY,Israel CPI (YoY),2006-03,3.6000000000000254
IL_CPI_YOY,Israel CPI (YoY),2006-04,3.773584905660332
IL_CPI_YOY,Israel CPI (YoY),2006-05,3.465346534653446
IL_CPI_YOY,Israel CPI (YoY),2006-06,3.4619188921859223
IL_CPI_YOY,Israel CPI (YoY),2006-07,2.446183953033221
IL_CPI_YOY,Israel CPI (YoY),2006-08,2.246093750000022
IL_CPI_YOY,Israel CPI (YoY),2006-09,1.2682926829267194
IL_CPI_YOY,Israel CPI (YoY),2006-10,-0.19361084220710367
IL_CPI_YOY,Israel CPI (YoY),2006-11,-0.29069767441859407
IL_CPI_YOY,Israel CPI (YoY),2006-12,-0.0970873786408144
IL_CPI_YOY,Israel CPI (YoY),2007-01,0.060370009737398256
IL_CPI_YOY,Israel CPI (YoY),2007-02,-0.8222652468537928
IL_CPI_YOY,Israel CPI (YoY),2007-03,-0.9090733590731759
IL_CPI_YOY,Israel CPI (YoY),2007-04,-1.2658373205740703
IL_CPI_YOY,Israel CPI (YoY),2007-05,-1.2658373205740703
IL_CPI_YOY,Israel CPI (YoY),2007-06,-0.6655831739963647
IL_CPI_YOY,Israel CPI (YoY),2007-07,0.3300859598854622
IL_CPI_YOY,Israel CPI (YoY),2007-08,1.0240687679084148
IL_CPI_YOY,Israel CPI (YoY),2007-09,1.4000000000001789
IL_CPI_YOY,Israel CPI (YoY),2007-10,2.1891367604268686
IL_CPI_YOY,Israel CPI (YoY),2007-11,2.791253644314917
IL_CPI_YOY,Israel CPI (YoY),2007-12,3.3965014577258756
IL_CPI_YOY,Israel CPI (YoY),2008-01,3.5353535353533916
IL_CPI_YOY,Israel CPI (YoY),2008-02,3.647416413373872
IL_CPI_YOY,Israel CPI (YoY),2008-03,3.7411526794741023
IL_CPI_YOY,Israel CPI (YoY),2008-04,4.728370221327882
IL_CPI_YOY,Israel CPI (YoY),2008-05,5.4325955734405795
IL_CPI_YOY,Israel CPI (YoY),2008-06,4.7952047952051435
IL_CPI_YOY,Israel CPI (YoY),2008-07,4.841897233201364
IL_CPI_YOY,Israel CPI (YoY),2008-08,5.004906771344797
IL_CPI_YOY,Israel CPI (YoY),2008-09,5.52268244575973
IL_CPI_YOY,Israel CPI (YoY),2008-10,5.51724137930989
IL_CPI_YOY,Israel CPI (YoY),2008-11,4.514229636898315
IL_CPI_YOY,Israel CPI (YoY),2008-12,3.80487804878078
IL_CPI_YOY,Israel CPI (YoY),2009-01,3.2543414634145895
IL_CPI_YOY,Israel CPI (YoY),2009-02,3.353470185728291
IL_CPI_YOY,Israel CPI (YoY),2009-03,3.563450292397685
IL_CPI_YOY,Israel CPI (YoY),2009-04,3.0807877041306497
IL_CPI_YOY,Israel CPI (YoY),2009-05,2.7934160305344014
IL_CPI_YOY,Israel CPI (YoY),2009-06,3.597140133460064
IL_CPI_YOY,Israel CPI (YoY),2009-07,3.51508011310091
IL_CPI_YOY,Israel CPI (YoY),2009-08,3.135514018691077
IL_CPI_YOY,Israel CPI (YoY),2009-09,2.840841121494919
IL_CPI_YOY,Israel CPI (YoY),2009-10,2.9410830999069937
IL_CPI_YOY,Israel CPI (YoY),2009-11,3.8170892018784874
IL_CPI_YOY,Israel CPI (YoY),2009-12,3.9146616541350987
IL_CPI_YOY,Israel CPI (YoY),2010-01,3.7735849056603543
IL_CPI_YOY,Israel CPI (YoY),2010-02,3.5785288270377524
IL_CPI_YOY,Israel CPI (YoY),2010-03,3.1651829871414794
IL_CPI_YOY,Israel CPI (YoY),2010-04,3.036238981390915
IL_CPI_YOY,Israel CPI (YoY),2010-05,3.0243902439024195
IL_CPI_YOY,Israel CPI (YoY),2010-06,2.417794970986642
IL_CPI_YOY,Israel CPI (YoY),2010-07,1.8181818181819187
IL_CPI_YOY,Israel CPI (YoY),2010-08,1.8095238095239274
IL_CPI_YOY,Israel CPI (YoY),2010-09,2.3877745940782624
IL_CPI_YOY,Israel CPI (YoY),2010-10,2.478551000953244
IL_CPI_YOY,Israel CPI (YoY),2010-11,2.281368821292773
IL_CPI_YOY,Israel CPI (YoY),2010-12,2.661596958174983
IL_CPI_YOY,Israel CPI (YoY),2011-01,3.5617224880384324
IL_CPI_YOY,Israel CPI (YoY),2011-02,4.1653550863723465
IL_CPI_YOY,Israel CPI (YoY),2011-03,4.268935762224335
IL_CPI_YOY,Israel CPI (YoY),2011-04,3.98203422053216
IL_CPI_YOY,Israel CPI (YoY),2011-05,4.090530303030282
IL_CPI_YOY,Israel CPI (YoY),2011-06,4.1964117091595865
IL_CPI_YOY,Israel CPI (YoY),2011-07,3.4076127819548496
IL_CPI_YOY,Israel CPI (YoY),2011-08,3.4202057998129254
IL_CPI_YOY,Israel CPI (YoY),2011-09,2.9328358208956073
IL_CPI_YOY,Israel CPI (YoY),2011-10,2.744279069767397
IL_CPI_YOY,Israel CPI (YoY),2011-11,2.550185873605937
IL_CPI_YOY,Israel CPI (YoY),2011-12,2.1703703703702892
IL_CPI_YOY,Israel CPI (YoY),2012-01,1.9607843137254388
IL_CPI_YOY,Israel CPI (YoY),2012-02,1.6617790811339406
IL_CPI_YOY,Israel CPI (YoY),2012-03,1.853658536585412
IL_CPI_YOY,Israel CPI (YoY),2012-04,2.1338506304562355
IL_CPI_YOY,Israel CPI (YoY),2012-05,1.6409266409269208
IL_CPI_YOY,Israel CPI (YoY),2012-06,0.9615384615383915
IL_CPI_YOY,Israel CPI (YoY),2012-07,1.3500482160077043
IL_CPI_YOY,Israel CPI (YoY),2012-08,1.9193857965449368
IL_CPI_YOY,Israel CPI (YoY),2012-09,2.1153846153844746
IL_CPI_YOY,Israel CPI (YoY),2012-10,1.8251681075884374
IL_CPI_YOY,Israel CPI (YoY),2012-11,1.442307692307443
IL_CPI_YOY,Israel CPI (YoY),2012-12,1.634615384615512
IL_CPI_YOY,Israel CPI (YoY),2013-01,1.457312107086195
IL_CPI_YOY,Israel CPI (YoY),2013-02,1.457312107086195
IL_CPI_YOY,Israel CPI (YoY),2013-03,1.270119349161658
IL_CPI_YOY,Israel CPI (YoY),2013-04,0.8041829238700782
IL_CPI_YOY,Israel CPI (YoY),2013-05,0.9040879614556463
IL_CPI_YOY,Israel CPI (YoY),2013-06,1.9939092000326397
IL_CPI_YOY,Israel CPI (YoY),2013-07,2.1971500226136254
IL_CPI_YOY,Israel CPI (YoY),2013-08,1.3367275733729311
IL_CPI_YOY,Israel CPI (YoY),2013-09,1.3367275733729311
IL_CPI_YOY,Israel CPI (YoY),2013-10,1.82566480816575
IL_CPI_YOY,Israel CPI (YoY),2013-11,1.909388320706329
IL_CPI_YOY,Israel CPI (YoY),2013-12,1.816087684883394
IL_CPI_YOY,Israel CPI (YoY),2014-01,1.3958125623129813
IL_CPI_YOY,Israel CPI (YoY),2014-02,1.1964107676969205
IL_CPI_YOY,Israel CPI (YoY),2014-03,1.293532338308534
IL_CPI_YOY,Israel CPI (YoY),2014-04,0.9910802775024763
IL_CPI_YOY,Israel CPI (YoY),2014-05,0.9900990099013462
IL_CPI_YOY,Israel CPI (YoY),2014-06,0.49115913555948243
IL_CPI_YOY,Israel CPI (YoY),2014-07,0.2938295788445844
IL_CPI_YOY,Israel CPI (YoY),2014-08,0.0
IL_CPI_YOY,Israel CPI (YoY),2014-09,-0.2932551319641097
IL_CPI_YOY,Israel CPI (YoY),2014-10,-0.2923976608190215
IL_CPI_YOY,Israel CPI (YoY),2014-11,-0.09784735812173873
IL_CPI_YOY,Israel CPI (YoY),2014-12,-0.1955034213096729
IL_CPI_YOY,Israel CPI (YoY),2015-01,-0.5073764917304491
IL_CPI_YOY,Israel CPI (YoY),2015-02,-1.0147801760970077
IL_CPI_YOY,Israel CPI (YoY),2015-03,-1.0058957607667285
IL_CPI_YOY,Israel CPI (YoY),2015-04,-0.50245524622623
IL_CPI_YOY,Israel CPI (YoY),2015-05,-0.4000018624701007
IL_CPI_YOY,Israel CPI (YoY),2015-06,-0.3929637394339047
IL_CPI_YOY,Israel CPI (YoY),2015-07,-0.291017489507972
IL_CPI_YOY,Israel CPI (YoY),2015-08,-0.3929637394339047
IL_CPI_YOY,Israel CPI (YoY),2015-09,-0.5000018606001855
IL_CPI_YOY,Israel CPI (YoY),2015-10,-0.6920839684445679
IL_CPI_YOY,Israel CPI (YoY),2015-11,-0.8971615005775702
IL_CPI_YOY,Israel CPI (YoY),2015-12,-0.9970635555165308
IL_CPI_YOY,Israel CPI (YoY),2016-01,-0.6048387096774466
IL_CPI_YOY,Israel CPI (YoY),2016-02,-0.20304568527922395
IL_CPI_YOY,Israel CPI (YoY),2016-03,-0.7085020242914353
IL_CPI_YOY,Israel CPI (YoY),2016-04,-0.9054325955734299
IL_CPI_YOY,Israel CPI (YoY),2016-05,-0.8032128514056991
IL_CPI_YOY,Israel CPI (YoY),2016-06,-0.8008008008008827
IL_CPI_YOY,Israel CPI (YoY),2016-07,-0.5994005994005236
IL_CPI_YOY,Israel CPI (YoY),2016-08,-0.7007007007007515
IL_CPI_YOY,Israel CPI (YoY),2016-09,-0.4020100502513557
IL_CPI_YOY,Israel CPI (YoY),2016-10,-0.3012048192771788
IL_CPI_YOY,Israel CPI (YoY),2016-11,-0.3024193548386678
IL_CPI_YOY,Israel CPI (YoY),2016-12,-0.20181634712403973
IL_CPI_YOY,Israel CPI (YoY),2017-01,0.1036533840288234
IL_CPI_YOY,Israel CPI (YoY),2017-02,0.40915792131470674
IL_CPI_YOY,Israel CPI (YoY),2017-03,0.9163121746949443
IL_CPI_YOY,Israel CPI (YoY),2017-04,0.7073119267594796
IL_CPI_YOY,Israel CPI (YoY),2017-05,0.8019253611565302
IL_CPI_YOY,Israel CPI (YoY),2017-06,-0.20181408563598735
IL_CPI_YOY,Israel CPI (YoY),2017-07,-0.7024098101573673
IL_CPI_YOY,Israel CPI (YoY),2017-08,-0.10302192982164504
IL_CPI_YOY,Israel CPI (YoY),2017-09,0.09758047210712828
IL_CPI_YOY,Israel CPI (YoY),2017-10,0.19476561387858915
IL_CPI_YOY,Israel CPI (YoY),2017-11,0.3000022728595564
IL_CPI_YOY,Israel CPI (YoY),2017-12,0.4000022751255772
IL_CPI_YOY,Israel CPI (YoY),2018-01,0.10020040080156445
IL_CPI_YOY,Israel CPI (YoY),2018-02,0.20040080160326212
IL_CPI_YOY,Israel CPI (YoY),2018-03,0.19980019980023744
IL_CPI_YOY,Israel CPI (YoY),2018-04,0.3988035892322994
IL_CPI_YOY,Israel CPI (YoY),2018-05,0.49652432969211624
IL_CPI_YOY,Israel CPI (YoY),2018-06,1.2999999999999678
IL_CPI_YOY,Israel CPI (YoY),2018-07,1.4014014014014586
IL_CPI_YOY,Israel CPI (YoY),2018-08,1.197604790419149
IL_CPI_YOY,Israel CPI (YoY),2018-09,1.1964107676968982
IL_CPI_YOY,Israel CPI (YoY),2018-10,1.1928429423459175
IL_CPI_YOY,Israel CPI (YoY),2018-11,1.1964107676968982
IL_CPI_YOY,Israel CPI (YoY),2018-12,0.7968127490039834
IL_CPI_YOY,Israel CPI (YoY),2019-01,1.2022012466186505
IL_CPI_YOY,Israel CPI (YoY),2019-02,1.2019990444183781
IL_CPI_YOY,Israel CPI (YoY),2019-03,1.4027906676470137
IL_CPI_YOY,Israel CPI (YoY),2019-04,1.3008927872779408
IL_CPI_YOY,Israel CPI (YoY),2019-05,1.4990108993214069
IL_CPI_YOY,Israel CPI (YoY),2019-06,0.8005913483072336
IL_CPI_YOY,Israel CPI (YoY),2019-07,0.5014798012796806
IL_CPI_YOY,Israel CPI (YoY),2019-08,0.6015769593579412
IL_CPI_YOY,Israel CPI (YoY),2019-09,0.3034473287647943
IL_CPI_YOY,Israel CPI (YoY),2019-10,0.4047141796480247
IL_CPI_YOY,Israel CPI (YoY),2019-11,0.3034473287647943
IL_CPI_YOY,Israel CPI (YoY),2019-12,0.6007895639291494
IL_CPI_YOY,Israel CPI (YoY),2020-01,0.29970029970034506
IL_CPI_YOY,Israel CPI (YoY),2020-02,0.09980039920156614
IL_CPI_YOY,Israel CPI (YoY),2020-03,0.0
IL_CPI_YOY,Israel CPI (YoY),2020-04,-0.5940594059405724
IL_CPI_YOY,Israel CPI (YoY),2020-05,-1.5732546705998995
IL_CPI_YOY,Israel CPI (YoY),2020-06,-1.0880316518298572
IL_CPI_YOY,Israel CPI (YoY),2020-07,-0.5952380952380598
IL_CPI_YOY,Israel CPI (YoY),2020-08,-0.7920792079207262
IL_CPI_YOY,Israel CPI (YoY),2020-09,-0.6944444444445086
IL_CPI_YOY,Israel CPI (YoY),2020-10,-0.7905138339921347
IL_CPI_YOY,Israel CPI (YoY),2020-11,-0.5952380952380598
IL_CPI_YOY,Israel CPI (YoY),2020-12,-0.6944444444445086
IL_CPI_YOY,Israel CPI (YoY),2021-01,-0.39930070538921614
IL_CPI_YOY,Israel CPI (YoY),2021-02,2.091808015691754e-06
IL_CPI_YOY,Israel CPI (YoY),2021-03,0.20039931546365075
IL_CPI_YOY,Israel CPI (YoY),2021-04,0.7995041005640413
IL_CPI_YOY,Israel CPI (YoY),2021-05,1.5023997256329746
IL_CPI_YOY,Israel CPI (YoY),2021-06,1.7042021274566777
IL_CPI_YOY,Israel CPI (YoY),2021-07,1.9015989379730147
IL_CPI_YOY,Israel CPI (YoY),2021-08,2.2018983454523022
IL_CPI_YOY,Israel CPI (YoY),2021-09,2.5043977485908364
IL_CPI_YOY,Israel CPI (YoY),2021-10,2.298010108005455
IL_CPI_YOY,Israel CPI (YoY),2021-11,2.402097950438442
IL_CPI_YOY,Israel CPI (YoY),2021-12,2.804997155478195
IL_CPI_YOY,Israel CPI (YoY),2022-01,3.109327983951893
IL_CPI_YOY,Israel CPI (YoY),2022-02,3.5000000000000586
IL_CPI_YOY,Israel CPI (YoY),2022-03,3.4791252485089963
IL_CPI_YOY,Israel CPI (YoY),2022-04,3.964321110009883
IL_CPI_YOY,Israel CPI (YoY),2022-05,4.1461006910168186
IL_CPI_YOY,Israel CPI (YoY),2022-06,4.437869822485241
IL_CPI_YOY,Israel CPI (YoY),2022-07,5.2062868369351145
IL_CPI_YOY,Israel CPI (YoY),2022-08,4.6033300685602185
IL_CPI_YOY,Israel CPI (YoY),2022-09,4.594330400781987
IL_CPI_YOY,Israel CPI (YoY),2022-10,5.078125000000022
IL_CPI_YOY,Israel CPI (YoY),2022-11,5.278592375366564
IL_CPI_YOY,Israel CPI (YoY),2022-12,5.263157894736947
IL_CPI_YOY,Israel CPI (YoY),2023-01,5.384923697445632
IL_CPI_YOY,Israel CPI (YoY),2023-02,5.183769631500934
IL_CPI_YOY,Israel CPI (YoY),2023-03,4.984439553032671
IL_CPI_YOY,Israel CPI (YoY),2023-04,4.991421913168792
IL_CPI_YOY,Israel CPI (YoY),2023-05,4.595072597124017
IL_CPI_YOY,Israel CPI (YoY),2023-06,4.200001501384154
IL_CPI_YOY,Israel CPI (YoY),2023-07,3.329133141497209
IL_CPI_YOY,Israel CPI (YoY),2023-08,4.115170039487692
IL_CPI_YOY,Israel CPI (YoY),2023-09,3.8215902809785263
IL_CPI_YOY,Israel CPI (YoY),2023-10,3.7347598589928532
IL_CPI_YOY,Israel CPI (YoY),2023-11,3.3434555280397182
IL_CPI_YOY,Israel CPI (YoY),2023-12,2.9583348168266577
IL_CPI_YOY,Israel CPI (YoY),2024-01,2.63929618768326
IL_CPI_YOY,Israel CPI (YoY),2024-02,2.529182879377423
IL_CPI_YOY,Israel CPI (YoY),2024-03,2.713178294573715
IL_CPI_YOY,Israel CPI (YoY),2024-04,2.7884615384615064
IL_CPI_YOY,Israel CPI (YoY),2024-05,2.7831094049903804
IL_CPI_YOY,Israel CPI (YoY),2024-06,2.8790786948176272
IL_CPI_YOY,Israel CPI (YoY),2024-07,3.157894736842559
IL_CPI_YOY,Israel CPI (YoY),2024-08,3.619047619048077
IL_CPI_YOY,Israel CPI (YoY),2024-09,3.5271687321262846
IL_CPI_YOY,Israel CPI (YoY),2024-10,3.5104364326375093
IL_CPI_YOY,Israel CPI (YoY),2024-11,3.4253092293053733
IL_CPI_YOY,Israel CPI (YoY),2024-12,3.238095238095706
IL_CPI_YOY,Israel CPI (YoY),2025-01,3.8200000921885247
IL_CPI_YOY,Israel CPI (YoY),2025-02,3.4259962967722712
IL_CPI_YOY,Israel CPI (YoY),2025-03,3.3471699030893642
IL_CPI_YOY,Israel CPI (YoY),2025-04,3.5822264717715546
IL_CPI_YOY,Israel CPI (YoY),2025-05,3.0879552736113203
IL_CPI_YOY,Israel CPI (YoY),2025-06,3.2923508379886224
IL_CPI_YOY,Israel CPI (YoY),2025-07,3.115955564661199
IL_CPI_YOY,Israel CPI (YoY),2025-08,2.8591912678055165
IL_CPI_YOY,Israel CPI (YoY),2025-09,2.455248709760749
IL_CPI_YOY,Israel CPI (YoY),2025-10,2.477910265149008
IL_CPI_YOY,Israel CPI (YoY),2025-11,2.3609936511506113
IL_CPI_YOY,Israel CPI (YoY),2025-12,2.644280533948473
IL_CPI_YOY,Israel CPI (YoY),2026-01,1.7733990147783318
IL_CPI_YOY,Israel CPI (YoY),2026-02,1.9704433497536922
IL_CPI_YOY,Israel CPI (YoY),2026-03,1.8627450980392313
IL_CPI_YOY,Israel CPI (YoY),2026-04,1.9398642095053376
IL_CPI_YOY,Israel CPI (YoY),2026-05,1.9455252918287869
IL_CPI_YOY,Israel CPI (YoY),2026-06,1.6488845780795458
US_FEDFUNDS,US Fed Funds (effective),2025-06-30,4.33
US_FEDFUNDS,US Fed Funds (effective),2025-07-01,4.33
US_FEDFUNDS,US Fed Funds (effective),2025-07-02,4.33
US_FEDFUNDS,US Fed Funds (effective),2025-07-03,4.33
US_FEDFUNDS,US Fed Funds (effective),2025-07-04,4.33
US_FEDFUNDS,US Fed Funds (effective),2025-07-05,4.33
US_FEDFUNDS,US Fed Funds (effective),2025-07-06,4.33
US_FEDFUNDS,US Fed Funds (effective),2025-07-07,4.33
US_FEDFUNDS,US Fed Funds (effective),2025-07-08,4.33
US_FEDFUNDS,US Fed Funds (effective),2025-07-09,4.33
US_FEDFUNDS,US Fed Funds (effective),2025-07-10,4.33
US_FEDFUNDS,US Fed Funds (effective),2025-07-11,4.33
US_FEDFUNDS,US Fed Funds (effective),2025-07-12,4.33
US_FEDFUNDS,US Fed Funds (effective),2025-07-13,4.33
US_FEDFUNDS,US Fed Funds (effective),2025-07-14,4.33
US_FEDFUNDS,US Fed Funds (effective),2025-07-15,4.33
US_FEDFUNDS,US Fed Funds (effective),2025-07-16,4.33
US_FEDFUNDS,US Fed Funds (effective),2025-07-17,4.33
US_FEDFUNDS,US Fed Funds (effective),2025-07-18,4.33
US_FEDFUNDS,US Fed Funds (effective),2025-07-19,4.33
US_FEDFUNDS,US Fed Funds (effective),2025-07-20,4.33
US_FEDFUNDS,US Fed Funds (effective),2025-07-21,4.33
US_FEDFUNDS,US Fed Funds (effective),2025-07-22,4.33
US_FEDFUNDS,US Fed Funds (effective),2025-07-23,4.33
US_FEDFUNDS,US Fed Funds (effective),2025-07-24,4.33
US_FEDFUNDS,US Fed Funds (effective),2025-07-25,4.33
US_FEDFUNDS,US Fed Funds (effective),2025-07-26,4.33
US_FEDFUNDS,US Fed Funds (effective),2025-07-27,4.33
US_FEDFUNDS,US Fed Funds (effective),2025-07-28,4.33
US_FEDFUNDS,US Fed Funds (effective),2025-07-29,4.33
US_FEDFUNDS,US Fed Funds (effective),2025-07-30,4.33
US_FEDFUNDS,US Fed Funds (effective),2025-07-31,4.33
US_FEDFUNDS,US Fed Funds (effective),2025-08-01,4.33
US_FEDFUNDS,US Fed Funds (effective),2025-08-02,4.33
US_FEDFUNDS,US Fed Funds (effective),2025-08-03,4.33
US_FEDFUNDS,US Fed Funds (effective),2025-08-04,4.33
US_FEDFUNDS,US Fed Funds (effective),2025-08-05,4.33
US_FEDFUNDS,US Fed Funds (effective),2025-08-06,4.33
US_FEDFUNDS,US Fed Funds (effective),2025-08-07,4.33
US_FEDFUNDS,US Fed Funds (effective),2025-08-08,4.33
US_FEDFUNDS,US Fed Funds (effective),2025-08-09,4.33
US_FEDFUNDS,US Fed Funds (effective),2025-08-10,4.33
US_FEDFUNDS,US Fed Funds (effective),2025-08-11,4.33
US_FEDFUNDS,US Fed Funds (effective),2025-08-12,4.33
US_FEDFUNDS,US Fed Funds (effective),2025-08-13,4.33
US_FEDFUNDS,US Fed Funds (effective),2025-08-14,4.33
US_FEDFUNDS,US Fed Funds (effective),2025-08-15,4.33
US_FEDFUNDS,US Fed Funds (effective),2025-08-16,4.33
US_FEDFUNDS,US Fed Funds (effective),2025-08-17,4.33
US_FEDFUNDS,US Fed Funds (effective),2025-08-18,4.33
US_FEDFUNDS,US Fed Funds (effective),2025-08-19,4.33
US_FEDFUNDS,US Fed Funds (effective),2025-08-20,4.33
US_FEDFUNDS,US Fed Funds (effective),2025-08-21,4.33
US_FEDFUNDS,US Fed Funds (effective),2025-08-22,4.33
US_FEDFUNDS,US Fed Funds (effective),2025-08-23,4.33
US_FEDFUNDS,US Fed Funds (effective),2025-08-24,4.33
US_FEDFUNDS,US Fed Funds (effective),2025-08-25,4.33
US_FEDFUNDS,US Fed Funds (effective),2025-08-26,4.33
US_FEDFUNDS,US Fed Funds (effective),2025-08-27,4.33
US_FEDFUNDS,US Fed Funds (effective),2025-08-28,4.33
US_FEDFUNDS,US Fed Funds (effective),2025-08-29,4.33
US_FEDFUNDS,US Fed Funds (effective),2025-08-30,4.33
US_FEDFUNDS,US Fed Funds (effective),2025-08-31,4.33
US_FEDFUNDS,US Fed Funds (effective),2025-09-01,4.33
US_FEDFUNDS,US Fed Funds (effective),2025-09-02,4.33
US_FEDFUNDS,US Fed Funds (effective),2025-09-03,4.33
US_FEDFUNDS,US Fed Funds (effective),2025-09-04,4.33
US_FEDFUNDS,US Fed Funds (effective),2025-09-05,4.33
US_FEDFUNDS,US Fed Funds (effective),2025-09-06,4.33
US_FEDFUNDS,US Fed Funds (effective),2025-09-07,4.33
US_FEDFUNDS,US Fed Funds (effective),2025-09-08,4.33
US_FEDFUNDS,US Fed Funds (effective),2025-09-09,4.33
US_FEDFUNDS,US Fed Funds (effective),2025-09-10,4.33
US_FEDFUNDS,US Fed Funds (effective),2025-09-11,4.33
US_FEDFUNDS,US Fed Funds (effective),2025-09-12,4.33
US_FEDFUNDS,US Fed Funds (effective),2025-09-13,4.33
US_FEDFUNDS,US Fed Funds (effective),2025-09-14,4.33
US_FEDFUNDS,US Fed Funds (effective),2025-09-15,4.33
US_FEDFUNDS,US Fed Funds (effective),2025-09-16,4.33
US_FEDFUNDS,US Fed Funds (effective),2025-09-17,4.33
US_FEDFUNDS,US Fed Funds (effective),2025-09-18,4.08
US_FEDFUNDS,US Fed Funds (effective),2025-09-19,4.08
US_FEDFUNDS,US Fed Funds (effective),2025-09-20,4.08
US_FEDFUNDS,US Fed Funds (effective),2025-09-21,4.08
US_FEDFUNDS,US Fed Funds (effective),2025-09-22,4.09
US_FEDFUNDS,US Fed Funds (effective),2025-09-23,4.09
US_FEDFUNDS,US Fed Funds (effective),2025-09-24,4.09
US_FEDFUNDS,US Fed Funds (effective),2025-09-25,4.09
US_FEDFUNDS,US Fed Funds (effective),2025-09-26,4.09
US_FEDFUNDS,US Fed Funds (effective),2025-09-27,4.09
US_FEDFUNDS,US Fed Funds (effective),2025-09-28,4.09
US_FEDFUNDS,US Fed Funds (effective),2025-09-29,4.09
US_FEDFUNDS,US Fed Funds (effective),2025-09-30,4.09
US_FEDFUNDS,US Fed Funds (effective),2025-10-01,4.09
US_FEDFUNDS,US Fed Funds (effective),2025-10-02,4.09
US_FEDFUNDS,US Fed Funds (effective),2025-10-03,4.09
US_FEDFUNDS,US Fed Funds (effective),2025-10-04,4.09
US_FEDFUNDS,US Fed Funds (effective),2025-10-05,4.09
US_FEDFUNDS,US Fed Funds (effective),2025-10-06,4.09
US_FEDFUNDS,US Fed Funds (effective),2025-10-07,4.09
US_FEDFUNDS,US Fed Funds (effective),2025-10-08,4.1
US_FEDFUNDS,US Fed Funds (effective),2025-10-09,4.1
US_FEDFUNDS,US Fed Funds (effective),2025-10-10,4.1
US_FEDFUNDS,US Fed Funds (effective),2025-10-11,4.1
US_FEDFUNDS,US Fed Funds (effective),2025-10-12,4.1
US_FEDFUNDS,US Fed Funds (effective),2025-10-13,4.1
US_FEDFUNDS,US Fed Funds (effective),2025-10-14,4.1
US_FEDFUNDS,US Fed Funds (effective),2025-10-15,4.1
US_FEDFUNDS,US Fed Funds (effective),2025-10-16,4.11
US_FEDFUNDS,US Fed Funds (effective),2025-10-17,4.11
US_FEDFUNDS,US Fed Funds (effective),2025-10-18,4.11
US_FEDFUNDS,US Fed Funds (effective),2025-10-19,4.11
US_FEDFUNDS,US Fed Funds (effective),2025-10-20,4.11
US_FEDFUNDS,US Fed Funds (effective),2025-10-21,4.11
US_FEDFUNDS,US Fed Funds (effective),2025-10-22,4.11
US_FEDFUNDS,US Fed Funds (effective),2025-10-23,4.11
US_FEDFUNDS,US Fed Funds (effective),2025-10-24,4.11
US_FEDFUNDS,US Fed Funds (effective),2025-10-25,4.11
US_FEDFUNDS,US Fed Funds (effective),2025-10-26,4.11
US_FEDFUNDS,US Fed Funds (effective),2025-10-27,4.12
US_FEDFUNDS,US Fed Funds (effective),2025-10-28,4.12
US_FEDFUNDS,US Fed Funds (effective),2025-10-29,4.12
US_FEDFUNDS,US Fed Funds (effective),2025-10-30,3.87
US_FEDFUNDS,US Fed Funds (effective),2025-10-31,3.86
US_FEDFUNDS,US Fed Funds (effective),2025-11-01,3.86
US_FEDFUNDS,US Fed Funds (effective),2025-11-02,3.86
US_FEDFUNDS,US Fed Funds (effective),2025-11-03,3.87
US_FEDFUNDS,US Fed Funds (effective),2025-11-04,3.87
US_FEDFUNDS,US Fed Funds (effective),2025-11-05,3.87
US_FEDFUNDS,US Fed Funds (effective),2025-11-06,3.87
US_FEDFUNDS,US Fed Funds (effective),2025-11-07,3.87
US_FEDFUNDS,US Fed Funds (effective),2025-11-08,3.87
US_FEDFUNDS,US Fed Funds (effective),2025-11-09,3.87
US_FEDFUNDS,US Fed Funds (effective),2025-11-10,3.87
US_FEDFUNDS,US Fed Funds (effective),2025-11-11,3.87
US_FEDFUNDS,US Fed Funds (effective),2025-11-12,3.87
US_FEDFUNDS,US Fed Funds (effective),2025-11-13,3.88
US_FEDFUNDS,US Fed Funds (effective),2025-11-14,3.88
US_FEDFUNDS,US Fed Funds (effective),2025-11-15,3.88
US_FEDFUNDS,US Fed Funds (effective),2025-11-16,3.88
US_FEDFUNDS,US Fed Funds (effective),2025-11-17,3.88
US_FEDFUNDS,US Fed Funds (effective),2025-11-18,3.88
US_FEDFUNDS,US Fed Funds (effective),2025-11-19,3.88
US_FEDFUNDS,US Fed Funds (effective),2025-11-20,3.88
US_FEDFUNDS,US Fed Funds (effective),2025-11-21,3.88
US_FEDFUNDS,US Fed Funds (effective),2025-11-22,3.88
US_FEDFUNDS,US Fed Funds (effective),2025-11-23,3.88
US_FEDFUNDS,US Fed Funds (effective),2025-11-24,3.88
US_FEDFUNDS,US Fed Funds (effective),2025-11-25,3.88
US_FEDFUNDS,US Fed Funds (effective),2025-11-26,3.88
US_FEDFUNDS,US Fed Funds (effective),2025-11-27,3.88
US_FEDFUNDS,US Fed Funds (effective),2025-11-28,3.89
US_FEDFUNDS,US Fed Funds (effective),2025-11-29,3.89
US_FEDFUNDS,US Fed Funds (effective),2025-11-30,3.89
US_FEDFUNDS,US Fed Funds (effective),2025-12-01,3.89
US_FEDFUNDS,US Fed Funds (effective),2025-12-02,3.89
US_FEDFUNDS,US Fed Funds (effective),2025-12-03,3.89
US_FEDFUNDS,US Fed Funds (effective),2025-12-04,3.89
US_FEDFUNDS,US Fed Funds (effective),2025-12-05,3.89
US_FEDFUNDS,US Fed Funds (effective),2025-12-06,3.89
US_FEDFUNDS,US Fed Funds (effective),2025-12-07,3.89
US_FEDFUNDS,US Fed Funds (effective),2025-12-08,3.89
US_FEDFUNDS,US Fed Funds (effective),2025-12-09,3.89
US_FEDFUNDS,US Fed Funds (effective),2025-12-10,3.89
US_FEDFUNDS,US Fed Funds (effective),2025-12-11,3.64
US_FEDFUNDS,US Fed Funds (effective),2025-12-12,3.64
US_FEDFUNDS,US Fed Funds (effective),2025-12-13,3.64
US_FEDFUNDS,US Fed Funds (effective),2025-12-14,3.64
US_FEDFUNDS,US Fed Funds (effective),2025-12-15,3.64
US_FEDFUNDS,US Fed Funds (effective),2025-12-16,3.64
US_FEDFUNDS,US Fed Funds (effective),2025-12-17,3.64
US_FEDFUNDS,US Fed Funds (effective),2025-12-18,3.64
US_FEDFUNDS,US Fed Funds (effective),2025-12-19,3.64
US_FEDFUNDS,US Fed Funds (effective),2025-12-20,3.64
US_FEDFUNDS,US Fed Funds (effective),2025-12-21,3.64
US_FEDFUNDS,US Fed Funds (effective),2025-12-22,3.64
US_FEDFUNDS,US Fed Funds (effective),2025-12-23,3.64
US_FEDFUNDS,US Fed Funds (effective),2025-12-24,3.64
US_FEDFUNDS,US Fed Funds (effective),2025-12-25,3.64
US_FEDFUNDS,US Fed Funds (effective),2025-12-26,3.64
US_FEDFUNDS,US Fed Funds (effective),2025-12-27,3.64
US_FEDFUNDS,US Fed Funds (effective),2025-12-28,3.64
US_FEDFUNDS,US Fed Funds (effective),2025-12-29,3.64
US_FEDFUNDS,US Fed Funds (effective),2025-12-30,3.64
US_FEDFUNDS,US Fed Funds (effective),2025-12-31,3.64
US_FEDFUNDS,US Fed Funds (effective),2026-01-01,3.64
US_FEDFUNDS,US Fed Funds (effective),2026-01-02,3.64
US_FEDFUNDS,US Fed Funds (effective),2026-01-03,3.64
US_FEDFUNDS,US Fed Funds (effective),2026-01-04,3.64
US_FEDFUNDS,US Fed Funds (effective),2026-01-05,3.64
US_FEDFUNDS,US Fed Funds (effective),2026-01-06,3.64
US_FEDFUNDS,US Fed Funds (effective),2026-01-07,3.64
US_FEDFUNDS,US Fed Funds (effective),2026-01-08,3.64
US_FEDFUNDS,US Fed Funds (effective),2026-01-09,3.64
US_FEDFUNDS,US Fed Funds (effective),2026-01-10,3.64
US_FEDFUNDS,US Fed Funds (effective),2026-01-11,3.64
US_FEDFUNDS,US Fed Funds (effective),2026-01-12,3.64
US_FEDFUNDS,US Fed Funds (effective),2026-01-13,3.64
US_FEDFUNDS,US Fed Funds (effective),2026-01-14,3.64
US_FEDFUNDS,US Fed Funds (effective),2026-01-15,3.64
US_FEDFUNDS,US Fed Funds (effective),2026-01-16,3.64
US_FEDFUNDS,US Fed Funds (effective),2026-01-17,3.64
US_FEDFUNDS,US Fed Funds (effective),2026-01-18,3.64
US_FEDFUNDS,US Fed Funds (effective),2026-01-19,3.64
US_FEDFUNDS,US Fed Funds (effective),2026-01-20,3.64
US_FEDFUNDS,US Fed Funds (effective),2026-01-21,3.64
US_FEDFUNDS,US Fed Funds (effective),2026-01-22,3.64
US_FEDFUNDS,US Fed Funds (effective),2026-01-23,3.64
US_FEDFUNDS,US Fed Funds (effective),2026-01-24,3.64
US_FEDFUNDS,US Fed Funds (effective),2026-01-25,3.64
US_FEDFUNDS,US Fed Funds (effective),2026-01-26,3.64
US_FEDFUNDS,US Fed Funds (effective),2026-01-27,3.64
US_FEDFUNDS,US Fed Funds (effective),2026-01-28,3.64
US_FEDFUNDS,US Fed Funds (effective),2026-01-29,3.64
US_FEDFUNDS,US Fed Funds (effective),2026-01-30,3.64
US_FEDFUNDS,US Fed Funds (effective),2026-01-31,3.64
US_FEDFUNDS,US Fed Funds (effective),2026-02-01,3.64
US_FEDFUNDS,US Fed Funds (effective),2026-02-02,3.64
US_FEDFUNDS,US Fed Funds (effective),2026-02-03,3.64
US_FEDFUNDS,US Fed Funds (effective),2026-02-04,3.64
US_FEDFUNDS,US Fed Funds (effective),2026-02-05,3.64
US_FEDFUNDS,US Fed Funds (effective),2026-02-06,3.64
US_FEDFUNDS,US Fed Funds (effective),2026-02-07,3.64
US_FEDFUNDS,US Fed Funds (effective),2026-02-08,3.64
US_FEDFUNDS,US Fed Funds (effective),2026-02-09,3.64
US_FEDFUNDS,US Fed Funds (effective),2026-02-10,3.64
US_FEDFUNDS,US Fed Funds (effective),2026-02-11,3.64
US_FEDFUNDS,US Fed Funds (effective),2026-02-12,3.64
US_FEDFUNDS,US Fed Funds (effective),2026-02-13,3.64
US_FEDFUNDS,US Fed Funds (effective),2026-02-14,3.64
US_FEDFUNDS,US Fed Funds (effective),2026-02-15,3.64
US_FEDFUNDS,US Fed Funds (effective),2026-02-16,3.64
US_FEDFUNDS,US Fed Funds (effective),2026-02-17,3.64
US_FEDFUNDS,US Fed Funds (effective),2026-02-18,3.64
US_FEDFUNDS,US Fed Funds (effective),2026-02-19,3.64
US_FEDFUNDS,US Fed Funds (effective),2026-02-20,3.64
US_FEDFUNDS,US Fed Funds (effective),2026-02-21,3.64
US_FEDFUNDS,US Fed Funds (effective),2026-02-22,3.64
US_FEDFUNDS,US Fed Funds (effective),2026-02-23,3.64
US_FEDFUNDS,US Fed Funds (effective),2026-02-24,3.64
US_FEDFUNDS,US Fed Funds (effective),2026-02-25,3.64
US_FEDFUNDS,US Fed Funds (effective),2026-02-26,3.64
US_FEDFUNDS,US Fed Funds (effective),2026-02-27,3.64
US_FEDFUNDS,US Fed Funds (effective),2026-02-28,3.64
US_FEDFUNDS,US Fed Funds (effective),2026-03-01,3.64
US_FEDFUNDS,US Fed Funds (effective),2026-03-02,3.64
US_FEDFUNDS,US Fed Funds (effective),2026-03-03,3.64
US_FEDFUNDS,US Fed Funds (effective),2026-03-04,3.64
US_FEDFUNDS,US Fed Funds (effective),2026-03-05,3.64
US_FEDFUNDS,US Fed Funds (effective),2026-03-06,3.64
US_FEDFUNDS,US Fed Funds (effective),2026-03-07,3.64
US_FEDFUNDS,US Fed Funds (effective),2026-03-08,3.64
US_FEDFUNDS,US Fed Funds (effective),2026-03-09,3.64
US_FEDFUNDS,US Fed Funds (effective),2026-03-10,3.64
US_FEDFUNDS,US Fed Funds (effective),2026-03-11,3.64
US_FEDFUNDS,US Fed Funds (effective),2026-03-12,3.64
US_FEDFUNDS,US Fed Funds (effective),2026-03-13,3.64
US_FEDFUNDS,US Fed Funds (effective),2026-03-14,3.64
US_FEDFUNDS,US Fed Funds (effective),2026-03-15,3.64
US_FEDFUNDS,US Fed Funds (effective),2026-03-16,3.64
US_FEDFUNDS,US Fed Funds (effective),2026-03-17,3.64
US_FEDFUNDS,US Fed Funds (effective),2026-03-18,3.64
US_FEDFUNDS,US Fed Funds (effective),2026-03-19,3.64
US_FEDFUNDS,US Fed Funds (effective),2026-03-20,3.64
US_FEDFUNDS,US Fed Funds (effective),2026-03-21,3.64
US_FEDFUNDS,US Fed Funds (effective),2026-03-22,3.64
US_FEDFUNDS,US Fed Funds (effective),2026-03-23,3.64
US_FEDFUNDS,US Fed Funds (effective),2026-03-24,3.64
US_FEDFUNDS,US Fed Funds (effective),2026-03-25,3.64
US_FEDFUNDS,US Fed Funds (effective),2026-03-26,3.64
US_FEDFUNDS,US Fed Funds (effective),2026-03-27,3.64
US_FEDFUNDS,US Fed Funds (effective),2026-03-28,3.64
US_FEDFUNDS,US Fed Funds (effective),2026-03-29,3.64
US_FEDFUNDS,US Fed Funds (effective),2026-03-30,3.64
US_FEDFUNDS,US Fed Funds (effective),2026-03-31,3.64
US_FEDFUNDS,US Fed Funds (effective),2026-04-01,3.64
US_FEDFUNDS,US Fed Funds (effective),2026-04-02,3.64
US_FEDFUNDS,US Fed Funds (effective),2026-04-03,3.64
US_FEDFUNDS,US Fed Funds (effective),2026-04-04,3.64
US_FEDFUNDS,US Fed Funds (effective),2026-04-05,3.64
US_FEDFUNDS,US Fed Funds (effective),2026-04-06,3.64
US_FEDFUNDS,US Fed Funds (effective),2026-04-07,3.64
US_FEDFUNDS,US Fed Funds (effective),2026-04-08,3.64
US_FEDFUNDS,US Fed Funds (effective),2026-04-09,3.64
US_FEDFUNDS,US Fed Funds (effective),2026-04-10,3.64
US_FEDFUNDS,US Fed Funds (effective),2026-04-11,3.64
US_FEDFUNDS,US Fed Funds (effective),2026-04-12,3.64
US_FEDFUNDS,US Fed Funds (effective),2026-04-13,3.64
US_FEDFUNDS,US Fed Funds (effective),2026-04-14,3.64
US_FEDFUNDS,US Fed Funds (effective),2026-04-15,3.64
US_FEDFUNDS,US Fed Funds (effective),2026-04-16,3.64
US_FEDFUNDS,US Fed Funds (effective),2026-04-17,3.64
US_FEDFUNDS,US Fed Funds (effective),2026-04-18,3.64
US_FEDFUNDS,US Fed Funds (effective),2026-04-19,3.64
US_FEDFUNDS,US Fed Funds (effective),2026-04-20,3.64
US_FEDFUNDS,US Fed Funds (effective),2026-04-21,3.64
US_FEDFUNDS,US Fed Funds (effective),2026-04-22,3.64
US_FEDFUNDS,US Fed Funds (effective),2026-04-23,3.64
US_FEDFUNDS,US Fed Funds (effective),2026-04-24,3.64
US_FEDFUNDS,US Fed Funds (effective),2026-04-25,3.64
US_FEDFUNDS,US Fed Funds (effective),2026-04-26,3.64
US_FEDFUNDS,US Fed Funds (effective),2026-04-27,3.64
US_FEDFUNDS,US Fed Funds (effective),2026-04-28,3.64
US_FEDFUNDS,US Fed Funds (effective),2026-04-29,3.64
US_FEDFUNDS,US Fed Funds (effective),2026-04-30,3.64
US_FEDFUNDS,US Fed Funds (effective),2026-05-01,3.64
US_FEDFUNDS,US Fed Funds (effective),2026-05-02,3.64
US_FEDFUNDS,US Fed Funds (effective),2026-05-03,3.64
US_FEDFUNDS,US Fed Funds (effective),2026-05-04,3.64
US_FEDFUNDS,US Fed Funds (effective),2026-05-05,3.64
US_FEDFUNDS,US Fed Funds (effective),2026-05-06,3.64
US_FEDFUNDS,US Fed Funds (effective),2026-05-07,3.63
US_FEDFUNDS,US Fed Funds (effective),2026-05-08,3.63
US_FEDFUNDS,US Fed Funds (effective),2026-05-09,3.63
US_FEDFUNDS,US Fed Funds (effective),2026-05-10,3.63
US_FEDFUNDS,US Fed Funds (effective),2026-05-11,3.63
US_FEDFUNDS,US Fed Funds (effective),2026-05-12,3.63
US_FEDFUNDS,US Fed Funds (effective),2026-05-13,3.63
US_FEDFUNDS,US Fed Funds (effective),2026-05-14,3.63
US_FEDFUNDS,US Fed Funds (effective),2026-05-15,3.63
US_FEDFUNDS,US Fed Funds (effective),2026-05-16,3.63
US_FEDFUNDS,US Fed Funds (effective),2026-05-17,3.63
US_FEDFUNDS,US Fed Funds (effective),2026-05-18,3.63
US_FEDFUNDS,US Fed Funds (effective),2026-05-19,3.62
US_FEDFUNDS,US Fed Funds (effective),2026-05-20,3.62
US_FEDFUNDS,US Fed Funds (effective),2026-05-21,3.62
US_FEDFUNDS,US Fed Funds (effective),2026-05-22,3.62
US_FEDFUNDS,US Fed Funds (effective),2026-05-23,3.62
US_FEDFUNDS,US Fed Funds (effective),2026-05-24,3.62
US_FEDFUNDS,US Fed Funds (effective),2026-05-25,3.62
US_FEDFUNDS,US Fed Funds (effective),2026-05-26,3.62
US_FEDFUNDS,US Fed Funds (effective),2026-05-27,3.62
US_FEDFUNDS,US Fed Funds (effective),2026-05-28,3.62
US_FEDFUNDS,US Fed Funds (effective),2026-05-29,3.62
US_FEDFUNDS,US Fed Funds (effective),2026-05-30,3.62
US_FEDFUNDS,US Fed Funds (effective),2026-05-31,3.62
US_FEDFUNDS,US Fed Funds (effective),2026-06-01,3.62
US_FEDFUNDS,US Fed Funds (effective),2026-06-02,3.62
US_FEDFUNDS,US Fed Funds (effective),2026-06-03,3.62
US_FEDFUNDS,US Fed Funds (effective),2026-06-04,3.62
US_FEDFUNDS,US Fed Funds (effective),2026-06-05,3.62
US_FEDFUNDS,US Fed Funds (effective),2026-06-06,3.62
US_FEDFUNDS,US Fed Funds (effective),2026-06-07,3.62
US_FEDFUNDS,US Fed Funds (effective),2026-06-08,3.62
US_FEDFUNDS,US Fed Funds (effective),2026-06-09,3.62
US_FEDFUNDS,US Fed Funds (effective),2026-06-10,3.62
US_FEDFUNDS,US Fed Funds (effective),2026-06-11,3.62
US_FEDFUNDS,US Fed Funds (effective),2026-06-12,3.62
US_FEDFUNDS,US Fed Funds (effective),2026-06-13,3.62
US_FEDFUNDS,US Fed Funds (effective),2026-06-14,3.62
US_FEDFUNDS,US Fed Funds (effective),2026-06-15,3.63
US_FEDFUNDS,US Fed Funds (effective),2026-06-16,3.63
US_FEDFUNDS,US Fed Funds (effective),2026-06-17,3.63
US_FEDFUNDS,US Fed Funds (effective),2026-06-18,3.63
US_FEDFUNDS,US Fed Funds (effective),2026-06-19,3.63
US_FEDFUNDS,US Fed Funds (effective),2026-06-20,3.63
US_FEDFUNDS,US Fed Funds (effective),2026-06-21,3.63
US_FEDFUNDS,US Fed Funds (effective),2026-06-22,3.63
US_FEDFUNDS,US Fed Funds (effective),2026-06-23,3.63
US_FEDFUNDS,US Fed Funds (effective),2026-06-24,3.63
US_FEDFUNDS,US Fed Funds (effective),2026-06-25,3.63
US_FEDFUNDS,US Fed Funds (effective),2026-06-26,3.63
US_FEDFUNDS,US Fed Funds (effective),2026-06-27,3.63
US_FEDFUNDS,US Fed Funds (effective),2026-06-28,3.63
US_FEDFUNDS,US Fed Funds (effective),2026-06-29,3.63
US_FEDFUNDS,US Fed Funds (effective),2026-06-30,3.63
US_FEDFUNDS,US Fed Funds (effective),2026-07-01,3.63
US_FEDFUNDS,US Fed Funds (effective),2026-07-02,3.63
US_FEDFUNDS,US Fed Funds (effective),2026-07-03,3.63
US_FEDFUNDS,US Fed Funds (effective),2026-07-04,3.63
US_FEDFUNDS,US Fed Funds (effective),2026-07-05,3.63
US_FEDFUNDS,US Fed Funds (effective),2026-07-06,3.63
US_FEDFUNDS,US Fed Funds (effective),2026-07-07,3.63
US_FEDFUNDS,US Fed Funds (effective),2026-07-08,3.62
US_FEDFUNDS,US Fed Funds (effective),2026-07-09,3.62
US_FEDFUNDS,US Fed Funds (effective),2026-07-10,3.62
US_FEDFUNDS,US Fed Funds (effective),2026-07-11,3.62
US_FEDFUNDS,US Fed Funds (effective),2026-07-12,3.62
US_FEDFUNDS,US Fed Funds (effective),2026-07-13,3.62
US_FEDFUNDS,US Fed Funds (effective),2026-07-14,3.63
US_FEDFUNDS,US Fed Funds (effective),2026-07-15,3.63
US_FEDFUNDS,US Fed Funds (effective),2026-07-16,3.63
US_FEDFUNDS,US Fed Funds (effective),2026-07-17,3.63
US_FEDFUNDS,US Fed Funds (effective),2026-07-18,3.63
US_FEDFUNDS,US Fed Funds (effective),2026-07-19,3.63
US_FEDFUNDS,US Fed Funds (effective),2026-07-20,3.63
US_FEDFUNDS,US Fed Funds (effective),2026-07-21,3.63
US_FEDFUNDS,US Fed Funds (effective),2026-07-22,3.63
US_FEDFUNDS,US Fed Funds (effective),2026-07-23,3.63
US_FEDFUNDS,US Fed Funds (effective),2026-07-24,3.63
US_FEDFUNDS,US Fed Funds (effective),2026-07-25,3.63
US_FEDFUNDS,US Fed Funds (effective),2026-07-26,3.63
US_FEDFUNDS,US Fed Funds (effective),2026-07-27,3.63
US_FEDFUNDS,US Fed Funds (effective),2026-07-28,3.63
US_FEDFUNDS,US Fed Funds (effective),2026-07-29,3.63
US_FEDFUNDS,US Fed Funds (effective),2026-07-30,3.63
US_FEDFUNDS,US Fed Funds (effective),2026-07-31,3.63
US_FEDFUNDS,US Fed Funds (effective),2026-08-01,3.63
US_FEDFUNDS,US Fed Funds (effective),2026-08-02,3.63
US_FEDFUNDS,US Fed Funds (effective),2026-08-03,3.63
IL_BOI_RATE,Bank of Israel rate,2025-07-02,4.5
IL_BOI_RATE,Bank of Israel rate,2025-07-03,4.5
IL_BOI_RATE,Bank of Israel rate,2025-07-04,4.5
IL_BOI_RATE,Bank of Israel rate,2025-07-05,4.5
IL_BOI_RATE,Bank of Israel rate,2025-07-06,4.5
IL_BOI_RATE,Bank of Israel rate,2025-07-07,4.5
IL_BOI_RATE,Bank of Israel rate,2025-07-08,4.5
IL_BOI_RATE,Bank of Israel rate,2025-07-09,4.5
IL_BOI_RATE,Bank of Israel rate,2025-07-10,4.5
IL_BOI_RATE,Bank of Israel rate,2025-07-11,4.5
IL_BOI_RATE,Bank of Israel rate,2025-07-12,4.5
IL_BOI_RATE,Bank of Israel rate,2025-07-13,4.5
IL_BOI_RATE,Bank of Israel rate,2025-07-14,4.5
IL_BOI_RATE,Bank of Israel rate,2025-07-15,4.5
IL_BOI_RATE,Bank of Israel rate,2025-07-16,4.5
IL_BOI_RATE,Bank of Israel rate,2025-07-17,4.5
IL_BOI_RATE,Bank of Israel rate,2025-07-18,4.5
IL_BOI_RATE,Bank of Israel rate,2025-07-19,4.5
IL_BOI_RATE,Bank of Israel rate,2025-07-20,4.5
IL_BOI_RATE,Bank of Israel rate,2025-07-21,4.5
IL_BOI_RATE,Bank of Israel rate,2025-07-22,4.5
IL_BOI_RATE,Bank of Israel rate,2025-07-23,4.5
IL_BOI_RATE,Bank of Israel rate,2025-07-24,4.5
IL_BOI_RATE,Bank of Israel rate,2025-07-25,4.5
IL_BOI_RATE,Bank of Israel rate,2025-07-26,4.5
IL_BOI_RATE,Bank of Israel rate,2025-07-27,4.5
IL_BOI_RATE,Bank of Israel rate,2025-07-28,4.5
IL_BOI_RATE,Bank of Israel rate,2025-07-29,4.5
IL_BOI_RATE,Bank of Israel rate,2025-07-30,4.5
IL_BOI_RATE,Bank of Israel rate,2025-07-31,4.5
IL_BOI_RATE,Bank of Israel rate,2025-08-01,4.5
IL_BOI_RATE,Bank of Israel rate,2025-08-02,4.5
IL_BOI_RATE,Bank of Israel rate,2025-08-03,4.5
IL_BOI_RATE,Bank of Israel rate,2025-08-04,4.5
IL_BOI_RATE,Bank of Israel rate,2025-08-05,4.5
IL_BOI_RATE,Bank of Israel rate,2025-08-06,4.5
IL_BOI_RATE,Bank of Israel rate,2025-08-07,4.5
IL_BOI_RATE,Bank of Israel rate,2025-08-08,4.5
IL_BOI_RATE,Bank of Israel rate,2025-08-09,4.5
IL_BOI_RATE,Bank of Israel rate,2025-08-10,4.5
IL_BOI_RATE,Bank of Israel rate,2025-08-11,4.5
IL_BOI_RATE,Bank of Israel rate,2025-08-12,4.5
IL_BOI_RATE,Bank of Israel rate,2025-08-13,4.5
IL_BOI_RATE,Bank of Israel rate,2025-08-14,4.5
IL_BOI_RATE,Bank of Israel rate,2025-08-15,4.5
IL_BOI_RATE,Bank of Israel rate,2025-08-16,4.5
IL_BOI_RATE,Bank of Israel rate,2025-08-17,4.5
IL_BOI_RATE,Bank of Israel rate,2025-08-18,4.5
IL_BOI_RATE,Bank of Israel rate,2025-08-19,4.5
IL_BOI_RATE,Bank of Israel rate,2025-08-20,4.5
IL_BOI_RATE,Bank of Israel rate,2025-08-21,4.5
IL_BOI_RATE,Bank of Israel rate,2025-08-22,4.5
IL_BOI_RATE,Bank of Israel rate,2025-08-23,4.5
IL_BOI_RATE,Bank of Israel rate,2025-08-24,4.5
IL_BOI_RATE,Bank of Israel rate,2025-08-25,4.5
IL_BOI_RATE,Bank of Israel rate,2025-08-26,4.5
IL_BOI_RATE,Bank of Israel rate,2025-08-27,4.5
IL_BOI_RATE,Bank of Israel rate,2025-08-28,4.5
IL_BOI_RATE,Bank of Israel rate,2025-08-29,4.5
IL_BOI_RATE,Bank of Israel rate,2025-08-30,4.5
IL_BOI_RATE,Bank of Israel rate,2025-08-31,4.5
IL_BOI_RATE,Bank of Israel rate,2025-09-01,4.5
IL_BOI_RATE,Bank of Israel rate,2025-09-02,4.5
IL_BOI_RATE,Bank of Israel rate,2025-09-03,4.5
IL_BOI_RATE,Bank of Israel rate,2025-09-04,4.5
IL_BOI_RATE,Bank of Israel rate,2025-09-05,4.5
IL_BOI_RATE,Bank of Israel rate,2025-09-06,4.5
IL_BOI_RATE,Bank of Israel rate,2025-09-07,4.5
IL_BOI_RATE,Bank of Israel rate,2025-09-08,4.5
IL_BOI_RATE,Bank of Israel rate,2025-09-09,4.5
IL_BOI_RATE,Bank of Israel rate,2025-09-10,4.5
IL_BOI_RATE,Bank of Israel rate,2025-09-11,4.5
IL_BOI_RATE,Bank of Israel rate,2025-09-12,4.5
IL_BOI_RATE,Bank of Israel rate,2025-09-13,4.5
IL_BOI_RATE,Bank of Israel rate,2025-09-14,4.5
IL_BOI_RATE,Bank of Israel rate,2025-09-15,4.5
IL_BOI_RATE,Bank of Israel rate,2025-09-16,4.5
IL_BOI_RATE,Bank of Israel rate,2025-09-17,4.5
IL_BOI_RATE,Bank of Israel rate,2025-09-18,4.5
IL_BOI_RATE,Bank of Israel rate,2025-09-19,4.5
IL_BOI_RATE,Bank of Israel rate,2025-09-20,4.5
IL_BOI_RATE,Bank of Israel rate,2025-09-21,4.5
IL_BOI_RATE,Bank of Israel rate,2025-09-22,4.5
IL_BOI_RATE,Bank of Israel rate,2025-09-23,4.5
IL_BOI_RATE,Bank of Israel rate,2025-09-24,4.5
IL_BOI_RATE,Bank of Israel rate,2025-09-25,4.5
IL_BOI_RATE,Bank of Israel rate,2025-09-26,4.5
IL_BOI_RATE,Bank of Israel rate,2025-09-27,4.5
IL_BOI_RATE,Bank of Israel rate,2025-09-28,4.5
IL_BOI_RATE,Bank of Israel rate,2025-09-29,4.5
IL_BOI_RATE,Bank of Israel rate,2025-09-30,4.5
IL_BOI_RATE,Bank of Israel rate,2025-10-01,4.5
IL_BOI_RATE,Bank of Israel rate,2025-10-02,4.5
IL_BOI_RATE,Bank of Israel rate,2025-10-03,4.5
IL_BOI_RATE,Bank of Israel rate,2025-10-04,4.5
IL_BOI_RATE,Bank of Israel rate,2025-10-05,4.5
IL_BOI_RATE,Bank of Israel rate,2025-10-06,4.5
IL_BOI_RATE,Bank of Israel rate,2025-10-07,4.5
IL_BOI_RATE,Bank of Israel rate,2025-10-08,4.5
IL_BOI_RATE,Bank of Israel rate,2025-10-09,4.5
IL_BOI_RATE,Bank of Israel rate,2025-10-10,4.5
IL_BOI_RATE,Bank of Israel rate,2025-10-11,4.5
IL_BOI_RATE,Bank of Israel rate,2025-10-12,4.5
IL_BOI_RATE,Bank of Israel rate,2025-10-13,4.5
IL_BOI_RATE,Bank of Israel rate,2025-10-14,4.5
IL_BOI_RATE,Bank of Israel rate,2025-10-15,4.5
IL_BOI_RATE,Bank of Israel rate,2025-10-16,4.5
IL_BOI_RATE,Bank of Israel rate,2025-10-17,4.5
IL_BOI_RATE,Bank of Israel rate,2025-10-18,4.5
IL_BOI_RATE,Bank of Israel rate,2025-10-19,4.5
IL_BOI_RATE,Bank of Israel rate,2025-10-20,4.5
IL_BOI_RATE,Bank of Israel rate,2025-10-21,4.5
IL_BOI_RATE,Bank of Israel rate,2025-10-22,4.5
IL_BOI_RATE,Bank of Israel rate,2025-10-23,4.5
IL_BOI_RATE,Bank of Israel rate,2025-10-24,4.5
IL_BOI_RATE,Bank of Israel rate,2025-10-25,4.5
IL_BOI_RATE,Bank of Israel rate,2025-10-26,4.5
IL_BOI_RATE,Bank of Israel rate,2025-10-27,4.5
IL_BOI_RATE,Bank of Israel rate,2025-10-28,4.5
IL_BOI_RATE,Bank of Israel rate,2025-10-29,4.5
IL_BOI_RATE,Bank of Israel rate,2025-10-30,4.5
IL_BOI_RATE,Bank of Israel rate,2025-10-31,4.5
IL_BOI_RATE,Bank of Israel rate,2025-11-01,4.5
IL_BOI_RATE,Bank of Israel rate,2025-11-02,4.5
IL_BOI_RATE,Bank of Israel rate,2025-11-03,4.5
IL_BOI_RATE,Bank of Israel rate,2025-11-04,4.5
IL_BOI_RATE,Bank of Israel rate,2025-11-05,4.5
IL_BOI_RATE,Bank of Israel rate,2025-11-06,4.5
IL_BOI_RATE,Bank of Israel rate,2025-11-07,4.5
IL_BOI_RATE,Bank of Israel rate,2025-11-08,4.5
IL_BOI_RATE,Bank of Israel rate,2025-11-09,4.5
IL_BOI_RATE,Bank of Israel rate,2025-11-10,4.5
IL_BOI_RATE,Bank of Israel rate,2025-11-11,4.5
IL_BOI_RATE,Bank of Israel rate,2025-11-12,4.5
IL_BOI_RATE,Bank of Israel rate,2025-11-13,4.5
IL_BOI_RATE,Bank of Israel rate,2025-11-14,4.5
IL_BOI_RATE,Bank of Israel rate,2025-11-15,4.5
IL_BOI_RATE,Bank of Israel rate,2025-11-16,4.5
IL_BOI_RATE,Bank of Israel rate,2025-11-17,4.5
IL_BOI_RATE,Bank of Israel rate,2025-11-18,4.5
IL_BOI_RATE,Bank of Israel rate,2025-11-19,4.5
IL_BOI_RATE,Bank of Israel rate,2025-11-20,4.5
IL_BOI_RATE,Bank of Israel rate,2025-11-21,4.5
IL_BOI_RATE,Bank of Israel rate,2025-11-22,4.5
IL_BOI_RATE,Bank of Israel rate,2025-11-23,4.5
IL_BOI_RATE,Bank of Israel rate,2025-11-24,4.5
IL_BOI_RATE,Bank of Israel rate,2025-11-25,4.5
IL_BOI_RATE,Bank of Israel rate,2025-11-26,4.5
IL_BOI_RATE,Bank of Israel rate,2025-11-27,4.25
IL_BOI_RATE,Bank of Israel rate,2025-11-28,4.25
IL_BOI_RATE,Bank of Israel rate,2025-11-29,4.25
IL_BOI_RATE,Bank of Israel rate,2025-11-30,4.25
IL_BOI_RATE,Bank of Israel rate,2025-12-01,4.25
IL_BOI_RATE,Bank of Israel rate,2025-12-02,4.25
IL_BOI_RATE,Bank of Israel rate,2025-12-03,4.25
IL_BOI_RATE,Bank of Israel rate,2025-12-04,4.25
IL_BOI_RATE,Bank of Israel rate,2025-12-05,4.25
IL_BOI_RATE,Bank of Israel rate,2025-12-06,4.25
IL_BOI_RATE,Bank of Israel rate,2025-12-07,4.25
IL_BOI_RATE,Bank of Israel rate,2025-12-08,4.25
IL_BOI_RATE,Bank of Israel rate,2025-12-09,4.25
IL_BOI_RATE,Bank of Israel rate,2025-12-10,4.25
IL_BOI_RATE,Bank of Israel rate,2025-12-11,4.25
IL_BOI_RATE,Bank of Israel rate,2025-12-12,4.25
IL_BOI_RATE,Bank of Israel rate,2025-12-13,4.25
IL_BOI_RATE,Bank of Israel rate,2025-12-14,4.25
IL_BOI_RATE,Bank of Israel rate,2025-12-15,4.25
IL_BOI_RATE,Bank of Israel rate,2025-12-16,4.25
IL_BOI_RATE,Bank of Israel rate,2025-12-17,4.25
IL_BOI_RATE,Bank of Israel rate,2025-12-18,4.25
IL_BOI_RATE,Bank of Israel rate,2025-12-19,4.25
IL_BOI_RATE,Bank of Israel rate,2025-12-20,4.25
IL_BOI_RATE,Bank of Israel rate,2025-12-21,4.25
IL_BOI_RATE,Bank of Israel rate,2025-12-22,4.25
IL_BOI_RATE,Bank of Israel rate,2025-12-23,4.25
IL_BOI_RATE,Bank of Israel rate,2025-12-24,4.25
IL_BOI_RATE,Bank of Israel rate,2025-12-25,4.25
IL_BOI_RATE,Bank of Israel rate,2025-12-26,4.25
IL_BOI_RATE,Bank of Israel rate,2025-12-27,4.25
IL_BOI_RATE,Bank of Israel rate,2025-12-28,4.25
IL_BOI_RATE,Bank of Israel rate,2025-12-29,4.25
IL_BOI_RATE,Bank of Israel rate,2025-12-30,4.25
IL_BOI_RATE,Bank of Israel rate,2025-12-31,4.25
IL_BOI_RATE,Bank of Israel rate,2026-01-01,4.25
IL_BOI_RATE,Bank of Israel rate,2026-01-02,4.25
IL_BOI_RATE,Bank of Israel rate,2026-01-03,4.25
IL_BOI_RATE,Bank of Israel rate,2026-01-04,4.25
IL_BOI_RATE,Bank of Israel rate,2026-01-05,4.25
IL_BOI_RATE,Bank of Israel rate,2026-01-06,4.25
IL_BOI_RATE,Bank of Israel rate,2026-01-07,4.25
IL_BOI_RATE,Bank of Israel rate,2026-01-08,4.0
IL_BOI_RATE,Bank of Israel rate,2026-01-09,4.0
IL_BOI_RATE,Bank of Israel rate,2026-01-10,4.0
IL_BOI_RATE,Bank of Israel rate,2026-01-11,4.0
IL_BOI_RATE,Bank of Israel rate,2026-01-12,4.0
IL_BOI_RATE,Bank of Israel rate,2026-01-13,4.0
IL_BOI_RATE,Bank of Israel rate,2026-01-14,4.0
IL_BOI_RATE,Bank of Israel rate,2026-01-15,4.0
IL_BOI_RATE,Bank of Israel rate,2026-01-16,4.0
IL_BOI_RATE,Bank of Israel rate,2026-01-17,4.0
IL_BOI_RATE,Bank of Israel rate,2026-01-18,4.0
IL_BOI_RATE,Bank of Israel rate,2026-01-19,4.0
IL_BOI_RATE,Bank of Israel rate,2026-01-20,4.0
IL_BOI_RATE,Bank of Israel rate,2026-01-21,4.0
IL_BOI_RATE,Bank of Israel rate,2026-01-22,4.0
IL_BOI_RATE,Bank of Israel rate,2026-01-23,4.0
IL_BOI_RATE,Bank of Israel rate,2026-01-24,4.0
IL_BOI_RATE,Bank of Israel rate,2026-01-25,4.0
IL_BOI_RATE,Bank of Israel rate,2026-01-26,4.0
IL_BOI_RATE,Bank of Israel rate,2026-01-27,4.0
IL_BOI_RATE,Bank of Israel rate,2026-01-28,4.0
IL_BOI_RATE,Bank of Israel rate,2026-01-29,4.0
IL_BOI_RATE,Bank of Israel rate,2026-01-30,4.0
IL_BOI_RATE,Bank of Israel rate,2026-01-31,4.0
IL_BOI_RATE,Bank of Israel rate,2026-02-01,4.0
IL_BOI_RATE,Bank of Israel rate,2026-02-02,4.0
IL_BOI_RATE,Bank of Israel rate,2026-02-03,4.0
IL_BOI_RATE,Bank of Israel rate,2026-02-04,4.0
IL_BOI_RATE,Bank of Israel rate,2026-02-05,4.0
IL_BOI_RATE,Bank of Israel rate,2026-02-06,4.0
IL_BOI_RATE,Bank of Israel rate,2026-02-07,4.0
IL_BOI_RATE,Bank of Israel rate,2026-02-08,4.0
IL_BOI_RATE,Bank of Israel rate,2026-02-09,4.0
IL_BOI_RATE,Bank of Israel rate,2026-02-10,4.0
IL_BOI_RATE,Bank of Israel rate,2026-02-11,4.0
IL_BOI_RATE,Bank of Israel rate,2026-02-12,4.0
IL_BOI_RATE,Bank of Israel rate,2026-02-13,4.0
IL_BOI_RATE,Bank of Israel rate,2026-02-14,4.0
IL_BOI_RATE,Bank of Israel rate,2026-02-15,4.0
IL_BOI_RATE,Bank of Israel rate,2026-02-16,4.0
IL_BOI_RATE,Bank of Israel rate,2026-02-17,4.0
IL_BOI_RATE,Bank of Israel rate,2026-02-18,4.0
IL_BOI_RATE,Bank of Israel rate,2026-02-19,4.0
IL_BOI_RATE,Bank of Israel rate,2026-02-20,4.0
IL_BOI_RATE,Bank of Israel rate,2026-02-21,4.0
IL_BOI_RATE,Bank of Israel rate,2026-02-22,4.0
IL_BOI_RATE,Bank of Israel rate,2026-02-23,4.0
IL_BOI_RATE,Bank of Israel rate,2026-02-24,4.0
IL_BOI_RATE,Bank of Israel rate,2026-02-25,4.0
IL_BOI_RATE,Bank of Israel rate,2026-02-26,4.0
IL_BOI_RATE,Bank of Israel rate,2026-02-27,4.0
IL_BOI_RATE,Bank of Israel rate,2026-02-28,4.0
IL_BOI_RATE,Bank of Israel rate,2026-03-01,4.0
IL_BOI_RATE,Bank of Israel rate,2026-03-02,4.0
IL_BOI_RATE,Bank of Israel rate,2026-03-03,4.0
IL_BOI_RATE,Bank of Israel rate,2026-03-04,4.0
IL_BOI_RATE,Bank of Israel rate,2026-03-05,4.0
IL_BOI_RATE,Bank of Israel rate,2026-03-06,4.0
IL_BOI_RATE,Bank of Israel rate,2026-03-07,4.0
IL_BOI_RATE,Bank of Israel rate,2026-03-08,4.0
IL_BOI_RATE,Bank of Israel rate,2026-03-09,4.0
IL_BOI_RATE,Bank of Israel rate,2026-03-10,4.0
IL_BOI_RATE,Bank of Israel rate,2026-03-11,4.0
IL_BOI_RATE,Bank of Israel rate,2026-03-12,4.0
IL_BOI_RATE,Bank of Israel rate,2026-03-13,4.0
IL_BOI_RATE,Bank of Israel rate,2026-03-14,4.0
IL_BOI_RATE,Bank of Israel rate,2026-03-15,4.0
IL_BOI_RATE,Bank of Israel rate,2026-03-16,4.0
IL_BOI_RATE,Bank of Israel rate,2026-03-17,4.0
IL_BOI_RATE,Bank of Israel rate,2026-03-18,4.0
IL_BOI_RATE,Bank of Israel rate,2026-03-19,4.0
IL_BOI_RATE,Bank of Israel rate,2026-03-20,4.0
IL_BOI_RATE,Bank of Israel rate,2026-03-21,4.0
IL_BOI_RATE,Bank of Israel rate,2026-03-22,4.0
IL_BOI_RATE,Bank of Israel rate,2026-03-23,4.0
IL_BOI_RATE,Bank of Israel rate,2026-03-24,4.0
IL_BOI_RATE,Bank of Israel rate,2026-03-25,4.0
IL_BOI_RATE,Bank of Israel rate,2026-03-26,4.0
IL_BOI_RATE,Bank of Israel rate,2026-03-27,4.0
IL_BOI_RATE,Bank of Israel rate,2026-03-28,4.0
IL_BOI_RATE,Bank of Israel rate,2026-03-29,4.0
IL_BOI_RATE,Bank of Israel rate,2026-03-30,4.0
IL_BOI_RATE,Bank of Israel rate,2026-03-31,4.0
IL_BOI_RATE,Bank of Israel rate,2026-04-01,4.0
IL_BOI_RATE,Bank of Israel rate,2026-04-02,4.0
IL_BOI_RATE,Bank of Israel rate,2026-04-03,4.0
IL_BOI_RATE,Bank of Israel rate,2026-04-04,4.0
IL_BOI_RATE,Bank of Israel rate,2026-04-05,4.0
IL_BOI_RATE,Bank of Israel rate,2026-04-06,4.0
IL_BOI_RATE,Bank of Israel rate,2026-04-07,4.0
IL_BOI_RATE,Bank of Israel rate,2026-04-08,4.0
IL_BOI_RATE,Bank of Israel rate,2026-04-09,4.0
IL_BOI_RATE,Bank of Israel rate,2026-04-10,4.0
IL_BOI_RATE,Bank of Israel rate,2026-04-11,4.0
IL_BOI_RATE,Bank of Israel rate,2026-04-12,4.0
IL_BOI_RATE,Bank of Israel rate,2026-04-13,4.0
IL_BOI_RATE,Bank of Israel rate,2026-04-14,4.0
IL_BOI_RATE,Bank of Israel rate,2026-04-15,4.0
IL_BOI_RATE,Bank of Israel rate,2026-04-16,4.0
IL_BOI_RATE,Bank of Israel rate,2026-04-17,4.0
IL_BOI_RATE,Bank of Israel rate,2026-04-18,4.0
IL_BOI_RATE,Bank of Israel rate,2026-04-19,4.0
IL_BOI_RATE,Bank of Israel rate,2026-04-20,4.0
IL_BOI_RATE,Bank of Israel rate,2026-04-21,4.0
IL_BOI_RATE,Bank of Israel rate,2026-04-22,4.0
IL_BOI_RATE,Bank of Israel rate,2026-04-23,4.0
IL_BOI_RATE,Bank of Israel rate,2026-04-24,4.0
IL_BOI_RATE,Bank of Israel rate,2026-04-25,4.0
IL_BOI_RATE,Bank of Israel rate,2026-04-26,4.0
IL_BOI_RATE,Bank of Israel rate,2026-04-27,4.0
IL_BOI_RATE,Bank of Israel rate,2026-04-28,4.0
IL_BOI_RATE,Bank of Israel rate,2026-04-29,4.0
IL_BOI_RATE,Bank of Israel rate,2026-04-30,4.0
IL_BOI_RATE,Bank of Israel rate,2026-05-01,4.0
IL_BOI_RATE,Bank of Israel rate,2026-05-02,4.0
IL_BOI_RATE,Bank of Israel rate,2026-05-03,4.0
IL_BOI_RATE,Bank of Israel rate,2026-05-04,4.0
IL_BOI_RATE,Bank of Israel rate,2026-05-05,4.0
IL_BOI_RATE,Bank of Israel rate,2026-05-06,4.0
IL_BOI_RATE,Bank of Israel rate,2026-05-07,4.0
IL_BOI_RATE,Bank of Israel rate,2026-05-08,4.0
IL_BOI_RATE,Bank of Israel rate,2026-05-09,4.0
IL_BOI_RATE,Bank of Israel rate,2026-05-10,4.0
IL_BOI_RATE,Bank of Israel rate,2026-05-11,4.0
IL_BOI_RATE,Bank of Israel rate,2026-05-12,4.0
IL_BOI_RATE,Bank of Israel rate,2026-05-13,4.0
IL_BOI_RATE,Bank of Israel rate,2026-05-14,4.0
IL_BOI_RATE,Bank of Israel rate,2026-05-15,4.0
IL_BOI_RATE,Bank of Israel rate,2026-05-16,4.0
IL_BOI_RATE,Bank of Israel rate,2026-05-17,4.0
IL_BOI_RATE,Bank of Israel rate,2026-05-18,4.0
IL_BOI_RATE,Bank of Israel rate,2026-05-19,4.0
IL_BOI_RATE,Bank of Israel rate,2026-05-20,4.0
IL_BOI_RATE,Bank of Israel rate,2026-05-21,4.0
IL_BOI_RATE,Bank of Israel rate,2026-05-22,4.0
IL_BOI_RATE,Bank of Israel rate,2026-05-23,4.0
IL_BOI_RATE,Bank of Israel rate,2026-05-24,4.0
IL_BOI_RATE,Bank of Israel rate,2026-05-25,4.0
IL_BOI_RATE,Bank of Israel rate,2026-05-26,4.0
IL_BOI_RATE,Bank of Israel rate,2026-05-27,4.0
IL_BOI_RATE,Bank of Israel rate,2026-05-28,3.75
IL_BOI_RATE,Bank of Israel rate,2026-05-29,3.75
IL_BOI_RATE,Bank of Israel rate,2026-05-30,3.75
IL_BOI_RATE,Bank of Israel rate,2026-05-31,3.75
IL_BOI_RATE,Bank of Israel rate,2026-06-01,3.75
IL_BOI_RATE,Bank of Israel rate,2026-06-02,3.75
IL_BOI_RATE,Bank of Israel rate,2026-06-03,3.75
IL_BOI_RATE,Bank of Israel rate,2026-06-04,3.75
IL_BOI_RATE,Bank of Israel rate,2026-06-05,3.75
IL_BOI_RATE,Bank of Israel rate,2026-06-06,3.75
IL_BOI_RATE,Bank of Israel rate,2026-06-07,3.75
IL_BOI_RATE,Bank of Israel rate,2026-06-08,3.75
IL_BOI_RATE,Bank of Israel rate,2026-06-09,3.75
IL_BOI_RATE,Bank of Israel rate,2026-06-10,3.75
IL_BOI_RATE,Bank of Israel rate,2026-06-11,3.75
IL_BOI_RATE,Bank of Israel rate,2026-06-12,3.75
IL_BOI_RATE,Bank of Israel rate,2026-06-13,3.75
IL_BOI_RATE,Bank of Israel rate,2026-06-14,3.75
IL_BOI_RATE,Bank of Israel rate,2026-06-15,3.75
IL_BOI_RATE,Bank of Israel rate,2026-06-16,3.75
IL_BOI_RATE,Bank of Israel rate,2026-06-17,3.75
IL_BOI_RATE,Bank of Israel rate,2026-06-18,3.75
IL_BOI_RATE,Bank of Israel rate,2026-06-19,3.75
IL_BOI_RATE,Bank of Israel rate,2026-06-20,3.75
IL_BOI_RATE,Bank of Israel rate,2026-06-21,3.75
IL_BOI_RATE,Bank of Israel rate,2026-06-22,3.75
IL_BOI_RATE,Bank of Israel rate,2026-06-23,3.75
IL_BOI_RATE,Bank of Israel rate,2026-06-24,3.75
IL_BOI_RATE,Bank of Israel rate,2026-06-25,3.75
IL_BOI_RATE,Bank of Israel rate,2026-06-26,3.75
IL_BOI_RATE,Bank of Israel rate,2026-06-27,3.75
IL_BOI_RATE,Bank of Israel rate,2026-06-28,3.75
IL_BOI_RATE,Bank of Israel rate,2026-06-29,3.75
IL_BOI_RATE,Bank of Israel rate,2026-06-30,3.75
IL_BOI_RATE,Bank of Israel rate,2026-07-01,3.75
IL_BOI_RATE,Bank of Israel rate,2026-07-02,3.75
IL_BOI_RATE,Bank of Israel rate,2026-07-03,3.75
IL_BOI_RATE,Bank of Israel rate,2026-07-04,3.75
IL_BOI_RATE,Bank of Israel rate,2026-07-05,3.75
IL_BOI_RATE,Bank of Israel rate,2026-07-06,3.75
IL_BOI_RATE,Bank of Israel rate,2026-07-07,3.75
IL_BOI_RATE,Bank of Israel rate,2026-07-08,3.75
IL_BOI_RATE,Bank of Israel rate,2026-07-09,3.5
IL_BOI_RATE,Bank of Israel rate,2026-07-10,3.5
IL_BOI_RATE,Bank of Israel rate,2026-07-11,3.5
IL_BOI_RATE,Bank of Israel rate,2026-07-12,3.5
IL_BOI_RATE,Bank of Israel rate,2026-07-13,3.5
IL_BOI_RATE,Bank of Israel rate,2026-07-14,3.5
IL_BOI_RATE,Bank of Israel rate,2026-07-15,3.5
IL_BOI_RATE,Bank of Israel rate,2026-07-16,3.5
IL_BOI_RATE,Bank of Israel rate,2026-07-17,3.5
IL_BOI_RATE,Bank of Israel rate,2026-07-18,3.5
IL_BOI_RATE,Bank of Israel rate,2026-07-19,3.5
IL_BOI_RATE,Bank of Israel rate,2026-07-20,3.5
IL_BOI_RATE,Bank of Israel rate,2026-07-21,3.5
IL_BOI_RATE,Bank of Israel rate,2026-07-22,3.5
IL_BOI_RATE,Bank of Israel rate,2026-07-23,3.5
IL_BOI_RATE,Bank of Israel rate,2026-07-24,3.5
IL_BOI_RATE,Bank of Israel rate,2026-07-25,3.5
IL_BOI_RATE,Bank of Israel rate,2026-07-26,3.5
IL_BOI_RATE,Bank of Israel rate,2026-07-27,3.5
IL_BOI_RATE,Bank of Israel rate,2026-07-28,3.5
IL_BOI_RATE,Bank of Israel rate,2026-07-29,3.5
IL_BOI_RATE,Bank of Israel rate,2026-07-30,3.5
IL_BOI_RATE,Bank of Israel rate,2026-07-31,3.5
IL_BOI_RATE,Bank of Israel rate,2026-08-01,3.5
IL_BOI_RATE,Bank of Israel rate,2026-08-02,3.5
IL_BOI_RATE,Bank of Israel rate,2026-08-03,3.5
IL_BOI_RATE,Bank of Israel rate,2026-08-04,3.5
IL_BOI_RATE,Bank of Israel rate,2026-08-05,3.5
ILS_USD,ILS / USD,2024-12-13,0.27831895352073477
ILS_USD,ILS / USD,2024-12-16,0.2771618625277162
ILS_USD,ILS / USD,2024-12-17,0.27770063871146905
ILS_USD,ILS / USD,2024-12-18,0.2789400278940028
ILS_USD,ILS / USD,2024-12-19,0.2763957987838585
ILS_USD,ILS / USD,2024-12-20,0.273972602739726
ILS_USD,ILS / USD,2024-12-23,0.27404768429706766
ILS_USD,ILS / USD,2024-12-24,0.273000273000273
ILS_USD,ILS / USD,2024-12-26,0.2725538293813028
ILS_USD,ILS / USD,2024-12-27,0.27188689505165853
ILS_USD,ILS / USD,2024-12-30,0.27427317608337903
ILS_USD,ILS / USD,2024-12-31,0.2741979709350151
ILS_USD,ILS / USD,2025-01-02,0.273972602739726
ILS_USD,ILS / USD,2025-01-03,0.2735229759299781
ILS_USD,ILS / USD,2025-01-06,0.27502750275027504
ILS_USD,ILS / USD,2025-01-07,0.27570995312930796
ILS_USD,ILS / USD,2025-01-08,0.273000273000273
ILS_USD,ILS / USD,2025-01-09,0.2733734281027884
ILS_USD,ILS / USD,2025-01-10,0.2728512960436562
ILS_USD,ILS / USD,2025-01-13,0.27233115468409586
ILS_USD,ILS / USD,2025-01-14,0.2754062241806665
ILS_USD,ILS / USD,2025-01-15,0.27616680475006905
ILS_USD,ILS / USD,2025-01-16,0.27586206896551724
ILS_USD,ILS / USD,2025-01-17,0.27762354247640203
ILS_USD,ILS / USD,2025-01-20,0.27932960893854747
ILS_USD,ILS / USD,2025-01-21,0.2790957298353335
ILS_USD,ILS / USD,2025-01-22,0.2824060999717594
ILS_USD,ILS / USD,2025-01-23,0.281135788585887
ILS_USD,ILS / USD,2025-01-24,0.2797202797202797
ILS_USD,ILS / USD,2025-01-27,0.276625172890733
ILS_USD,ILS / USD,2025-01-28,0.2763957987838585
ILS_USD,ILS / USD,2025-01-29,0.2777777777777778
ILS_USD,ILS / USD,2025-01-30,0.27901785714285715
ILS_USD,ILS / USD,2025-01-31,0.2795638803466592
ILS_USD,ILS / USD,2025-02-03,0.2770850651149903
ILS_USD,ILS / USD,2025-02-04,0.27948574622694244
ILS_USD,ILS / USD,2025-02-05,0.28145229383619474
ILS_USD,ILS / USD,2025-02-06,0.2808988764044944
ILS_USD,ILS / USD,2025-02-07,0.28169014084507044
ILS_USD,ILS / USD,2025-02-10,0.2807411566535654
ILS_USD,ILS / USD,2025-02-11,0.2787068004459309
ILS_USD,ILS / USD,2025-02-12,0.27839643652561247
ILS_USD,ILS / USD,2025-02-13,0.2796420581655481
ILS_USD,ILS / USD,2025-02-14,0.2806623631770979
ILS_USD,ILS / USD,2025-02-17,0.28137310073157007
ILS_USD,ILS / USD,2025-02-18,0.281135788585887
ILS_USD,ILS / USD,2025-02-19,0.2824060999717594
ILS_USD,ILS / USD,2025-02-20,0.282326369282891
ILS_USD,ILS / USD,2025-02-21,0.28034763106251753
ILS_USD,ILS / USD,2025-02-24,0.28042624789680315
ILS_USD,ILS / USD,2025-02-25,0.27940765576976806
ILS_USD,ILS / USD,2025-02-26,0.2796420581655481
ILS_USD,ILS / USD,2025-02-27,0.28145229383619474
ILS_USD,ILS / USD,2025-02-28,0.2785515320334262
ILS_USD,ILS / USD,2025-03-03,0.27793218454697055
ILS_USD,ILS / USD,2025-03-04,0.27693159789531985
ILS_USD,ILS / USD,2025-03-05,0.27616680475006905
ILS_USD,ILS / USD,2025-03-06,0.276625172890733
ILS_USD,ILS / USD,2025-03-07,0.2768549280177187
ILS_USD,ILS / USD,2025-03-10,0.27563395810363833
ILS_USD,ILS / USD,2025-03-11,0.27427317608337903
ILS_USD,ILS / USD,2025-03-12,0.27495188342040144
ILS_USD,ILS / USD,2025-03-13,0.27367268746579093
ILS_USD,ILS / USD,2025-03-17,0.273000273000273
ILS_USD,ILS / USD,2025-03-18,0.2728512960436562
ILS_USD,ILS / USD,2025-03-19,0.27240533914464726
ILS_USD,ILS / USD,2025-03-20,0.27240533914464726
ILS_USD,ILS / USD,2025-03-21,0.27048958615093316
ILS_USD,ILS / USD,2025-03-24,0.2700513097488523
ILS_USD,ILS / USD,2025-03-25,0.27277686852154936
ILS_USD,ILS / USD,2025-03-26,0.2727024815925825
ILS_USD,ILS / USD,2025-03-27,0.272108843537415
ILS_USD,ILS / USD,2025-03-28,0.2714440825190011
ILS_USD,ILS / USD,2025-03-31,0.2689618074233459
ILS_USD,ILS / USD,2025-04-01,0.2699055330634278
ILS_USD,ILS / USD,2025-04-02,0.2703433360367667
ILS_USD,ILS / USD,2025-04-03,0.2699055330634278
ILS_USD,ILS / USD,2025-04-04,0.26881720430107525
ILS_USD,ILS / USD,2025-04-07,0.26518164942985945
ILS_USD,ILS / USD,2025-04-08,0.2655337227827934
ILS_USD,ILS / USD,2025-04-09,0.26226068712300027
ILS_USD,ILS / USD,2025-04-10,0.2661698163428267
ILS_USD,ILS / USD,2025-04-11,0.2683843263553409
ILS_USD,ILS / USD,2025-04-14,0.27137042062415195
ILS_USD,ILS / USD,2025-04-15,0.2710027100271003
ILS_USD,ILS / USD,2025-04-16,0.27114967462039047
ILS_USD,ILS / USD,2025-04-17,0.270929287455974
ILS_USD,ILS / USD,2025-04-21,0.27085590465872156
ILS_USD,ILS / USD,2025-04-22,0.26881720430107525
ILS_USD,ILS / USD,2025-04-23,0.27262813522355506
ILS_USD,ILS / USD,2025-04-24,0.2741228070175438
ILS_USD,ILS / USD,2025-04-25,0.2768549280177187
ILS_USD,ILS / USD,2025-04-28,0.2754062241806665
ILS_USD,ILS / USD,2025-04-29,0.2760143527463428
ILS_USD,ILS / USD,2025-04-30,0.27495188342040144
ILS_USD,ILS / USD,2025-05-02,0.27670171555063644
ILS_USD,ILS / USD,2025-05-05,0.2768549280177187
ILS_USD,ILS / USD,2025-05-06,0.2763957987838585
ILS_USD,ILS / USD,2025-05-07,0.2787844995818232
ILS_USD,ILS / USD,2025-05-08,0.27940765576976806
ILS_USD,ILS / USD,2025-05-09,0.2801905295601009
ILS_USD,ILS / USD,2025-05-12,0.2820874471086037
ILS_USD,ILS / USD,2025-05-13,0.2796420581655481
ILS_USD,ILS / USD,2025-05-14,0.2809778027535825
ILS_USD,ILS / USD,2025-05-15,0.2824858757062147
ILS_USD,ILS / USD,2025-05-16,0.2817695125387433
ILS_USD,ILS / USD,2025-05-19,0.28153153153153154
ILS_USD,ILS / USD,2025-05-20,0.28368794326241137
ILS_USD,ILS / USD,2025-05-21,0.2817695125387433
ILS_USD,ILS / USD,2025-05-22,0.2801120448179272
ILS_USD,ILS / USD,2025-05-23,0.27754648903691365
ILS_USD,ILS / USD,2025-05-27,0.28272547356516825
ILS_USD,ILS / USD,2025-05-28,0.2824858757062147
ILS_USD,ILS / USD,2025-05-29,0.2847380410022779
ILS_USD,ILS / USD,2025-05-30,0.28425241614553726
ILS_USD,ILS / USD,2025-06-03,0.2836074872376631
ILS_USD,ILS / USD,2025-06-04,0.28457598178713717
ILS_USD,ILS / USD,2025-06-05,0.2864508736751647
ILS_USD,ILS / USD,2025-06-06,0.28555111364934327
ILS_USD,ILS / USD,2025-06-09,0.2870264064293915
ILS_USD,ILS / USD,2025-06-10,0.28612303290414876
ILS_USD,ILS / USD,2025-06-11,0.28546959748786754
ILS_USD,ILS / USD,2025-06-12,0.2800336040324839
ILS_USD,ILS / USD,2025-06-13,0.2777777777777778
ILS_USD,ILS / USD,2025-06-16,0.28272547356516825
ILS_USD,ILS / USD,2025-06-17,0.28546959748786754
ILS_USD,ILS / USD,2025-06-18,0.2858776443682104
ILS_USD,ILS / USD,2025-06-19,0.2870264064293915
ILS_USD,ILS / USD,2025-06-20,0.28694404591104733
ILS_USD,ILS / USD,2025-06-23,0.2874389192296637
ILS_USD,ILS / USD,2025-06-24,0.2936857562408223
ILS_USD,ILS / USD,2025-06-25,0.2933411557641537
ILS_USD,ILS / USD,2025-06-26,0.29394473838918284
ILS_USD,ILS / USD,2025-06-27,0.294811320754717
ILS_USD,ILS / USD,2025-06-30,0.29655990510083036
ILS_USD,ILS / USD,2025-07-01,0.2968239833778569
ILS_USD,ILS / USD,2025-07-02,0.29664787896766537
ILS_USD,ILS / USD,2025-07-03,0.29753049687592975
ILS_USD,ILS / USD,2025-07-04,0.29940119760479045
ILS_USD,ILS / USD,2025-07-07,0.2996703626011387
ILS_USD,ILS / USD,2025-07-08,0.29806259314456035
ILS_USD,ILS / USD,2025-07-09,0.3004807692307692
ILS_USD,ILS / USD,2025-07-10,0.3024803387779794
ILS_USD,ILS / USD,2025-07-11,0.29994001199760045
ILS_USD,ILS / USD,2025-07-14,0.2971768202080238
ILS_USD,ILS / USD,2025-07-15,0.2989536621823617
ILS_USD,ILS / USD,2025-07-16,0.29806259314456035
ILS_USD,ILS / USD,2025-07-17,0.29770765108663294
ILS_USD,ILS / USD,2025-07-18,0.29806259314456035
ILS_USD,ILS / USD,2025-07-21,0.29806259314456035
ILS_USD,ILS / USD,2025-07-22,0.2981514609421586
ILS_USD,ILS / USD,2025-07-23,0.3001200480192077
ILS_USD,ILS / USD,2025-07-24,0.29931158335827596
ILS_USD,ILS / USD,2025-07-25,0.29753049687592975
ILS_USD,ILS / USD,2025-07-28,0.29797377830750893
ILS_USD,ILS / USD,2025-07-29,0.297000297000297
ILS_USD,ILS / USD,2025-07-30,0.29708853238265004
ILS_USD,ILS / USD,2025-07-31,0.29515938606847697
ILS_USD,ILS / USD,2025-08-01,0.29291154071470415
ILS_USD,ILS / USD,2025-08-04,0.2937720329024677
ILS_USD,ILS / USD,2025-08-05,0.2901073397156948
ILS_USD,ILS / USD,2025-08-06,0.2900232018561485
ILS_USD,ILS / USD,2025-08-07,0.292654375182909
ILS_USD,ILS / USD,2025-08-08,0.29112081513828236
ILS_USD,ILS / USD,2025-08-11,0.2925687536571094
ILS_USD,ILS / USD,2025-08-12,0.2916302128900554
ILS_USD,ILS / USD,2025-08-13,0.29507229271171437
ILS_USD,ILS / USD,2025-08-14,0.29542097488921715
ILS_USD,ILS / USD,2025-08-15,0.2958579881656805
ILS_USD,ILS / USD,2025-08-18,0.2949852507374631
ILS_USD,ILS / USD,2025-08-19,0.2958579881656805
ILS_USD,ILS / USD,2025-08-20,0.29411764705882354
ILS_USD,ILS / USD,2025-08-21,0.2924831822170225
ILS_USD,ILS / USD,2025-08-22,0.2935995302407516
ILS_USD,ILS / USD,2025-08-25,0.2960331557134399
ILS_USD,ILS / USD,2025-08-26,0.2968239833778569
ILS_USD,ILS / USD,2025-08-27,0.29886431560071725
ILS_USD,ILS / USD,2025-08-28,0.3007518796992481
ILS_USD,ILS / USD,2025-08-29,0.3001200480192077
ILS_USD,ILS / USD,2025-09-01,0.2981514609421586
ILS_USD,ILS / USD,2025-09-02,0.29533372711163614
ILS_USD,ILS / USD,2025-09-03,0.29664787896766537
ILS_USD,ILS / USD,2025-09-04,0.2972651605231867
ILS_USD,ILS / USD,2025-09-05,0.2991325157044571
ILS_USD,ILS / USD,2025-09-08,0.3008423586040915
ILS_USD,ILS / USD,2025-09-09,0.29985007496251875
ILS_USD,ILS / USD,2025-09-10,0.2997601918465228
ILS_USD,ILS / USD,2025-09-11,0.2994908655286014
ILS_USD,ILS / USD,2025-09-12,0.30057108506161706
ILS_USD,ILS / USD,2025-09-15,0.29931158335827596
ILS_USD,ILS / USD,2025-09-16,0.2991325157044571
ILS_USD,ILS / USD,2025-09-17,0.29940119760479045
ILS_USD,ILS / USD,2025-09-18,0.2991325157044571
ILS_USD,ILS / USD,2025-09-19,0.2997601918465228
ILS_USD,ILS / USD,2025-09-25,0.29904306220095694
ILS_USD,ILS / USD,2025-09-26,0.29708853238265004
ILS_USD,ILS / USD,2025-09-29,0.30093289196509176
ILS_USD,ILS / USD,2025-09-30,0.3024803387779794
ILS_USD,ILS / USD,2025-10-03,0.30165912518853694
ILS_USD,ILS / USD,2025-10-06,0.30478512648582745
ILS_USD,ILS / USD,2025-10-08,0.3049710277523635
ILS_USD,ILS / USD,2025-10-09,0.30845157310302285
ILS_USD,ILS / USD,2025-10-10,0.3073140749846343
ILS_USD,ILS / USD,2025-10-13,0.30450669914738127
ILS_USD,ILS / USD,2025-10-15,0.3038590094196293
ILS_USD,ILS / USD,2025-10-16,0.3033980582524272
ILS_USD,ILS / USD,2025-10-17,0.3008423586040915
ILS_USD,ILS / USD,2025-10-20,0.30202355783751134
ILS_USD,ILS / USD,2025-10-21,0.30404378230465184
ILS_USD,ILS / USD,2025-10-22,0.30321406913280774
ILS_USD,ILS / USD,2025-10-23,0.30220610456331215
ILS_USD,ILS / USD,2025-10-24,0.303951367781155
ILS_USD,ILS / USD,2025-10-27,0.3068425897514575
ILS_USD,ILS / USD,2025-10-28,0.3068425897514575
ILS_USD,ILS / USD,2025-10-29,0.3076923076923077
ILS_USD,ILS / USD,2025-10-30,0.30703101013202333
ILS_USD,ILS / USD,2025-10-31,0.30835646006783846
ILS_USD,ILS / USD,2025-11-03,0.30721966205837176
ILS_USD,ILS / USD,2025-11-04,0.30599755201958384
ILS_USD,ILS / USD,2025-11-05,0.3056234718826406
ILS_USD,ILS / USD,2025-11-06,0.3074085459575776
ILS_USD,ILS / USD,2025-11-07,0.30627871362940273
ILS_USD,ILS / USD,2025-11-10,0.30959752321981426
ILS_USD,ILS / USD,2025-11-11,0.31084861672365555
ILS_USD,ILS / USD,2025-11-12,0.3125
ILS_USD,ILS / USD,2025-11-13,0.3116235587410408
ILS_USD,ILS / USD,2025-11-14,0.3091190108191654
ILS_USD,ILS / USD,2025-11-17,0.308546744831842
ILS_USD,ILS / USD,2025-11-18,0.3058103975535168
ILS_USD,ILS / USD,2025-11-19,0.3061849357011635
ILS_USD,ILS / USD,2025-11-20,0.3068425897514575
ILS_USD,ILS / USD,2025-11-21,0.3048780487804878
ILS_USD,ILS / USD,2025-11-24,0.30469226081657524
ILS_USD,ILS / USD,2025-11-25,0.3053435114503817
ILS_USD,ILS / USD,2025-11-26,0.3049710277523635
ILS_USD,ILS / USD,2025-11-27,0.3051571559353067
ILS_USD,ILS / USD,2025-11-28,0.30646644192460926
ILS_USD,ILS / USD,2025-12-01,0.30637254901960786
ILS_USD,ILS / USD,2025-12-02,0.30703101013202333
ILS_USD,ILS / USD,2025-12-03,0.3096934035305048
ILS_USD,ILS / USD,2025-12-04,0.3089280197713933
ILS_USD,ILS / USD,2025-12-05,0.3096934035305048
ILS_USD,ILS / USD,2025-12-08,0.3115264797507788
ILS_USD,ILS / USD,2025-12-09,0.3112356053532524
ILS_USD,ILS / USD,2025-12-10,0.3097893432465923
ILS_USD,ILS / USD,2025-12-11,0.3114294612270321
ILS_USD,ILS / USD,2025-12-12,0.3123048094940662
ILS_USD,ILS / USD,2025-12-15,0.3116235587410408
ILS_USD,ILS / USD,2025-12-16,0.31036623215394166
ILS_USD,ILS / USD,2025-12-17,0.3102699348433137
ILS_USD,ILS / USD,2025-12-18,0.3107520198881293
ILS_USD,ILS / USD,2025-12-19,0.31172069825436405
ILS_USD,ILS / USD,2025-12-22,0.3119151590767311
ILS_USD,ILS / USD,2025-12-23,0.31338138514572234
ILS_USD,ILS / USD,2025-12-24,0.31387319522912743
ILS_USD,ILS / USD,2025-12-29,0.3122073056509522
ILS_USD,ILS / USD,2025-12-30,0.3142677561282213
ILS_USD,ILS / USD,2025-12-31,0.31347962382445144
ILS_USD,ILS / USD,2026-01-02,0.31436655139893116
ILS_USD,ILS / USD,2026-01-05,0.31665611146295125
ILS_USD,ILS / USD,2026-01-06,0.31605562579013907
ILS_USD,ILS / USD,2026-01-07,0.31496062992125984
ILS_USD,ILS / USD,2026-01-08,0.315059861373661
ILS_USD,ILS / USD,2026-01-09,0.31545741324921134
ILS_USD,ILS / USD,2026-01-12,0.31746031746031744
ILS_USD,ILS / USD,2026-01-13,0.317359568390987
ILS_USD,ILS / USD,2026-01-14,0.317359568390987
ILS_USD,ILS / USD,2026-01-15,0.3168567807351077
ILS_USD,ILS / USD,2026-01-16,0.3186743148502231
ILS_USD,ILS / USD,2026-01-19,0.3164556962025316
ILS_USD,ILS / USD,2026-01-20,0.3158559696778269
ILS_USD,ILS / USD,2026-01-21,0.315059861373661
ILS_USD,ILS / USD,2026-01-22,0.3183699458771092
ILS_USD,ILS / USD,2026-01-23,0.3189792663476874
ILS_USD,ILS / USD,2026-01-26,0.318775900541919
ILS_USD,ILS / USD,2026-01-27,0.3221649484536082
ILS_USD,ILS / USD,2026-01-28,0.3235198964736331
ILS_USD,ILS / USD,2026-01-29,0.32404406999351915
ILS_USD,ILS / USD,2026-01-30,0.32310177705977383
ILS_USD,ILS / USD,2026-02-02,0.32247662044501774
ILS_USD,ILS / USD,2026-02-03,0.3238341968911917
ILS_USD,ILS / USD,2026-02-04,0.32404406999351915
ILS_USD,ILS / USD,2026-02-05,0.3208213025344883
ILS_USD,ILS / USD,2026-02-06,0.32
ILS_USD,ILS / USD,2026-02-09,0.32195750160978753
ILS_USD,ILS / USD,2026-02-10,0.324254215304799
ILS_USD,ILS / USD,2026-02-11,0.32488628979857054
ILS_USD,ILS / USD,2026-02-12,0.3259452411994785
ILS_USD,ILS / USD,2026-02-13,0.32456994482310936
ILS_USD,ILS / USD,2026-02-16,0.3238341968911917
ILS_USD,ILS / USD,2026-02-17,0.322061191626409
ILS_USD,ILS / USD,2026-02-18,0.32278889606197547
ILS_USD,ILS / USD,2026-02-19,0.31887755102040816
ILS_USD,ILS / USD,2026-02-20,0.3202049311559398
ILS_USD,ILS / USD,2026-02-23,0.3202049311559398
ILS_USD,ILS / USD,2026-02-24,0.32113037893384716
ILS_USD,ILS / USD,2026-02-25,0.3225806451612903
ILS_USD,ILS / USD,2026-02-26,0.3215434083601286
ILS_USD,ILS / USD,2026-02-27,0.3203074951953876
ILS_USD,ILS / USD,2026-03-02,0.3254149040026033
ILS_USD,ILS / USD,2026-03-05,0.3255208333333333
ILS_USD,ILS / USD,2026-03-06,0.32499187520311995
ILS_USD,ILS / USD,2026-03-09,0.32102728731942215
ILS_USD,ILS / USD,2026-03-10,0.3235198964736331
ILS_USD,ILS / USD,2026-03-11,0.32195750160978753
ILS_USD,ILS / USD,2026-03-12,0.32113037893384716
ILS_USD,ILS / USD,2026-03-13,0.31776294884016526
ILS_USD,ILS / USD,2026-03-16,0.3206155819172812
ILS_USD,ILS / USD,2026-03-17,0.3215434083601286
ILS_USD,ILS / USD,2026-03-18,0.32299741602067183
ILS_USD,ILS / USD,2026-03-19,0.3206155819172812
ILS_USD,ILS / USD,2026-03-20,0.32164683177870695
ILS_USD,ILS / USD,2026-03-23,0.3213367609254499
ILS_USD,ILS / USD,2026-03-24,0.32
ILS_USD,ILS / USD,2026-03-25,0.32113037893384716
ILS_USD,ILS / USD,2026-03-26,0.31959092361776925
ILS_USD,ILS / USD,2026-03-27,0.31756113051762463
ILS_USD,ILS / USD,2026-03-30,0.31545741324921134
ILS_USD,ILS / USD,2026-03-31,0.315955766192733
ILS_USD,ILS / USD,2026-04-07,0.3182686187141948
ILS_USD,ILS / USD,2026-04-09,0.3239390994493035
ILS_USD,ILS / USD,2026-04-10,0.32711808963035655
ILS_USD,ILS / USD,2026-04-13,0.3270111183780249
ILS_USD,ILS / USD,2026-04-14,0.33123550844650546
ILS_USD,ILS / USD,2026-04-15,0.33178500331785005
ILS_USD,ILS / USD,2026-04-16,0.333889816360601
ILS_USD,ILS / USD,2026-04-17,0.33377837116154874
ILS_USD,ILS / USD,2026-04-20,0.333000333000333
ILS_USD,ILS / USD,2026-04-21,0.3352329869259135
ILS_USD,ILS / USD,2026-04-23,0.3327787021630616
ILS_USD,ILS / USD,2026-04-24,0.333000333000333
ILS_USD,ILS / USD,2026-04-27,0.3356831151393085
ILS_USD,ILS / USD,2026-04-28,0.33433634236041454
ILS_USD,ILS / USD,2026-04-29,0.33772374197906113
ILS_USD,ILS / USD,2026-04-30,0.3388681802778719
ILS_USD,ILS / USD,2026-05-01,0.33921302578018997
ILS_USD,ILS / USD,2026-05-04,0.33760972316002696
ILS_USD,ILS / USD,2026-05-05,0.33967391304347827
ILS_USD,ILS / USD,2026-05-06,0.34447123665173957
ILS_USD,ILS / USD,2026-05-07,0.3439972480220158
ILS_USD,ILS / USD,2026-05-08,0.3439972480220158
ILS_USD,ILS / USD,2026-05-11,0.3437607425232039
ILS_USD,ILS / USD,2026-05-12,0.3437607425232039
ILS_USD,ILS / USD,2026-05-13,0.343878954607978
ILS_USD,ILS / USD,2026-05-14,0.34423407917383825
ILS_USD,ILS / USD,2026-05-15,0.3429355281207133
ILS_USD,ILS / USD,2026-05-18,0.3427004797806717
ILS_USD,ILS / USD,2026-05-19,0.343878954607978
ILS_USD,ILS / USD,2026-05-20,0.3424657534246575
ILS_USD,ILS / USD,2026-05-21,0.3439972480220158
ILS_USD,ILS / USD,2026-05-26,0.3497726477789437
ILS_USD,ILS / USD,2026-05-27,0.35211267605633806
ILS_USD,ILS / USD,2026-05-28,0.3528581510232886
ILS_USD,ILS / USD,2026-05-29,0.35574528637495556
ILS_USD,ILS / USD,2026-06-01,0.35549235691432635
ILS_USD,ILS / USD,2026-06-02,0.35398230088495575
ILS_USD,ILS / USD,2026-06-03,0.34818941504178275
ILS_USD,ILS / USD,2026-06-04,0.3454231433506045
ILS_USD,ILS / USD,2026-06-05,0.343878954607978
ILS_USD,ILS / USD,2026-06-08,0.3397893306150187
ILS_USD,ILS / USD,2026-06-09,0.34036759700476515
ILS_USD,ILS / USD,2026-06-10,0.33636057854019513
ILS_USD,ILS / USD,2026-06-11,0.3372681281618887
ILS_USD,ILS / USD,2026-06-12,0.34071550255536626
ILS_USD,ILS / USD,2026-06-15,0.3439972480220158
ILS_USD,ILS / USD,2026-06-16,0.3434065934065934
ILS_USD,ILS / USD,2026-06-17,0.3427004797806717
ILS_USD,ILS / USD,2026-06-18,0.33967391304347827
ILS_USD,ILS / USD,2026-06-19,0.3381805884342239
ILS_USD,ILS / USD,2026-06-22,0.33715441672285906
ILS_USD,ILS / USD,2026-06-23,0.33433634236041454
ILS_USD,ILS / USD,2026-06-24,0.3342245989304813
ILS_USD,ILS / USD,2026-06-25,0.3356831151393085
ILS_USD,ILS / USD,2026-06-26,0.33322225924691773
ILS_USD,ILS / USD,2026-06-29,0.3356831151393085
ILS_USD,ILS / USD,2026-06-30,0.33579583613163194
ILS_USD,ILS / USD,2026-07-01,0.3356831151393085
ILS_USD,ILS / USD,2026-07-02,0.33311125916055967
ILS_USD,ILS / USD,2026-07-03,0.33377837116154874
ILS_USD,ILS / USD,2026-07-06,0.33266799733865604
ILS_USD,ILS / USD,2026-07-07,0.3301419610432486
ILS_USD,ILS / USD,2026-07-08,0.328515111695138
ILS_USD,ILS / USD,2026-07-09,0.32981530343007914
ILS_USD,ILS / USD,2026-07-10,0.33266799733865604
ILS_USD,ILS / USD,2026-07-13,0.3305785123966942
ILS_USD,ILS / USD,2026-07-14,0.33167495854063017
ILS_USD,ILS / USD,2026-07-15,0.333889816360601
ILS_USD,ILS / USD,2026-07-16,0.3327787021630616
ILS_USD,ILS / USD,2026-07-17,0.3278688524590164
ILS_USD,ILS / USD,2026-07-20,0.32808398950131235
ILS_USD,ILS / USD,2026-07-21,0.3279763857002296
ILS_USD,ILS / USD,2026-07-22,0.3266906239790918
ILS_USD,ILS / USD,2026-07-24,0.32658393207054215
ILS_USD,ILS / USD,2026-07-27,0.32894736842105265
ILS_USD,ILS / USD,2026-07-28,0.3270111183780249
ILS_USD,ILS / USD,2026-07-29,0.3270111183780249
ILS_USD,ILS / USD,2026-07-30,0.3254149040026033
ILS_USD,ILS / USD,2026-07-31,0.32711808963035655
ILS_USD,ILS / USD,2026-08-03,0.3269042170644001
ILS_USD,ILS / USD,2026-08-04,0.33003300330033003
USD_ILS,USD / ILS,2024-12-13,3.593
USD_ILS,USD / ILS,2024-12-16,3.608
USD_ILS,USD / ILS,2024-12-17,3.601
USD_ILS,USD / ILS,2024-12-18,3.585
USD_ILS,USD / ILS,2024-12-19,3.618
USD_ILS,USD / ILS,2024-12-20,3.65
USD_ILS,USD / ILS,2024-12-23,3.649
USD_ILS,USD / ILS,2024-12-24,3.663
USD_ILS,USD / ILS,2024-12-26,3.669
USD_ILS,USD / ILS,2024-12-27,3.678
USD_ILS,USD / ILS,2024-12-30,3.646
USD_ILS,USD / ILS,2024-12-31,3.647
USD_ILS,USD / ILS,2025-01-02,3.65
USD_ILS,USD / ILS,2025-01-03,3.656
USD_ILS,USD / ILS,2025-01-06,3.636
USD_ILS,USD / ILS,2025-01-07,3.627
USD_ILS,USD / ILS,2025-01-08,3.663
USD_ILS,USD / ILS,2025-01-09,3.658
USD_ILS,USD / ILS,2025-01-10,3.665
USD_ILS,USD / ILS,2025-01-13,3.672
USD_ILS,USD / ILS,2025-01-14,3.631
USD_ILS,USD / ILS,2025-01-15,3.621
USD_ILS,USD / ILS,2025-01-16,3.625
USD_ILS,USD / ILS,2025-01-17,3.602
USD_ILS,USD / ILS,2025-01-20,3.58
USD_ILS,USD / ILS,2025-01-21,3.583
USD_ILS,USD / ILS,2025-01-22,3.541
USD_ILS,USD / ILS,2025-01-23,3.557
USD_ILS,USD / ILS,2025-01-24,3.575
USD_ILS,USD / ILS,2025-01-27,3.615
USD_ILS,USD / ILS,2025-01-28,3.618
USD_ILS,USD / ILS,2025-01-29,3.6
USD_ILS,USD / ILS,2025-01-30,3.584
USD_ILS,USD / ILS,2025-01-31,3.577
USD_ILS,USD / ILS,2025-02-03,3.609
USD_ILS,USD / ILS,2025-02-04,3.578
USD_ILS,USD / ILS,2025-02-05,3.553
USD_ILS,USD / ILS,2025-02-06,3.56
USD_ILS,USD / ILS,2025-02-07,3.55
USD_ILS,USD / ILS,2025-02-10,3.562
USD_ILS,USD / ILS,2025-02-11,3.588
USD_ILS,USD / ILS,2025-02-12,3.592
USD_ILS,USD / ILS,2025-02-13,3.576
USD_ILS,USD / ILS,2025-02-14,3.563
USD_ILS,USD / ILS,2025-02-17,3.554
USD_ILS,USD / ILS,2025-02-18,3.557
USD_ILS,USD / ILS,2025-02-19,3.541
USD_ILS,USD / ILS,2025-02-20,3.542
USD_ILS,USD / ILS,2025-02-21,3.567
USD_ILS,USD / ILS,2025-02-24,3.566
USD_ILS,USD / ILS,2025-02-25,3.579
USD_ILS,USD / ILS,2025-02-26,3.576
USD_ILS,USD / ILS,2025-02-27,3.553
USD_ILS,USD / ILS,2025-02-28,3.59
USD_ILS,USD / ILS,2025-03-03,3.598
USD_ILS,USD / ILS,2025-03-04,3.611
USD_ILS,USD / ILS,2025-03-05,3.621
USD_ILS,USD / ILS,2025-03-06,3.615
USD_ILS,USD / ILS,2025-03-07,3.612
USD_ILS,USD / ILS,2025-03-10,3.628
USD_ILS,USD / ILS,2025-03-11,3.646
USD_ILS,USD / ILS,2025-03-12,3.637
USD_ILS,USD / ILS,2025-03-13,3.654
USD_ILS,USD / ILS,2025-03-17,3.663
USD_ILS,USD / ILS,2025-03-18,3.665
USD_ILS,USD / ILS,2025-03-19,3.671
USD_ILS,USD / ILS,2025-03-20,3.671
USD_ILS,USD / ILS,2025-03-21,3.697
USD_ILS,USD / ILS,2025-03-24,3.703
USD_ILS,USD / ILS,2025-03-25,3.666
USD_ILS,USD / ILS,2025-03-26,3.667
USD_ILS,USD / ILS,2025-03-27,3.675
USD_ILS,USD / ILS,2025-03-28,3.684
USD_ILS,USD / ILS,2025-03-31,3.718
USD_ILS,USD / ILS,2025-04-01,3.705
USD_ILS,USD / ILS,2025-04-02,3.699
USD_ILS,USD / ILS,2025-04-03,3.705
USD_ILS,USD / ILS,2025-04-04,3.72
USD_ILS,USD / ILS,2025-04-07,3.771
USD_ILS,USD / ILS,2025-04-08,3.766
USD_ILS,USD / ILS,2025-04-09,3.813
USD_ILS,USD / ILS,2025-04-10,3.757
USD_ILS,USD / ILS,2025-04-11,3.726
USD_ILS,USD / ILS,2025-04-14,3.685
USD_ILS,USD / ILS,2025-04-15,3.69
USD_ILS,USD / ILS,2025-04-16,3.688
USD_ILS,USD / ILS,2025-04-17,3.691
USD_ILS,USD / ILS,2025-04-21,3.692
USD_ILS,USD / ILS,2025-04-22,3.72
USD_ILS,USD / ILS,2025-04-23,3.668
USD_ILS,USD / ILS,2025-04-24,3.648
USD_ILS,USD / ILS,2025-04-25,3.612
USD_ILS,USD / ILS,2025-04-28,3.631
USD_ILS,USD / ILS,2025-04-29,3.623
USD_ILS,USD / ILS,2025-04-30,3.637
USD_ILS,USD / ILS,2025-05-02,3.614
USD_ILS,USD / ILS,2025-05-05,3.612
USD_ILS,USD / ILS,2025-05-06,3.618
USD_ILS,USD / ILS,2025-05-07,3.587
USD_ILS,USD / ILS,2025-05-08,3.579
USD_ILS,USD / ILS,2025-05-09,3.569
USD_ILS,USD / ILS,2025-05-12,3.545
USD_ILS,USD / ILS,2025-05-13,3.576
USD_ILS,USD / ILS,2025-05-14,3.559
USD_ILS,USD / ILS,2025-05-15,3.54
USD_ILS,USD / ILS,2025-05-16,3.549
USD_ILS,USD / ILS,2025-05-19,3.552
USD_ILS,USD / ILS,2025-05-20,3.525
USD_ILS,USD / ILS,2025-05-21,3.549
USD_ILS,USD / ILS,2025-05-22,3.57
USD_ILS,USD / ILS,2025-05-23,3.603
USD_ILS,USD / ILS,2025-05-27,3.537
USD_ILS,USD / ILS,2025-05-28,3.54
USD_ILS,USD / ILS,2025-05-29,3.512
USD_ILS,USD / ILS,2025-05-30,3.518
USD_ILS,USD / ILS,2025-06-03,3.526
USD_ILS,USD / ILS,2025-06-04,3.514
USD_ILS,USD / ILS,2025-06-05,3.491
USD_ILS,USD / ILS,2025-06-06,3.502
USD_ILS,USD / ILS,2025-06-09,3.484
USD_ILS,USD / ILS,2025-06-10,3.495
USD_ILS,USD / ILS,2025-06-11,3.503
USD_ILS,USD / ILS,2025-06-12,3.571
USD_ILS,USD / ILS,2025-06-13,3.6
USD_ILS,USD / ILS,2025-06-16,3.537
USD_ILS,USD / ILS,2025-06-17,3.503
USD_ILS,USD / ILS,2025-06-18,3.498
USD_ILS,USD / ILS,2025-06-19,3.484
USD_ILS,USD / ILS,2025-06-20,3.485
USD_ILS,USD / ILS,2025-06-23,3.479
USD_ILS,USD / ILS,2025-06-24,3.405
USD_ILS,USD / ILS,2025-06-25,3.409
USD_ILS,USD / ILS,2025-06-26,3.402
USD_ILS,USD / ILS,2025-06-27,3.392
USD_ILS,USD / ILS,2025-06-30,3.372
USD_ILS,USD / ILS,2025-07-01,3.369
USD_ILS,USD / ILS,2025-07-02,3.371
USD_ILS,USD / ILS,2025-07-03,3.361
USD_ILS,USD / ILS,2025-07-04,3.34
USD_ILS,USD / ILS,2025-07-07,3.337
USD_ILS,USD / ILS,2025-07-08,3.355
USD_ILS,USD / ILS,2025-07-09,3.328
USD_ILS,USD / ILS,2025-07-10,3.306
USD_ILS,USD / ILS,2025-07-11,3.334
USD_ILS,USD / ILS,2025-07-14,3.365
USD_ILS,USD / ILS,2025-07-15,3.345
USD_ILS,USD / ILS,2025-07-16,3.355
USD_ILS,USD / ILS,2025-07-17,3.359
USD_ILS,USD / ILS,2025-07-18,3.355
USD_ILS,USD / ILS,2025-07-21,3.355
USD_ILS,USD / ILS,2025-07-22,3.354
USD_ILS,USD / ILS,2025-07-23,3.332
USD_ILS,USD / ILS,2025-07-24,3.341
USD_ILS,USD / ILS,2025-07-25,3.361
USD_ILS,USD / ILS,2025-07-28,3.356
USD_ILS,USD / ILS,2025-07-29,3.367
USD_ILS,USD / ILS,2025-07-30,3.366
USD_ILS,USD / ILS,2025-07-31,3.388
USD_ILS,USD / ILS,2025-08-01,3.414
USD_ILS,USD / ILS,2025-08-04,3.404
USD_ILS,USD / ILS,2025-08-05,3.447
USD_ILS,USD / ILS,2025-08-06,3.448
USD_ILS,USD / ILS,2025-08-07,3.417
USD_ILS,USD / ILS,2025-08-08,3.435
USD_ILS,USD / ILS,2025-08-11,3.418
USD_ILS,USD / ILS,2025-08-12,3.429
USD_ILS,USD / ILS,2025-08-13,3.389
USD_ILS,USD / ILS,2025-08-14,3.385
USD_ILS,USD / ILS,2025-08-15,3.38
USD_ILS,USD / ILS,2025-08-18,3.39
USD_ILS,USD / ILS,2025-08-19,3.38
USD_ILS,USD / ILS,2025-08-20,3.4
USD_ILS,USD / ILS,2025-08-21,3.419
USD_ILS,USD / ILS,2025-08-22,3.406
USD_ILS,USD / ILS,2025-08-25,3.378
USD_ILS,USD / ILS,2025-08-26,3.369
USD_ILS,USD / ILS,2025-08-27,3.346
USD_ILS,USD / ILS,2025-08-28,3.325
USD_ILS,USD / ILS,2025-08-29,3.332
USD_ILS,USD / ILS,2025-09-01,3.354
USD_ILS,USD / ILS,2025-09-02,3.386
USD_ILS,USD / ILS,2025-09-03,3.371
USD_ILS,USD / ILS,2025-09-04,3.364
USD_ILS,USD / ILS,2025-09-05,3.343
USD_ILS,USD / ILS,2025-09-08,3.324
USD_ILS,USD / ILS,2025-09-09,3.335
USD_ILS,USD / ILS,2025-09-10,3.336
USD_ILS,USD / ILS,2025-09-11,3.339
USD_ILS,USD / ILS,2025-09-12,3.327
USD_ILS,USD / ILS,2025-09-15,3.341
USD_ILS,USD / ILS,2025-09-16,3.343
USD_ILS,USD / ILS,2025-09-17,3.34
USD_ILS,USD / ILS,2025-09-18,3.343
USD_ILS,USD / ILS,2025-09-19,3.336
USD_ILS,USD / ILS,2025-09-25,3.344
USD_ILS,USD / ILS,2025-09-26,3.366
USD_ILS,USD / ILS,2025-09-29,3.323
USD_ILS,USD / ILS,2025-09-30,3.306
USD_ILS,USD / ILS,2025-10-03,3.315
USD_ILS,USD / ILS,2025-10-06,3.281
USD_ILS,USD / ILS,2025-10-08,3.279
USD_ILS,USD / ILS,2025-10-09,3.242
USD_ILS,USD / ILS,2025-10-10,3.254
USD_ILS,USD / ILS,2025-10-13,3.284
USD_ILS,USD / ILS,2025-10-15,3.291
USD_ILS,USD / ILS,2025-10-16,3.296
USD_ILS,USD / ILS,2025-10-17,3.324
USD_ILS,USD / ILS,2025-10-20,3.311
USD_ILS,USD / ILS,2025-10-21,3.289
USD_ILS,USD / ILS,2025-10-22,3.298
USD_ILS,USD / ILS,2025-10-23,3.309
USD_ILS,USD / ILS,2025-10-24,3.29
USD_ILS,USD / ILS,2025-10-27,3.259
USD_ILS,USD / ILS,2025-10-28,3.259
USD_ILS,USD / ILS,2025-10-29,3.25
USD_ILS,USD / ILS,2025-10-30,3.257
USD_ILS,USD / ILS,2025-10-31,3.243
USD_ILS,USD / ILS,2025-11-03,3.255
USD_ILS,USD / ILS,2025-11-04,3.268
USD_ILS,USD / ILS,2025-11-05,3.272
USD_ILS,USD / ILS,2025-11-06,3.253
USD_ILS,USD / ILS,2025-11-07,3.265
USD_ILS,USD / ILS,2025-11-10,3.23
USD_ILS,USD / ILS,2025-11-11,3.217
USD_ILS,USD / ILS,2025-11-12,3.2
USD_ILS,USD / ILS,2025-11-13,3.209
USD_ILS,USD / ILS,2025-11-14,3.235
USD_ILS,USD / ILS,2025-11-17,3.241
USD_ILS,USD / ILS,2025-11-18,3.27
USD_ILS,USD / ILS,2025-11-19,3.266
USD_ILS,USD / ILS,2025-11-20,3.259
USD_ILS,USD / ILS,2025-11-21,3.28
USD_ILS,USD / ILS,2025-11-24,3.282
USD_ILS,USD / ILS,2025-11-25,3.275
USD_ILS,USD / ILS,2025-11-26,3.279
USD_ILS,USD / ILS,2025-11-27,3.277
USD_ILS,USD / ILS,2025-11-28,3.263
USD_ILS,USD / ILS,2025-12-01,3.264
USD_ILS,USD / ILS,2025-12-02,3.257
USD_ILS,USD / ILS,2025-12-03,3.229
USD_ILS,USD / ILS,2025-12-04,3.237
USD_ILS,USD / ILS,2025-12-05,3.229
USD_ILS,USD / ILS,2025-12-08,3.21
USD_ILS,USD / ILS,2025-12-09,3.213
USD_ILS,USD / ILS,2025-12-10,3.228
USD_ILS,USD / ILS,2025-12-11,3.211
USD_ILS,USD / ILS,2025-12-12,3.202
USD_ILS,USD / ILS,2025-12-15,3.209
USD_ILS,USD / ILS,2025-12-16,3.222
USD_ILS,USD / ILS,2025-12-17,3.223
USD_ILS,USD / ILS,2025-12-18,3.218
USD_ILS,USD / ILS,2025-12-19,3.208
USD_ILS,USD / ILS,2025-12-22,3.206
USD_ILS,USD / ILS,2025-12-23,3.191
USD_ILS,USD / ILS,2025-12-24,3.186
USD_ILS,USD / ILS,2025-12-29,3.203
USD_ILS,USD / ILS,2025-12-30,3.182
USD_ILS,USD / ILS,2025-12-31,3.19
USD_ILS,USD / ILS,2026-01-02,3.181
USD_ILS,USD / ILS,2026-01-05,3.158
USD_ILS,USD / ILS,2026-01-06,3.164
USD_ILS,USD / ILS,2026-01-07,3.175
USD_ILS,USD / ILS,2026-01-08,3.174
USD_ILS,USD / ILS,2026-01-09,3.17
USD_ILS,USD / ILS,2026-01-12,3.15
USD_ILS,USD / ILS,2026-01-13,3.151
USD_ILS,USD / ILS,2026-01-14,3.151
USD_ILS,USD / ILS,2026-01-15,3.156
USD_ILS,USD / ILS,2026-01-16,3.138
USD_ILS,USD / ILS,2026-01-19,3.16
USD_ILS,USD / ILS,2026-01-20,3.166
USD_ILS,USD / ILS,2026-01-21,3.174
USD_ILS,USD / ILS,2026-01-22,3.141
USD_ILS,USD / ILS,2026-01-23,3.135
USD_ILS,USD / ILS,2026-01-26,3.137
USD_ILS,USD / ILS,2026-01-27,3.104
USD_ILS,USD / ILS,2026-01-28,3.091
USD_ILS,USD / ILS,2026-01-29,3.086
USD_ILS,USD / ILS,2026-01-30,3.095
USD_ILS,USD / ILS,2026-02-02,3.101
USD_ILS,USD / ILS,2026-02-03,3.088
USD_ILS,USD / ILS,2026-02-04,3.086
USD_ILS,USD / ILS,2026-02-05,3.117
USD_ILS,USD / ILS,2026-02-06,3.125
USD_ILS,USD / ILS,2026-02-09,3.106
USD_ILS,USD / ILS,2026-02-10,3.084
USD_ILS,USD / ILS,2026-02-11,3.078
USD_ILS,USD / ILS,2026-02-12,3.068
USD_ILS,USD / ILS,2026-02-13,3.081
USD_ILS,USD / ILS,2026-02-16,3.088
USD_ILS,USD / ILS,2026-02-17,3.105
USD_ILS,USD / ILS,2026-02-18,3.098
USD_ILS,USD / ILS,2026-02-19,3.136
USD_ILS,USD / ILS,2026-02-20,3.123
USD_ILS,USD / ILS,2026-02-23,3.123
USD_ILS,USD / ILS,2026-02-24,3.114
USD_ILS,USD / ILS,2026-02-25,3.1
USD_ILS,USD / ILS,2026-02-26,3.11
USD_ILS,USD / ILS,2026-02-27,3.122
USD_ILS,USD / ILS,2026-03-02,3.073
USD_ILS,USD / ILS,2026-03-05,3.072
USD_ILS,USD / ILS,2026-03-06,3.077
USD_ILS,USD / ILS,2026-03-09,3.115
USD_ILS,USD / ILS,2026-03-10,3.091
USD_ILS,USD / ILS,2026-03-11,3.106
USD_ILS,USD / ILS,2026-03-12,3.114
USD_ILS,USD / ILS,2026-03-13,3.147
USD_ILS,USD / ILS,2026-03-16,3.119
USD_ILS,USD / ILS,2026-03-17,3.11
USD_ILS,USD / ILS,2026-03-18,3.096
USD_ILS,USD / ILS,2026-03-19,3.119
USD_ILS,USD / ILS,2026-03-20,3.109
USD_ILS,USD / ILS,2026-03-23,3.112
USD_ILS,USD / ILS,2026-03-24,3.125
USD_ILS,USD / ILS,2026-03-25,3.114
USD_ILS,USD / ILS,2026-03-26,3.129
USD_ILS,USD / ILS,2026-03-27,3.149
USD_ILS,USD / ILS,2026-03-30,3.17
USD_ILS,USD / ILS,2026-03-31,3.165
USD_ILS,USD / ILS,2026-04-07,3.142
USD_ILS,USD / ILS,2026-04-09,3.087
USD_ILS,USD / ILS,2026-04-10,3.057
USD_ILS,USD / ILS,2026-04-13,3.058
USD_ILS,USD / ILS,2026-04-14,3.019
USD_ILS,USD / ILS,2026-04-15,3.014
USD_ILS,USD / ILS,2026-04-16,2.995
USD_ILS,USD / ILS,2026-04-17,2.996
USD_ILS,USD / ILS,2026-04-20,3.003
USD_ILS,USD / ILS,2026-04-21,2.983
USD_ILS,USD / ILS,2026-04-23,3.005
USD_ILS,USD / ILS,2026-04-24,3.003
USD_ILS,USD / ILS,2026-04-27,2.979
USD_ILS,USD / ILS,2026-04-28,2.991
USD_ILS,USD / ILS,2026-04-29,2.961
USD_ILS,USD / ILS,2026-04-30,2.951
USD_ILS,USD / ILS,2026-05-01,2.948
USD_ILS,USD / ILS,2026-05-04,2.962
USD_ILS,USD / ILS,2026-05-05,2.944
USD_ILS,USD / ILS,2026-05-06,2.903
USD_ILS,USD / ILS,2026-05-07,2.907
USD_ILS,USD / ILS,2026-05-08,2.907
USD_ILS,USD / ILS,2026-05-11,2.909
USD_ILS,USD / ILS,2026-05-12,2.909
USD_ILS,USD / ILS,2026-05-13,2.908
USD_ILS,USD / ILS,2026-05-14,2.905
USD_ILS,USD / ILS,2026-05-15,2.916
USD_ILS,USD / ILS,2026-05-18,2.918
USD_ILS,USD / ILS,2026-05-19,2.908
USD_ILS,USD / ILS,2026-05-20,2.92
USD_ILS,USD / ILS,2026-05-21,2.907
USD_ILS,USD / ILS,2026-05-26,2.859
USD_ILS,USD / ILS,2026-05-27,2.84
USD_ILS,USD / ILS,2026-05-28,2.834
USD_ILS,USD / ILS,2026-05-29,2.811
USD_ILS,USD / ILS,2026-06-01,2.813
USD_ILS,USD / ILS,2026-06-02,2.825
USD_ILS,USD / ILS,2026-06-03,2.872
USD_ILS,USD / ILS,2026-06-04,2.895
USD_ILS,USD / ILS,2026-06-05,2.908
USD_ILS,USD / ILS,2026-06-08,2.943
USD_ILS,USD / ILS,2026-06-09,2.938
USD_ILS,USD / ILS,2026-06-10,2.973
USD_ILS,USD / ILS,2026-06-11,2.965
USD_ILS,USD / ILS,2026-06-12,2.935
USD_ILS,USD / ILS,2026-06-15,2.907
USD_ILS,USD / ILS,2026-06-16,2.912
USD_ILS,USD / ILS,2026-06-17,2.918
USD_ILS,USD / ILS,2026-06-18,2.944
USD_ILS,USD / ILS,2026-06-19,2.957
USD_ILS,USD / ILS,2026-06-22,2.966
USD_ILS,USD / ILS,2026-06-23,2.991
USD_ILS,USD / ILS,2026-06-24,2.992
USD_ILS,USD / ILS,2026-06-25,2.979
USD_ILS,USD / ILS,2026-06-26,3.001
USD_ILS,USD / ILS,2026-06-29,2.979
USD_ILS,USD / ILS,2026-06-30,2.978
USD_ILS,USD / ILS,2026-07-01,2.979
USD_ILS,USD / ILS,2026-07-02,3.002
USD_ILS,USD / ILS,2026-07-03,2.996
USD_ILS,USD / ILS,2026-07-06,3.006
USD_ILS,USD / ILS,2026-07-07,3.029
USD_ILS,USD / ILS,2026-07-08,3.044
USD_ILS,USD / ILS,2026-07-09,3.032
USD_ILS,USD / ILS,2026-07-10,3.006
USD_ILS,USD / ILS,2026-07-13,3.025
USD_ILS,USD / ILS,2026-07-14,3.015
USD_ILS,USD / ILS,2026-07-15,2.995
USD_ILS,USD / ILS,2026-07-16,3.005
USD_ILS,USD / ILS,2026-07-17,3.05
USD_ILS,USD / ILS,2026-07-20,3.048
USD_ILS,USD / ILS,2026-07-21,3.049
USD_ILS,USD / ILS,2026-07-22,3.061
USD_ILS,USD / ILS,2026-07-24,3.062
USD_ILS,USD / ILS,2026-07-27,3.04
USD_ILS,USD / ILS,2026-07-28,3.058
USD_ILS,USD / ILS,2026-07-29,3.058
USD_ILS,USD / ILS,2026-07-30,3.073
USD_ILS,USD / ILS,2026-07-31,3.057
USD_ILS,USD / ILS,2026-08-03,3.059
USD_ILS,USD / ILS,2026-08-04,3.03
EUR_ILS,EUR / ILS,2024-12-13,3.7619
EUR_ILS,EUR / ILS,2024-12-16,3.7853
EUR_ILS,EUR / ILS,2024-12-17,3.7794
EUR_ILS,EUR / ILS,2024-12-18,3.7627
EUR_ILS,EUR / ILS,2024-12-19,3.7659
EUR_ILS,EUR / ILS,2024-12-20,3.7944
EUR_ILS,EUR / ILS,2024-12-23,3.7928
EUR_ILS,EUR / ILS,2024-12-24,3.811
EUR_ILS,EUR / ILS,2024-12-26,3.8156
EUR_ILS,EUR / ILS,2024-12-27,3.8309
EUR_ILS,EUR / ILS,2024-12-30,3.8097
EUR_ILS,EUR / ILS,2024-12-31,3.7964
EUR_ILS,EUR / ILS,2025-01-02,3.7649
EUR_ILS,EUR / ILS,2025-01-03,3.7605
EUR_ILS,EUR / ILS,2025-01-06,3.7834
EUR_ILS,EUR / ILS,2025-01-07,3.7753
EUR_ILS,EUR / ILS,2025-01-08,3.7644
EUR_ILS,EUR / ILS,2025-01-09,3.7699
EUR_ILS,EUR / ILS,2025-01-10,3.7771
EUR_ILS,EUR / ILS,2025-01-13,3.7435
EUR_ILS,EUR / ILS,2025-01-14,3.726
EUR_ILS,EUR / ILS,2025-01-15,3.7297
EUR_ILS,EUR / ILS,2025-01-16,3.7232
EUR_ILS,EUR / ILS,2025-01-17,3.7074
EUR_ILS,EUR / ILS,2025-01-20,3.6967
EUR_ILS,EUR / ILS,2025-01-21,3.7116
EUR_ILS,EUR / ILS,2025-01-22,3.6962
EUR_ILS,EUR / ILS,2025-01-23,3.7035
EUR_ILS,EUR / ILS,2025-01-24,3.7513
EUR_ILS,EUR / ILS,2025-01-27,3.8017
EUR_ILS,EUR / ILS,2025-01-28,3.7699
EUR_ILS,EUR / ILS,2025-01-29,3.7414
EUR_ILS,EUR / ILS,2025-01-30,3.7246
EUR_ILS,EUR / ILS,2025-01-31,3.7086
EUR_ILS,EUR / ILS,2025-02-03,3.7008
EUR_ILS,EUR / ILS,2025-02-04,3.6943
EUR_ILS,EUR / ILS,2025-02-05,3.7005
EUR_ILS,EUR / ILS,2025-02-06,3.6883
EUR_ILS,EUR / ILS,2025-02-07,3.6879
EUR_ILS,EUR / ILS,2025-02-10,3.6799
EUR_ILS,EUR / ILS,2025-02-11,3.7028
EUR_ILS,EUR / ILS,2025-02-12,3.7263
EUR_ILS,EUR / ILS,2025-02-13,3.7182
EUR_ILS,EUR / ILS,2025-02-14,3.7356
EUR_ILS,EUR / ILS,2025-02-17,3.7272
EUR_ILS,EUR / ILS,2025-02-18,3.7186
EUR_ILS,EUR / ILS,2025-02-19,3.6932
EUR_ILS,EUR / ILS,2025-02-20,3.6965
EUR_ILS,EUR / ILS,2025-02-21,3.7332
EUR_ILS,EUR / ILS,2025-02-24,3.7337
EUR_ILS,EUR / ILS,2025-02-25,3.7571
EUR_ILS,EUR / ILS,2025-02-26,3.7501
EUR_ILS,EUR / ILS,2025-02-27,3.7225
EUR_ILS,EUR / ILS,2025-02-28,3.7341
EUR_ILS,EUR / ILS,2025-03-03,3.7625
EUR_ILS,EUR / ILS,2025-03-04,3.7962
EUR_ILS,EUR / ILS,2025-03-05,3.8744
EUR_ILS,EUR / ILS,2025-03-06,3.9013
EUR_ILS,EUR / ILS,2025-03-07,3.9227
EUR_ILS,EUR / ILS,2025-03-10,3.9374
EUR_ILS,EUR / ILS,2025-03-11,3.9814
EUR_ILS,EUR / ILS,2025-03-12,3.9639
EUR_ILS,EUR / ILS,2025-03-13,3.9682
EUR_ILS,EUR / ILS,2025-03-17,3.9929
EUR_ILS,EUR / ILS,2025-03-18,4.0073
EUR_ILS,EUR / ILS,2025-03-19,4.0056
EUR_ILS,EUR / ILS,2025-03-20,3.9805
EUR_ILS,EUR / ILS,2025-03-21,4.0036
EUR_ILS,EUR / ILS,2025-03-24,4.0145
EUR_ILS,EUR / ILS,2025-03-25,3.9676
EUR_ILS,EUR / ILS,2025-03-26,3.9583
EUR_ILS,EUR / ILS,2025-03-27,3.9633
EUR_ILS,EUR / ILS,2025-03-28,3.974
EUR_ILS,EUR / ILS,2025-03-31,4.0219
EUR_ILS,EUR / ILS,2025-04-01,3.9956
EUR_ILS,EUR / ILS,2025-04-02,3.9924
EUR_ILS,EUR / ILS,2025-04-03,4.0924
EUR_ILS,EUR / ILS,2025-04-04,4.0888
EUR_ILS,EUR / ILS,2025-04-07,4.1278
EUR_ILS,EUR / ILS,2025-04-08,4.1191
EUR_ILS,EUR / ILS,2025-04-09,4.2095
EUR_ILS,EUR / ILS,2025-04-10,4.1579
EUR_ILS,EUR / ILS,2025-04-11,4.2231
EUR_ILS,EUR / ILS,2025-04-14,4.1986
EUR_ILS,EUR / ILS,2025-04-15,4.1838
EUR_ILS,EUR / ILS,2025-04-16,4.1985
EUR_ILS,EUR / ILS,2025-04-17,4.1982
EUR_ILS,EUR / ILS,2025-04-21,4.2598
EUR_ILS,EUR / ILS,2025-04-22,4.2772
EUR_ILS,EUR / ILS,2025-04-23,4.1822
EUR_ILS,EUR / ILS,2025-04-24,4.1521
EUR_ILS,EUR / ILS,2025-04-25,4.1046
EUR_ILS,EUR / ILS,2025-04-28,4.1201
EUR_ILS,EUR / ILS,2025-04-29,4.1235
EUR_ILS,EUR / ILS,2025-04-30,4.14
EUR_ILS,EUR / ILS,2025-05-02,4.0917
EUR_ILS,EUR / ILS,2025-05-05,4.1001
EUR_ILS,EUR / ILS,2025-05-06,4.0961
EUR_ILS,EUR / ILS,2025-05-07,4.0765
EUR_ILS,EUR / ILS,2025-05-08,4.0431
EUR_ILS,EUR / ILS,2025-05-09,4.0126
EUR_ILS,EUR / ILS,2025-05-12,3.9334
EUR_ILS,EUR / ILS,2025-05-13,3.9726
EUR_ILS,EUR / ILS,2025-05-14,3.9982
EUR_ILS,EUR / ILS,2025-05-15,3.9602
EUR_ILS,EUR / ILS,2025-05-16,3.9775
EUR_ILS,EUR / ILS,2025-05-19,4.0012
EUR_ILS,EUR / ILS,2025-05-20,3.964
EUR_ILS,EUR / ILS,2025-05-21,4.0267
EUR_ILS,EUR / ILS,2025-05-22,4.0335
EUR_ILS,EUR / ILS,2025-05-23,4.0864
EUR_ILS,EUR / ILS,2025-05-27,4.0139
EUR_ILS,EUR / ILS,2025-05-28,4.0101
EUR_ILS,EUR / ILS,2025-05-29,3.9607
EUR_ILS,EUR / ILS,2025-05-30,3.9898
EUR_ILS,EUR / ILS,2025-06-03,4.0167
EUR_ILS,EUR / ILS,2025-06-04,3.9987
EUR_ILS,EUR / ILS,2025-06-05,3.9882
EUR_ILS,EUR / ILS,2025-06-06,4.0022
EUR_ILS,EUR / ILS,2025-06-09,3.9766
EUR_ILS,EUR / ILS,2025-06-10,3.9914
EUR_ILS,EUR / ILS,2025-06-11,4.0057
EUR_ILS,EUR / ILS,2025-06-12,4.1436
EUR_ILS,EUR / ILS,2025-06-13,4.1525
EUR_ILS,EUR / ILS,2025-06-16,4.0936
EUR_ILS,EUR / ILS,2025-06-17,4.0511
EUR_ILS,EUR / ILS,2025-06-18,4.0241
EUR_ILS,EUR / ILS,2025-06-19,3.9984
EUR_ILS,EUR / ILS,2025-06-20,4.0123
EUR_ILS,EUR / ILS,2025-06-23,3.9867
EUR_ILS,EUR / ILS,2025-06-24,3.9482
EUR_ILS,EUR / ILS,2025-06-25,3.9564
EUR_ILS,EUR / ILS,2025-06-26,3.981
EUR_ILS,EUR / ILS,2025-06-27,3.9746
EUR_ILS,EUR / ILS,2025-06-30,3.9552
EUR_ILS,EUR / ILS,2025-07-01,3.9778
EUR_ILS,EUR / ILS,2025-07-02,3.9643
EUR_ILS,EUR / ILS,2025-07-03,3.9659
EUR_ILS,EUR / ILS,2025-07-04,3.9326
EUR_ILS,EUR / ILS,2025-07-07,3.9151
EUR_ILS,EUR / ILS,2025-07-08,3.9359
EUR_ILS,EUR / ILS,2025-07-09,3.8952
EUR_ILS,EUR / ILS,2025-07-10,3.8727
EUR_ILS,EUR / ILS,2025-07-11,3.8955
EUR_ILS,EUR / ILS,2025-07-14,3.9329
EUR_ILS,EUR / ILS,2025-07-15,3.9036
EUR_ILS,EUR / ILS,2025-07-16,3.8977
EUR_ILS,EUR / ILS,2025-07-17,3.8865
EUR_ILS,EUR / ILS,2025-07-18,3.9067
EUR_ILS,EUR / ILS,2025-07-21,3.9109
EUR_ILS,EUR / ILS,2025-07-22,3.9261
EUR_ILS,EUR / ILS,2025-07-23,3.9072
EUR_ILS,EUR / ILS,2025-07-24,3.9261
EUR_ILS,EUR / ILS,2025-07-25,3.9439
EUR_ILS,EUR / ILS,2025-07-28,3.9085
EUR_ILS,EUR / ILS,2025-07-29,3.8883
EUR_ILS,EUR / ILS,2025-07-30,3.8825
EUR_ILS,EUR / ILS,2025-07-31,3.8767
EUR_ILS,EUR / ILS,2025-08-01,3.8981
EUR_ILS,EUR / ILS,2025-08-04,3.9356
EUR_ILS,EUR / ILS,2025-08-05,3.9778
EUR_ILS,EUR / ILS,2025-08-06,4.003
EUR_ILS,EUR / ILS,2025-08-07,3.9881
EUR_ILS,EUR / ILS,2025-08-08,4.0046
EUR_ILS,EUR / ILS,2025-08-11,3.9719
EUR_ILS,EUR / ILS,2025-08-12,3.9821
EUR_ILS,EUR / ILS,2025-08-13,3.9703
EUR_ILS,EUR / ILS,2025-08-14,3.9576
EUR_ILS,EUR / ILS,2025-08-15,3.9468
EUR_ILS,EUR / ILS,2025-08-18,3.9604
EUR_ILS,EUR / ILS,2025-08-19,3.9499
EUR_ILS,EUR / ILS,2025-08-20,3.9623
EUR_ILS,EUR / ILS,2025-08-21,3.9839
EUR_ILS,EUR / ILS,2025-08-22,3.9494
EUR_ILS,EUR / ILS,2025-08-25,3.9508
EUR_ILS,EUR / ILS,2025-08-26,3.923
EUR_ILS,EUR / ILS,2025-08-27,3.877
EUR_ILS,EUR / ILS,2025-08-28,3.8806
EUR_ILS,EUR / ILS,2025-08-29,3.8907
EUR_ILS,EUR / ILS,2025-09-01,3.9327
EUR_ILS,EUR / ILS,2025-09-02,3.9386
EUR_ILS,EUR / ILS,2025-09-03,3.9258
EUR_ILS,EUR / ILS,2025-09-04,3.9204
EUR_ILS,EUR / ILS,2025-09-05,3.9037
EUR_ILS,EUR / ILS,2025-09-08,3.8975
EUR_ILS,EUR / ILS,2025-09-09,3.9211
EUR_ILS,EUR / ILS,2025-09-10,3.9035
EUR_ILS,EUR / ILS,2025-09-11,3.9015
EUR_ILS,EUR / ILS,2025-09-12,3.9066
EUR_ILS,EUR / ILS,2025-09-15,3.927
EUR_ILS,EUR / ILS,2025-09-16,3.9478
EUR_ILS,EUR / ILS,2025-09-17,3.9536
EUR_ILS,EUR / ILS,2025-09-18,3.9561
EUR_ILS,EUR / ILS,2025-09-19,3.9254
EUR_ILS,EUR / ILS,2025-09-25,3.9247
EUR_ILS,EUR / ILS,2025-09-26,3.9289
EUR_ILS,EUR / ILS,2025-09-29,3.8946
EUR_ILS,EUR / ILS,2025-09-30,3.8807
EUR_ILS,EUR / ILS,2025-10-03,3.8914
EUR_ILS,EUR / ILS,2025-10-06,3.8311
EUR_ILS,EUR / ILS,2025-10-08,3.8137
EUR_ILS,EUR / ILS,2025-10-09,3.7635
EUR_ILS,EUR / ILS,2025-10-10,3.7679
EUR_ILS,EUR / ILS,2025-10-13,3.811
EUR_ILS,EUR / ILS,2025-10-15,3.8268
EUR_ILS,EUR / ILS,2025-10-16,3.8443
EUR_ILS,EUR / ILS,2025-10-17,3.8905
EUR_ILS,EUR / ILS,2025-10-20,3.8579
EUR_ILS,EUR / ILS,2025-10-21,3.8212
EUR_ILS,EUR / ILS,2025-10-22,3.8206
EUR_ILS,EUR / ILS,2025-10-23,3.8346
EUR_ILS,EUR / ILS,2025-10-24,3.8233
EUR_ILS,EUR / ILS,2025-10-27,3.7928
EUR_ILS,EUR / ILS,2025-10-28,3.7992
EUR_ILS,EUR / ILS,2025-10-29,3.7831
EUR_ILS,EUR / ILS,2025-10-30,3.7645
EUR_ILS,EUR / ILS,2025-10-31,3.7519
EUR_ILS,EUR / ILS,2025-11-03,3.7487
EUR_ILS,EUR / ILS,2025-11-04,3.7543
EUR_ILS,EUR / ILS,2025-11-05,3.7585
EUR_ILS,EUR / ILS,2025-11-06,3.7468
EUR_ILS,EUR / ILS,2025-11-07,3.7662
EUR_ILS,EUR / ILS,2025-11-10,3.7363
EUR_ILS,EUR / ILS,2025-11-11,3.723
EUR_ILS,EUR / ILS,2025-11-12,3.7017
EUR_ILS,EUR / ILS,2025-11-13,3.7268
EUR_ILS,EUR / ILS,2025-11-14,3.7613
EUR_ILS,EUR / ILS,2025-11-17,3.7594
EUR_ILS,EUR / ILS,2025-11-18,3.789
EUR_ILS,EUR / ILS,2025-11-19,3.783
EUR_ILS,EUR / ILS,2025-11-20,3.7522
EUR_ILS,EUR / ILS,2025-11-21,3.7835
EUR_ILS,EUR / ILS,2025-11-24,3.7864
EUR_ILS,EUR / ILS,2025-11-25,3.776
EUR_ILS,EUR / ILS,2025-11-26,3.7938
EUR_ILS,EUR / ILS,2025-11-27,3.796
EUR_ILS,EUR / ILS,2025-11-28,3.7739
EUR_ILS,EUR / ILS,2025-12-01,3.796
EUR_ILS,EUR / ILS,2025-12-02,3.7805
EUR_ILS,EUR / ILS,2025-12-03,3.7671
EUR_ILS,EUR / ILS,2025-12-04,3.7801
EUR_ILS,EUR / ILS,2025-12-05,3.7615
EUR_ILS,EUR / ILS,2025-12-08,3.7396
EUR_ILS,EUR / ILS,2025-12-09,3.7393
EUR_ILS,EUR / ILS,2025-12-10,3.7555
EUR_ILS,EUR / ILS,2025-12-11,3.7608
EUR_ILS,EUR / ILS,2025-12-12,3.7562
EUR_ILS,EUR / ILS,2025-12-15,3.7691
EUR_ILS,EUR / ILS,2025-12-16,3.7909
EUR_ILS,EUR / ILS,2025-12-17,3.7761
EUR_ILS,EUR / ILS,2025-12-18,3.7728
EUR_ILS,EUR / ILS,2025-12-19,3.7575
EUR_ILS,EUR / ILS,2025-12-22,3.7637
EUR_ILS,EUR / ILS,2025-12-23,3.7664
EUR_ILS,EUR / ILS,2025-12-24,3.7573
EUR_ILS,EUR / ILS,2025-12-29,3.7684
EUR_ILS,EUR / ILS,2025-12-30,3.7443
EUR_ILS,EUR / ILS,2025-12-31,3.7455
EUR_ILS,EUR / ILS,2026-01-02,3.7308
EUR_ILS,EUR / ILS,2026-01-05,3.6878
EUR_ILS,EUR / ILS,2026-01-06,3.7047
EUR_ILS,EUR / ILS,2026-01-07,3.7104
EUR_ILS,EUR / ILS,2026-01-08,3.7051
EUR_ILS,EUR / ILS,2026-01-09,3.692
EUR_ILS,EUR / ILS,2026-01-12,3.6822
EUR_ILS,EUR / ILS,2026-01-13,3.6719
EUR_ILS,EUR / ILS,2026-01-14,3.6697
EUR_ILS,EUR / ILS,2026-01-15,3.6691
EUR_ILS,EUR / ILS,2026-01-16,3.6433
EUR_ILS,EUR / ILS,2026-01-19,3.6762
EUR_ILS,EUR / ILS,2026-01-20,3.715
EUR_ILS,EUR / ILS,2026-01-21,3.7187
EUR_ILS,EUR / ILS,2026-01-22,3.6754
EUR_ILS,EUR / ILS,2026-01-23,3.6788
EUR_ILS,EUR / ILS,2026-01-26,3.7179
EUR_ILS,EUR / ILS,2026-01-27,3.6971
EUR_ILS,EUR / ILS,2026-01-28,3.7039
EUR_ILS,EUR / ILS,2026-01-29,3.6873
EUR_ILS,EUR / ILS,2026-01-30,3.6935
EUR_ILS,EUR / ILS,2026-02-02,3.6788
EUR_ILS,EUR / ILS,2026-02-03,3.6408
EUR_ILS,EUR / ILS,2026-02-04,3.6469
EUR_ILS,EUR / ILS,2026-02-05,3.6774
EUR_ILS,EUR / ILS,2026-02-06,3.6864
EUR_ILS,EUR / ILS,2026-02-09,3.6843
EUR_ILS,EUR / ILS,2026-02-10,3.6707
EUR_ILS,EUR / ILS,2026-02-11,3.6667
EUR_ILS,EUR / ILS,2026-02-12,3.6444
EUR_ILS,EUR / ILS,2026-02-13,3.655
EUR_ILS,EUR / ILS,2026-02-16,3.6603
EUR_ILS,EUR / ILS,2026-02-17,3.6715
EUR_ILS,EUR / ILS,2026-02-18,3.6681
EUR_ILS,EUR / ILS,2026-02-19,3.6922
EUR_ILS,EUR / ILS,2026-02-20,3.6742
EUR_ILS,EUR / ILS,2026-02-23,3.6781
EUR_ILS,EUR / ILS,2026-02-24,3.6688
EUR_ILS,EUR / ILS,2026-02-25,3.6499
EUR_ILS,EUR / ILS,2026-02-26,3.6728
EUR_ILS,EUR / ILS,2026-02-27,3.6879
EUR_ILS,EUR / ILS,2026-03-02,3.6051
EUR_ILS,EUR / ILS,2026-03-05,3.5703
EUR_ILS,EUR / ILS,2026-03-06,3.5718
EUR_ILS,EUR / ILS,2026-03-09,3.6007
EUR_ILS,EUR / ILS,2026-03-10,3.5937
EUR_ILS,EUR / ILS,2026-03-11,3.6027
EUR_ILS,EUR / ILS,2026-03-12,3.5954
EUR_ILS,EUR / ILS,2026-03-13,3.5995
EUR_ILS,EUR / ILS,2026-03-16,3.5802
EUR_ILS,EUR / ILS,2026-03-17,3.5794
EUR_ILS,EUR / ILS,2026-03-18,3.5702
EUR_ILS,EUR / ILS,2026-03-19,3.5798
EUR_ILS,EUR / ILS,2026-03-20,3.5914
EUR_ILS,EUR / ILS,2026-03-23,3.5995
EUR_ILS,EUR / ILS,2026-03-24,3.6219
EUR_ILS,EUR / ILS,2026-03-25,3.6137
EUR_ILS,EUR / ILS,2026-03-26,3.6058
EUR_ILS,EUR / ILS,2026-03-27,3.6283
EUR_ILS,EUR / ILS,2026-03-30,3.6424
EUR_ILS,EUR / ILS,2026-03-31,3.636
EUR_ILS,EUR / ILS,2026-04-07,3.6335
EUR_ILS,EUR / ILS,2026-04-09,3.605
EUR_ILS,EUR / ILS,2026-04-10,3.5715
EUR_ILS,EUR / ILS,2026-04-13,3.5774
EUR_ILS,EUR / ILS,2026-04-14,3.5618
EUR_ILS,EUR / ILS,2026-04-15,3.5499
EUR_ILS,EUR / ILS,2026-04-16,3.5268
EUR_ILS,EUR / ILS,2026-04-17,3.5291
EUR_ILS,EUR / ILS,2026-04-20,3.533
EUR_ILS,EUR / ILS,2026-04-21,3.5119
EUR_ILS,EUR / ILS,2026-04-23,3.5105
EUR_ILS,EUR / ILS,2026-04-24,3.5081
EUR_ILS,EUR / ILS,2026-04-27,3.497
EUR_ILS,EUR / ILS,2026-04-28,3.4972
EUR_ILS,EUR / ILS,2026-04-29,3.4651
EUR_ILS,EUR / ILS,2026-04-30,3.4574
EUR_ILS,EUR / ILS,2026-05-01,3.4594
EUR_ILS,EUR / ILS,2026-05-04,3.4659
EUR_ILS,EUR / ILS,2026-05-05,3.4415
EUR_ILS,EUR / ILS,2026-05-06,3.4212
EUR_ILS,EUR / ILS,2026-05-07,3.4222
EUR_ILS,EUR / ILS,2026-05-08,3.4186
EUR_ILS,EUR / ILS,2026-05-11,3.4225
EUR_ILS,EUR / ILS,2026-05-12,3.4156
EUR_ILS,EUR / ILS,2026-05-13,3.407
EUR_ILS,EUR / ILS,2026-05-14,3.4001
EUR_ILS,EUR / ILS,2026-05-15,3.3923
EUR_ILS,EUR / ILS,2026-05-18,3.3954
EUR_ILS,EUR / ILS,2026-05-19,3.3813
EUR_ILS,EUR / ILS,2026-05-20,3.3874
EUR_ILS,EUR / ILS,2026-05-21,3.3794
EUR_ILS,EUR / ILS,2026-05-26,3.3263
EUR_ILS,EUR / ILS,2026-05-27,3.3056
EUR_ILS,EUR / ILS,2026-05-28,3.2894
EUR_ILS,EUR / ILS,2026-05-29,3.2715
EUR_ILS,EUR / ILS,2026-06-01,3.2769
EUR_ILS,EUR / ILS,2026-06-02,3.29
EUR_ILS,EUR / ILS,2026-06-03,3.3365
EUR_ILS,EUR / ILS,2026-06-04,3.368
EUR_ILS,EUR / ILS,2026-06-05,3.3812
EUR_ILS,EUR / ILS,2026-06-08,3.3901
EUR_ILS,EUR / ILS,2026-06-09,3.3992
EUR_ILS,EUR / ILS,2026-06-10,3.4346
EUR_ILS,EUR / ILS,2026-06-11,3.4201
EUR_ILS,EUR / ILS,2026-06-12,3.3957
EUR_ILS,EUR / ILS,2026-06-15,3.376
EUR_ILS,EUR / ILS,2026-06-16,3.3797
EUR_ILS,EUR / ILS,2026-06-17,3.3814
EUR_ILS,EUR / ILS,2026-06-18,3.3742
EUR_ILS,EUR / ILS,2026-06-19,3.3884
EUR_ILS,EUR / ILS,2026-06-22,3.3992
EUR_ILS,EUR / ILS,2026-06-23,3.4114
EUR_ILS,EUR / ILS,2026-06-24,3.3929
EUR_ILS,EUR / ILS,2026-06-25,3.3768
EUR_ILS,EUR / ILS,2026-06-26,3.414
EUR_ILS,EUR / ILS,2026-06-29,3.399
EUR_ILS,EUR / ILS,2026-06-30,3.3945
EUR_ILS,EUR / ILS,2026-07-01,3.3944
EUR_ILS,EUR / ILS,2026-07-02,3.4239
EUR_ILS,EUR / ILS,2026-07-03,3.4298
EUR_ILS,EUR / ILS,2026-07-06,3.4312
EUR_ILS,EUR / ILS,2026-07-07,3.4613
EUR_ILS,EUR / ILS,2026-07-08,3.471
EUR_ILS,EUR / ILS,2026-07-09,3.4639
EUR_ILS,EUR / ILS,2026-07-10,3.437
EUR_ILS,EUR / ILS,2026-07-13,3.4573
EUR_ILS,EUR / ILS,2026-07-14,3.4355
EUR_ILS,EUR / ILS,2026-07-15,3.4197
EUR_ILS,EUR / ILS,2026-07-16,3.445
EUR_ILS,EUR / ILS,2026-07-17,3.4905
EUR_ILS,EUR / ILS,2026-07-20,3.4849
EUR_ILS,EUR / ILS,2026-07-21,3.4815
EUR_ILS,EUR / ILS,2026-07-22,3.4911
EUR_ILS,EUR / ILS,2026-07-24,3.4863
EUR_ILS,EUR / ILS,2026-07-27,3.4606
EUR_ILS,EUR / ILS,2026-07-28,3.4755
EUR_ILS,EUR / ILS,2026-07-29,3.4833
EUR_ILS,EUR / ILS,2026-07-30,3.5237
EUR_ILS,EUR / ILS,2026-07-31,3.519
EUR_ILS,EUR / ILS,2026-08-03,3.5237
EUR_ILS,EUR / ILS,2026-08-04,3.4903
GBP_ILS,GBP / ILS,2024-12-13,4.5383
GBP_ILS,GBP / ILS,2024-12-16,4.5635
GBP_ILS,GBP / ILS,2024-12-17,4.5734
GBP_ILS,GBP / ILS,2024-12-18,4.5593
GBP_ILS,GBP / ILS,2024-12-19,4.5734
GBP_ILS,GBP / ILS,2024-12-20,4.566
GBP_ILS,GBP / ILS,2024-12-23,4.5711
GBP_ILS,GBP / ILS,2024-12-24,4.5932
GBP_ILS,GBP / ILS,2024-12-26,4.5974
GBP_ILS,GBP / ILS,2024-12-27,4.6008
GBP_ILS,GBP / ILS,2024-12-30,4.5943
GBP_ILS,GBP / ILS,2024-12-31,4.5743
GBP_ILS,GBP / ILS,2025-01-02,4.531
GBP_ILS,GBP / ILS,2025-01-03,4.5333
GBP_ILS,GBP / ILS,2025-01-06,4.5579
GBP_ILS,GBP / ILS,2025-01-07,4.5485
GBP_ILS,GBP / ILS,2025-01-08,4.519
GBP_ILS,GBP / ILS,2025-01-09,4.4975
GBP_ILS,GBP / ILS,2025-01-10,4.5054
GBP_ILS,GBP / ILS,2025-01-13,4.4468
GBP_ILS,GBP / ILS,2025-01-14,4.4264
GBP_ILS,GBP / ILS,2025-01-15,4.4254
GBP_ILS,GBP / ILS,2025-01-16,4.4196
GBP_ILS,GBP / ILS,2025-01-17,4.3902
GBP_ILS,GBP / ILS,2025-01-20,4.3697
GBP_ILS,GBP / ILS,2025-01-21,4.3885
GBP_ILS,GBP / ILS,2025-01-22,4.3757
GBP_ILS,GBP / ILS,2025-01-23,4.3836
GBP_ILS,GBP / ILS,2025-01-24,4.4419
GBP_ILS,GBP / ILS,2025-01-27,4.5217
GBP_ILS,GBP / ILS,2025-01-28,4.496
GBP_ILS,GBP / ILS,2025-01-29,4.4689
GBP_ILS,GBP / ILS,2025-01-30,4.4547
GBP_ILS,GBP / ILS,2025-01-31,4.438
GBP_ILS,GBP / ILS,2025-02-03,4.4475
GBP_ILS,GBP / ILS,2025-02-04,4.4389
GBP_ILS,GBP / ILS,2025-02-05,4.4528
GBP_ILS,GBP / ILS,2025-02-06,4.407
GBP_ILS,GBP / ILS,2025-02-07,4.4227
GBP_ILS,GBP / ILS,2025-02-10,4.4215
GBP_ILS,GBP / ILS,2025-02-11,4.4368
GBP_ILS,GBP / ILS,2025-02-12,4.471
GBP_ILS,GBP / ILS,2025-02-13,4.4601
GBP_ILS,GBP / ILS,2025-02-14,4.4867
GBP_ILS,GBP / ILS,2025-02-17,4.4799
GBP_ILS,GBP / ILS,2025-02-18,4.4777
GBP_ILS,GBP / ILS,2025-02-19,4.4592
GBP_ILS,GBP / ILS,2025-02-20,4.4652
GBP_ILS,GBP / ILS,2025-02-21,4.5103
GBP_ILS,GBP / ILS,2025-02-24,4.5072
GBP_ILS,GBP / ILS,2025-02-25,4.5302
GBP_ILS,GBP / ILS,2025-02-26,4.5235
GBP_ILS,GBP / ILS,2025-02-27,4.503
GBP_ILS,GBP / ILS,2025-02-28,4.5231
GBP_ILS,GBP / ILS,2025-03-03,4.5545
GBP_ILS,GBP / ILS,2025-03-04,4.59
GBP_ILS,GBP / ILS,2025-03-05,4.6496
GBP_ILS,GBP / ILS,2025-03-06,4.6568
GBP_ILS,GBP / ILS,2025-03-07,4.673
GBP_ILS,GBP / ILS,2025-03-10,4.6932
GBP_ILS,GBP / ILS,2025-03-11,4.7187
GBP_ILS,GBP / ILS,2025-03-12,4.7094
GBP_ILS,GBP / ILS,2025-03-13,4.7263
GBP_ILS,GBP / ILS,2025-03-17,4.7519
GBP_ILS,GBP / ILS,2025-03-18,4.7605
GBP_ILS,GBP / ILS,2025-03-19,4.7643
GBP_ILS,GBP / ILS,2025-03-20,4.7561
GBP_ILS,GBP / ILS,2025-03-21,4.784
GBP_ILS,GBP / ILS,2025-03-24,4.7951
GBP_ILS,GBP / ILS,2025-03-25,4.7488
GBP_ILS,GBP / ILS,2025-03-26,4.7328
GBP_ILS,GBP / ILS,2025-03-27,4.757
GBP_ILS,GBP / ILS,2025-03-28,4.7711
GBP_ILS,GBP / ILS,2025-03-31,4.8108
GBP_ILS,GBP / ILS,2025-04-01,4.7777
GBP_ILS,GBP / ILS,2025-04-02,4.7843
GBP_ILS,GBP / ILS,2025-04-03,4.8712
GBP_ILS,GBP / ILS,2025-04-04,4.8279
GBP_ILS,GBP / ILS,2025-04-07,4.8327
GBP_ILS,GBP / ILS,2025-04-08,4.8097
GBP_ILS,GBP / ILS,2025-04-09,4.886
GBP_ILS,GBP / ILS,2025-04-10,4.8493
GBP_ILS,GBP / ILS,2025-04-11,4.8637
GBP_ILS,GBP / ILS,2025-04-14,4.8545
GBP_ILS,GBP / ILS,2025-04-15,4.8741
GBP_ILS,GBP / ILS,2025-04-16,4.8967
GBP_ILS,GBP / ILS,2025-04-17,4.8885
GBP_ILS,GBP / ILS,2025-04-21,4.9447
GBP_ILS,GBP / ILS,2025-04-22,4.9783
GBP_ILS,GBP / ILS,2025-04-23,4.8801
GBP_ILS,GBP / ILS,2025-04-24,4.8571
GBP_ILS,GBP / ILS,2025-04-25,4.8038
GBP_ILS,GBP / ILS,2025-04-28,4.8412
GBP_ILS,GBP / ILS,2025-04-29,4.8509
GBP_ILS,GBP / ILS,2025-04-30,4.8681
GBP_ILS,GBP / ILS,2025-05-02,4.8029
GBP_ILS,GBP / ILS,2025-05-05,4.8113
GBP_ILS,GBP / ILS,2025-05-06,4.8373
GBP_ILS,GBP / ILS,2025-05-07,4.7878
GBP_ILS,GBP / ILS,2025-05-08,4.7703
GBP_ILS,GBP / ILS,2025-05-09,4.731
GBP_ILS,GBP / ILS,2025-05-12,4.6725
GBP_ILS,GBP / ILS,2025-05-13,4.7228
GBP_ILS,GBP / ILS,2025-05-14,4.7481
GBP_ILS,GBP / ILS,2025-05-15,4.7
GBP_ILS,GBP / ILS,2025-05-16,4.7242
GBP_ILS,GBP / ILS,2025-05-19,4.7517
GBP_ILS,GBP / ILS,2025-05-20,4.7077
GBP_ILS,GBP / ILS,2025-05-21,4.7628
GBP_ILS,GBP / ILS,2025-05-22,4.7833
GBP_ILS,GBP / ILS,2025-05-23,4.8585
GBP_ILS,GBP / ILS,2025-05-27,4.7909
GBP_ILS,GBP / ILS,2025-05-28,4.7744
GBP_ILS,GBP / ILS,2025-05-29,4.7288
GBP_ILS,GBP / ILS,2025-05-30,4.7426
GBP_ILS,GBP / ILS,2025-06-03,4.7603
GBP_ILS,GBP / ILS,2025-06-04,4.7552
GBP_ILS,GBP / ILS,2025-06-05,4.7378
GBP_ILS,GBP / ILS,2025-06-06,4.7451
GBP_ILS,GBP / ILS,2025-06-09,4.7236
GBP_ILS,GBP / ILS,2025-06-10,4.718
GBP_ILS,GBP / ILS,2025-06-11,4.727
GBP_ILS,GBP / ILS,2025-06-12,4.8555
GBP_ILS,GBP / ILS,2025-06-13,4.8797
GBP_ILS,GBP / ILS,2025-06-16,4.8035
GBP_ILS,GBP / ILS,2025-06-17,4.7502
GBP_ILS,GBP / ILS,2025-06-18,4.7058
GBP_ILS,GBP / ILS,2025-06-19,4.6809
GBP_ILS,GBP / ILS,2025-06-20,4.6953
GBP_ILS,GBP / ILS,2025-06-23,4.6528
GBP_ILS,GBP / ILS,2025-06-24,4.6332
GBP_ILS,GBP / ILS,2025-06-25,4.6394
GBP_ILS,GBP / ILS,2025-06-26,4.6617
GBP_ILS,GBP / ILS,2025-06-27,4.6616
GBP_ILS,GBP / ILS,2025-06-30,4.6236
GBP_ILS,GBP / ILS,2025-07-01,4.638
GBP_ILS,GBP / ILS,2025-07-02,4.6195
GBP_ILS,GBP / ILS,2025-07-03,4.593
GBP_ILS,GBP / ILS,2025-07-04,4.5612
GBP_ILS,GBP / ILS,2025-07-07,4.5402
GBP_ILS,GBP / ILS,2025-07-08,4.5555
GBP_ILS,GBP / ILS,2025-07-09,4.5212
GBP_ILS,GBP / ILS,2025-07-10,4.4886
GBP_ILS,GBP / ILS,2025-07-11,4.5116
GBP_ILS,GBP / ILS,2025-07-14,4.5355
GBP_ILS,GBP / ILS,2025-07-15,4.497
GBP_ILS,GBP / ILS,2025-07-16,4.4969
GBP_ILS,GBP / ILS,2025-07-17,4.4974
GBP_ILS,GBP / ILS,2025-07-18,4.5093
GBP_ILS,GBP / ILS,2025-07-21,4.5178
GBP_ILS,GBP / ILS,2025-07-22,4.5254
GBP_ILS,GBP / ILS,2025-07-23,4.5103
GBP_ILS,GBP / ILS,2025-07-24,4.5249
GBP_ILS,GBP / ILS,2025-07-25,4.5243
GBP_ILS,GBP / ILS,2025-07-28,4.5004
GBP_ILS,GBP / ILS,2025-07-29,4.4892
GBP_ILS,GBP / ILS,2025-07-30,4.5028
GBP_ILS,GBP / ILS,2025-07-31,4.4831
GBP_ILS,GBP / ILS,2025-08-01,4.5051
GBP_ILS,GBP / ILS,2025-08-04,4.5218
GBP_ILS,GBP / ILS,2025-08-05,4.5766
GBP_ILS,GBP / ILS,2025-08-06,4.5932
GBP_ILS,GBP / ILS,2025-08-07,4.5715
GBP_ILS,GBP / ILS,2025-08-08,4.6173
GBP_ILS,GBP / ILS,2025-08-11,4.5878
GBP_ILS,GBP / ILS,2025-08-12,4.6162
GBP_ILS,GBP / ILS,2025-08-13,4.6008
GBP_ILS,GBP / ILS,2025-08-14,4.5997
GBP_ILS,GBP / ILS,2025-08-15,4.5812
GBP_ILS,GBP / ILS,2025-08-18,4.5903
GBP_ILS,GBP / ILS,2025-08-19,4.5697
GBP_ILS,GBP / ILS,2025-08-20,4.5913
GBP_ILS,GBP / ILS,2025-08-21,4.6037
GBP_ILS,GBP / ILS,2025-08-22,4.5679
GBP_ILS,GBP / ILS,2025-08-25,4.5636
GBP_ILS,GBP / ILS,2025-08-26,4.5413
GBP_ILS,GBP / ILS,2025-08-27,4.494
GBP_ILS,GBP / ILS,2025-08-28,4.4971
GBP_ILS,GBP / ILS,2025-08-29,4.4961
GBP_ILS,GBP / ILS,2025-09-01,4.5374
GBP_ILS,GBP / ILS,2025-09-02,4.5339
GBP_ILS,GBP / ILS,2025-09-03,4.5184
GBP_ILS,GBP / ILS,2025-09-04,4.5236
GBP_ILS,GBP / ILS,2025-09-05,4.5011
GBP_ILS,GBP / ILS,2025-09-08,4.4974
GBP_ILS,GBP / ILS,2025-09-09,4.5287
GBP_ILS,GBP / ILS,2025-09-10,4.5167
GBP_ILS,GBP / ILS,2025-09-11,4.5098
GBP_ILS,GBP / ILS,2025-09-12,4.5144
GBP_ILS,GBP / ILS,2025-09-15,4.5454
GBP_ILS,GBP / ILS,2025-09-16,4.5593
GBP_ILS,GBP / ILS,2025-09-17,4.5578
GBP_ILS,GBP / ILS,2025-09-18,4.5639
GBP_ILS,GBP / ILS,2025-09-19,4.5025
GBP_ILS,GBP / ILS,2025-09-25,4.4881
GBP_ILS,GBP / ILS,2025-09-26,4.4948
GBP_ILS,GBP / ILS,2025-09-29,4.4651
GBP_ILS,GBP / ILS,2025-09-30,4.4409
GBP_ILS,GBP / ILS,2025-10-03,4.4639
GBP_ILS,GBP / ILS,2025-10-06,4.4086
GBP_ILS,GBP / ILS,2025-10-08,4.3994
GBP_ILS,GBP / ILS,2025-10-09,4.3312
GBP_ILS,GBP / ILS,2025-10-10,4.3298
GBP_ILS,GBP / ILS,2025-10-13,4.3801
GBP_ILS,GBP / ILS,2025-10-15,4.3977
GBP_ILS,GBP / ILS,2025-10-16,4.433
GBP_ILS,GBP / ILS,2025-10-17,4.4615
GBP_ILS,GBP / ILS,2025-10-20,4.439
GBP_ILS,GBP / ILS,2025-10-21,4.4007
GBP_ILS,GBP / ILS,2025-10-22,4.3881
GBP_ILS,GBP / ILS,2025-10-23,4.4127
GBP_ILS,GBP / ILS,2025-10-24,4.382
GBP_ILS,GBP / ILS,2025-10-27,4.3481
GBP_ILS,GBP / ILS,2025-10-28,4.3365
GBP_ILS,GBP / ILS,2025-10-29,4.2955
GBP_ILS,GBP / ILS,2025-10-30,4.2794
GBP_ILS,GBP / ILS,2025-10-31,4.2611
GBP_ILS,GBP / ILS,2025-11-03,4.2741
GBP_ILS,GBP / ILS,2025-11-04,4.2691
GBP_ILS,GBP / ILS,2025-11-05,4.2656
GBP_ILS,GBP / ILS,2025-11-06,4.2582
GBP_ILS,GBP / ILS,2025-11-07,4.2787
GBP_ILS,GBP / ILS,2025-11-10,4.257
GBP_ILS,GBP / ILS,2025-11-11,4.2297
GBP_ILS,GBP / ILS,2025-11-12,4.1977
GBP_ILS,GBP / ILS,2025-11-13,4.222
GBP_ILS,GBP / ILS,2025-11-14,4.2569
GBP_ILS,GBP / ILS,2025-11-17,4.2722
GBP_ILS,GBP / ILS,2025-11-18,4.2991
GBP_ILS,GBP / ILS,2025-11-19,4.285
GBP_ILS,GBP / ILS,2025-11-20,4.257
GBP_ILS,GBP / ILS,2025-11-21,4.2918
GBP_ILS,GBP / ILS,2025-11-24,4.2957
GBP_ILS,GBP / ILS,2025-11-25,4.2944
GBP_ILS,GBP / ILS,2025-11-26,4.32
GBP_ILS,GBP / ILS,2025-11-27,4.3344
GBP_ILS,GBP / ILS,2025-11-28,4.3096
GBP_ILS,GBP / ILS,2025-12-01,4.3209
GBP_ILS,GBP / ILS,2025-12-02,4.2976
GBP_ILS,GBP / ILS,2025-12-03,4.2957
GBP_ILS,GBP / ILS,2025-12-04,4.3242
GBP_ILS,GBP / ILS,2025-12-05,4.3088
GBP_ILS,GBP / ILS,2025-12-08,4.2766
GBP_ILS,GBP / ILS,2025-12-09,4.28
GBP_ILS,GBP / ILS,2025-12-10,4.2962
GBP_ILS,GBP / ILS,2025-12-11,4.2954
GBP_ILS,GBP / ILS,2025-12-12,4.2848
GBP_ILS,GBP / ILS,2025-12-15,4.295
GBP_ILS,GBP / ILS,2025-12-16,4.3269
GBP_ILS,GBP / ILS,2025-12-17,4.2982
GBP_ILS,GBP / ILS,2025-12-18,4.2968
GBP_ILS,GBP / ILS,2025-12-19,4.291
GBP_ILS,GBP / ILS,2025-12-22,4.3056
GBP_ILS,GBP / ILS,2025-12-23,4.3118
GBP_ILS,GBP / ILS,2025-12-24,4.305
GBP_ILS,GBP / ILS,2025-12-29,4.3264
GBP_ILS,GBP / ILS,2025-12-30,4.2983
GBP_ILS,GBP / ILS,2025-12-31,4.29
GBP_ILS,GBP / ILS,2026-01-02,4.282
GBP_ILS,GBP / ILS,2026-01-05,4.2521
GBP_ILS,GBP / ILS,2026-01-06,4.2792
GBP_ILS,GBP / ILS,2026-01-07,4.2834
GBP_ILS,GBP / ILS,2026-01-08,4.2662
GBP_ILS,GBP / ILS,2026-01-09,4.255
GBP_ILS,GBP / ILS,2026-01-12,4.2433
GBP_ILS,GBP / ILS,2026-01-13,4.2409
GBP_ILS,GBP / ILS,2026-01-14,4.2369
GBP_ILS,GBP / ILS,2026-01-15,4.2299
GBP_ILS,GBP / ILS,2026-01-16,4.2024
GBP_ILS,GBP / ILS,2026-01-19,4.2394
GBP_ILS,GBP / ILS,2026-01-20,4.2615
GBP_ILS,GBP / ILS,2026-01-21,4.2579
GBP_ILS,GBP / ILS,2026-01-22,4.2166
GBP_ILS,GBP / ILS,2026-01-23,4.2283
GBP_ILS,GBP / ILS,2026-01-26,4.2878
GBP_ILS,GBP / ILS,2026-01-27,4.2602
GBP_ILS,GBP / ILS,2026-01-28,4.2609
GBP_ILS,GBP / ILS,2026-01-29,4.2563
GBP_ILS,GBP / ILS,2026-01-30,4.2601
GBP_ILS,GBP / ILS,2026-02-02,4.2475
GBP_ILS,GBP / ILS,2026-02-03,4.2179
GBP_ILS,GBP / ILS,2026-02-04,4.2336
GBP_ILS,GBP / ILS,2026-02-05,4.2331
GBP_ILS,GBP / ILS,2026-02-06,4.2427
GBP_ILS,GBP / ILS,2026-02-09,4.2276
GBP_ILS,GBP / ILS,2026-02-10,4.2131
GBP_ILS,GBP / ILS,2026-02-11,4.2169
GBP_ILS,GBP / ILS,2026-02-12,4.1856
GBP_ILS,GBP / ILS,2026-02-13,4.198
GBP_ILS,GBP / ILS,2026-02-16,4.2121
GBP_ILS,GBP / ILS,2026-02-17,4.2055
GBP_ILS,GBP / ILS,2026-02-18,4.2058
GBP_ILS,GBP / ILS,2026-02-19,4.2237
GBP_ILS,GBP / ILS,2026-02-20,4.2057
GBP_ILS,GBP / ILS,2026-02-23,4.2103
GBP_ILS,GBP / ILS,2026-02-24,4.2001
GBP_ILS,GBP / ILS,2026-02-25,4.1824
GBP_ILS,GBP / ILS,2026-02-26,4.2143
GBP_ILS,GBP / ILS,2026-02-27,4.2128
GBP_ILS,GBP / ILS,2026-03-02,4.121
GBP_ILS,GBP / ILS,2026-03-05,4.1066
GBP_ILS,GBP / ILS,2026-03-06,4.1139
GBP_ILS,GBP / ILS,2026-03-09,4.1575
GBP_ILS,GBP / ILS,2026-03-10,4.1532
GBP_ILS,GBP / ILS,2026-03-11,4.1725
GBP_ILS,GBP / ILS,2026-03-12,4.1689
GBP_ILS,GBP / ILS,2026-03-13,4.1744
GBP_ILS,GBP / ILS,2026-03-16,4.1432
GBP_ILS,GBP / ILS,2026-03-17,4.1424
GBP_ILS,GBP / ILS,2026-03-18,4.1308
GBP_ILS,GBP / ILS,2026-03-19,4.1429
GBP_ILS,GBP / ILS,2026-03-20,4.1635
GBP_ILS,GBP / ILS,2026-03-23,4.1569
GBP_ILS,GBP / ILS,2026-03-24,4.1867
GBP_ILS,GBP / ILS,2026-03-25,4.1782
GBP_ILS,GBP / ILS,2026-03-26,4.1693
GBP_ILS,GBP / ILS,2026-03-27,4.1942
GBP_ILS,GBP / ILS,2026-03-30,4.1956
GBP_ILS,GBP / ILS,2026-03-31,4.1873
GBP_ILS,GBP / ILS,2026-04-07,4.1652
GBP_ILS,GBP / ILS,2026-04-09,4.1384
GBP_ILS,GBP / ILS,2026-04-10,4.1018
GBP_ILS,GBP / ILS,2026-04-13,4.1095
GBP_ILS,GBP / ILS,2026-04-14,4.0944
GBP_ILS,GBP / ILS,2026-04-15,4.0843
GBP_ILS,GBP / ILS,2026-04-16,4.0536
GBP_ILS,GBP / ILS,2026-04-17,4.0479
GBP_ILS,GBP / ILS,2026-04-20,4.058
GBP_ILS,GBP / ILS,2026-04-21,4.0324
GBP_ILS,GBP / ILS,2026-04-23,4.0565
GBP_ILS,GBP / ILS,2026-04-24,4.0444
GBP_ILS,GBP / ILS,2026-04-27,4.0383
GBP_ILS,GBP / ILS,2026-04-28,4.034
GBP_ILS,GBP / ILS,2026-04-29,3.9992
GBP_ILS,GBP / ILS,2026-04-30,3.9921
GBP_ILS,GBP / ILS,2026-05-01,4.0101
GBP_ILS,GBP / ILS,2026-05-04,4.0115
GBP_ILS,GBP / ILS,2026-05-05,3.9873
GBP_ILS,GBP / ILS,2026-05-06,3.9592
GBP_ILS,GBP / ILS,2026-05-07,3.9609
GBP_ILS,GBP / ILS,2026-05-08,3.9557
GBP_ILS,GBP / ILS,2026-05-11,3.9572
GBP_ILS,GBP / ILS,2026-05-12,3.938
GBP_ILS,GBP / ILS,2026-05-13,3.9293
GBP_ILS,GBP / ILS,2026-05-14,3.9257
GBP_ILS,GBP / ILS,2026-05-15,3.892
GBP_ILS,GBP / ILS,2026-05-18,3.898
GBP_ILS,GBP / ILS,2026-05-19,3.8999
GBP_ILS,GBP / ILS,2026-05-20,3.9115
GBP_ILS,GBP / ILS,2026-05-21,3.9082
GBP_ILS,GBP / ILS,2026-05-26,3.8512
GBP_ILS,GBP / ILS,2026-05-27,3.8174
GBP_ILS,GBP / ILS,2026-05-28,3.7944
GBP_ILS,GBP / ILS,2026-05-29,3.773
GBP_ILS,GBP / ILS,2026-06-01,3.7877
GBP_ILS,GBP / ILS,2026-06-02,3.805
GBP_ILS,GBP / ILS,2026-06-03,3.8629
GBP_ILS,GBP / ILS,2026-06-04,3.8938
GBP_ILS,GBP / ILS,2026-06-05,3.9082
GBP_ILS,GBP / ILS,2026-06-08,3.9241
GBP_ILS,GBP / ILS,2026-06-09,3.9365
GBP_ILS,GBP / ILS,2026-06-10,3.9814
GBP_ILS,GBP / ILS,2026-06-11,3.9624
GBP_ILS,GBP / ILS,2026-06-12,3.9328
GBP_ILS,GBP / ILS,2026-06-15,3.9048
GBP_ILS,GBP / ILS,2026-06-16,3.9089
GBP_ILS,GBP / ILS,2026-06-17,3.9107
GBP_ILS,GBP / ILS,2026-06-18,3.8939
GBP_ILS,GBP / ILS,2026-06-19,3.9114
GBP_ILS,GBP / ILS,2026-06-22,3.928
GBP_ILS,GBP / ILS,2026-06-23,3.9537
GBP_ILS,GBP / ILS,2026-06-24,3.9353
GBP_ILS,GBP / ILS,2026-06-25,3.9192
GBP_ILS,GBP / ILS,2026-06-26,3.9608
GBP_ILS,GBP / ILS,2026-06-29,3.9421
GBP_ILS,GBP / ILS,2026-06-30,3.9389
GBP_ILS,GBP / ILS,2026-07-01,3.9475
GBP_ILS,GBP / ILS,2026-07-02,4.0008
GBP_ILS,GBP / ILS,2026-07-03,4.0011
GBP_ILS,GBP / ILS,2026-07-06,4.0089
GBP_ILS,GBP / ILS,2026-07-07,4.0521
GBP_ILS,GBP / ILS,2026-07-08,4.063
GBP_ILS,GBP / ILS,2026-07-09,4.0603
GBP_ILS,GBP / ILS,2026-07-10,4.0319
GBP_ILS,GBP / ILS,2026-07-13,4.0526
GBP_ILS,GBP / ILS,2026-07-14,4.0325
GBP_ILS,GBP / ILS,2026-07-15,4.0134
GBP_ILS,GBP / ILS,2026-07-16,4.0585
GBP_ILS,GBP / ILS,2026-07-17,4.1027
GBP_ILS,GBP / ILS,2026-07-20,4.1052
GBP_ILS,GBP / ILS,2026-07-21,4.0867
GBP_ILS,GBP / ILS,2026-07-22,4.0917
GBP_ILS,GBP / ILS,2026-07-24,4.0789
GBP_ILS,GBP / ILS,2026-07-27,4.046
GBP_ILS,GBP / ILS,2026-07-28,4.0623
GBP_ILS,GBP / ILS,2026-07-29,4.0649
GBP_ILS,GBP / ILS,2026-07-30,4.1103
GBP_ILS,GBP / ILS,2026-07-31,4.1093
GBP_ILS,GBP / ILS,2026-08-03,4.1161
GBP_ILS,GBP / ILS,2026-08-04,4.0757
USD_EUR,USD / EUR,2024-12-26,1.0423
USD_EUR,USD / EUR,2024-12-27,1.0423
USD_EUR,USD / EUR,2024-12-30,1.0386
USD_EUR,USD / EUR,2024-12-31,1.0351
USD_EUR,USD / EUR,2025-01-02,1.0261
USD_EUR,USD / EUR,2025-01-03,1.0292
USD_EUR,USD / EUR,2025-01-06,1.0397
USD_EUR,USD / EUR,2025-01-07,1.0369
USD_EUR,USD / EUR,2025-01-08,1.0313
USD_EUR,USD / EUR,2025-01-09,1.0298
USD_EUR,USD / EUR,2025-01-10,1.0238
USD_EUR,USD / EUR,2025-01-13,1.0209
USD_EUR,USD / EUR,2025-01-14,1.0292
USD_EUR,USD / EUR,2025-01-15,1.0282
USD_EUR,USD / EUR,2025-01-16,1.0303
USD_EUR,USD / EUR,2025-01-17,1.0287
USD_EUR,USD / EUR,2025-01-21,1.0423
USD_EUR,USD / EUR,2025-01-22,1.042
USD_EUR,USD / EUR,2025-01-23,1.042
USD_EUR,USD / EUR,2025-01-24,1.0515
USD_EUR,USD / EUR,2025-01-27,1.0492
USD_EUR,USD / EUR,2025-01-28,1.0427
USD_EUR,USD / EUR,2025-01-29,1.0416
USD_EUR,USD / EUR,2025-01-30,1.042
USD_EUR,USD / EUR,2025-01-31,1.04
USD_EUR,USD / EUR,2025-02-03,1.0277
USD_EUR,USD / EUR,2025-02-04,1.0379
USD_EUR,USD / EUR,2025-02-05,1.0419
USD_EUR,USD / EUR,2025-02-06,1.0368
USD_EUR,USD / EUR,2025-02-07,1.0329
USD_EUR,USD / EUR,2025-02-10,1.0312
USD_EUR,USD / EUR,2025-02-11,1.0346
USD_EUR,USD / EUR,2025-02-12,1.0392
USD_EUR,USD / EUR,2025-02-13,1.0428
USD_EUR,USD / EUR,2025-02-14,1.0498
USD_EUR,USD / EUR,2025-02-18,1.0457
USD_EUR,USD / EUR,2025-02-19,1.0406
USD_EUR,USD / EUR,2025-02-20,1.0475
USD_EUR,USD / EUR,2025-02-21,1.0455
USD_EUR,USD / EUR,2025-02-24,1.0478
USD_EUR,USD / EUR,2025-02-25,1.0498
USD_EUR,USD / EUR,2025-02-26,1.0514
USD_EUR,USD / EUR,2025-02-27,1.0414
USD_EUR,USD / EUR,2025-02-28,1.0402
USD_EUR,USD / EUR,2025-03-03,1.0496
USD_EUR,USD / EUR,2025-03-04,1.0534
USD_EUR,USD / EUR,2025-03-05,1.0768
USD_EUR,USD / EUR,2025-03-06,1.0818
USD_EUR,USD / EUR,2025-03-07,1.0859
USD_EUR,USD / EUR,2025-03-10,1.0837
USD_EUR,USD / EUR,2025-03-11,1.0927
USD_EUR,USD / EUR,2025-03-12,1.0925
USD_EUR,USD / EUR,2025-03-13,1.0859
USD_EUR,USD / EUR,2025-03-14,1.0872
USD_EUR,USD / EUR,2025-03-17,1.0922
USD_EUR,USD / EUR,2025-03-18,1.0927
USD_EUR,USD / EUR,2025-03-19,1.0877
USD_EUR,USD / EUR,2025-03-20,1.0848
USD_EUR,USD / EUR,2025-03-21,1.0806
USD_EUR,USD / EUR,2025-03-24,1.0794
USD_EUR,USD / EUR,2025-03-25,1.0804
USD_EUR,USD / EUR,2025-03-26,1.0781
USD_EUR,USD / EUR,2025-03-27,1.08
USD_EUR,USD / EUR,2025-03-28,1.0826
USD_EUR,USD / EUR,2025-03-31,1.0796
USD_EUR,USD / EUR,2025-04-01,1.08
USD_EUR,USD / EUR,2025-04-02,1.0868
USD_EUR,USD / EUR,2025-04-03,1.1052
USD_EUR,USD / EUR,2025-04-04,1.1014
USD_EUR,USD / EUR,2025-04-07,1.0912
USD_EUR,USD / EUR,2025-04-08,1.0912
USD_EUR,USD / EUR,2025-04-09,1.104
USD_EUR,USD / EUR,2025-04-10,1.1192
USD_EUR,USD / EUR,2025-04-11,1.1325
USD_EUR,USD / EUR,2025-04-14,1.1358
USD_EUR,USD / EUR,2025-04-15,1.129
USD_EUR,USD / EUR,2025-04-16,1.1382
USD_EUR,USD / EUR,2025-04-17,1.1364
USD_EUR,USD / EUR,2025-04-18,1.139
USD_EUR,USD / EUR,2025-04-21,1.1508
USD_EUR,USD / EUR,2025-04-22,1.1466
USD_EUR,USD / EUR,2025-04-23,1.135
USD_EUR,USD / EUR,2025-04-24,1.1363
USD_EUR,USD / EUR,2025-04-25,1.1381
USD_EUR,USD / EUR,2025-04-28,1.1387
USD_EUR,USD / EUR,2025-04-29,1.1396
USD_EUR,USD / EUR,2025-04-30,1.1349
USD_EUR,USD / EUR,2025-05-01,1.1279
USD_EUR,USD / EUR,2025-05-02,1.133
USD_EUR,USD / EUR,2025-05-05,1.1315
USD_EUR,USD / EUR,2025-05-06,1.1345
USD_EUR,USD / EUR,2025-05-07,1.1348
USD_EUR,USD / EUR,2025-05-08,1.1249
USD_EUR,USD / EUR,2025-05-09,1.127
USD_EUR,USD / EUR,2025-05-12,1.1106
USD_EUR,USD / EUR,2025-05-13,1.1176
USD_EUR,USD / EUR,2025-05-14,1.1206
USD_EUR,USD / EUR,2025-05-15,1.1189
USD_EUR,USD / EUR,2025-05-16,1.1141
USD_EUR,USD / EUR,2025-05-19,1.1236
USD_EUR,USD / EUR,2025-05-20,1.1254
USD_EUR,USD / EUR,2025-05-21,1.1343
USD_EUR,USD / EUR,2025-05-22,1.1281
USD_EUR,USD / EUR,2025-05-23,1.135
USD_EUR,USD / EUR,2025-05-27,1.1326
USD_EUR,USD / EUR,2025-05-28,1.1286
USD_EUR,USD / EUR,2025-05-29,1.137
USD_EUR,USD / EUR,2025-05-30,1.1347
USD_EUR,USD / EUR,2025-06-02,1.1432
USD_EUR,USD / EUR,2025-06-03,1.1373
USD_EUR,USD / EUR,2025-06-04,1.1424
USD_EUR,USD / EUR,2025-06-05,1.144
USD_EUR,USD / EUR,2025-06-06,1.1397
USD_EUR,USD / EUR,2025-06-09,1.1425
USD_EUR,USD / EUR,2025-06-10,1.1423
USD_EUR,USD / EUR,2025-06-11,1.149
USD_EUR,USD / EUR,2025-06-12,1.1578
USD_EUR,USD / EUR,2025-06-13,1.1557
USD_EUR,USD / EUR,2025-06-16,1.1581
USD_EUR,USD / EUR,2025-06-17,1.1535
USD_EUR,USD / EUR,2025-06-18,1.1521
USD_EUR,USD / EUR,2025-06-20,1.152
USD_EUR,USD / EUR,2025-06-23,1.1538
USD_EUR,USD / EUR,2025-06-24,1.1608
USD_EUR,USD / EUR,2025-06-25,1.162
USD_EUR,USD / EUR,2025-06-26,1.1717
USD_EUR,USD / EUR,2025-06-27,1.1724
USD_EUR,USD / EUR,2025-06-30,1.177
USD_EUR,USD / EUR,2025-07-01,1.1776
USD_EUR,USD / EUR,2025-07-02,1.179
USD_EUR,USD / EUR,2025-07-03,1.1758
USD_EUR,USD / EUR,2025-07-07,1.1733
USD_EUR,USD / EUR,2025-07-08,1.1707
USD_EUR,USD / EUR,2025-07-09,1.1707
USD_EUR,USD / EUR,2025-07-10,1.1688
USD_EUR,USD / EUR,2025-07-11,1.1696
USD_EUR,USD / EUR,2025-07-14,1.1672
USD_EUR,USD / EUR,2025-07-15,1.1619
USD_EUR,USD / EUR,2025-07-16,1.1629
USD_EUR,USD / EUR,2025-07-17,1.1597
USD_EUR,USD / EUR,2025-07-18,1.1645
USD_EUR,USD / EUR,2025-07-21,1.1705
USD_EUR,USD / EUR,2025-07-22,1.1749
USD_EUR,USD / EUR,2025-07-23,1.1748
USD_EUR,USD / EUR,2025-07-24,1.1765
USD_EUR,USD / EUR,2025-07-25,1.173
USD_EUR,USD / EUR,2025-07-28,1.1609
USD_EUR,USD / EUR,2025-07-29,1.1534
USD_EUR,USD / EUR,2025-07-30,1.147
USD_EUR,USD / EUR,2025-07-31,1.1431
USD_EUR,USD / EUR,2025-08-01,1.1555
USD_EUR,USD / EUR,2025-08-04,1.1568
USD_EUR,USD / EUR,2025-08-05,1.158
USD_EUR,USD / EUR,2025-08-06,1.1647
USD_EUR,USD / EUR,2025-08-07,1.1641
USD_EUR,USD / EUR,2025-08-08,1.166
USD_EUR,USD / EUR,2025-08-11,1.1607
USD_EUR,USD / EUR,2025-08-12,1.1673
USD_EUR,USD / EUR,2025-08-13,1.1715
USD_EUR,USD / EUR,2025-08-14,1.1644
USD_EUR,USD / EUR,2025-08-15,1.1708
USD_EUR,USD / EUR,2025-08-18,1.1667
USD_EUR,USD / EUR,2025-08-19,1.166
USD_EUR,USD / EUR,2025-08-20,1.1649
USD_EUR,USD / EUR,2025-08-21,1.1605
USD_EUR,USD / EUR,2025-08-22,1.1713
USD_EUR,USD / EUR,2025-08-25,1.167
USD_EUR,USD / EUR,2025-08-26,1.1657
USD_EUR,USD / EUR,2025-08-27,1.1611
USD_EUR,USD / EUR,2025-08-28,1.1672
USD_EUR,USD / EUR,2025-08-29,1.1695
USD_EUR,USD / EUR,2025-09-02,1.1653
USD_EUR,USD / EUR,2025-09-03,1.1676
USD_EUR,USD / EUR,2025-09-04,1.1648
USD_EUR,USD / EUR,2025-09-05,1.1759
USD_EUR,USD / EUR,2025-09-08,1.1751
USD_EUR,USD / EUR,2025-09-09,1.1723
USD_EUR,USD / EUR,2025-09-10,1.1714
USD_EUR,USD / EUR,2025-09-11,1.1732
USD_EUR,USD / EUR,2025-09-12,1.1714
USD_EUR,USD / EUR,2025-09-15,1.1772
USD_EUR,USD / EUR,2025-09-16,1.1848
USD_EUR,USD / EUR,2025-09-17,1.1845
USD_EUR,USD / EUR,2025-09-18,1.178
USD_EUR,USD / EUR,2025-09-19,1.1753
USD_EUR,USD / EUR,2025-09-22,1.1773
USD_EUR,USD / EUR,2025-09-23,1.18
USD_EUR,USD / EUR,2025-09-24,1.1742
USD_EUR,USD / EUR,2025-09-25,1.1673
USD_EUR,USD / EUR,2025-09-26,1.1692
USD_EUR,USD / EUR,2025-09-29,1.173
USD_EUR,USD / EUR,2025-09-30,1.1735
USD_EUR,USD / EUR,2025-10-01,1.1723
USD_EUR,USD / EUR,2025-10-02,1.1696
USD_EUR,USD / EUR,2025-10-03,1.1747
USD_EUR,USD / EUR,2025-10-06,1.1707
USD_EUR,USD / EUR,2025-10-07,1.1674
USD_EUR,USD / EUR,2025-10-08,1.1606
USD_EUR,USD / EUR,2025-10-09,1.1559
USD_EUR,USD / EUR,2025-10-10,1.1613
USD_EUR,USD / EUR,2025-10-14,1.1608
USD_EUR,USD / EUR,2025-10-15,1.1638
USD_EUR,USD / EUR,2025-10-16,1.1665
USD_EUR,USD / EUR,2025-10-17,1.1674
USD_EUR,USD / EUR,2025-10-20,1.1656
USD_EUR,USD / EUR,2025-10-21,1.1616
USD_EUR,USD / EUR,2025-10-22,1.1612
USD_EUR,USD / EUR,2025-10-23,1.1612
USD_EUR,USD / EUR,2025-10-24,1.1626
USD_EUR,USD / EUR,2025-10-27,1.1636
USD_EUR,USD / EUR,2025-10-28,1.1659
USD_EUR,USD / EUR,2025-10-29,1.1664
USD_EUR,USD / EUR,2025-10-30,1.1564
USD_EUR,USD / EUR,2025-10-31,1.1541
USD_EUR,USD / EUR,2025-11-03,1.1531
USD_EUR,USD / EUR,2025-11-04,1.1491
USD_EUR,USD / EUR,2025-11-05,1.1485
USD_EUR,USD / EUR,2025-11-06,1.1539
USD_EUR,USD / EUR,2025-11-07,1.1578
USD_EUR,USD / EUR,2025-11-10,1.1545
USD_EUR,USD / EUR,2025-11-12,1.1592
USD_EUR,USD / EUR,2025-11-13,1.1649
USD_EUR,USD / EUR,2025-11-14,1.1617
USD_EUR,USD / EUR,2025-11-17,1.1598
USD_EUR,USD / EUR,2025-11-18,1.1579
USD_EUR,USD / EUR,2025-11-19,1.154
USD_EUR,USD / EUR,2025-11-20,1.1534
USD_EUR,USD / EUR,2025-11-21,1.1506
USD_EUR,USD / EUR,2025-11-24,1.1518
USD_EUR,USD / EUR,2025-11-25,1.1553
USD_EUR,USD / EUR,2025-11-26,1.1591
USD_EUR,USD / EUR,2025-11-28,1.16
USD_EUR,USD / EUR,2025-12-01,1.1623
USD_EUR,USD / EUR,2025-12-02,1.1596
USD_EUR,USD / EUR,2025-12-03,1.166
USD_EUR,USD / EUR,2025-12-04,1.1659
USD_EUR,USD / EUR,2025-12-05,1.1635
USD_EUR,USD / EUR,2025-12-08,1.1626
USD_EUR,USD / EUR,2025-12-09,1.1639
USD_EUR,USD / EUR,2025-12-10,1.165
USD_EUR,USD / EUR,2025-12-11,1.1756
USD_EUR,USD / EUR,2025-12-12,1.1731
USD_EUR,USD / EUR,2025-12-15,1.1756
USD_EUR,USD / EUR,2025-12-16,1.177
USD_EUR,USD / EUR,2025-12-17,1.1748
USD_EUR,USD / EUR,2025-12-18,1.1729
USD_EUR,USD / EUR,2025-12-19,1.1721
USD_EUR,USD / EUR,2025-12-22,1.175
USD_EUR,USD / EUR,2025-12-23,1.1776
USD_EUR,USD / EUR,2025-12-24,1.178
USD_EUR,USD / EUR,2025-12-26,1.1766
USD_EUR,USD / EUR,2025-12-29,1.1756
USD_EUR,USD / EUR,2025-12-30,1.1765
USD_EUR,USD / EUR,2025-12-31,1.1736
USD_EUR,USD / EUR,2026-01-02,1.1738
USD_EUR,USD / EUR,2026-01-05,1.1715
USD_EUR,USD / EUR,2026-01-06,1.1689
USD_EUR,USD / EUR,2026-01-07,1.169
USD_EUR,USD / EUR,2026-01-08,1.1655
USD_EUR,USD / EUR,2026-01-09,1.1634
USD_EUR,USD / EUR,2026-01-12,1.1672
USD_EUR,USD / EUR,2026-01-13,1.1646
USD_EUR,USD / EUR,2026-01-14,1.1655
USD_EUR,USD / EUR,2026-01-15,1.1605
USD_EUR,USD / EUR,2026-01-16,1.1599
USD_EUR,USD / EUR,2026-01-20,1.1739
USD_EUR,USD / EUR,2026-01-21,1.1705
USD_EUR,USD / EUR,2026-01-22,1.1738
USD_EUR,USD / EUR,2026-01-23,1.1771
USD_EUR,USD / EUR,2026-01-26,1.1886
USD_EUR,USD / EUR,2026-01-27,1.198
USD_EUR,USD / EUR,2026-01-28,1.1941
USD_EUR,USD / EUR,2026-01-29,1.1943
USD_EUR,USD / EUR,2026-01-30,1.1885
USD_EUR,USD / EUR,2026-02-02,1.1807
USD_EUR,USD / EUR,2026-02-03,1.1819
USD_EUR,USD / EUR,2026-02-04,1.1803
USD_EUR,USD / EUR,2026-02-05,1.1802
USD_EUR,USD / EUR,2026-02-06,1.1812
USD_EUR,USD / EUR,2026-02-09,1.1898
USD_EUR,USD / EUR,2026-02-10,1.1898
USD_EUR,USD / EUR,2026-02-11,1.1884
USD_EUR,USD / EUR,2026-02-12,1.187
USD_EUR,USD / EUR,2026-02-13,1.187
USD_EUR,USD / EUR,2026-02-17,1.1831
USD_EUR,USD / EUR,2026-02-18,1.181
USD_EUR,USD / EUR,2026-02-19,1.1762
USD_EUR,USD / EUR,2026-02-20,1.1781
USD_EUR,USD / EUR,2026-02-23,1.1804
USD_EUR,USD / EUR,2026-02-24,1.1789
USD_EUR,USD / EUR,2026-02-25,1.1804
USD_EUR,USD / EUR,2026-02-26,1.1792
USD_EUR,USD / EUR,2026-02-27,1.1822
USD_EUR,USD / EUR,2026-03-02,1.169
USD_EUR,USD / EUR,2026-03-03,1.1604
USD_EUR,USD / EUR,2026-03-04,1.1638
USD_EUR,USD / EUR,2026-03-05,1.1585
USD_EUR,USD / EUR,2026-03-06,1.1606
USD_EUR,USD / EUR,2026-03-09,1.1592
USD_EUR,USD / EUR,2026-03-10,1.1648
USD_EUR,USD / EUR,2026-03-11,1.1566
USD_EUR,USD / EUR,2026-03-12,1.1522
USD_EUR,USD / EUR,2026-03-13,1.1444
USD_EUR,USD / EUR,2026-03-16,1.1487
USD_EUR,USD / EUR,2026-03-17,1.1525
USD_EUR,USD / EUR,2026-03-18,1.1513
USD_EUR,USD / EUR,2026-03-19,1.1515
USD_EUR,USD / EUR,2026-03-20,1.1543
USD_EUR,USD / EUR,2026-03-23,1.1587
USD_EUR,USD / EUR,2026-03-24,1.1578
USD_EUR,USD / EUR,2026-03-25,1.157
USD_EUR,USD / EUR,2026-03-26,1.1542
USD_EUR,USD / EUR,2026-03-27,1.152
USD_EUR,USD / EUR,2026-03-30,1.1454
USD_EUR,USD / EUR,2026-03-31,1.1518
USD_EUR,USD / EUR,2026-04-01,1.1614
USD_EUR,USD / EUR,2026-04-02,1.1546
USD_EUR,USD / EUR,2026-04-03,1.1523
USD_EUR,USD / EUR,2026-04-06,1.1545
USD_EUR,USD / EUR,2026-04-07,1.1571
USD_EUR,USD / EUR,2026-04-08,1.1686
USD_EUR,USD / EUR,2026-04-09,1.1706
USD_EUR,USD / EUR,2026-04-10,1.1723
USD_EUR,USD / EUR,2026-04-13,1.171
USD_EUR,USD / EUR,2026-04-14,1.1791
USD_EUR,USD / EUR,2026-04-15,1.1799
USD_EUR,USD / EUR,2026-04-16,1.1783
USD_EUR,USD / EUR,2026-04-17,1.1801
USD_EUR,USD / EUR,2026-04-20,1.1785
USD_EUR,USD / EUR,2026-04-21,1.1752
USD_EUR,USD / EUR,2026-04-22,1.1714
USD_EUR,USD / EUR,2026-04-23,1.1704
USD_EUR,USD / EUR,2026-04-24,1.1718
USD_EUR,USD / EUR,2026-04-27,1.1731
USD_EUR,USD / EUR,2026-04-28,1.1715
USD_EUR,USD / EUR,2026-04-29,1.1695
USD_EUR,USD / EUR,2026-04-30,1.1729
USD_EUR,USD / EUR,2026-05-01,1.1755
USD_EUR,USD / EUR,2026-05-04,1.1698
USD_EUR,USD / EUR,2026-05-05,1.1707
USD_EUR,USD / EUR,2026-05-06,1.1753
USD_EUR,USD / EUR,2026-05-07,1.1764
USD_EUR,USD / EUR,2026-05-08,1.1773
USD_EUR,USD / EUR,2026-05-11,1.178
USD_EUR,USD / EUR,2026-05-12,1.1733
USD_EUR,USD / EUR,2026-05-13,1.1711
USD_EUR,USD / EUR,2026-05-14,1.1678
USD_EUR,USD / EUR,2026-05-15,1.1627
USD_EUR,USD / EUR,2026-05-18,1.1649
USD_EUR,USD / EUR,2026-05-19,1.1602
USD_EUR,USD / EUR,2026-05-20,1.162
USD_EUR,USD / EUR,2026-05-21,1.1589
USD_EUR,USD / EUR,2026-05-22,1.1603
USD_EUR,USD / EUR,2026-05-26,1.162
USD_EUR,USD / EUR,2026-05-27,1.1631
USD_EUR,USD / EUR,2026-05-28,1.1649
USD_EUR,USD / EUR,2026-05-29,1.1679
USD_EUR,USD / EUR,2026-06-01,1.1624
USD_EUR,USD / EUR,2026-06-02,1.1642
USD_EUR,USD / EUR,2026-06-03,1.1605
USD_EUR,USD / EUR,2026-06-04,1.1629
USD_EUR,USD / EUR,2026-06-05,1.1533
USD_EUR,USD / EUR,2026-06-08,1.1545
USD_EUR,USD / EUR,2026-06-09,1.1556
USD_EUR,USD / EUR,2026-06-10,1.155
USD_EUR,USD / EUR,2026-06-11,1.1515
USD_EUR,USD / EUR,2026-06-12,1.1573
USD_EUR,USD / EUR,2026-06-15,1.1599
USD_EUR,USD / EUR,2026-06-16,1.1615
USD_EUR,USD / EUR,2026-06-17,1.1593
USD_EUR,USD / EUR,2026-06-18,1.147
USD_EUR,USD / EUR,2026-06-22,1.1432
USD_EUR,USD / EUR,2026-06-23,1.1383
USD_EUR,USD / EUR,2026-06-24,1.1348
USD_EUR,USD / EUR,2026-06-25,1.1385
USD_EUR,USD / EUR,2026-06-26,1.1403
USD_EUR,USD / EUR,2026-06-29,1.1425
USD_EUR,USD / EUR,2026-06-30,1.1417
USD_EUR,USD / EUR,2026-07-01,1.1384
USD_EUR,USD / EUR,2026-07-02,1.1448
USD_EUR,USD / EUR,2026-07-06,1.1426
USD_EUR,USD / EUR,2026-07-07,1.1423
USD_EUR,USD / EUR,2026-07-08,1.1396
USD_EUR,USD / EUR,2026-07-09,1.1439
USD_EUR,USD / EUR,2026-07-10,1.1438
USD_EUR,USD / EUR,2026-07-13,1.1402
USD_EUR,USD / EUR,2026-07-14,1.1428
USD_EUR,USD / EUR,2026-07-15,1.1436
USD_EUR,USD / EUR,2026-07-16,1.1447
USD_EUR,USD / EUR,2026-07-17,1.144
USD_EUR,USD / EUR,2026-07-20,1.1411
USD_EUR,USD / EUR,2026-07-21,1.1408
USD_EUR,USD / EUR,2026-07-22,1.1414
USD_EUR,USD / EUR,2026-07-23,1.1373
USD_EUR,USD / EUR,2026-07-24,1.1385
USD_EUR,USD / EUR,2026-07-27,1.1376
USD_EUR,USD / EUR,2026-07-28,1.1401
USD_EUR,USD / EUR,2026-07-29,1.1384
USD_EUR,USD / EUR,2026-07-30,1.1522
USD_EUR,USD / EUR,2026-07-31,1.1519
ILS_BASKET,ILS nominal effective (basket),2024-12-13,71.84090767080002
ILS_BASKET,ILS nominal effective (basket),2024-12-16,72.1441666363
ILS_BASKET,ILS nominal effective (basket),2024-12-17,72.0077903092
ILS_BASKET,ILS nominal effective (basket),2024-12-18,71.68447783580001
ILS_BASKET,ILS nominal effective (basket),2024-12-19,72.04524025929999
ILS_BASKET,ILS nominal effective (basket),2024-12-20,72.637346411
ILS_BASKET,ILS nominal effective (basket),2024-12-23,72.64902622400001
ILS_BASKET,ILS nominal effective (basket),2024-12-24,72.9308448169
ILS_BASKET,ILS nominal effective (basket),2024-12-26,73.025755539
ILS_BASKET,ILS nominal effective (basket),2024-12-27,73.1553212227
ILS_BASKET,ILS nominal effective (basket),2024-12-30,72.5669004498
ILS_BASKET,ILS nominal effective (basket),2024-12-31,72.4273895627
ILS_BASKET,ILS nominal effective (basket),2025-01-02,72.2006638476
ILS_BASKET,ILS nominal effective (basket),2025-01-03,72.2643744784
ILS_BASKET,ILS nominal effective (basket),2025-01-06,72.2394234312
ILS_BASKET,ILS nominal effective (basket),2025-01-07,72.0490352141
ILS_BASKET,ILS nominal effective (basket),2025-01-08,72.4151200832
ILS_BASKET,ILS nominal effective (basket),2025-01-09,72.4109928529
ILS_BASKET,ILS nominal effective (basket),2025-01-10,72.5464887126
ILS_BASKET,ILS nominal effective (basket),2025-01-13,72.3341410093
ILS_BASKET,ILS nominal effective (basket),2025-01-14,71.69950466989998
ILS_BASKET,ILS nominal effective (basket),2025-01-15,71.62128346780001
ILS_BASKET,ILS nominal effective (basket),2025-01-16,71.6450173349
ILS_BASKET,ILS nominal effective (basket),2025-01-17,71.2198192487
ILS_BASKET,ILS nominal effective (basket),2025-01-20,70.8931455558
ILS_BASKET,ILS nominal effective (basket),2025-01-21,71.1313973785
ILS_BASKET,ILS nominal effective (basket),2025-01-22,70.5701507946
ILS_BASKET,ILS nominal effective (basket),2025-01-23,70.7894649899
ILS_BASKET,ILS nominal effective (basket),2025-01-24,71.4547731
ILS_BASKET,ILS nominal effective (basket),2025-01-27,72.3365587534
ILS_BASKET,ILS nominal effective (basket),2025-01-28,72.1045383865
ILS_BASKET,ILS nominal effective (basket),2025-01-29,71.7074167178
ILS_BASKET,ILS nominal effective (basket),2025-01-30,71.4086368305
ILS_BASKET,ILS nominal effective (basket),2025-01-31,71.18039258120001
ILS_BASKET,ILS nominal effective (basket),2025-02-03,71.45041465509999
ILS_BASKET,ILS nominal effective (basket),2025-02-04,71.0815856995
ILS_BASKET,ILS nominal effective (basket),2025-02-05,70.8483236892
ILS_BASKET,ILS nominal effective (basket),2025-02-06,70.7966954694
ILS_BASKET,ILS nominal effective (basket),2025-02-07,70.70596332300002
ILS_BASKET,ILS nominal effective (basket),2025-02-10,70.7642057421
ILS_BASKET,ILS nominal effective (basket),2025-02-11,71.2600133384
ILS_BASKET,ILS nominal effective (basket),2025-02-12,71.4842054329
ILS_BASKET,ILS nominal effective (basket),2025-02-13,71.29579102429999
ILS_BASKET,ILS nominal effective (basket),2025-02-14,71.3526764122
ILS_BASKET,ILS nominal effective (basket),2025-02-17,71.1733404923
ILS_BASKET,ILS nominal effective (basket),2025-02-18,71.1345316437
ILS_BASKET,ILS nominal effective (basket),2025-02-19,70.784328575
ILS_BASKET,ILS nominal effective (basket),2025-02-20,70.90707899029998
ILS_BASKET,ILS nominal effective (basket),2025-02-21,71.49585995129999
ILS_BASKET,ILS nominal effective (basket),2025-02-24,71.49804557590001
ILS_BASKET,ILS nominal effective (basket),2025-02-25,71.7900494453
ILS_BASKET,ILS nominal effective (basket),2025-02-26,71.7172086635
ILS_BASKET,ILS nominal effective (basket),2025-02-27,71.1866582971
ILS_BASKET,ILS nominal effective (basket),2025-02-28,71.6534064805
ILS_BASKET,ILS nominal effective (basket),2025-03-03,71.87779870460001
ILS_BASKET,ILS nominal effective (basket),2025-03-04,72.3277479408
ILS_BASKET,ILS nominal effective (basket),2025-03-05,72.9555671173
ILS_BASKET,ILS nominal effective (basket),2025-03-06,73.0851137923
ILS_BASKET,ILS nominal effective (basket),2025-03-07,73.2395089773
ILS_BASKET,ILS nominal effective (basket),2025-03-10,73.4746558641
ILS_BASKET,ILS nominal effective (basket),2025-03-11,74.0143351419
ILS_BASKET,ILS nominal effective (basket),2025-03-12,73.74365674959999
ILS_BASKET,ILS nominal effective (basket),2025-03-13,74.03040888
ILS_BASKET,ILS nominal effective (basket),2025-03-17,74.4085220343
ILS_BASKET,ILS nominal effective (basket),2025-03-18,74.56893946250001
ILS_BASKET,ILS nominal effective (basket),2025-03-19,74.44254441
ILS_BASKET,ILS nominal effective (basket),2025-03-20,74.2942618278
ILS_BASKET,ILS nominal effective (basket),2025-03-21,74.78276253
ILS_BASKET,ILS nominal effective (basket),2025-03-24,74.9248476704
ILS_BASKET,ILS nominal effective (basket),2025-03-25,74.12989598440001
ILS_BASKET,ILS nominal effective (basket),2025-03-26,74.0798587937
ILS_BASKET,ILS nominal effective (basket),2025-03-27,74.1917432965
ILS_BASKET,ILS nominal effective (basket),2025-03-28,74.40575602279999
ILS_BASKET,ILS nominal effective (basket),2025-03-31,75.12888376100001
ILS_BASKET,ILS nominal effective (basket),2025-04-01,74.7646805347
ILS_BASKET,ILS nominal effective (basket),2025-04-02,74.7121593972
ILS_BASKET,ILS nominal effective (basket),2025-04-03,75.41569629039999
ILS_BASKET,ILS nominal effective (basket),2025-04-04,75.61883074490002
ILS_BASKET,ILS nominal effective (basket),2025-04-07,76.3008697411
ILS_BASKET,ILS nominal effective (basket),2025-04-08,76.0734485901
ILS_BASKET,ILS nominal effective (basket),2025-04-09,77.2010452766
ILS_BASKET,ILS nominal effective (basket),2025-04-10,76.3368232288
ILS_BASKET,ILS nominal effective (basket),2025-04-11,76.3689780864
ILS_BASKET,ILS nominal effective (basket),2025-04-14,75.8072821601
ILS_BASKET,ILS nominal effective (basket),2025-04-15,75.79205716230001
ILS_BASKET,ILS nominal effective (basket),2025-04-16,75.85195143909999
ILS_BASKET,ILS nominal effective (basket),2025-04-17,75.9418379812
ILS_BASKET,ILS nominal effective (basket),2025-04-21,76.4111655503
ILS_BASKET,ILS nominal effective (basket),2025-04-22,76.84984185420001
ILS_BASKET,ILS nominal effective (basket),2025-04-23,75.5627145793
ILS_BASKET,ILS nominal effective (basket),2025-04-24,75.08945189149999
ILS_BASKET,ILS nominal effective (basket),2025-04-25,74.2880849757
ILS_BASKET,ILS nominal effective (basket),2025-04-28,74.6532776847
ILS_BASKET,ILS nominal effective (basket),2025-04-29,74.6637222409
ILS_BASKET,ILS nominal effective (basket),2025-04-30,75.030550007
ILS_BASKET,ILS nominal effective (basket),2025-05-02,74.4195546075
ILS_BASKET,ILS nominal effective (basket),2025-05-05,74.6270162686
ILS_BASKET,ILS nominal effective (basket),2025-05-06,74.7233088891
ILS_BASKET,ILS nominal effective (basket),2025-05-07,74.0978564073
ILS_BASKET,ILS nominal effective (basket),2025-05-08,73.7013246068
ILS_BASKET,ILS nominal effective (basket),2025-05-09,73.34090881440001
ILS_BASKET,ILS nominal effective (basket),2025-05-12,72.5817761581
ILS_BASKET,ILS nominal effective (basket),2025-05-13,73.2614435854
ILS_BASKET,ILS nominal effective (basket),2025-05-14,73.2717511759
ILS_BASKET,ILS nominal effective (basket),2025-05-15,72.7520091268
ILS_BASKET,ILS nominal effective (basket),2025-05-16,72.99495565960001
ILS_BASKET,ILS nominal effective (basket),2025-05-19,73.1835491998
ILS_BASKET,ILS nominal effective (basket),2025-05-20,72.5601639371
ILS_BASKET,ILS nominal effective (basket),2025-05-21,73.3560734312
ILS_BASKET,ILS nominal effective (basket),2025-05-22,73.6743365735
ILS_BASKET,ILS nominal effective (basket),2025-05-23,74.5163547053
ILS_BASKET,ILS nominal effective (basket),2025-05-27,73.15466788650001
ILS_BASKET,ILS nominal effective (basket),2025-05-28,73.19162136029999
ILS_BASKET,ILS nominal effective (basket),2025-05-29,72.504577716
ILS_BASKET,ILS nominal effective (basket),2025-05-30,72.7317637206
ILS_BASKET,ILS nominal effective (basket),2025-06-03,73.01635156190001
ILS_BASKET,ILS nominal effective (basket),2025-06-04,72.7658193003
ILS_BASKET,ILS nominal effective (basket),2025-06-05,72.40597445579999
ILS_BASKET,ILS nominal effective (basket),2025-06-06,72.6224071345
ILS_BASKET,ILS nominal effective (basket),2025-06-09,72.2491112955
ILS_BASKET,ILS nominal effective (basket),2025-06-10,72.468749615
ILS_BASKET,ILS nominal effective (basket),2025-06-11,72.62236682790001
ILS_BASKET,ILS nominal effective (basket),2025-06-12,74.4564159369
ILS_BASKET,ILS nominal effective (basket),2025-06-13,74.87763967250001
ILS_BASKET,ILS nominal effective (basket),2025-06-16,73.66991660459999
ILS_BASKET,ILS nominal effective (basket),2025-06-17,72.9286465702
ILS_BASKET,ILS nominal effective (basket),2025-06-18,72.6193004779
ILS_BASKET,ILS nominal effective (basket),2025-06-19,72.2459426378
ILS_BASKET,ILS nominal effective (basket),2025-06-20,72.3657763124
ILS_BASKET,ILS nominal effective (basket),2025-06-23,72.0026151199
ILS_BASKET,ILS nominal effective (basket),2025-06-24,70.93389587760001
ILS_BASKET,ILS nominal effective (basket),2025-06-25,71.0340271724
ILS_BASKET,ILS nominal effective (basket),2025-06-26,71.11319005220001
ILS_BASKET,ILS nominal effective (basket),2025-06-27,70.9607753815
ILS_BASKET,ILS nominal effective (basket),2025-06-30,70.5733214438
ILS_BASKET,ILS nominal effective (basket),2025-07-01,70.70189989880002
ILS_BASKET,ILS nominal effective (basket),2025-07-02,70.605377658
ILS_BASKET,ILS nominal effective (basket),2025-07-03,70.4758091455
ILS_BASKET,ILS nominal effective (basket),2025-07-04,69.9905335169
ILS_BASKET,ILS nominal effective (basket),2025-07-07,69.7660043642
ILS_BASKET,ILS nominal effective (basket),2025-07-08,70.1152898853
ILS_BASKET,ILS nominal effective (basket),2025-07-09,69.49267928110001
ILS_BASKET,ILS nominal effective (basket),2025-07-10,69.03802164369999
ILS_BASKET,ILS nominal effective (basket),2025-07-11,69.5579917159
ILS_BASKET,ILS nominal effective (basket),2025-07-14,70.1662163591
ILS_BASKET,ILS nominal effective (basket),2025-07-15,69.6875936973
ILS_BASKET,ILS nominal effective (basket),2025-07-16,69.75398699029998
ILS_BASKET,ILS nominal effective (basket),2025-07-17,69.7207320913
ILS_BASKET,ILS nominal effective (basket),2025-07-18,69.8059712973
ILS_BASKET,ILS nominal effective (basket),2025-07-21,69.8441114883
ILS_BASKET,ILS nominal effective (basket),2025-07-22,69.9166613078
ILS_BASKET,ILS nominal effective (basket),2025-07-23,69.5524187539
ILS_BASKET,ILS nominal effective (basket),2025-07-24,69.791508201
ILS_BASKET,ILS nominal effective (basket),2025-07-25,70.0807438775
ILS_BASKET,ILS nominal effective (basket),2025-07-28,69.7522076045
ILS_BASKET,ILS nominal effective (basket),2025-07-29,69.7171334783
ILS_BASKET,ILS nominal effective (basket),2025-07-30,69.69367624909998
ILS_BASKET,ILS nominal effective (basket),2025-07-31,69.9020861189
ILS_BASKET,ILS nominal effective (basket),2025-08-01,70.3160371683
ILS_BASKET,ILS nominal effective (basket),2025-08-04,70.5173756521
ILS_BASKET,ILS nominal effective (basket),2025-08-05,71.3402764722
ILS_BASKET,ILS nominal effective (basket),2025-08-06,71.51303863349999
ILS_BASKET,ILS nominal effective (basket),2025-08-07,71.0544375866
ILS_BASKET,ILS nominal effective (basket),2025-08-08,71.4193784935
ILS_BASKET,ILS nominal effective (basket),2025-08-11,70.94488465350001
ILS_BASKET,ILS nominal effective (basket),2025-08-12,71.15438374
ILS_BASKET,ILS nominal effective (basket),2025-08-13,70.6203805392
ILS_BASKET,ILS nominal effective (basket),2025-08-14,70.4835824995
ILS_BASKET,ILS nominal effective (basket),2025-08-15,70.2920176168
ILS_BASKET,ILS nominal effective (basket),2025-08-18,70.5149895964
ILS_BASKET,ILS nominal effective (basket),2025-08-19,70.30159554260001
ILS_BASKET,ILS nominal effective (basket),2025-08-20,70.62010205329999
ILS_BASKET,ILS nominal effective (basket),2025-08-21,70.9774234779
ILS_BASKET,ILS nominal effective (basket),2025-08-22,70.587861524
ILS_BASKET,ILS nominal effective (basket),2025-08-25,70.2718365982
ILS_BASKET,ILS nominal effective (basket),2025-08-26,69.9725910116
ILS_BASKET,ILS nominal effective (basket),2025-08-27,69.35664563020002
ILS_BASKET,ILS nominal effective (basket),2025-08-28,69.1910446098
ILS_BASKET,ILS nominal effective (basket),2025-08-29,69.3092220915
ILS_BASKET,ILS nominal effective (basket),2025-09-01,69.8313674772
ILS_BASKET,ILS nominal effective (basket),2025-09-02,70.24988571889999
ILS_BASKET,ILS nominal effective (basket),2025-09-03,69.9598345481
ILS_BASKET,ILS nominal effective (basket),2025-09-04,69.85031865499998
ILS_BASKET,ILS nominal effective (basket),2025-09-05,69.45907374629999
ILS_BASKET,ILS nominal effective (basket),2025-09-08,69.201175245
ILS_BASKET,ILS nominal effective (basket),2025-09-09,69.5142804612
ILS_BASKET,ILS nominal effective (basket),2025-09-10,69.3733613389
ILS_BASKET,ILS nominal effective (basket),2025-09-11,69.3661177897
ILS_BASKET,ILS nominal effective (basket),2025-09-12,69.28503769679999
ILS_BASKET,ILS nominal effective (basket),2025-09-15,69.6540567581
ILS_BASKET,ILS nominal effective (basket),2025-09-16,69.8382807383
ILS_BASKET,ILS nominal effective (basket),2025-09-17,69.874590241
ILS_BASKET,ILS nominal effective (basket),2025-09-18,69.89971178329999
ILS_BASKET,ILS nominal effective (basket),2025-09-19,69.5309893593
ILS_BASKET,ILS nominal effective (basket),2025-09-25,69.525941355
ILS_BASKET,ILS nominal effective (basket),2025-09-26,69.7995991428
ILS_BASKET,ILS nominal effective (basket),2025-09-29,69.075610341
ILS_BASKET,ILS nominal effective (basket),2025-09-30,68.75672516670001
ILS_BASKET,ILS nominal effective (basket),2025-10-03,68.9689861988
ILS_BASKET,ILS nominal effective (basket),2025-10-06,68.09023165580001
ILS_BASKET,ILS nominal effective (basket),2025-10-08,67.9461771222
ILS_BASKET,ILS nominal effective (basket),2025-10-09,67.1378965475
ILS_BASKET,ILS nominal effective (basket),2025-10-10,67.292185037
ILS_BASKET,ILS nominal effective (basket),2025-10-13,67.956153821
ILS_BASKET,ILS nominal effective (basket),2025-10-15,68.2033411939
ILS_BASKET,ILS nominal effective (basket),2025-10-16,68.41457773959999
ILS_BASKET,ILS nominal effective (basket),2025-10-17,69.01889258
ILS_BASKET,ILS nominal effective (basket),2025-10-20,68.6636273297
ILS_BASKET,ILS nominal effective (basket),2025-10-21,68.1295320812
ILS_BASKET,ILS nominal effective (basket),2025-10-22,68.2189952615
ILS_BASKET,ILS nominal effective (basket),2025-10-23,68.44164273530001
ILS_BASKET,ILS nominal effective (basket),2025-10-24,68.12549637150002
ILS_BASKET,ILS nominal effective (basket),2025-10-27,67.56529052580001
ILS_BASKET,ILS nominal effective (basket),2025-10-28,67.59716192869999
ILS_BASKET,ILS nominal effective (basket),2025-10-29,67.3758655993
ILS_BASKET,ILS nominal effective (basket),2025-10-30,67.2656124227
ILS_BASKET,ILS nominal effective (basket),2025-10-31,67.0006844884
ILS_BASKET,ILS nominal effective (basket),2025-11-03,67.12867953430002
ILS_BASKET,ILS nominal effective (basket),2025-11-04,67.2999755745
ILS_BASKET,ILS nominal effective (basket),2025-11-05,67.33923133899998
ILS_BASKET,ILS nominal effective (basket),2025-11-06,67.0530481552
ILS_BASKET,ILS nominal effective (basket),2025-11-07,67.3090674298
ILS_BASKET,ILS nominal effective (basket),2025-11-10,66.67735184220001
ILS_BASKET,ILS nominal effective (basket),2025-11-11,66.4087095515
ILS_BASKET,ILS nominal effective (basket),2025-11-12,66.0466678128
ILS_BASKET,ILS nominal effective (basket),2025-11-13,66.36877941169999
ILS_BASKET,ILS nominal effective (basket),2025-11-14,66.9167900673
ILS_BASKET,ILS nominal effective (basket),2025-11-17,66.97292814480001
ILS_BASKET,ILS nominal effective (basket),2025-11-18,67.5093978197
ILS_BASKET,ILS nominal effective (basket),2025-11-19,67.4100772155
ILS_BASKET,ILS nominal effective (basket),2025-11-20,67.1072294901
ILS_BASKET,ILS nominal effective (basket),2025-11-21,67.5765642584
ILS_BASKET,ILS nominal effective (basket),2025-11-24,67.6170670649
ILS_BASKET,ILS nominal effective (basket),2025-11-25,67.5080872247
ILS_BASKET,ILS nominal effective (basket),2025-11-26,67.6989093371
ILS_BASKET,ILS nominal effective (basket),2025-11-27,67.71587407790001
ILS_BASKET,ILS nominal effective (basket),2025-11-28,67.3834171419
ILS_BASKET,ILS nominal effective (basket),2025-12-01,67.5685071866
ILS_BASKET,ILS nominal effective (basket),2025-12-02,67.3468969052
ILS_BASKET,ILS nominal effective (basket),2025-12-03,66.9292702429
ILS_BASKET,ILS nominal effective (basket),2025-12-04,67.12942404660001
ILS_BASKET,ILS nominal effective (basket),2025-12-05,66.928047702
ILS_BASKET,ILS nominal effective (basket),2025-12-08,66.5081557967
ILS_BASKET,ILS nominal effective (basket),2025-12-09,66.52787733390001
ILS_BASKET,ILS nominal effective (basket),2025-12-10,66.8165612324
ILS_BASKET,ILS nominal effective (basket),2025-12-11,66.5842431975
ILS_BASKET,ILS nominal effective (basket),2025-12-12,66.4372402309
ILS_BASKET,ILS nominal effective (basket),2025-12-15,66.6325999958
ILS_BASKET,ILS nominal effective (basket),2025-12-16,66.93041570509999
ILS_BASKET,ILS nominal effective (basket),2025-12-17,66.8191914916
ILS_BASKET,ILS nominal effective (basket),2025-12-18,66.7414994954
ILS_BASKET,ILS nominal effective (basket),2025-12-19,66.4943212927
ILS_BASKET,ILS nominal effective (basket),2025-12-22,66.55550096260001
ILS_BASKET,ILS nominal effective (basket),2025-12-23,66.4126671706
ILS_BASKET,ILS nominal effective (basket),2025-12-24,66.3506936411
ILS_BASKET,ILS nominal effective (basket),2025-12-29,66.67846614369999
ILS_BASKET,ILS nominal effective (basket),2025-12-30,66.2618042908
ILS_BASKET,ILS nominal effective (basket),2025-12-31,66.33127289640001
ILS_BASKET,ILS nominal effective (basket),2026-01-02,66.10547814110001
ILS_BASKET,ILS nominal effective (basket),2026-01-05,65.54808158770001
ILS_BASKET,ILS nominal effective (basket),2026-01-06,65.7571784621
ILS_BASKET,ILS nominal effective (basket),2026-01-07,65.9351642634
ILS_BASKET,ILS nominal effective (basket),2026-01-08,65.88070051780001
ILS_BASKET,ILS nominal effective (basket),2026-01-09,65.72912260460001
ILS_BASKET,ILS nominal effective (basket),2026-01-12,65.420571189
ILS_BASKET,ILS nominal effective (basket),2026-01-13,65.3457108218
ILS_BASKET,ILS nominal effective (basket),2026-01-14,65.3403249053
ILS_BASKET,ILS nominal effective (basket),2026-01-15,65.41961927029999
ILS_BASKET,ILS nominal effective (basket),2026-01-16,65.0245322139
ILS_BASKET,ILS nominal effective (basket),2026-01-19,65.5344900133
ILS_BASKET,ILS nominal effective (basket),2026-01-20,65.8397042582
ILS_BASKET,ILS nominal effective (basket),2026-01-21,65.9533798636
ILS_BASKET,ILS nominal effective (basket),2026-01-22,65.2688813228
ILS_BASKET,ILS nominal effective (basket),2026-01-23,65.2354789816
ILS_BASKET,ILS nominal effective (basket),2026-01-26,65.6117563607
ILS_BASKET,ILS nominal effective (basket),2026-01-27,65.03966348809999
ILS_BASKET,ILS nominal effective (basket),2026-01-28,64.9640485214
ILS_BASKET,ILS nominal effective (basket),2026-01-29,64.78861866150001
ILS_BASKET,ILS nominal effective (basket),2026-01-30,64.938718335
ILS_BASKET,ILS nominal effective (basket),2026-02-02,64.8713311942
ILS_BASKET,ILS nominal effective (basket),2026-02-03,64.509195863
ILS_BASKET,ILS nominal effective (basket),2026-02-04,64.5125243087
ILS_BASKET,ILS nominal effective (basket),2026-02-05,65.0639815365
ILS_BASKET,ILS nominal effective (basket),2026-02-06,65.20623325630001
ILS_BASKET,ILS nominal effective (basket),2026-02-09,64.9694495026
ILS_BASKET,ILS nominal effective (basket),2026-02-10,64.6475759304
ILS_BASKET,ILS nominal effective (basket),2026-02-11,64.5881309797
ILS_BASKET,ILS nominal effective (basket),2026-02-12,64.34365305280001
ILS_BASKET,ILS nominal effective (basket),2026-02-13,64.55426942279999
ILS_BASKET,ILS nominal effective (basket),2026-02-16,64.6914911545
ILS_BASKET,ILS nominal effective (basket),2026-02-17,64.9638373457
ILS_BASKET,ILS nominal effective (basket),2026-02-18,64.8524042498
ILS_BASKET,ILS nominal effective (basket),2026-02-19,65.4689067142
ILS_BASKET,ILS nominal effective (basket),2026-02-20,65.18765201
ILS_BASKET,ILS nominal effective (basket),2026-02-23,65.2240447297
ILS_BASKET,ILS nominal effective (basket),2026-02-24,65.0836479757
ILS_BASKET,ILS nominal effective (basket),2026-02-25,64.8008480278
ILS_BASKET,ILS nominal effective (basket),2026-02-26,65.1420108711
ILS_BASKET,ILS nominal effective (basket),2026-02-27,65.3417455486
ILS_BASKET,ILS nominal effective (basket),2026-03-02,64.0629554149
ILS_BASKET,ILS nominal effective (basket),2026-03-05,63.75301989890001
ILS_BASKET,ILS nominal effective (basket),2026-03-06,63.812061547
ILS_BASKET,ILS nominal effective (basket),2026-03-09,64.4507480882
ILS_BASKET,ILS nominal effective (basket),2026-03-10,64.2012807921
ILS_BASKET,ILS nominal effective (basket),2026-03-11,64.4665300658
ILS_BASKET,ILS nominal effective (basket),2026-03-12,64.5000679464
ILS_BASKET,ILS nominal effective (basket),2026-03-13,64.8310956798
ILS_BASKET,ILS nominal effective (basket),2026-03-16,64.3316976885
ILS_BASKET,ILS nominal effective (basket),2026-03-17,64.2096829868
ILS_BASKET,ILS nominal effective (basket),2026-03-18,63.93814092940001
ILS_BASKET,ILS nominal effective (basket),2026-03-19,64.1892006481
ILS_BASKET,ILS nominal effective (basket),2026-03-20,64.1882309992
ILS_BASKET,ILS nominal effective (basket),2026-03-23,64.2437519643
ILS_BASKET,ILS nominal effective (basket),2026-03-24,64.5909773894
ILS_BASKET,ILS nominal effective (basket),2026-03-25,64.396603863
ILS_BASKET,ILS nominal effective (basket),2026-03-26,64.4594898309
ILS_BASKET,ILS nominal effective (basket),2026-03-27,64.8661837539
ILS_BASKET,ILS nominal effective (basket),2026-03-30,65.19876674240001
ILS_BASKET,ILS nominal effective (basket),2026-03-31,65.10402759889999
ILS_BASKET,ILS nominal effective (basket),2026-04-07,64.9498230259
ILS_BASKET,ILS nominal effective (basket),2026-04-09,64.1429106783
ILS_BASKET,ILS nominal effective (basket),2026-04-10,63.554638621200006
ILS_BASKET,ILS nominal effective (basket),2026-04-13,63.60662717530001
ILS_BASKET,ILS nominal effective (basket),2026-04-14,63.055667682
ILS_BASKET,ILS nominal effective (basket),2026-04-15,62.906309805
ILS_BASKET,ILS nominal effective (basket),2026-04-16,62.4862736889
ILS_BASKET,ILS nominal effective (basket),2026-04-17,62.50109013
ILS_BASKET,ILS nominal effective (basket),2026-04-20,62.67083118949999
ILS_BASKET,ILS nominal effective (basket),2026-04-21,62.285318470700005
ILS_BASKET,ILS nominal effective (basket),2026-04-23,62.51476026179999
ILS_BASKET,ILS nominal effective (basket),2026-04-24,62.4218919635
ILS_BASKET,ILS nominal effective (basket),2026-04-27,62.1031565342
ILS_BASKET,ILS nominal effective (basket),2026-04-28,62.2083981144
ILS_BASKET,ILS nominal effective (basket),2026-04-29,61.5907117682
ILS_BASKET,ILS nominal effective (basket),2026-04-30,61.4350440688
ILS_BASKET,ILS nominal effective (basket),2026-05-01,61.434012744499995
ILS_BASKET,ILS nominal effective (basket),2026-05-04,61.631898061899996
ILS_BASKET,ILS nominal effective (basket),2026-05-05,61.23192376670001
ILS_BASKET,ILS nominal effective (basket),2026-05-06,60.6864493167
ILS_BASKET,ILS nominal effective (basket),2026-05-07,60.7538792161
ILS_BASKET,ILS nominal effective (basket),2026-05-08,60.6952299212
ILS_BASKET,ILS nominal effective (basket),2026-05-11,60.729248725699996
ILS_BASKET,ILS nominal effective (basket),2026-05-12,60.6446340241
ILS_BASKET,ILS nominal effective (basket),2026-05-13,60.59330520140001
ILS_BASKET,ILS nominal effective (basket),2026-05-14,60.499401655099994
ILS_BASKET,ILS nominal effective (basket),2026-05-15,60.5234516698
ILS_BASKET,ILS nominal effective (basket),2026-05-18,60.5717577171
ILS_BASKET,ILS nominal effective (basket),2026-05-19,60.364120439000004
ILS_BASKET,ILS nominal effective (basket),2026-05-20,60.5477653814
ILS_BASKET,ILS nominal effective (basket),2026-05-21,60.37617862659999
ILS_BASKET,ILS nominal effective (basket),2026-05-26,59.3861783697
ILS_BASKET,ILS nominal effective (basket),2026-05-27,59.013189794599995
ILS_BASKET,ILS nominal effective (basket),2026-05-28,58.806711294
ILS_BASKET,ILS nominal effective (basket),2026-05-29,58.421605765600006
ILS_BASKET,ILS nominal effective (basket),2026-06-01,58.4870338719
ILS_BASKET,ILS nominal effective (basket),2026-06-02,58.6984639418
ILS_BASKET,ILS nominal effective (basket),2026-06-03,59.5794387971
ILS_BASKET,ILS nominal effective (basket),2026-06-04,60.040762551
ILS_BASKET,ILS nominal effective (basket),2026-06-05,60.303352304
ILS_BASKET,ILS nominal effective (basket),2026-06-08,60.7884702658
ILS_BASKET,ILS nominal effective (basket),2026-06-09,60.832167774400006
ILS_BASKET,ILS nominal effective (basket),2026-06-10,61.5212183389
ILS_BASKET,ILS nominal effective (basket),2026-06-11,61.287581549
ILS_BASKET,ILS nominal effective (basket),2026-06-12,60.789864014600006
ILS_BASKET,ILS nominal effective (basket),2026-06-15,60.3301238604
ILS_BASKET,ILS nominal effective (basket),2026-06-16,60.425680838
ILS_BASKET,ILS nominal effective (basket),2026-06-17,60.4824586324
ILS_BASKET,ILS nominal effective (basket),2026-06-18,60.6998382804
ILS_BASKET,ILS nominal effective (basket),2026-06-19,60.956475933600004
ILS_BASKET,ILS nominal effective (basket),2026-06-22,61.1213728375
ILS_BASKET,ILS nominal effective (basket),2026-06-23,61.5138183521
ILS_BASKET,ILS nominal effective (basket),2026-06-24,61.333511832599996
ILS_BASKET,ILS nominal effective (basket),2026-06-25,61.069573592299996
ILS_BASKET,ILS nominal effective (basket),2026-06-26,61.5748846532
ILS_BASKET,ILS nominal effective (basket),2026-06-29,61.17062733069999
ILS_BASKET,ILS nominal effective (basket),2026-06-30,61.1228749172
ILS_BASKET,ILS nominal effective (basket),2026-07-01,61.108121592699995
ILS_BASKET,ILS nominal effective (basket),2026-07-02,61.641851037500004
ILS_BASKET,ILS nominal effective (basket),2026-07-03,61.6346485202
ILS_BASKET,ILS nominal effective (basket),2026-07-06,61.738961444100006
ILS_BASKET,ILS nominal effective (basket),2026-07-07,62.2985284141
ILS_BASKET,ILS nominal effective (basket),2026-07-08,62.5268575716
ILS_BASKET,ILS nominal effective (basket),2026-07-09,62.3301420719
ILS_BASKET,ILS nominal effective (basket),2026-07-10,61.8543137817
ILS_BASKET,ILS nominal effective (basket),2026-07-13,62.2302330951
ILS_BASKET,ILS nominal effective (basket),2026-07-14,61.916877423
ILS_BASKET,ILS nominal effective (basket),2026-07-15,61.571178866800004
ILS_BASKET,ILS nominal effective (basket),2026-07-16,61.8989336003
ILS_BASKET,ILS nominal effective (basket),2026-07-17,62.7430030164
ILS_BASKET,ILS nominal effective (basket),2026-07-20,62.6936416584
ILS_BASKET,ILS nominal effective (basket),2026-07-21,62.6808658037
ILS_BASKET,ILS nominal effective (basket),2026-07-22,62.8680372112
ILS_BASKET,ILS nominal effective (basket),2026-07-24,62.858589356100005
ILS_BASKET,ILS nominal effective (basket),2026-07-27,62.420117429399994
ILS_BASKET,ILS nominal effective (basket),2026-07-28,62.729836074199994
ILS_BASKET,ILS nominal effective (basket),2026-07-29,62.77191109650001
ILS_BASKET,ILS nominal effective (basket),2026-07-30,63.254472583200005
ILS_BASKET,ILS nominal effective (basket),2026-07-31,63.0912848447
ILS_BASKET,ILS nominal effective (basket),2026-08-03,63.1435235245
ILS_BASKET,ILS nominal effective (basket),2026-08-04,62.5210809938
IL_CDS_5Y,Israel 5Y CDS (bps),2026-06-30,72.0
IL_CDS_10Y,Israel 10Y CDS (bps),2026-06-25,96.0
IL_CDS_10Y,Israel 10Y CDS (bps),2026-06-30,94.5
US_3M,US 3M (bill),2024-12-26,4.35
US_3M,US 3M (bill),2024-12-27,4.31
US_3M,US 3M (bill),2024-12-30,4.37
US_3M,US 3M (bill),2024-12-31,4.37
US_3M,US 3M (bill),2025-01-02,4.36
US_3M,US 3M (bill),2025-01-03,4.34
US_3M,US 3M (bill),2025-01-06,4.35
US_3M,US 3M (bill),2025-01-07,4.35
US_3M,US 3M (bill),2025-01-08,4.35
US_3M,US 3M (bill),2025-01-09,4.35
US_3M,US 3M (bill),2025-01-10,4.36
US_3M,US 3M (bill),2025-01-13,4.37
US_3M,US 3M (bill),2025-01-14,4.36
US_3M,US 3M (bill),2025-01-15,4.35
US_3M,US 3M (bill),2025-01-16,4.34
US_3M,US 3M (bill),2025-01-17,4.34
US_3M,US 3M (bill),2025-01-21,4.36
US_3M,US 3M (bill),2025-01-22,4.36
US_3M,US 3M (bill),2025-01-23,4.36
US_3M,US 3M (bill),2025-01-24,4.35
US_3M,US 3M (bill),2025-01-27,4.32
US_3M,US 3M (bill),2025-01-28,4.31
US_3M,US 3M (bill),2025-01-29,4.31
US_3M,US 3M (bill),2025-01-30,4.3
US_3M,US 3M (bill),2025-01-31,4.31
US_3M,US 3M (bill),2025-02-03,4.34
US_3M,US 3M (bill),2025-02-04,4.33
US_3M,US 3M (bill),2025-02-05,4.33
US_3M,US 3M (bill),2025-02-06,4.34
US_3M,US 3M (bill),2025-02-07,4.35
US_3M,US 3M (bill),2025-02-10,4.35
US_3M,US 3M (bill),2025-02-11,4.35
US_3M,US 3M (bill),2025-02-12,4.35
US_3M,US 3M (bill),2025-02-13,4.34
US_3M,US 3M (bill),2025-02-14,4.34
US_3M,US 3M (bill),2025-02-18,4.34
US_3M,US 3M (bill),2025-02-19,4.34
US_3M,US 3M (bill),2025-02-20,4.33
US_3M,US 3M (bill),2025-02-21,4.32
US_3M,US 3M (bill),2025-02-24,4.31
US_3M,US 3M (bill),2025-02-25,4.3
US_3M,US 3M (bill),2025-02-26,4.31
US_3M,US 3M (bill),2025-02-27,4.32
US_3M,US 3M (bill),2025-02-28,4.32
US_3M,US 3M (bill),2025-03-03,4.35
US_3M,US 3M (bill),2025-03-04,4.34
US_3M,US 3M (bill),2025-03-05,4.35
US_3M,US 3M (bill),2025-03-06,4.34
US_3M,US 3M (bill),2025-03-07,4.34
US_3M,US 3M (bill),2025-03-10,4.33
US_3M,US 3M (bill),2025-03-11,4.34
US_3M,US 3M (bill),2025-03-12,4.35
US_3M,US 3M (bill),2025-03-13,4.34
US_3M,US 3M (bill),2025-03-14,4.33
US_3M,US 3M (bill),2025-03-17,4.34
US_3M,US 3M (bill),2025-03-18,4.34
US_3M,US 3M (bill),2025-03-19,4.33
US_3M,US 3M (bill),2025-03-20,4.33
US_3M,US 3M (bill),2025-03-21,4.33
US_3M,US 3M (bill),2025-03-24,4.33
US_3M,US 3M (bill),2025-03-25,4.33
US_3M,US 3M (bill),2025-03-26,4.33
US_3M,US 3M (bill),2025-03-27,4.33
US_3M,US 3M (bill),2025-03-28,4.33
US_3M,US 3M (bill),2025-03-31,4.32
US_3M,US 3M (bill),2025-04-01,4.32
US_3M,US 3M (bill),2025-04-02,4.32
US_3M,US 3M (bill),2025-04-03,4.31
US_3M,US 3M (bill),2025-04-04,4.28
US_3M,US 3M (bill),2025-04-07,4.29
US_3M,US 3M (bill),2025-04-08,4.31
US_3M,US 3M (bill),2025-04-09,4.35
US_3M,US 3M (bill),2025-04-10,4.34
US_3M,US 3M (bill),2025-04-11,4.34
US_3M,US 3M (bill),2025-04-14,4.33
US_3M,US 3M (bill),2025-04-15,4.33
US_3M,US 3M (bill),2025-04-16,4.33
US_3M,US 3M (bill),2025-04-17,4.34
US_3M,US 3M (bill),2025-04-21,4.34
US_3M,US 3M (bill),2025-04-22,4.33
US_3M,US 3M (bill),2025-04-23,4.33
US_3M,US 3M (bill),2025-04-24,4.32
US_3M,US 3M (bill),2025-04-25,4.32
US_3M,US 3M (bill),2025-04-28,4.32
US_3M,US 3M (bill),2025-04-29,4.31
US_3M,US 3M (bill),2025-04-30,4.31
US_3M,US 3M (bill),2025-05-01,4.31
US_3M,US 3M (bill),2025-05-02,4.33
US_3M,US 3M (bill),2025-05-05,4.33
US_3M,US 3M (bill),2025-05-06,4.33
US_3M,US 3M (bill),2025-05-07,4.34
US_3M,US 3M (bill),2025-05-08,4.34
US_3M,US 3M (bill),2025-05-09,4.34
US_3M,US 3M (bill),2025-05-12,4.42
US_3M,US 3M (bill),2025-05-13,4.41
US_3M,US 3M (bill),2025-05-14,4.41
US_3M,US 3M (bill),2025-05-15,4.38
US_3M,US 3M (bill),2025-05-16,4.37
US_3M,US 3M (bill),2025-05-19,4.39
US_3M,US 3M (bill),2025-05-20,4.38
US_3M,US 3M (bill),2025-05-21,4.36
US_3M,US 3M (bill),2025-05-22,4.37
US_3M,US 3M (bill),2025-05-23,4.36
US_3M,US 3M (bill),2025-05-27,4.35
US_3M,US 3M (bill),2025-05-28,4.35
US_3M,US 3M (bill),2025-05-29,4.36
US_3M,US 3M (bill),2025-05-30,4.36
US_3M,US 3M (bill),2025-06-02,4.44
US_3M,US 3M (bill),2025-06-03,4.43
US_3M,US 3M (bill),2025-06-04,4.44
US_3M,US 3M (bill),2025-06-05,4.44
US_3M,US 3M (bill),2025-06-06,4.43
US_3M,US 3M (bill),2025-06-09,4.44
US_3M,US 3M (bill),2025-06-10,4.45
US_3M,US 3M (bill),2025-06-11,4.45
US_3M,US 3M (bill),2025-06-12,4.46
US_3M,US 3M (bill),2025-06-13,4.45
US_3M,US 3M (bill),2025-06-16,4.43
US_3M,US 3M (bill),2025-06-17,4.42
US_3M,US 3M (bill),2025-06-18,4.42
US_3M,US 3M (bill),2025-06-20,4.39
US_3M,US 3M (bill),2025-06-23,4.38
US_3M,US 3M (bill),2025-06-24,4.38
US_3M,US 3M (bill),2025-06-25,4.38
US_3M,US 3M (bill),2025-06-26,4.39
US_3M,US 3M (bill),2025-06-27,4.39
US_3M,US 3M (bill),2025-06-30,4.41
US_3M,US 3M (bill),2025-07-01,4.4
US_3M,US 3M (bill),2025-07-02,4.41
US_3M,US 3M (bill),2025-07-03,4.42
US_3M,US 3M (bill),2025-07-07,4.42
US_3M,US 3M (bill),2025-07-08,4.42
US_3M,US 3M (bill),2025-07-09,4.42
US_3M,US 3M (bill),2025-07-10,4.42
US_3M,US 3M (bill),2025-07-11,4.41
US_3M,US 3M (bill),2025-07-14,4.42
US_3M,US 3M (bill),2025-07-15,4.42
US_3M,US 3M (bill),2025-07-16,4.41
US_3M,US 3M (bill),2025-07-17,4.41
US_3M,US 3M (bill),2025-07-18,4.4
US_3M,US 3M (bill),2025-07-21,4.41
US_3M,US 3M (bill),2025-07-22,4.41
US_3M,US 3M (bill),2025-07-23,4.41
US_3M,US 3M (bill),2025-07-24,4.42
US_3M,US 3M (bill),2025-07-25,4.42
US_3M,US 3M (bill),2025-07-28,4.4
US_3M,US 3M (bill),2025-07-29,4.4
US_3M,US 3M (bill),2025-07-30,4.41
US_3M,US 3M (bill),2025-07-31,4.41
US_3M,US 3M (bill),2025-08-01,4.35
US_3M,US 3M (bill),2025-08-04,4.35
US_3M,US 3M (bill),2025-08-05,4.34
US_3M,US 3M (bill),2025-08-06,4.32
US_3M,US 3M (bill),2025-08-07,4.32
US_3M,US 3M (bill),2025-08-08,4.32
US_3M,US 3M (bill),2025-08-11,4.34
US_3M,US 3M (bill),2025-08-12,4.33
US_3M,US 3M (bill),2025-08-13,4.29
US_3M,US 3M (bill),2025-08-14,4.3
US_3M,US 3M (bill),2025-08-15,4.3
US_3M,US 3M (bill),2025-08-18,4.33
US_3M,US 3M (bill),2025-08-19,4.3
US_3M,US 3M (bill),2025-08-20,4.3
US_3M,US 3M (bill),2025-08-21,4.32
US_3M,US 3M (bill),2025-08-22,4.27
US_3M,US 3M (bill),2025-08-25,4.29
US_3M,US 3M (bill),2025-08-26,4.28
US_3M,US 3M (bill),2025-08-27,4.26
US_3M,US 3M (bill),2025-08-28,4.26
US_3M,US 3M (bill),2025-08-29,4.23
US_3M,US 3M (bill),2025-09-02,4.2
US_3M,US 3M (bill),2025-09-03,4.18
US_3M,US 3M (bill),2025-09-04,4.16
US_3M,US 3M (bill),2025-09-05,4.07
US_3M,US 3M (bill),2025-09-08,4.1
US_3M,US 3M (bill),2025-09-09,4.1
US_3M,US 3M (bill),2025-09-10,4.09
US_3M,US 3M (bill),2025-09-11,4.08
US_3M,US 3M (bill),2025-09-12,4.08
US_3M,US 3M (bill),2025-09-15,4.06
US_3M,US 3M (bill),2025-09-16,4.04
US_3M,US 3M (bill),2025-09-17,4.02
US_3M,US 3M (bill),2025-09-18,4.03
US_3M,US 3M (bill),2025-09-19,4.03
US_3M,US 3M (bill),2025-09-22,4.0
US_3M,US 3M (bill),2025-09-23,4.0
US_3M,US 3M (bill),2025-09-24,4.02
US_3M,US 3M (bill),2025-09-25,4.04
US_3M,US 3M (bill),2025-09-26,4.02
US_3M,US 3M (bill),2025-09-29,4.04
US_3M,US 3M (bill),2025-09-30,4.02
US_3M,US 3M (bill),2025-10-01,4.01
US_3M,US 3M (bill),2025-10-02,4.02
US_3M,US 3M (bill),2025-10-03,4.03
US_3M,US 3M (bill),2025-10-06,4.02
US_3M,US 3M (bill),2025-10-07,4.01
US_3M,US 3M (bill),2025-10-08,4.01
US_3M,US 3M (bill),2025-10-09,4.03
US_3M,US 3M (bill),2025-10-10,4.02
US_3M,US 3M (bill),2025-10-14,4.02
US_3M,US 3M (bill),2025-10-15,4.03
US_3M,US 3M (bill),2025-10-16,4.02
US_3M,US 3M (bill),2025-10-17,4.0
US_3M,US 3M (bill),2025-10-20,3.97
US_3M,US 3M (bill),2025-10-21,3.96
US_3M,US 3M (bill),2025-10-22,3.96
US_3M,US 3M (bill),2025-10-23,3.95
US_3M,US 3M (bill),2025-10-24,3.93
US_3M,US 3M (bill),2025-10-27,3.89
US_3M,US 3M (bill),2025-10-28,3.89
US_3M,US 3M (bill),2025-10-29,3.93
US_3M,US 3M (bill),2025-10-30,3.92
US_3M,US 3M (bill),2025-10-31,3.89
US_3M,US 3M (bill),2025-11-03,3.98
US_3M,US 3M (bill),2025-11-04,3.96
US_3M,US 3M (bill),2025-11-05,3.96
US_3M,US 3M (bill),2025-11-06,3.93
US_3M,US 3M (bill),2025-11-07,3.92
US_3M,US 3M (bill),2025-11-10,3.95
US_3M,US 3M (bill),2025-11-12,3.95
US_3M,US 3M (bill),2025-11-13,3.96
US_3M,US 3M (bill),2025-11-14,3.95
US_3M,US 3M (bill),2025-11-17,3.97
US_3M,US 3M (bill),2025-11-18,3.94
US_3M,US 3M (bill),2025-11-19,3.95
US_3M,US 3M (bill),2025-11-20,3.94
US_3M,US 3M (bill),2025-11-21,3.9
US_3M,US 3M (bill),2025-11-24,3.91
US_3M,US 3M (bill),2025-11-25,3.9
US_3M,US 3M (bill),2025-11-26,3.92
US_3M,US 3M (bill),2025-11-28,3.88
US_3M,US 3M (bill),2025-12-01,3.81
US_3M,US 3M (bill),2025-12-02,3.77
US_3M,US 3M (bill),2025-12-03,3.72
US_3M,US 3M (bill),2025-12-04,3.71
US_3M,US 3M (bill),2025-12-05,3.71
US_3M,US 3M (bill),2025-12-08,3.73
US_3M,US 3M (bill),2025-12-09,3.73
US_3M,US 3M (bill),2025-12-10,3.69
US_3M,US 3M (bill),2025-12-11,3.66
US_3M,US 3M (bill),2025-12-12,3.63
US_3M,US 3M (bill),2025-12-15,3.65
US_3M,US 3M (bill),2025-12-16,3.64
US_3M,US 3M (bill),2025-12-17,3.64
US_3M,US 3M (bill),2025-12-18,3.62
US_3M,US 3M (bill),2025-12-19,3.62
US_3M,US 3M (bill),2025-12-22,3.64
US_3M,US 3M (bill),2025-12-23,3.65
US_3M,US 3M (bill),2025-12-24,3.69
US_3M,US 3M (bill),2025-12-26,3.64
US_3M,US 3M (bill),2025-12-29,3.68
US_3M,US 3M (bill),2025-12-30,3.65
US_3M,US 3M (bill),2025-12-31,3.67
US_3M,US 3M (bill),2026-01-02,3.65
US_3M,US 3M (bill),2026-01-05,3.64
US_3M,US 3M (bill),2026-01-06,3.63
US_3M,US 3M (bill),2026-01-07,3.62
US_3M,US 3M (bill),2026-01-08,3.62
US_3M,US 3M (bill),2026-01-09,3.62
US_3M,US 3M (bill),2026-01-12,3.67
US_3M,US 3M (bill),2026-01-13,3.67
US_3M,US 3M (bill),2026-01-14,3.67
US_3M,US 3M (bill),2026-01-15,3.68
US_3M,US 3M (bill),2026-01-16,3.67
US_3M,US 3M (bill),2026-01-20,3.7
US_3M,US 3M (bill),2026-01-21,3.7
US_3M,US 3M (bill),2026-01-22,3.71
US_3M,US 3M (bill),2026-01-23,3.7
US_3M,US 3M (bill),2026-01-26,3.67
US_3M,US 3M (bill),2026-01-27,3.67
US_3M,US 3M (bill),2026-01-28,3.68
US_3M,US 3M (bill),2026-01-29,3.67
US_3M,US 3M (bill),2026-01-30,3.67
US_3M,US 3M (bill),2026-02-02,3.69
US_3M,US 3M (bill),2026-02-03,3.69
US_3M,US 3M (bill),2026-02-04,3.69
US_3M,US 3M (bill),2026-02-05,3.67
US_3M,US 3M (bill),2026-02-06,3.68
US_3M,US 3M (bill),2026-02-09,3.69
US_3M,US 3M (bill),2026-02-10,3.69
US_3M,US 3M (bill),2026-02-11,3.7
US_3M,US 3M (bill),2026-02-12,3.7
US_3M,US 3M (bill),2026-02-13,3.68
US_3M,US 3M (bill),2026-02-17,3.69
US_3M,US 3M (bill),2026-02-18,3.7
US_3M,US 3M (bill),2026-02-19,3.69
US_3M,US 3M (bill),2026-02-20,3.69
US_3M,US 3M (bill),2026-02-23,3.69
US_3M,US 3M (bill),2026-02-24,3.69
US_3M,US 3M (bill),2026-02-25,3.69
US_3M,US 3M (bill),2026-02-26,3.68
US_3M,US 3M (bill),2026-02-27,3.67
US_3M,US 3M (bill),2026-03-02,3.72
US_3M,US 3M (bill),2026-03-03,3.71
US_3M,US 3M (bill),2026-03-04,3.71
US_3M,US 3M (bill),2026-03-05,3.7
US_3M,US 3M (bill),2026-03-06,3.69
US_3M,US 3M (bill),2026-03-09,3.71
US_3M,US 3M (bill),2026-03-10,3.71
US_3M,US 3M (bill),2026-03-11,3.71
US_3M,US 3M (bill),2026-03-12,3.72
US_3M,US 3M (bill),2026-03-13,3.72
US_3M,US 3M (bill),2026-03-16,3.72
US_3M,US 3M (bill),2026-03-17,3.72
US_3M,US 3M (bill),2026-03-18,3.73
US_3M,US 3M (bill),2026-03-19,3.73
US_3M,US 3M (bill),2026-03-20,3.74
US_3M,US 3M (bill),2026-03-23,3.74
US_3M,US 3M (bill),2026-03-24,3.74
US_3M,US 3M (bill),2026-03-25,3.73
US_3M,US 3M (bill),2026-03-26,3.73
US_3M,US 3M (bill),2026-03-27,3.73
US_3M,US 3M (bill),2026-03-30,3.71
US_3M,US 3M (bill),2026-03-31,3.7
US_3M,US 3M (bill),2026-04-01,3.7
US_3M,US 3M (bill),2026-04-02,3.7
US_3M,US 3M (bill),2026-04-03,3.71
US_3M,US 3M (bill),2026-04-06,3.72
US_3M,US 3M (bill),2026-04-07,3.71
US_3M,US 3M (bill),2026-04-08,3.69
US_3M,US 3M (bill),2026-04-09,3.68
US_3M,US 3M (bill),2026-04-10,3.69
US_3M,US 3M (bill),2026-04-13,3.71
US_3M,US 3M (bill),2026-04-14,3.71
US_3M,US 3M (bill),2026-04-15,3.71
US_3M,US 3M (bill),2026-04-16,3.7
US_3M,US 3M (bill),2026-04-17,3.7
US_3M,US 3M (bill),2026-04-20,3.71
US_3M,US 3M (bill),2026-04-21,3.69
US_3M,US 3M (bill),2026-04-22,3.69
US_3M,US 3M (bill),2026-04-23,3.69
US_3M,US 3M (bill),2026-04-24,3.69
US_3M,US 3M (bill),2026-04-27,3.68
US_3M,US 3M (bill),2026-04-28,3.68
US_3M,US 3M (bill),2026-04-29,3.68
US_3M,US 3M (bill),2026-04-30,3.68
US_3M,US 3M (bill),2026-05-01,3.68
US_3M,US 3M (bill),2026-05-04,3.7
US_3M,US 3M (bill),2026-05-05,3.69
US_3M,US 3M (bill),2026-05-06,3.69
US_3M,US 3M (bill),2026-05-07,3.69
US_3M,US 3M (bill),2026-05-08,3.69
US_3M,US 3M (bill),2026-05-11,3.7
US_3M,US 3M (bill),2026-05-12,3.7
US_3M,US 3M (bill),2026-05-13,3.69
US_3M,US 3M (bill),2026-05-14,3.69
US_3M,US 3M (bill),2026-05-15,3.69
US_3M,US 3M (bill),2026-05-18,3.68
US_3M,US 3M (bill),2026-05-19,3.67
US_3M,US 3M (bill),2026-05-20,3.65
US_3M,US 3M (bill),2026-05-21,3.68
US_3M,US 3M (bill),2026-05-22,3.68
US_3M,US 3M (bill),2026-05-26,3.68
US_3M,US 3M (bill),2026-05-27,3.68
US_3M,US 3M (bill),2026-05-28,3.69
US_3M,US 3M (bill),2026-05-29,3.69
US_3M,US 3M (bill),2026-06-01,3.78
US_3M,US 3M (bill),2026-06-02,3.77
US_3M,US 3M (bill),2026-06-03,3.78
US_3M,US 3M (bill),2026-06-04,3.78
US_3M,US 3M (bill),2026-06-05,3.78
US_3M,US 3M (bill),2026-06-08,3.8
US_3M,US 3M (bill),2026-06-09,3.79
US_3M,US 3M (bill),2026-06-10,3.79
US_3M,US 3M (bill),2026-06-11,3.78
US_3M,US 3M (bill),2026-06-12,3.78
US_3M,US 3M (bill),2026-06-15,3.79
US_3M,US 3M (bill),2026-06-16,3.79
US_3M,US 3M (bill),2026-06-17,3.83
US_3M,US 3M (bill),2026-06-18,3.83
US_3M,US 3M (bill),2026-06-22,3.85
US_3M,US 3M (bill),2026-06-23,3.85
US_3M,US 3M (bill),2026-06-24,3.85
US_3M,US 3M (bill),2026-06-25,3.84
US_3M,US 3M (bill),2026-06-26,3.83
US_3M,US 3M (bill),2026-06-29,3.87
US_3M,US 3M (bill),2026-06-30,3.87
US_3M,US 3M (bill),2026-07-01,3.85
US_3M,US 3M (bill),2026-07-02,3.82
US_3M,US 3M (bill),2026-07-06,3.87
US_3M,US 3M (bill),2026-07-07,3.86
US_3M,US 3M (bill),2026-07-08,3.87
US_3M,US 3M (bill),2026-07-09,3.83
US_3M,US 3M (bill),2026-07-10,3.85
US_3M,US 3M (bill),2026-07-13,3.89
US_3M,US 3M (bill),2026-07-14,3.84
US_3M,US 3M (bill),2026-07-15,3.83
US_3M,US 3M (bill),2026-07-16,3.84
US_3M,US 3M (bill),2026-07-17,3.85
US_3M,US 3M (bill),2026-07-20,3.86
US_3M,US 3M (bill),2026-07-21,3.87
US_3M,US 3M (bill),2026-07-22,3.89
US_3M,US 3M (bill),2026-07-23,3.95
US_3M,US 3M (bill),2026-07-24,3.96
US_3M,US 3M (bill),2026-07-27,3.96
US_3M,US 3M (bill),2026-07-28,3.9
US_3M,US 3M (bill),2026-07-29,3.83
US_3M,US 3M (bill),2026-07-30,3.82
US_3M,US 3M (bill),2026-07-31,3.83
US_3M,US 3M (bill),2026-08-03,3.91
US_2Y,US 2Y,2024-12-26,4.3
US_2Y,US 2Y,2024-12-27,4.31
US_2Y,US 2Y,2024-12-30,4.24
US_2Y,US 2Y,2024-12-31,4.25
US_2Y,US 2Y,2025-01-02,4.25
US_2Y,US 2Y,2025-01-03,4.28
US_2Y,US 2Y,2025-01-06,4.28
US_2Y,US 2Y,2025-01-07,4.3
US_2Y,US 2Y,2025-01-08,4.28
US_2Y,US 2Y,2025-01-09,4.27
US_2Y,US 2Y,2025-01-10,4.4
US_2Y,US 2Y,2025-01-13,4.4
US_2Y,US 2Y,2025-01-14,4.37
US_2Y,US 2Y,2025-01-15,4.27
US_2Y,US 2Y,2025-01-16,4.23
US_2Y,US 2Y,2025-01-17,4.27
US_2Y,US 2Y,2025-01-21,4.29
US_2Y,US 2Y,2025-01-22,4.29
US_2Y,US 2Y,2025-01-23,4.29
US_2Y,US 2Y,2025-01-24,4.27
US_2Y,US 2Y,2025-01-27,4.17
US_2Y,US 2Y,2025-01-28,4.19
US_2Y,US 2Y,2025-01-29,4.21
US_2Y,US 2Y,2025-01-30,4.18
US_2Y,US 2Y,2025-01-31,4.22
US_2Y,US 2Y,2025-02-03,4.26
US_2Y,US 2Y,2025-02-04,4.21
US_2Y,US 2Y,2025-02-05,4.17
US_2Y,US 2Y,2025-02-06,4.21
US_2Y,US 2Y,2025-02-07,4.29
US_2Y,US 2Y,2025-02-10,4.28
US_2Y,US 2Y,2025-02-11,4.29
US_2Y,US 2Y,2025-02-12,4.36
US_2Y,US 2Y,2025-02-13,4.31
US_2Y,US 2Y,2025-02-14,4.26
US_2Y,US 2Y,2025-02-18,4.29
US_2Y,US 2Y,2025-02-19,4.28
US_2Y,US 2Y,2025-02-20,4.28
US_2Y,US 2Y,2025-02-21,4.19
US_2Y,US 2Y,2025-02-24,4.13
US_2Y,US 2Y,2025-02-25,4.07
US_2Y,US 2Y,2025-02-26,4.05
US_2Y,US 2Y,2025-02-27,4.07
US_2Y,US 2Y,2025-02-28,3.99
US_2Y,US 2Y,2025-03-03,3.96
US_2Y,US 2Y,2025-03-04,3.96
US_2Y,US 2Y,2025-03-05,3.99
US_2Y,US 2Y,2025-03-06,3.96
US_2Y,US 2Y,2025-03-07,3.99
US_2Y,US 2Y,2025-03-10,3.89
US_2Y,US 2Y,2025-03-11,3.94
US_2Y,US 2Y,2025-03-12,4.01
US_2Y,US 2Y,2025-03-13,3.94
US_2Y,US 2Y,2025-03-14,4.02
US_2Y,US 2Y,2025-03-17,4.06
US_2Y,US 2Y,2025-03-18,4.04
US_2Y,US 2Y,2025-03-19,3.99
US_2Y,US 2Y,2025-03-20,3.95
US_2Y,US 2Y,2025-03-21,3.94
US_2Y,US 2Y,2025-03-24,4.04
US_2Y,US 2Y,2025-03-25,3.96
US_2Y,US 2Y,2025-03-26,3.98
US_2Y,US 2Y,2025-03-27,3.97
US_2Y,US 2Y,2025-03-28,3.89
US_2Y,US 2Y,2025-03-31,3.89
US_2Y,US 2Y,2025-04-01,3.87
US_2Y,US 2Y,2025-04-02,3.91
US_2Y,US 2Y,2025-04-03,3.71
US_2Y,US 2Y,2025-04-04,3.68
US_2Y,US 2Y,2025-04-07,3.73
US_2Y,US 2Y,2025-04-08,3.71
US_2Y,US 2Y,2025-04-09,3.91
US_2Y,US 2Y,2025-04-10,3.84
US_2Y,US 2Y,2025-04-11,3.96
US_2Y,US 2Y,2025-04-14,3.84
US_2Y,US 2Y,2025-04-15,3.84
US_2Y,US 2Y,2025-04-16,3.77
US_2Y,US 2Y,2025-04-17,3.81
US_2Y,US 2Y,2025-04-21,3.75
US_2Y,US 2Y,2025-04-22,3.76
US_2Y,US 2Y,2025-04-23,3.81
US_2Y,US 2Y,2025-04-24,3.77
US_2Y,US 2Y,2025-04-25,3.74
US_2Y,US 2Y,2025-04-28,3.67
US_2Y,US 2Y,2025-04-29,3.65
US_2Y,US 2Y,2025-04-30,3.6
US_2Y,US 2Y,2025-05-01,3.7
US_2Y,US 2Y,2025-05-02,3.83
US_2Y,US 2Y,2025-05-05,3.83
US_2Y,US 2Y,2025-05-06,3.78
US_2Y,US 2Y,2025-05-07,3.78
US_2Y,US 2Y,2025-05-08,3.9
US_2Y,US 2Y,2025-05-09,3.88
US_2Y,US 2Y,2025-05-12,3.98
US_2Y,US 2Y,2025-05-13,4.02
US_2Y,US 2Y,2025-05-14,4.05
US_2Y,US 2Y,2025-05-15,3.96
US_2Y,US 2Y,2025-05-16,3.98
US_2Y,US 2Y,2025-05-19,3.97
US_2Y,US 2Y,2025-05-20,3.97
US_2Y,US 2Y,2025-05-21,4.0
US_2Y,US 2Y,2025-05-22,4.0
US_2Y,US 2Y,2025-05-23,4.0
US_2Y,US 2Y,2025-05-27,3.92
US_2Y,US 2Y,2025-05-28,3.96
US_2Y,US 2Y,2025-05-29,3.92
US_2Y,US 2Y,2025-05-30,3.89
US_2Y,US 2Y,2025-06-02,3.94
US_2Y,US 2Y,2025-06-03,3.96
US_2Y,US 2Y,2025-06-04,3.87
US_2Y,US 2Y,2025-06-05,3.92
US_2Y,US 2Y,2025-06-06,4.04
US_2Y,US 2Y,2025-06-09,4.01
US_2Y,US 2Y,2025-06-10,4.01
US_2Y,US 2Y,2025-06-11,3.94
US_2Y,US 2Y,2025-06-12,3.9
US_2Y,US 2Y,2025-06-13,3.96
US_2Y,US 2Y,2025-06-16,3.97
US_2Y,US 2Y,2025-06-17,3.94
US_2Y,US 2Y,2025-06-18,3.94
US_2Y,US 2Y,2025-06-20,3.9
US_2Y,US 2Y,2025-06-23,3.84
US_2Y,US 2Y,2025-06-24,3.75
US_2Y,US 2Y,2025-06-25,3.74
US_2Y,US 2Y,2025-06-26,3.7
US_2Y,US 2Y,2025-06-27,3.73
US_2Y,US 2Y,2025-06-30,3.72
US_2Y,US 2Y,2025-07-01,3.78
US_2Y,US 2Y,2025-07-02,3.78
US_2Y,US 2Y,2025-07-03,3.88
US_2Y,US 2Y,2025-07-07,3.9
US_2Y,US 2Y,2025-07-08,3.9
US_2Y,US 2Y,2025-07-09,3.86
US_2Y,US 2Y,2025-07-10,3.86
US_2Y,US 2Y,2025-07-11,3.9
US_2Y,US 2Y,2025-07-14,3.9
US_2Y,US 2Y,2025-07-15,3.95
US_2Y,US 2Y,2025-07-16,3.88
US_2Y,US 2Y,2025-07-17,3.91
US_2Y,US 2Y,2025-07-18,3.88
US_2Y,US 2Y,2025-07-21,3.85
US_2Y,US 2Y,2025-07-22,3.83
US_2Y,US 2Y,2025-07-23,3.88
US_2Y,US 2Y,2025-07-24,3.91
US_2Y,US 2Y,2025-07-25,3.91
US_2Y,US 2Y,2025-07-28,3.91
US_2Y,US 2Y,2025-07-29,3.86
US_2Y,US 2Y,2025-07-30,3.94
US_2Y,US 2Y,2025-07-31,3.94
US_2Y,US 2Y,2025-08-01,3.69
US_2Y,US 2Y,2025-08-04,3.69
US_2Y,US 2Y,2025-08-05,3.72
US_2Y,US 2Y,2025-08-06,3.69
US_2Y,US 2Y,2025-08-07,3.72
US_2Y,US 2Y,2025-08-08,3.76
US_2Y,US 2Y,2025-08-11,3.76
US_2Y,US 2Y,2025-08-12,3.72
US_2Y,US 2Y,2025-08-13,3.67
US_2Y,US 2Y,2025-08-14,3.74
US_2Y,US 2Y,2025-08-15,3.75
US_2Y,US 2Y,2025-08-18,3.77
US_2Y,US 2Y,2025-08-19,3.75
US_2Y,US 2Y,2025-08-20,3.74
US_2Y,US 2Y,2025-08-21,3.79
US_2Y,US 2Y,2025-08-22,3.68
US_2Y,US 2Y,2025-08-25,3.73
US_2Y,US 2Y,2025-08-26,3.61
US_2Y,US 2Y,2025-08-27,3.59
US_2Y,US 2Y,2025-08-28,3.62
US_2Y,US 2Y,2025-08-29,3.59
US_2Y,US 2Y,2025-09-02,3.66
US_2Y,US 2Y,2025-09-03,3.61
US_2Y,US 2Y,2025-09-04,3.59
US_2Y,US 2Y,2025-09-05,3.51
US_2Y,US 2Y,2025-09-08,3.49
US_2Y,US 2Y,2025-09-09,3.54
US_2Y,US 2Y,2025-09-10,3.54
US_2Y,US 2Y,2025-09-11,3.52
US_2Y,US 2Y,2025-09-12,3.56
US_2Y,US 2Y,2025-09-15,3.54
US_2Y,US 2Y,2025-09-16,3.51
US_2Y,US 2Y,2025-09-17,3.52
US_2Y,US 2Y,2025-09-18,3.57
US_2Y,US 2Y,2025-09-19,3.57
US_2Y,US 2Y,2025-09-22,3.61
US_2Y,US 2Y,2025-09-23,3.53
US_2Y,US 2Y,2025-09-24,3.57
US_2Y,US 2Y,2025-09-25,3.64
US_2Y,US 2Y,2025-09-26,3.63
US_2Y,US 2Y,2025-09-29,3.63
US_2Y,US 2Y,2025-09-30,3.6
US_2Y,US 2Y,2025-10-01,3.55
US_2Y,US 2Y,2025-10-02,3.55
US_2Y,US 2Y,2025-10-03,3.58
US_2Y,US 2Y,2025-10-06,3.6
US_2Y,US 2Y,2025-10-07,3.57
US_2Y,US 2Y,2025-10-08,3.58
US_2Y,US 2Y,2025-10-09,3.6
US_2Y,US 2Y,2025-10-10,3.52
US_2Y,US 2Y,2025-10-14,3.48
US_2Y,US 2Y,2025-10-15,3.5
US_2Y,US 2Y,2025-10-16,3.41
US_2Y,US 2Y,2025-10-17,3.46
US_2Y,US 2Y,2025-10-20,3.46
US_2Y,US 2Y,2025-10-21,3.45
US_2Y,US 2Y,2025-10-22,3.45
US_2Y,US 2Y,2025-10-23,3.48
US_2Y,US 2Y,2025-10-24,3.48
US_2Y,US 2Y,2025-10-27,3.48
US_2Y,US 2Y,2025-10-28,3.47
US_2Y,US 2Y,2025-10-29,3.59
US_2Y,US 2Y,2025-10-30,3.61
US_2Y,US 2Y,2025-10-31,3.6
US_2Y,US 2Y,2025-11-03,3.6
US_2Y,US 2Y,2025-11-04,3.58
US_2Y,US 2Y,2025-11-05,3.63
US_2Y,US 2Y,2025-11-06,3.57
US_2Y,US 2Y,2025-11-07,3.55
US_2Y,US 2Y,2025-11-10,3.58
US_2Y,US 2Y,2025-11-12,3.56
US_2Y,US 2Y,2025-11-13,3.58
US_2Y,US 2Y,2025-11-14,3.62
US_2Y,US 2Y,2025-11-17,3.6
US_2Y,US 2Y,2025-11-18,3.58
US_2Y,US 2Y,2025-11-19,3.58
US_2Y,US 2Y,2025-11-20,3.55
US_2Y,US 2Y,2025-11-21,3.51
US_2Y,US 2Y,2025-11-24,3.46
US_2Y,US 2Y,2025-11-25,3.43
US_2Y,US 2Y,2025-11-26,3.45
US_2Y,US 2Y,2025-11-28,3.47
US_2Y,US 2Y,2025-12-01,3.54
US_2Y,US 2Y,2025-12-02,3.51
US_2Y,US 2Y,2025-12-03,3.49
US_2Y,US 2Y,2025-12-04,3.52
US_2Y,US 2Y,2025-12-05,3.56
US_2Y,US 2Y,2025-12-08,3.57
US_2Y,US 2Y,2025-12-09,3.61
US_2Y,US 2Y,2025-12-10,3.54
US_2Y,US 2Y,2025-12-11,3.52
US_2Y,US 2Y,2025-12-12,3.52
US_2Y,US 2Y,2025-12-15,3.51
US_2Y,US 2Y,2025-12-16,3.48
US_2Y,US 2Y,2025-12-17,3.49
US_2Y,US 2Y,2025-12-18,3.46
US_2Y,US 2Y,2025-12-19,3.48
US_2Y,US 2Y,2025-12-22,3.44
US_2Y,US 2Y,2025-12-23,3.48
US_2Y,US 2Y,2025-12-24,3.47
US_2Y,US 2Y,2025-12-26,3.46
US_2Y,US 2Y,2025-12-29,3.45
US_2Y,US 2Y,2025-12-30,3.45
US_2Y,US 2Y,2025-12-31,3.47
US_2Y,US 2Y,2026-01-02,3.47
US_2Y,US 2Y,2026-01-05,3.46
US_2Y,US 2Y,2026-01-06,3.47
US_2Y,US 2Y,2026-01-07,3.47
US_2Y,US 2Y,2026-01-08,3.49
US_2Y,US 2Y,2026-01-09,3.54
US_2Y,US 2Y,2026-01-12,3.54
US_2Y,US 2Y,2026-01-13,3.53
US_2Y,US 2Y,2026-01-14,3.51
US_2Y,US 2Y,2026-01-15,3.56
US_2Y,US 2Y,2026-01-16,3.59
US_2Y,US 2Y,2026-01-20,3.6
US_2Y,US 2Y,2026-01-21,3.6
US_2Y,US 2Y,2026-01-22,3.61
US_2Y,US 2Y,2026-01-23,3.6
US_2Y,US 2Y,2026-01-26,3.56
US_2Y,US 2Y,2026-01-27,3.53
US_2Y,US 2Y,2026-01-28,3.56
US_2Y,US 2Y,2026-01-29,3.53
US_2Y,US 2Y,2026-01-30,3.52
US_2Y,US 2Y,2026-02-02,3.57
US_2Y,US 2Y,2026-02-03,3.57
US_2Y,US 2Y,2026-02-04,3.57
US_2Y,US 2Y,2026-02-05,3.47
US_2Y,US 2Y,2026-02-06,3.5
US_2Y,US 2Y,2026-02-09,3.48
US_2Y,US 2Y,2026-02-10,3.45
US_2Y,US 2Y,2026-02-11,3.52
US_2Y,US 2Y,2026-02-12,3.47
US_2Y,US 2Y,2026-02-13,3.4
US_2Y,US 2Y,2026-02-17,3.43
US_2Y,US 2Y,2026-02-18,3.47
US_2Y,US 2Y,2026-02-19,3.47
US_2Y,US 2Y,2026-02-20,3.48
US_2Y,US 2Y,2026-02-23,3.43
US_2Y,US 2Y,2026-02-24,3.43
US_2Y,US 2Y,2026-02-25,3.45
US_2Y,US 2Y,2026-02-26,3.42
US_2Y,US 2Y,2026-02-27,3.38
US_2Y,US 2Y,2026-03-02,3.47
US_2Y,US 2Y,2026-03-03,3.51
US_2Y,US 2Y,2026-03-04,3.54
US_2Y,US 2Y,2026-03-05,3.57
US_2Y,US 2Y,2026-03-06,3.56
US_2Y,US 2Y,2026-03-09,3.56
US_2Y,US 2Y,2026-03-10,3.57
US_2Y,US 2Y,2026-03-11,3.64
US_2Y,US 2Y,2026-03-12,3.76
US_2Y,US 2Y,2026-03-13,3.73
US_2Y,US 2Y,2026-03-16,3.68
US_2Y,US 2Y,2026-03-17,3.68
US_2Y,US 2Y,2026-03-18,3.76
US_2Y,US 2Y,2026-03-19,3.79
US_2Y,US 2Y,2026-03-20,3.88
US_2Y,US 2Y,2026-03-23,3.83
US_2Y,US 2Y,2026-03-24,3.9
US_2Y,US 2Y,2026-03-25,3.84
US_2Y,US 2Y,2026-03-26,3.96
US_2Y,US 2Y,2026-03-27,3.88
US_2Y,US 2Y,2026-03-30,3.82
US_2Y,US 2Y,2026-03-31,3.79
US_2Y,US 2Y,2026-04-01,3.81
US_2Y,US 2Y,2026-04-02,3.79
US_2Y,US 2Y,2026-04-03,3.84
US_2Y,US 2Y,2026-04-06,3.84
US_2Y,US 2Y,2026-04-07,3.81
US_2Y,US 2Y,2026-04-08,3.79
US_2Y,US 2Y,2026-04-09,3.78
US_2Y,US 2Y,2026-04-10,3.81
US_2Y,US 2Y,2026-04-13,3.78
US_2Y,US 2Y,2026-04-14,3.76
US_2Y,US 2Y,2026-04-15,3.76
US_2Y,US 2Y,2026-04-16,3.78
US_2Y,US 2Y,2026-04-17,3.71
US_2Y,US 2Y,2026-04-20,3.72
US_2Y,US 2Y,2026-04-21,3.78
US_2Y,US 2Y,2026-04-22,3.79
US_2Y,US 2Y,2026-04-23,3.83
US_2Y,US 2Y,2026-04-24,3.78
US_2Y,US 2Y,2026-04-27,3.78
US_2Y,US 2Y,2026-04-28,3.84
US_2Y,US 2Y,2026-04-29,3.92
US_2Y,US 2Y,2026-04-30,3.88
US_2Y,US 2Y,2026-05-01,3.88
US_2Y,US 2Y,2026-05-04,3.95
US_2Y,US 2Y,2026-05-05,3.93
US_2Y,US 2Y,2026-05-06,3.87
US_2Y,US 2Y,2026-05-07,3.92
US_2Y,US 2Y,2026-05-08,3.9
US_2Y,US 2Y,2026-05-11,3.95
US_2Y,US 2Y,2026-05-12,4.0
US_2Y,US 2Y,2026-05-13,3.98
US_2Y,US 2Y,2026-05-14,4.0
US_2Y,US 2Y,2026-05-15,4.09
US_2Y,US 2Y,2026-05-18,4.07
US_2Y,US 2Y,2026-05-19,4.13
US_2Y,US 2Y,2026-05-20,4.04
US_2Y,US 2Y,2026-05-21,4.08
US_2Y,US 2Y,2026-05-22,4.13
US_2Y,US 2Y,2026-05-26,4.01
US_2Y,US 2Y,2026-05-27,4.0
US_2Y,US 2Y,2026-05-28,3.99
US_2Y,US 2Y,2026-05-29,3.98
US_2Y,US 2Y,2026-06-01,4.05
US_2Y,US 2Y,2026-06-02,4.05
US_2Y,US 2Y,2026-06-03,4.08
US_2Y,US 2Y,2026-06-04,4.05
US_2Y,US 2Y,2026-06-05,4.17
US_2Y,US 2Y,2026-06-08,4.15
US_2Y,US 2Y,2026-06-09,4.13
US_2Y,US 2Y,2026-06-10,4.13
US_2Y,US 2Y,2026-06-11,4.05
US_2Y,US 2Y,2026-06-12,4.09
US_2Y,US 2Y,2026-06-15,4.07
US_2Y,US 2Y,2026-06-16,4.05
US_2Y,US 2Y,2026-06-17,4.2
US_2Y,US 2Y,2026-06-18,4.19
US_2Y,US 2Y,2026-06-22,4.24
US_2Y,US 2Y,2026-06-23,4.16
US_2Y,US 2Y,2026-06-24,4.11
US_2Y,US 2Y,2026-06-25,4.09
US_2Y,US 2Y,2026-06-26,4.07
US_2Y,US 2Y,2026-06-29,4.1
US_2Y,US 2Y,2026-06-30,4.14
US_2Y,US 2Y,2026-07-01,4.17
US_2Y,US 2Y,2026-07-02,4.14
US_2Y,US 2Y,2026-07-06,4.13
US_2Y,US 2Y,2026-07-07,4.19
US_2Y,US 2Y,2026-07-08,4.21
US_2Y,US 2Y,2026-07-09,4.16
US_2Y,US 2Y,2026-07-10,4.21
US_2Y,US 2Y,2026-07-13,4.26
US_2Y,US 2Y,2026-07-14,4.18
US_2Y,US 2Y,2026-07-15,4.13
US_2Y,US 2Y,2026-07-16,4.16
US_2Y,US 2Y,2026-07-17,4.18
US_2Y,US 2Y,2026-07-20,4.21
US_2Y,US 2Y,2026-07-21,4.26
US_2Y,US 2Y,2026-07-22,4.31
US_2Y,US 2Y,2026-07-23,4.37
US_2Y,US 2Y,2026-07-24,4.33
US_2Y,US 2Y,2026-07-27,4.31
US_2Y,US 2Y,2026-07-28,4.26
US_2Y,US 2Y,2026-07-29,4.22
US_2Y,US 2Y,2026-07-30,4.23
US_2Y,US 2Y,2026-07-31,4.28
US_2Y,US 2Y,2026-08-03,4.25
US_10Y,US 10Y,2024-12-26,4.58
US_10Y,US 10Y,2024-12-27,4.62
US_10Y,US 10Y,2024-12-30,4.55
US_10Y,US 10Y,2024-12-31,4.58
US_10Y,US 10Y,2025-01-02,4.57
US_10Y,US 10Y,2025-01-03,4.6
US_10Y,US 10Y,2025-01-06,4.62
US_10Y,US 10Y,2025-01-07,4.67
US_10Y,US 10Y,2025-01-08,4.67
US_10Y,US 10Y,2025-01-09,4.68
US_10Y,US 10Y,2025-01-10,4.77
US_10Y,US 10Y,2025-01-13,4.79
US_10Y,US 10Y,2025-01-14,4.78
US_10Y,US 10Y,2025-01-15,4.66
US_10Y,US 10Y,2025-01-16,4.61
US_10Y,US 10Y,2025-01-17,4.61
US_10Y,US 10Y,2025-01-21,4.57
US_10Y,US 10Y,2025-01-22,4.6
US_10Y,US 10Y,2025-01-23,4.65
US_10Y,US 10Y,2025-01-24,4.63
US_10Y,US 10Y,2025-01-27,4.53
US_10Y,US 10Y,2025-01-28,4.55
US_10Y,US 10Y,2025-01-29,4.55
US_10Y,US 10Y,2025-01-30,4.52
US_10Y,US 10Y,2025-01-31,4.58
US_10Y,US 10Y,2025-02-03,4.54
US_10Y,US 10Y,2025-02-04,4.52
US_10Y,US 10Y,2025-02-05,4.43
US_10Y,US 10Y,2025-02-06,4.45
US_10Y,US 10Y,2025-02-07,4.49
US_10Y,US 10Y,2025-02-10,4.51
US_10Y,US 10Y,2025-02-11,4.54
US_10Y,US 10Y,2025-02-12,4.62
US_10Y,US 10Y,2025-02-13,4.52
US_10Y,US 10Y,2025-02-14,4.47
US_10Y,US 10Y,2025-02-18,4.55
US_10Y,US 10Y,2025-02-19,4.53
US_10Y,US 10Y,2025-02-20,4.5
US_10Y,US 10Y,2025-02-21,4.42
US_10Y,US 10Y,2025-02-24,4.4
US_10Y,US 10Y,2025-02-25,4.3
US_10Y,US 10Y,2025-02-26,4.25
US_10Y,US 10Y,2025-02-27,4.29
US_10Y,US 10Y,2025-02-28,4.24
US_10Y,US 10Y,2025-03-03,4.16
US_10Y,US 10Y,2025-03-04,4.22
US_10Y,US 10Y,2025-03-05,4.28
US_10Y,US 10Y,2025-03-06,4.29
US_10Y,US 10Y,2025-03-07,4.32
US_10Y,US 10Y,2025-03-10,4.22
US_10Y,US 10Y,2025-03-11,4.28
US_10Y,US 10Y,2025-03-12,4.32
US_10Y,US 10Y,2025-03-13,4.27
US_10Y,US 10Y,2025-03-14,4.31
US_10Y,US 10Y,2025-03-17,4.31
US_10Y,US 10Y,2025-03-18,4.29
US_10Y,US 10Y,2025-03-19,4.25
US_10Y,US 10Y,2025-03-20,4.24
US_10Y,US 10Y,2025-03-21,4.25
US_10Y,US 10Y,2025-03-24,4.34
US_10Y,US 10Y,2025-03-25,4.31
US_10Y,US 10Y,2025-03-26,4.35
US_10Y,US 10Y,2025-03-27,4.38
US_10Y,US 10Y,2025-03-28,4.27
US_10Y,US 10Y,2025-03-31,4.23
US_10Y,US 10Y,2025-04-01,4.17
US_10Y,US 10Y,2025-04-02,4.2
US_10Y,US 10Y,2025-04-03,4.06
US_10Y,US 10Y,2025-04-04,4.01
US_10Y,US 10Y,2025-04-07,4.15
US_10Y,US 10Y,2025-04-08,4.26
US_10Y,US 10Y,2025-04-09,4.34
US_10Y,US 10Y,2025-04-10,4.4
US_10Y,US 10Y,2025-04-11,4.48
US_10Y,US 10Y,2025-04-14,4.38
US_10Y,US 10Y,2025-04-15,4.35
US_10Y,US 10Y,2025-04-16,4.29
US_10Y,US 10Y,2025-04-17,4.34
US_10Y,US 10Y,2025-04-21,4.42
US_10Y,US 10Y,2025-04-22,4.41
US_10Y,US 10Y,2025-04-23,4.4
US_10Y,US 10Y,2025-04-24,4.32
US_10Y,US 10Y,2025-04-25,4.29
US_10Y,US 10Y,2025-04-28,4.23
US_10Y,US 10Y,2025-04-29,4.19
US_10Y,US 10Y,2025-04-30,4.17
US_10Y,US 10Y,2025-05-01,4.25
US_10Y,US 10Y,2025-05-02,4.33
US_10Y,US 10Y,2025-05-05,4.36
US_10Y,US 10Y,2025-05-06,4.3
US_10Y,US 10Y,2025-05-07,4.26
US_10Y,US 10Y,2025-05-08,4.37
US_10Y,US 10Y,2025-05-09,4.37
US_10Y,US 10Y,2025-05-12,4.45
US_10Y,US 10Y,2025-05-13,4.49
US_10Y,US 10Y,2025-05-14,4.53
US_10Y,US 10Y,2025-05-15,4.45
US_10Y,US 10Y,2025-05-16,4.43
US_10Y,US 10Y,2025-05-19,4.46
US_10Y,US 10Y,2025-05-20,4.48
US_10Y,US 10Y,2025-05-21,4.58
US_10Y,US 10Y,2025-05-22,4.54
US_10Y,US 10Y,2025-05-23,4.51
US_10Y,US 10Y,2025-05-27,4.43
US_10Y,US 10Y,2025-05-28,4.47
US_10Y,US 10Y,2025-05-29,4.43
US_10Y,US 10Y,2025-05-30,4.41
US_10Y,US 10Y,2025-06-02,4.46
US_10Y,US 10Y,2025-06-03,4.46
US_10Y,US 10Y,2025-06-04,4.37
US_10Y,US 10Y,2025-06-05,4.4
US_10Y,US 10Y,2025-06-06,4.51
US_10Y,US 10Y,2025-06-09,4.49
US_10Y,US 10Y,2025-06-10,4.47
US_10Y,US 10Y,2025-06-11,4.41
US_10Y,US 10Y,2025-06-12,4.36
US_10Y,US 10Y,2025-06-13,4.41
US_10Y,US 10Y,2025-06-16,4.46
US_10Y,US 10Y,2025-06-17,4.39
US_10Y,US 10Y,2025-06-18,4.38
US_10Y,US 10Y,2025-06-20,4.38
US_10Y,US 10Y,2025-06-23,4.34
US_10Y,US 10Y,2025-06-24,4.3
US_10Y,US 10Y,2025-06-25,4.29
US_10Y,US 10Y,2025-06-26,4.26
US_10Y,US 10Y,2025-06-27,4.29
US_10Y,US 10Y,2025-06-30,4.24
US_10Y,US 10Y,2025-07-01,4.26
US_10Y,US 10Y,2025-07-02,4.3
US_10Y,US 10Y,2025-07-03,4.35
US_10Y,US 10Y,2025-07-07,4.4
US_10Y,US 10Y,2025-07-08,4.42
US_10Y,US 10Y,2025-07-09,4.34
US_10Y,US 10Y,2025-07-10,4.35
US_10Y,US 10Y,2025-07-11,4.43
US_10Y,US 10Y,2025-07-14,4.43
US_10Y,US 10Y,2025-07-15,4.5
US_10Y,US 10Y,2025-07-16,4.46
US_10Y,US 10Y,2025-07-17,4.47
US_10Y,US 10Y,2025-07-18,4.44
US_10Y,US 10Y,2025-07-21,4.38
US_10Y,US 10Y,2025-07-22,4.35
US_10Y,US 10Y,2025-07-23,4.4
US_10Y,US 10Y,2025-07-24,4.43
US_10Y,US 10Y,2025-07-25,4.4
US_10Y,US 10Y,2025-07-28,4.42
US_10Y,US 10Y,2025-07-29,4.34
US_10Y,US 10Y,2025-07-30,4.38
US_10Y,US 10Y,2025-07-31,4.37
US_10Y,US 10Y,2025-08-01,4.23
US_10Y,US 10Y,2025-08-04,4.22
US_10Y,US 10Y,2025-08-05,4.22
US_10Y,US 10Y,2025-08-06,4.22
US_10Y,US 10Y,2025-08-07,4.23
US_10Y,US 10Y,2025-08-08,4.27
US_10Y,US 10Y,2025-08-11,4.27
US_10Y,US 10Y,2025-08-12,4.29
US_10Y,US 10Y,2025-08-13,4.24
US_10Y,US 10Y,2025-08-14,4.29
US_10Y,US 10Y,2025-08-15,4.33
US_10Y,US 10Y,2025-08-18,4.34
US_10Y,US 10Y,2025-08-19,4.3
US_10Y,US 10Y,2025-08-20,4.29
US_10Y,US 10Y,2025-08-21,4.33
US_10Y,US 10Y,2025-08-22,4.26
US_10Y,US 10Y,2025-08-25,4.28
US_10Y,US 10Y,2025-08-26,4.26
US_10Y,US 10Y,2025-08-27,4.24
US_10Y,US 10Y,2025-08-28,4.22
US_10Y,US 10Y,2025-08-29,4.23
US_10Y,US 10Y,2025-09-02,4.28
US_10Y,US 10Y,2025-09-03,4.22
US_10Y,US 10Y,2025-09-04,4.17
US_10Y,US 10Y,2025-09-05,4.1
US_10Y,US 10Y,2025-09-08,4.05
US_10Y,US 10Y,2025-09-09,4.08
US_10Y,US 10Y,2025-09-10,4.04
US_10Y,US 10Y,2025-09-11,4.01
US_10Y,US 10Y,2025-09-12,4.06
US_10Y,US 10Y,2025-09-15,4.05
US_10Y,US 10Y,2025-09-16,4.04
US_10Y,US 10Y,2025-09-17,4.06
US_10Y,US 10Y,2025-09-18,4.11
US_10Y,US 10Y,2025-09-19,4.14
US_10Y,US 10Y,2025-09-22,4.15
US_10Y,US 10Y,2025-09-23,4.12
US_10Y,US 10Y,2025-09-24,4.16
US_10Y,US 10Y,2025-09-25,4.18
US_10Y,US 10Y,2025-09-26,4.2
US_10Y,US 10Y,2025-09-29,4.15
US_10Y,US 10Y,2025-09-30,4.16
US_10Y,US 10Y,2025-10-01,4.12
US_10Y,US 10Y,2025-10-02,4.1
US_10Y,US 10Y,2025-10-03,4.13
US_10Y,US 10Y,2025-10-06,4.18
US_10Y,US 10Y,2025-10-07,4.14
US_10Y,US 10Y,2025-10-08,4.13
US_10Y,US 10Y,2025-10-09,4.14
US_10Y,US 10Y,2025-10-10,4.05
US_10Y,US 10Y,2025-10-14,4.03
US_10Y,US 10Y,2025-10-15,4.05
US_10Y,US 10Y,2025-10-16,3.99
US_10Y,US 10Y,2025-10-17,4.02
US_10Y,US 10Y,2025-10-20,4.0
US_10Y,US 10Y,2025-10-21,3.98
US_10Y,US 10Y,2025-10-22,3.97
US_10Y,US 10Y,2025-10-23,4.01
US_10Y,US 10Y,2025-10-24,4.02
US_10Y,US 10Y,2025-10-27,4.01
US_10Y,US 10Y,2025-10-28,3.99
US_10Y,US 10Y,2025-10-29,4.08
US_10Y,US 10Y,2025-10-30,4.11
US_10Y,US 10Y,2025-10-31,4.11
US_10Y,US 10Y,2025-11-03,4.13
US_10Y,US 10Y,2025-11-04,4.1
US_10Y,US 10Y,2025-11-05,4.17
US_10Y,US 10Y,2025-11-06,4.11
US_10Y,US 10Y,2025-11-07,4.11
US_10Y,US 10Y,2025-11-10,4.13
US_10Y,US 10Y,2025-11-12,4.08
US_10Y,US 10Y,2025-11-13,4.11
US_10Y,US 10Y,2025-11-14,4.14
US_10Y,US 10Y,2025-11-17,4.13
US_10Y,US 10Y,2025-11-18,4.12
US_10Y,US 10Y,2025-11-19,4.13
US_10Y,US 10Y,2025-11-20,4.1
US_10Y,US 10Y,2025-11-21,4.06
US_10Y,US 10Y,2025-11-24,4.04
US_10Y,US 10Y,2025-11-25,4.01
US_10Y,US 10Y,2025-11-26,4.0
US_10Y,US 10Y,2025-11-28,4.02
US_10Y,US 10Y,2025-12-01,4.09
US_10Y,US 10Y,2025-12-02,4.09
US_10Y,US 10Y,2025-12-03,4.06
US_10Y,US 10Y,2025-12-04,4.11
US_10Y,US 10Y,2025-12-05,4.14
US_10Y,US 10Y,2025-12-08,4.17
US_10Y,US 10Y,2025-12-09,4.18
US_10Y,US 10Y,2025-12-10,4.13
US_10Y,US 10Y,2025-12-11,4.14
US_10Y,US 10Y,2025-12-12,4.19
US_10Y,US 10Y,2025-12-15,4.18
US_10Y,US 10Y,2025-12-16,4.15
US_10Y,US 10Y,2025-12-17,4.16
US_10Y,US 10Y,2025-12-18,4.12
US_10Y,US 10Y,2025-12-19,4.16
US_10Y,US 10Y,2025-12-22,4.17
US_10Y,US 10Y,2025-12-23,4.18
US_10Y,US 10Y,2025-12-24,4.15
US_10Y,US 10Y,2025-12-26,4.14
US_10Y,US 10Y,2025-12-29,4.12
US_10Y,US 10Y,2025-12-30,4.14
US_10Y,US 10Y,2025-12-31,4.18
US_10Y,US 10Y,2026-01-02,4.19
US_10Y,US 10Y,2026-01-05,4.17
US_10Y,US 10Y,2026-01-06,4.18
US_10Y,US 10Y,2026-01-07,4.15
US_10Y,US 10Y,2026-01-08,4.19
US_10Y,US 10Y,2026-01-09,4.18
US_10Y,US 10Y,2026-01-12,4.19
US_10Y,US 10Y,2026-01-13,4.18
US_10Y,US 10Y,2026-01-14,4.15
US_10Y,US 10Y,2026-01-15,4.17
US_10Y,US 10Y,2026-01-16,4.24
US_10Y,US 10Y,2026-01-20,4.3
US_10Y,US 10Y,2026-01-21,4.26
US_10Y,US 10Y,2026-01-22,4.26
US_10Y,US 10Y,2026-01-23,4.24
US_10Y,US 10Y,2026-01-26,4.22
US_10Y,US 10Y,2026-01-27,4.24
US_10Y,US 10Y,2026-01-28,4.26
US_10Y,US 10Y,2026-01-29,4.24
US_10Y,US 10Y,2026-01-30,4.26
US_10Y,US 10Y,2026-02-02,4.29
US_10Y,US 10Y,2026-02-03,4.28
US_10Y,US 10Y,2026-02-04,4.29
US_10Y,US 10Y,2026-02-05,4.21
US_10Y,US 10Y,2026-02-06,4.22
US_10Y,US 10Y,2026-02-09,4.22
US_10Y,US 10Y,2026-02-10,4.16
US_10Y,US 10Y,2026-02-11,4.18
US_10Y,US 10Y,2026-02-12,4.09
US_10Y,US 10Y,2026-02-13,4.04
US_10Y,US 10Y,2026-02-17,4.05
US_10Y,US 10Y,2026-02-18,4.09
US_10Y,US 10Y,2026-02-19,4.08
US_10Y,US 10Y,2026-02-20,4.08
US_10Y,US 10Y,2026-02-23,4.03
US_10Y,US 10Y,2026-02-24,4.04
US_10Y,US 10Y,2026-02-25,4.05
US_10Y,US 10Y,2026-02-26,4.02
US_10Y,US 10Y,2026-02-27,3.97
US_10Y,US 10Y,2026-03-02,4.05
US_10Y,US 10Y,2026-03-03,4.06
US_10Y,US 10Y,2026-03-04,4.09
US_10Y,US 10Y,2026-03-05,4.13
US_10Y,US 10Y,2026-03-06,4.15
US_10Y,US 10Y,2026-03-09,4.12
US_10Y,US 10Y,2026-03-10,4.15
US_10Y,US 10Y,2026-03-11,4.21
US_10Y,US 10Y,2026-03-12,4.27
US_10Y,US 10Y,2026-03-13,4.28
US_10Y,US 10Y,2026-03-16,4.23
US_10Y,US 10Y,2026-03-17,4.2
US_10Y,US 10Y,2026-03-18,4.26
US_10Y,US 10Y,2026-03-19,4.25
US_10Y,US 10Y,2026-03-20,4.39
US_10Y,US 10Y,2026-03-23,4.34
US_10Y,US 10Y,2026-03-24,4.39
US_10Y,US 10Y,2026-03-25,4.33
US_10Y,US 10Y,2026-03-26,4.42
US_10Y,US 10Y,2026-03-27,4.44
US_10Y,US 10Y,2026-03-30,4.35
US_10Y,US 10Y,2026-03-31,4.3
US_10Y,US 10Y,2026-04-01,4.33
US_10Y,US 10Y,2026-04-02,4.31
US_10Y,US 10Y,2026-04-03,4.35
US_10Y,US 10Y,2026-04-06,4.34
US_10Y,US 10Y,2026-04-07,4.33
US_10Y,US 10Y,2026-04-08,4.29
US_10Y,US 10Y,2026-04-09,4.29
US_10Y,US 10Y,2026-04-10,4.31
US_10Y,US 10Y,2026-04-13,4.3
US_10Y,US 10Y,2026-04-14,4.26
US_10Y,US 10Y,2026-04-15,4.29
US_10Y,US 10Y,2026-04-16,4.32
US_10Y,US 10Y,2026-04-17,4.26
US_10Y,US 10Y,2026-04-20,4.26
US_10Y,US 10Y,2026-04-21,4.3
US_10Y,US 10Y,2026-04-22,4.3
US_10Y,US 10Y,2026-04-23,4.34
US_10Y,US 10Y,2026-04-24,4.31
US_10Y,US 10Y,2026-04-27,4.35
US_10Y,US 10Y,2026-04-28,4.36
US_10Y,US 10Y,2026-04-29,4.42
US_10Y,US 10Y,2026-04-30,4.4
US_10Y,US 10Y,2026-05-01,4.39
US_10Y,US 10Y,2026-05-04,4.45
US_10Y,US 10Y,2026-05-05,4.43
US_10Y,US 10Y,2026-05-06,4.36
US_10Y,US 10Y,2026-05-07,4.41
US_10Y,US 10Y,2026-05-08,4.38
US_10Y,US 10Y,2026-05-11,4.42
US_10Y,US 10Y,2026-05-12,4.46
US_10Y,US 10Y,2026-05-13,4.46
US_10Y,US 10Y,2026-05-14,4.47
US_10Y,US 10Y,2026-05-15,4.59
US_10Y,US 10Y,2026-05-18,4.61
US_10Y,US 10Y,2026-05-19,4.67
US_10Y,US 10Y,2026-05-20,4.57
US_10Y,US 10Y,2026-05-21,4.57
US_10Y,US 10Y,2026-05-22,4.56
US_10Y,US 10Y,2026-05-26,4.5
US_10Y,US 10Y,2026-05-27,4.48
US_10Y,US 10Y,2026-05-28,4.45
US_10Y,US 10Y,2026-05-29,4.45
US_10Y,US 10Y,2026-06-01,4.47
US_10Y,US 10Y,2026-06-02,4.46
US_10Y,US 10Y,2026-06-03,4.49
US_10Y,US 10Y,2026-06-04,4.47
US_10Y,US 10Y,2026-06-05,4.55
US_10Y,US 10Y,2026-06-08,4.56
US_10Y,US 10Y,2026-06-09,4.53
US_10Y,US 10Y,2026-06-10,4.55
US_10Y,US 10Y,2026-06-11,4.45
US_10Y,US 10Y,2026-06-12,4.48
US_10Y,US 10Y,2026-06-15,4.47
US_10Y,US 10Y,2026-06-16,4.43
US_10Y,US 10Y,2026-06-17,4.49
US_10Y,US 10Y,2026-06-18,4.46
US_10Y,US 10Y,2026-06-22,4.51
US_10Y,US 10Y,2026-06-23,4.5
US_10Y,US 10Y,2026-06-24,4.41
US_10Y,US 10Y,2026-06-25,4.4
US_10Y,US 10Y,2026-06-26,4.38
US_10Y,US 10Y,2026-06-29,4.38
US_10Y,US 10Y,2026-06-30,4.44
US_10Y,US 10Y,2026-07-01,4.48
US_10Y,US 10Y,2026-07-02,4.49
US_10Y,US 10Y,2026-07-06,4.48
US_10Y,US 10Y,2026-07-07,4.55
US_10Y,US 10Y,2026-07-08,4.56
US_10Y,US 10Y,2026-07-09,4.54
US_10Y,US 10Y,2026-07-10,4.56
US_10Y,US 10Y,2026-07-13,4.62
US_10Y,US 10Y,2026-07-14,4.58
US_10Y,US 10Y,2026-07-15,4.55
US_10Y,US 10Y,2026-07-16,4.57
US_10Y,US 10Y,2026-07-17,4.55
US_10Y,US 10Y,2026-07-20,4.6
US_10Y,US 10Y,2026-07-21,4.63
US_10Y,US 10Y,2026-07-22,4.67
US_10Y,US 10Y,2026-07-23,4.71
US_10Y,US 10Y,2026-07-24,4.69
US_10Y,US 10Y,2026-07-27,4.65
US_10Y,US 10Y,2026-07-28,4.61
US_10Y,US 10Y,2026-07-29,4.67
US_10Y,US 10Y,2026-07-30,4.68
US_10Y,US 10Y,2026-07-31,4.75
US_10Y,US 10Y,2026-08-03,4.7
IL_MAKAM,Israel Makam (1Y),2024-12-11,4.1963267326356
IL_MAKAM,Israel Makam (1Y),2024-12-12,4.208391904831
IL_MAKAM,Israel Makam (1Y),2024-12-15,4.2337584495546
IL_MAKAM,Israel Makam (1Y),2024-12-16,4.2347931861879
IL_MAKAM,Israel Makam (1Y),2024-12-17,4.2245221138002
IL_MAKAM,Israel Makam (1Y),2024-12-18,4.2255377769472
IL_MAKAM,Israel Makam (1Y),2024-12-19,4.2948365211488
IL_MAKAM,Israel Makam (1Y),2024-12-22,4.2985224723817
IL_MAKAM,Israel Makam (1Y),2024-12-23,4.2652344703676
IL_MAKAM,Israel Makam (1Y),2024-12-24,4.2317843437196
IL_MAKAM,Israel Makam (1Y),2024-12-25,4.2212867736818
IL_MAKAM,Israel Makam (1Y),2024-12-26,4.1991424560547
IL_MAKAM,Israel Makam (1Y),2024-12-29,4.1904211044313
IL_MAKAM,Israel Makam (1Y),2024-12-30,4.1796731948853
IL_MAKAM,Israel Makam (1Y),2024-12-31,4.1923689842225
IL_MAKAM,Israel Makam (1Y),2025-01-01,4.1933536529542
IL_MAKAM,Israel Makam (1Y),2025-01-02,4.2061686515809
IL_MAKAM,Israel Makam (1Y),2025-01-05,4.2092895507813
IL_MAKAM,Israel Makam (1Y),2025-01-06,4.1983819007874
IL_MAKAM,Israel Makam (1Y),2025-01-08,4.2228460311891
IL_MAKAM,Israel Makam (1Y),2025-01-09,4.201912879944
IL_MAKAM,Israel Makam (1Y),2025-01-12,4.2046523094178
IL_MAKAM,Israel Makam (1Y),2025-01-13,4.2055773735048
IL_MAKAM,Israel Makam (1Y),2025-01-14,4.206509590149
IL_MAKAM,Israel Makam (1Y),2025-01-15,4.2074465751649
IL_MAKAM,Israel Makam (1Y),2025-01-16,4.2418599128724
IL_MAKAM,Israel Makam (1Y),2025-01-19,4.2337584495546
IL_MAKAM,Israel Makam (1Y),2025-01-20,4.2235136032106
IL_MAKAM,Israel Makam (1Y),2025-01-21,4.2019081115724
IL_MAKAM,Israel Makam (1Y),2025-01-22,4.2028617858887
IL_MAKAM,Israel Makam (1Y),2025-01-23,4.2151904106142
IL_MAKAM,Israel Makam (1Y),2025-01-26,4.2067432403566
IL_MAKAM,Israel Makam (1Y),2025-01-27,4.1732561588289
IL_MAKAM,Israel Makam (1Y),2025-01-28,4.1856741905214
IL_MAKAM,Israel Makam (1Y),2025-01-29,4.1981673240663
IL_MAKAM,Israel Makam (1Y),2025-01-30,4.2107343673707
IL_MAKAM,Israel Makam (1Y),2025-02-02,4.2138004302979
IL_MAKAM,Israel Makam (1Y),2025-02-03,4.2265653610231
IL_MAKAM,Israel Makam (1Y),2025-02-04,4.2394089698792
IL_MAKAM,Israel Makam (1Y),2025-02-05,4.2313932157203
IL_MAKAM,Israel Makam (1Y),2025-02-06,4.2210668255905
IL_MAKAM,Israel Makam (1Y),2025-02-09,4.2126709390143
IL_MAKAM,Israel Makam (1Y),2025-02-10,4.2193135697311
IL_MAKAM,Israel Makam (1Y),2025-02-11,4.2176032066347
IL_MAKAM,Israel Makam (1Y),2025-02-12,4.2408251762392
IL_MAKAM,Israel Makam (1Y),2025-02-13,4.2418599128724
IL_MAKAM,Israel Makam (1Y),2025-02-16,4.2337584495546
IL_MAKAM,Israel Makam (1Y),2025-02-17,4.2347931861879
IL_MAKAM,Israel Makam (1Y),2025-02-18,4.2245221138002
IL_MAKAM,Israel Makam (1Y),2025-02-19,4.2141985893251
IL_MAKAM,Israel Makam (1Y),2025-02-20,4.2038226127626
IL_MAKAM,Israel Makam (1Y),2025-02-23,4.2067432403566
IL_MAKAM,Israel Makam (1Y),2025-02-24,4.2192268371583
IL_MAKAM,Israel Makam (1Y),2025-02-25,4.2317843437196
IL_MAKAM,Israel Makam (1Y),2025-02-26,4.2212867736818
IL_MAKAM,Israel Makam (1Y),2025-02-27,4.2571234703065
IL_MAKAM,Israel Makam (1Y),2025-03-02,4.2254948616029
IL_MAKAM,Israel Makam (1Y),2025-03-03,4.2382955551148
IL_MAKAM,Israel Makam (1Y),2025-03-04,4.2394089698792
IL_MAKAM,Israel Makam (1Y),2025-03-05,4.2253378010075
IL_MAKAM,Israel Makam (1Y),2025-03-06,4.2322858159348
IL_MAKAM,Israel Makam (1Y),2025-03-09,4.2244327620586
IL_MAKAM,Israel Makam (1Y),2025-03-10,4.2194804075133
IL_MAKAM,Israel Makam (1Y),2025-03-11,4.2176032066347
IL_MAKAM,Israel Makam (1Y),2025-03-12,4.2185711860658
IL_MAKAM,Israel Makam (1Y),2025-03-13,4.2327332496644
IL_MAKAM,Israel Makam (1Y),2025-03-16,4.188780784607
IL_MAKAM,Israel Makam (1Y),2025-03-17,4.2009615898133
IL_MAKAM,Israel Makam (1Y),2025-03-18,4.2019081115724
IL_MAKAM,Israel Makam (1Y),2025-03-19,4.2141985893251
IL_MAKAM,Israel Makam (1Y),2025-03-20,4.2151904106142
IL_MAKAM,Israel Makam (1Y),2025-03-23,4.2182064056398
IL_MAKAM,Israel Makam (1Y),2025-03-24,4.2307233810426
IL_MAKAM,Israel Makam (1Y),2025-03-25,4.2548537254335
IL_MAKAM,Israel Makam (1Y),2025-03-26,4.2559838294983
IL_MAKAM,Israel Makam (1Y),2025-03-27,4.2571234703065
IL_MAKAM,Israel Makam (1Y),2025-03-30,4.2488908767701
IL_MAKAM,Israel Makam (1Y),2025-03-31,4.2617630958558
IL_MAKAM,Israel Makam (1Y),2025-04-01,4.2629432678224
IL_MAKAM,Israel Makam (1Y),2025-04-02,4.2821613427218
IL_MAKAM,Israel Makam (1Y),2025-04-03,4.2610021498401
IL_MAKAM,Israel Makam (1Y),2025-04-06,4.2878731757469
IL_MAKAM,Israel Makam (1Y),2025-04-07,4.3015653118857
IL_MAKAM,Israel Makam (1Y),2025-04-08,4.2397964000703
IL_MAKAM,Israel Makam (1Y),2025-04-09,4.2742228507996
IL_MAKAM,Israel Makam (1Y),2025-04-10,4.2418599128724
IL_MAKAM,Israel Makam (1Y),2025-04-14,4.2235136032106
IL_MAKAM,Israel Makam (1Y),2025-04-15,4.2245221138002
IL_MAKAM,Israel Makam (1Y),2025-04-16,4.2255377769472
IL_MAKAM,Israel Makam (1Y),2025-04-17,4.2265605926515
IL_MAKAM,Israel Makam (1Y),2025-04-20,4.1952800750734
IL_MAKAM,Israel Makam (1Y),2025-04-21,4.1962361335756
IL_MAKAM,Israel Makam (1Y),2025-04-22,4.2087244987489
IL_MAKAM,Israel Makam (1Y),2025-04-23,4.2097258567812
IL_MAKAM,Israel Makam (1Y),2025-04-24,4.2107343673707
IL_MAKAM,Israel Makam (1Y),2025-04-27,4.2021107673646
IL_MAKAM,Israel Makam (1Y),2025-04-28,4.2148399353028
IL_MAKAM,Israel Makam (1Y),2025-04-29,4.1923689842225
IL_MAKAM,Israel Makam (1Y),2025-05-04,4.1854357719423
IL_MAKAM,Israel Makam (1Y),2025-05-05,4.2462491989137
IL_MAKAM,Israel Makam (1Y),2025-05-07,4.2228460311891
IL_MAKAM,Israel Makam (1Y),2025-05-08,4.2128586769105
IL_MAKAM,Israel Makam (1Y),2025-05-11,4.2046523094178
IL_MAKAM,Israel Makam (1Y),2025-05-12,4.2166399955751
IL_MAKAM,Israel Makam (1Y),2025-05-13,4.206509590149
IL_MAKAM,Israel Makam (1Y),2025-05-14,4.2074465751649
IL_MAKAM,Israel Makam (1Y),2025-05-15,4.208391904831
IL_MAKAM,Israel Makam (1Y),2025-05-18,4.256262779236
IL_MAKAM,Israel Makam (1Y),2025-05-19,4.257357120514
IL_MAKAM,Israel Makam (1Y),2025-05-20,4.2471456527711
IL_MAKAM,Israel Makam (1Y),2025-05-21,4.2822694778443
IL_MAKAM,Israel Makam (1Y),2025-05-22,4.2948365211488
IL_MAKAM,Israel Makam (1Y),2025-05-25,4.2640852928163
IL_MAKAM,Israel Makam (1Y),2025-05-26,4.2767429351807
IL_MAKAM,Israel Makam (1Y),2025-05-27,4.2663908004762
IL_MAKAM,Israel Makam (1Y),2025-05-28,4.267556667328
IL_MAKAM,Israel Makam (1Y),2025-05-29,4.2919445037843
IL_MAKAM,Israel Makam (1Y),2025-06-03,4.2982649803163
IL_MAKAM,Israel Makam (1Y),2025-06-04,4.2885315161994
IL_MAKAM,Israel Makam (1Y),2025-06-05,4.2669307908319
IL_MAKAM,Israel Makam (1Y),2025-06-08,4.2703942420425
IL_MAKAM,Israel Makam (1Y),2025-06-09,4.2830932427446
IL_MAKAM,Israel Makam (1Y),2025-06-10,4.3064343929292
IL_MAKAM,Israel Makam (1Y),2025-06-11,4.2965006828309
IL_MAKAM,Israel Makam (1Y),2025-06-12,4.3088614940644
IL_MAKAM,Israel Makam (1Y),2025-06-15,4.3238306045534
IL_MAKAM,Israel Makam (1Y),2025-06-16,4.3025159835817
IL_MAKAM,Israel Makam (1Y),2025-06-17,4.2584609985352
IL_MAKAM,Israel Makam (1Y),2025-06-18,4.2709183692933
IL_MAKAM,Israel Makam (1Y),2025-06-19,4.2493104934693
IL_MAKAM,Israel Makam (1Y),2025-06-22,4.2411422729493
IL_MAKAM,Israel Makam (1Y),2025-06-23,4.2307233810426
IL_MAKAM,Israel Makam (1Y),2025-06-24,4.2087244987489
IL_MAKAM,Israel Makam (1Y),2025-06-25,4.1981673240663
IL_MAKAM,Israel Makam (1Y),2025-06-26,4.1528010368348
IL_MAKAM,Israel Makam (1Y),2025-06-29,4.1904211044313
IL_MAKAM,Israel Makam (1Y),2025-06-30,4.0977072715761
IL_MAKAM,Israel Makam (1Y),2025-07-01,4.1336274147035
IL_MAKAM,Israel Makam (1Y),2025-07-02,4.10615022731
IL_MAKAM,Israel Makam (1Y),2025-07-03,4.0896503975999
IL_MAKAM,Israel Makam (1Y),2025-07-06,4.0418965929283
IL_MAKAM,Israel Makam (1Y),2025-07-07,4.0597725065599
IL_MAKAM,Israel Makam (1Y),2025-07-08,4.0587878227235
IL_MAKAM,Israel Makam (1Y),2025-07-09,4.0484213829042
IL_MAKAM,Israel Makam (1Y),2025-07-10,4.0380048751832
IL_MAKAM,Israel Makam (1Y),2025-07-13,4.0614223480226
IL_MAKAM,Israel Makam (1Y),2025-07-14,4.0619623661043
IL_MAKAM,Israel Makam (1Y),2025-07-15,4.0625059604645
IL_MAKAM,Israel Makam (1Y),2025-07-16,4.1074395179749
IL_MAKAM,Israel Makam (1Y),2025-07-17,4.1303801536562
IL_MAKAM,Israel Makam (1Y),2025-07-20,4.1438412666322
IL_MAKAM,Israel Makam (1Y),2025-07-21,4.1671538352968
IL_MAKAM,Israel Makam (1Y),2025-07-22,4.1567111015321
IL_MAKAM,Israel Makam (1Y),2025-07-23,4.1348910331727
IL_MAKAM,Israel Makam (1Y),2025-07-24,4.1697311401368
IL_MAKAM,Israel Makam (1Y),2025-07-27,4.1952800750734
IL_MAKAM,Israel Makam (1Y),2025-07-28,4.2307233810426
IL_MAKAM,Israel Makam (1Y),2025-07-29,4.2317843437196
IL_MAKAM,Israel Makam (1Y),2025-07-30,4.1981673240663
IL_MAKAM,Israel Makam (1Y),2025-07-31,4.2107343673707
IL_MAKAM,Israel Makam (1Y),2025-08-04,4.2031145095826
IL_MAKAM,Israel Makam (1Y),2025-08-05,4.2276453971864
IL_MAKAM,Israel Makam (1Y),2025-08-06,4.2089856551964
IL_MAKAM,Israel Makam (1Y),2025-08-07,4.1985805194196
IL_MAKAM,Israel Makam (1Y),2025-08-10,4.1840158226337
IL_MAKAM,Israel Makam (1Y),2025-08-11,4.2029117002478
IL_MAKAM,Israel Makam (1Y),2025-08-12,4.173243045807
IL_MAKAM,Israel Makam (1Y),2025-08-13,4.1740894317628
IL_MAKAM,Israel Makam (1Y),2025-08-14,4.1637992858887
IL_MAKAM,Israel Makam (1Y),2025-08-17,4.166306257248
IL_MAKAM,Israel Makam (1Y),2025-08-18,4.1558885574341
IL_MAKAM,Israel Makam (1Y),2025-08-19,4.1680073738099
IL_MAKAM,Israel Makam (1Y),2025-08-20,4.1688656806947
IL_MAKAM,Israel Makam (1Y),2025-08-21,4.1810917854311
IL_MAKAM,Israel Makam (1Y),2025-08-24,4.1723656654358
IL_MAKAM,Israel Makam (1Y),2025-08-25,4.1617703437806
IL_MAKAM,Israel Makam (1Y),2025-08-26,4.162633419037
IL_MAKAM,Israel Makam (1Y),2025-08-27,4.1635060310365
IL_MAKAM,Israel Makam (1Y),2025-08-28,4.1528010368348
IL_MAKAM,Israel Makam (1Y),2025-08-31,4.1553711891176
IL_MAKAM,Israel Makam (1Y),2025-09-01,4.1679549217225
IL_MAKAM,Israel Makam (1Y),2025-09-02,4.1806149482728
IL_MAKAM,Israel Makam (1Y),2025-09-03,4.1522399107707
IL_MAKAM,Israel Makam (1Y),2025-09-04,4.1421469854756
IL_MAKAM,Israel Makam (1Y),2025-09-07,4.0716972603606
IL_MAKAM,Israel Makam (1Y),2025-09-08,4.0709097270791
IL_MAKAM,Israel Makam (1Y),2025-09-09,4.139997959137
IL_MAKAM,Israel Makam (1Y),2025-09-10,4.0963411331178
IL_MAKAM,Israel Makam (1Y),2025-09-11,4.0747284889222
IL_MAKAM,Israel Makam (1Y),2025-09-14,4.0652871131898
IL_MAKAM,Israel Makam (1Y),2025-09-15,4.0883505344392
IL_MAKAM,Israel Makam (1Y),2025-09-16,4.0889859199525
IL_MAKAM,Israel Makam (1Y),2025-09-17,4.0896272659303
IL_MAKAM,Israel Makam (1Y),2025-09-18,4.0789318084718
IL_MAKAM,Israel Makam (1Y),2025-09-21,4.0808010101319
IL_MAKAM,Israel Makam (1Y),2025-09-25,4.0602374076845
IL_MAKAM,Israel Makam (1Y),2025-09-28,4.0620136260988
IL_MAKAM,Israel Makam (1Y),2025-09-29,4.0860080718995
IL_MAKAM,Israel Makam (1Y),2025-09-30,4.0762448310853
IL_MAKAM,Israel Makam (1Y),2025-10-05,4.0575075493761
IL_MAKAM,Israel Makam (1Y),2025-10-08,4.0484213829042
IL_MAKAM,Israel Makam (1Y),2025-10-09,4.0270960330964
IL_MAKAM,Israel Makam (1Y),2025-10-12,4.0174317359926
IL_MAKAM,Israel Makam (1Y),2025-10-15,4.0297889709474
IL_MAKAM,Israel Makam (1Y),2025-10-16,3.95250082016
IL_MAKAM,Israel Makam (1Y),2025-10-19,3.9532709121705
IL_MAKAM,Israel Makam (1Y),2025-10-20,3.9759778976442
IL_MAKAM,Israel Makam (1Y),2025-10-21,3.9875602722169
IL_MAKAM,Israel Makam (1Y),2025-10-22,3.965346813202
IL_MAKAM,Israel Makam (1Y),2025-10-23,3.9543318748475
IL_MAKAM,Israel Makam (1Y),2025-10-26,3.9437484741212
IL_MAKAM,Israel Makam (1Y),2025-10-27,3.9554381370546
IL_MAKAM,Israel Makam (1Y),2025-10-28,3.9327788352968
IL_MAKAM,Israel Makam (1Y),2025-10-29,3.9445018768312
IL_MAKAM,Israel Makam (1Y),2025-10-30,3.9447593688966
IL_MAKAM,Israel Makam (1Y),2025-11-02,3.9339113235475
IL_MAKAM,Israel Makam (1Y),2025-11-03,3.9808273315431
IL_MAKAM,Israel Makam (1Y),2025-11-04,3.957784175873
IL_MAKAM,Israel Makam (1Y),2025-11-05,3.9480029535253
IL_MAKAM,Israel Makam (1Y),2025-11-06,3.9378372984829
IL_MAKAM,Israel Makam (1Y),2025-11-09,3.9508822939777
IL_MAKAM,Israel Makam (1Y),2025-11-10,3.9442625918149
IL_MAKAM,Israel Makam (1Y),2025-11-11,3.9299297332765
IL_MAKAM,Israel Makam (1Y),2025-11-12,3.9190554618836
IL_MAKAM,Israel Makam (1Y),2025-11-13,3.9081251621247
IL_MAKAM,Israel Makam (1Y),2025-11-16,3.9197111129762
IL_MAKAM,Israel Makam (1Y),2025-11-17,3.9086675643922
IL_MAKAM,Israel Makam (1Y),2025-11-18,3.9088082313539
IL_MAKAM,Israel Makam (1Y),2025-11-19,3.9089512825014
IL_MAKAM,Israel Makam (1Y),2025-11-20,3.8977909088136
IL_MAKAM,Israel Makam (1Y),2025-11-23,3.8753533363343
IL_MAKAM,Israel Makam (1Y),2025-11-24,3.8754105567933
IL_MAKAM,Israel Makam (1Y),2025-11-25,3.9098477363587
IL_MAKAM,Israel Makam (1Y),2025-11-26,3.8870191574098
IL_MAKAM,Israel Makam (1Y),2025-11-27,3.8871121406556
IL_MAKAM,Israel Makam (1Y),2025-11-30,3.9222812652589
IL_MAKAM,Israel Makam (1Y),2025-12-01,3.934144973755
IL_MAKAM,Israel Makam (1Y),2025-12-02,3.8992977142335
IL_MAKAM,Israel Makam (1Y),2025-12-03,3.8748326274873
IL_MAKAM,Israel Makam (1Y),2025-12-04,3.8979744367199
IL_MAKAM,Israel Makam (1Y),2025-12-07,3.8983297938817
IL_MAKAM,Israel Makam (1Y),2025-12-08,3.9039423716495
IL_MAKAM,Israel Makam (1Y),2025-12-09,3.8968372344972
IL_MAKAM,Israel Makam (1Y),2025-12-10,3.8969361782075
IL_MAKAM,Israel Makam (1Y),2025-12-11,3.874866962433
IL_MAKAM,Israel Makam (1Y),2025-12-14,3.8638257980348
IL_MAKAM,Israel Makam (1Y),2025-12-15,3.8414430618287
IL_MAKAM,Israel Makam (1Y),2025-12-16,3.7965059280397
IL_MAKAM,Israel Makam (1Y),2025-12-17,3.8075900077821
IL_MAKAM,Israel Makam (1Y),2025-12-18,3.7736153602601
IL_MAKAM,Israel Makam (1Y),2025-12-21,3.7615561485292
IL_MAKAM,Israel Makam (1Y),2025-12-22,3.7840986251832
IL_MAKAM,Israel Makam (1Y),2025-12-23,3.7839007377626
IL_MAKAM,Israel Makam (1Y),2025-12-24,3.7951707839966
IL_MAKAM,Israel Makam (1Y),2025-12-25,3.7950062751771
IL_MAKAM,Israel Makam (1Y),2025-12-28,3.8061118125917
IL_MAKAM,Israel Makam (1Y),2025-12-29,3.8409042358399
IL_MAKAM,Israel Makam (1Y),2025-12-30,3.8291954994202
IL_MAKAM,Israel Makam (1Y),2025-12-31,3.81742477417
IL_MAKAM,Israel Makam (1Y),2026-01-01,3.7938499450684
IL_MAKAM,Israel Makam (1Y),2026-01-05,3.6627459526063
IL_MAKAM,Israel Makam (1Y),2026-01-07,3.5825276374818
IL_MAKAM,Israel Makam (1Y),2026-01-08,3.5926008224489
IL_MAKAM,Israel Makam (1Y),2026-01-09,3.591160774231
IL_MAKAM,Israel Makam (1Y),2026-01-12,3.5678482055665
IL_MAKAM,Israel Makam (1Y),2026-01-13,3.5889792442324
IL_MAKAM,Israel Makam (1Y),2026-01-14,3.6102366447449
IL_MAKAM,Israel Makam (1Y),2026-01-15,3.6095595359803
IL_MAKAM,Israel Makam (1Y),2026-01-16,3.6082005500795
IL_MAKAM,Israel Makam (1Y),2026-01-19,3.6068296432497
IL_MAKAM,Israel Makam (1Y),2026-01-20,3.6061382293703
IL_MAKAM,Israel Makam (1Y),2026-01-21,3.5942387580873
IL_MAKAM,Israel Makam (1Y),2026-01-22,3.6384820938112
IL_MAKAM,Israel Makam (1Y),2026-01-23,3.6033511161805
IL_MAKAM,Israel Makam (1Y),2026-01-26,3.5905766487123
IL_MAKAM,Israel Makam (1Y),2026-01-27,3.578441143036
IL_MAKAM,Israel Makam (1Y),2026-01-28,3.5548210144044
IL_MAKAM,Israel Makam (1Y),2026-01-29,3.5425257682801
IL_MAKAM,Israel Makam (1Y),2026-01-30,3.563792705536
IL_MAKAM,Israel Makam (1Y),2026-02-02,3.573729991913
IL_MAKAM,Israel Makam (1Y),2026-02-03,3.5148596763612
IL_MAKAM,Israel Makam (1Y),2026-02-04,3.527157871309
IL_MAKAM,Israel Makam (1Y),2026-02-05,3.5317863710725
IL_MAKAM,Israel Makam (1Y),2026-02-06,3.5299825205871
IL_MAKAM,Israel Makam (1Y),2026-02-09,3.5224238774026
IL_MAKAM,Israel Makam (1Y),2026-02-10,3.4794688224793
IL_MAKAM,Israel Makam (1Y),2026-02-11,3.4784400463105
IL_MAKAM,Israel Makam (1Y),2026-02-12,3.4224414825441
IL_MAKAM,Israel Makam (1Y),2026-02-13,3.4090185165407
IL_MAKAM,Israel Makam (1Y),2026-02-16,3.3843517303468
IL_MAKAM,Israel Makam (1Y),2026-02-17,3.394182920456
IL_MAKAM,Israel Makam (1Y),2026-02-18,3.4040713310243
IL_MAKAM,Israel Makam (1Y),2026-02-19,3.4140181541444
IL_MAKAM,Israel Makam (1Y),2026-02-20,3.3890414237977
IL_MAKAM,Israel Makam (1Y),2026-02-23,3.4543943405153
IL_MAKAM,Israel Makam (1Y),2026-02-24,3.4646391868593
IL_MAKAM,Israel Makam (1Y),2026-02-25,3.5091614723207
IL_MAKAM,Israel Makam (1Y),2026-02-26,3.4967470169068
IL_MAKAM,Israel Makam (1Y),2026-02-27,3.5177350044252
IL_MAKAM,Israel Makam (1Y),2026-03-02,3.4684467315675
IL_MAKAM,Israel Makam (1Y),2026-03-04,3.4810437065836
IL_MAKAM,Israel Makam (1Y),2026-03-05,3.4984494920404
IL_MAKAM,Israel Makam (1Y),2026-03-06,3.5129135468355
IL_MAKAM,Israel Makam (1Y),2026-03-09,3.5959432658396
IL_MAKAM,Israel Makam (1Y),2026-03-10,3.5561025142671
IL_MAKAM,Israel Makam (1Y),2026-03-11,3.5992407798768
IL_MAKAM,Israel Makam (1Y),2026-03-12,3.6536860466005
IL_MAKAM,Israel Makam (1Y),2026-03-13,3.7191843986512
IL_MAKAM,Israel Makam (1Y),2026-03-16,3.7519431114199
IL_MAKAM,Israel Makam (1Y),2026-03-17,3.7404441833497
IL_MAKAM,Israel Makam (1Y),2026-03-18,3.7626028060914
IL_MAKAM,Israel Makam (1Y),2026-03-19,3.8187360763551
IL_MAKAM,Israel Makam (1Y),2026-03-20,3.8412284851075
IL_MAKAM,Israel Makam (1Y),2026-03-23,3.7955045700075
IL_MAKAM,Israel Makam (1Y),2026-03-24,3.8640141487123
IL_MAKAM,Israel Makam (1Y),2026-03-25,3.8295960426332
IL_MAKAM,Israel Makam (1Y),2026-03-26,3.8640713691712
IL_MAKAM,Israel Makam (1Y),2026-03-27,3.8873052597047
IL_MAKAM,Israel Makam (1Y),2026-03-30,3.8758516311647
IL_MAKAM,Israel Makam (1Y),2026-03-31,3.8175201416016
IL_MAKAM,Israel Makam (1Y),2026-04-03,3.8203086424258
IL_MAKAM,Israel Makam (1Y),2026-04-06,3.8147166962452
IL_MAKAM,Israel Makam (1Y),2026-04-09,3.7659645080568
IL_MAKAM,Israel Makam (1Y),2026-04-10,3.7218236923219
IL_MAKAM,Israel Makam (1Y),2026-04-13,3.7210726737977
IL_MAKAM,Israel Makam (1Y),2026-04-14,3.7097084522248
IL_MAKAM,Israel Makam (1Y),2026-04-15,3.6872720718385
IL_MAKAM,Israel Makam (1Y),2026-04-16,3.6536860466005
IL_MAKAM,Israel Makam (1Y),2026-04-17,3.5860323905946
IL_MAKAM,Israel Makam (1Y),2026-04-20,3.6514377593995
IL_MAKAM,Israel Makam (1Y),2026-04-23,3.6947464942933
IL_MAKAM,Israel Makam (1Y),2026-04-24,3.716495037079
IL_MAKAM,Israel Makam (1Y),2026-04-27,3.7271070480348
IL_MAKAM,Israel Makam (1Y),2026-04-28,3.7267494201661
IL_MAKAM,Israel Makam (1Y),2026-04-29,3.7493062019349
IL_MAKAM,Israel Makam (1Y),2026-04-30,3.7490105628968
IL_MAKAM,Israel Makam (1Y),2026-05-01,3.7253057956697
IL_MAKAM,Israel Makam (1Y),2026-05-04,3.7362003326417
IL_MAKAM,Israel Makam (1Y),2026-05-05,3.7358689308167
IL_MAKAM,Israel Makam (1Y),2026-05-06,3.7008947262689
IL_MAKAM,Israel Makam (1Y),2026-05-07,3.6657331415476
IL_MAKAM,Israel Makam (1Y),2026-05-08,3.6596878945243
IL_MAKAM,Israel Makam (1Y),2026-05-11,3.6417292009844
IL_MAKAM,Israel Makam (1Y),2026-05-12,3.6877369880677
IL_MAKAM,Israel Makam (1Y),2026-05-13,3.6762595176699
IL_MAKAM,Israel Makam (1Y),2026-05-14,3.6647224426271
IL_MAKAM,Israel Makam (1Y),2026-05-15,3.6636614799501
IL_MAKAM,Israel Makam (1Y),2026-05-18,3.6514377593995
IL_MAKAM,Israel Makam (1Y),2026-05-19,3.6508703231813
IL_MAKAM,Israel Makam (1Y),2026-05-20,3.6503005027772
IL_MAKAM,Israel Makam (1Y),2026-05-25,3.4884071350099
IL_MAKAM,Israel Makam (1Y),2026-05-26,3.5101294517518
IL_MAKAM,Israel Makam (1Y),2026-05-27,3.4977531433106
IL_MAKAM,Israel Makam (1Y),2026-05-28,3.4967470169068
IL_MAKAM,Israel Makam (1Y),2026-05-29,3.4602189064027
IL_MAKAM,Israel Makam (1Y),2026-06-01,3.4464168548585
IL_MAKAM,Israel Makam (1Y),2026-06-02,3.3410167694093
IL_MAKAM,Israel Makam (1Y),2026-06-03,3.3377418344869
IL_MAKAM,Israel Makam (1Y),2026-06-04,3.3022653408553
IL_MAKAM,Israel Makam (1Y),2026-06-05,3.2942377047676
IL_MAKAM,Israel Makam (1Y),2026-06-08,3.346799413271
IL_MAKAM,Israel Makam (1Y),2026-06-09,3.3156287670137
IL_MAKAM,Israel Makam (1Y),2026-06-10,3.3141589164735
IL_MAKAM,Israel Makam (1Y),2026-06-11,3.3126831054688
IL_MAKAM,Israel Makam (1Y),2026-06-12,3.2986855506898
IL_MAKAM,Israel Makam (1Y),2026-06-15,3.2513141632081
IL_MAKAM,Israel Makam (1Y),2026-06-16,3.1830739974977
IL_MAKAM,Israel Makam (1Y),2026-06-17,3.1701016426087
IL_MAKAM,Israel Makam (1Y),2026-06-18,3.2128143310547
IL_MAKAM,Israel Makam (1Y),2026-06-19,3.2541322708131
IL_MAKAM,Israel Makam (1Y),2026-06-22,3.2281959056855
IL_MAKAM,Israel Makam (1Y),2026-06-23,3.2151222229005
IL_MAKAM,Israel Makam (1Y),2026-06-24,3.2133269309999
IL_MAKAM,Israel Makam (1Y),2026-06-25,3.2001423835756
IL_MAKAM,Israel Makam (1Y),2026-06-26,3.2078790664674
IL_MAKAM,Israel Makam (1Y),2026-06-29,3.181188106537
IL_MAKAM,Israel Makam (1Y),2026-06-30,3.1908059120179
IL_MAKAM,Israel Makam (1Y),2026-07-01,3.1889081001283
IL_MAKAM,Israel Makam (1Y),2026-07-02,3.1753969192506
IL_MAKAM,Israel Makam (1Y),2026-07-03,3.1714844703676
IL_MAKAM,Israel Makam (1Y),2026-07-06,3.2144975662232
IL_MAKAM,Israel Makam (1Y),2026-07-08,3.2170820236207
IL_MAKAM,Israel Makam (1Y),2026-07-09,3.2153701782227
IL_MAKAM,Israel Makam (1Y),2026-07-10,3.211922645569
IL_MAKAM,Israel Makam (1Y),2026-07-13,3.1867384910585
IL_MAKAM,Israel Makam (1Y),2026-07-14,3.2066869735719
IL_MAKAM,Israel Makam (1Y),2026-07-15,3.2267546653749
IL_MAKAM,Israel Makam (1Y),2026-07-16,3.2469391822816
IL_MAKAM,Israel Makam (1Y),2026-07-17,3.2325983047487
IL_MAKAM,Israel Makam (1Y),2026-07-20,3.2623863220216
IL_MAKAM,Israel Makam (1Y),2026-07-21,3.3051919937135
IL_MAKAM,Israel Makam (1Y),2026-07-22,3.3021426200868
IL_MAKAM,Israel Makam (1Y),2026-07-24,3.321545124054
IL_MAKAM,Israel Makam (1Y),2026-07-27,3.3072566986085
IL_MAKAM,Israel Makam (1Y),2026-07-28,3.2943868637086
IL_MAKAM,Israel Makam (1Y),2026-07-29,3.3041787147523
IL_MAKAM,Israel Makam (1Y),2026-07-30,3.2798361778261
IL_MAKAM,Israel Makam (1Y),2026-07-31,3.2880401611329
IL_MAKAM,Israel Makam (1Y),2026-08-03,3.3078718185426
IL_MAKAM,Israel Makam (1Y),2026-08-04,3.2716357707979
IL_2Y,Israel 2Y,2008-01,5.1086582426
IL_2Y,Israel 2Y,2008-02,4.6347212201
IL_2Y,Israel 2Y,2008-03,4.1191864475
IL_2Y,Israel 2Y,2008-04,4.3756519703
IL_2Y,Israel 2Y,2008-05,4.6256866652
IL_2Y,Israel 2Y,2008-06,4.7201141613
IL_2Y,Israel 2Y,2008-07,4.660162068
IL_2Y,Israel 2Y,2008-08,4.7301027184
IL_2Y,Israel 2Y,2008-09,4.7881642544
IL_2Y,Israel 2Y,2008-10,4.3270217483
IL_2Y,Israel 2Y,2008-11,3.8995037238
IL_2Y,Israel 2Y,2008-12,2.7272021846
IL_2Y,Israel 2Y,2009-01,2.1292873999
IL_2Y,Israel 2Y,2009-02,1.7851147878
IL_2Y,Israel 2Y,2009-03,1.7155984634
IL_2Y,Israel 2Y,2009-04,1.592597498
IL_2Y,Israel 2Y,2009-05,1.9160769278
IL_2Y,Israel 2Y,2009-06,2.3134734374
IL_2Y,Israel 2Y,2009-07,2.2526323806
IL_2Y,Israel 2Y,2009-08,2.8373767712
IL_2Y,Israel 2Y,2009-09,2.6385476093
IL_2Y,Israel 2Y,2009-10,2.245794009
IL_2Y,Israel 2Y,2009-11,2.3685082482
IL_2Y,Israel 2Y,2009-12,2.769482719
IL_2Y,Israel 2Y,2010-01,2.7989549606
IL_2Y,Israel 2Y,2010-02,2.5740024923
IL_2Y,Israel 2Y,2010-03,2.7919691978
IL_2Y,Israel 2Y,2010-04,2.9104155634
IL_2Y,Israel 2Y,2010-05,2.8253819074
IL_2Y,Israel 2Y,2010-06,2.6801513518
IL_2Y,Israel 2Y,2010-07,2.5701148625
IL_2Y,Israel 2Y,2010-08,2.5989460925
IL_2Y,Israel 2Y,2010-09,2.6798930502
IL_2Y,Israel 2Y,2010-10,2.8002440833
IL_2Y,Israel 2Y,2010-11,2.881639906
IL_2Y,Israel 2Y,2010-12,2.9895781876
IL_2Y,Israel 2Y,2011-01,3.0962255494
IL_2Y,Israel 2Y,2011-02,3.4423715759
IL_2Y,Israel 2Y,2011-03,3.7114103426
IL_2Y,Israel 2Y,2011-04,4.0375225985
IL_2Y,Israel 2Y,2011-05,4.0201249442
IL_2Y,Israel 2Y,2011-06,3.9402620762
IL_2Y,Israel 2Y,2011-07,3.8325996739
IL_2Y,Israel 2Y,2011-08,3.3465547672
IL_2Y,Israel 2Y,2011-09,3.1334187428
IL_2Y,Israel 2Y,2011-10,2.9952408991
IL_2Y,Israel 2Y,2011-11,2.8670207021
IL_2Y,Israel 2Y,2011-12,2.7860734821
IL_2Y,Israel 2Y,2012-01,2.6863739965
IL_2Y,Israel 2Y,2012-02,2.7117814781
IL_2Y,Israel 2Y,2012-03,2.8471911175
IL_2Y,Israel 2Y,2012-04,2.8063937696
IL_2Y,Israel 2Y,2012-05,2.6463469485
IL_2Y,Israel 2Y,2012-06,2.3726678012
IL_2Y,Israel 2Y,2012-07,2.1862591213
IL_2Y,Israel 2Y,2012-08,2.1328339595
IL_2Y,Israel 2Y,2012-09,2.2834932076
IL_2Y,Israel 2Y,2012-10,2.2498521012
IL_2Y,Israel 2Y,2012-11,1.9621575604
IL_2Y,Israel 2Y,2012-12,1.8973633649
IL_2Y,Israel 2Y,2013-01,1.8665671932
IL_2Y,Israel 2Y,2013-02,1.8559841992
IL_2Y,Israel 2Y,2013-03,1.8111404595
IL_2Y,Israel 2Y,2013-04,1.7489473275
IL_2Y,Israel 2Y,2013-05,1.5402181073
IL_2Y,Israel 2Y,2013-06,1.4531117548
IL_2Y,Israel 2Y,2013-07,1.4017866107
IL_2Y,Israel 2Y,2013-08,1.393751957
IL_2Y,Israel 2Y,2013-09,1.4810008456
IL_2Y,Israel 2Y,2013-10,1.2247362584
IL_2Y,Israel 2Y,2013-11,1.117381568
IL_2Y,Israel 2Y,2013-12,1.103432459
IL_2Y,Israel 2Y,2014-01,1.1427707272
IL_2Y,Israel 2Y,2014-02,1.0622570014
IL_2Y,Israel 2Y,2014-03,0.8472794809
IL_2Y,Israel 2Y,2014-04,0.8796082732
IL_2Y,Israel 2Y,2014-05,0.7714449454
IL_2Y,Israel 2Y,2014-06,0.7610477034
IL_2Y,Israel 2Y,2014-07,0.7949319466
IL_2Y,Israel 2Y,2014-08,0.5814410571
IL_2Y,Israel 2Y,2014-09,0.393755326
IL_2Y,Israel 2Y,2014-10,0.2957129179
IL_2Y,Israel 2Y,2014-11,0.317343768
IL_2Y,Israel 2Y,2014-12,0.4570807758
IL_2Y,Israel 2Y,2015-01,0.3638995562
IL_2Y,Israel 2Y,2015-02,0.268189589
IL_2Y,Israel 2Y,2015-03,0.2163886652
IL_2Y,Israel 2Y,2015-04,0.1607389614
IL_2Y,Israel 2Y,2015-05,0.2057070902
IL_2Y,Israel 2Y,2015-06,0.3137092412
IL_2Y,Israel 2Y,2015-07,0.3257454723
IL_2Y,Israel 2Y,2015-08,0.2595138503
IL_2Y,Israel 2Y,2015-09,0.2366776454
IL_2Y,Israel 2Y,2015-10,0.224824715
IL_2Y,Israel 2Y,2015-11,0.3403162788
IL_2Y,Israel 2Y,2015-12,0.3988337722
IL_2Y,Israel 2Y,2016-01,0.3269829365
IL_2Y,Israel 2Y,2016-02,0.20560053
IL_2Y,Israel 2Y,2016-03,0.2255011219
IL_2Y,Israel 2Y,2016-04,0.2211396872
IL_2Y,Israel 2Y,2016-05,0.2321432795
IL_2Y,Israel 2Y,2016-06,0.2176232948
IL_2Y,Israel 2Y,2016-07,0.1905375763
IL_2Y,Israel 2Y,2016-08,0.2319693015
IL_2Y,Israel 2Y,2016-09,0.257345866
IL_2Y,Israel 2Y,2016-10,0.3080806007
IL_2Y,Israel 2Y,2016-11,0.3757361024
IL_2Y,Israel 2Y,2016-12,0.4101597906
IL_2Y,Israel 2Y,2017-01,0.3694574972
IL_2Y,Israel 2Y,2017-02,0.3559796738
IL_2Y,Israel 2Y,2017-03,0.3551258859
IL_2Y,Israel 2Y,2017-04,0.3468795934
IL_2Y,Israel 2Y,2017-05,0.3192479787
IL_2Y,Israel 2Y,2017-06,0.2724664497
IL_2Y,Israel 2Y,2017-07,0.2270148667
IL_2Y,Israel 2Y,2017-08,0.1721587206
IL_2Y,Israel 2Y,2017-09,0.1480458914
IL_2Y,Israel 2Y,2017-10,0.1741876245
IL_2Y,Israel 2Y,2017-11,0.1642029548
IL_2Y,Israel 2Y,2017-12,0.1763823852
IL_2Y,Israel 2Y,2018-01,0.1997801624
IL_2Y,Israel 2Y,2018-02,0.2469005875
IL_2Y,Israel 2Y,2018-03,0.2571392839
IL_2Y,Israel 2Y,2018-04,0.3085447966
IL_2Y,Israel 2Y,2018-05,0.386437164
IL_2Y,Israel 2Y,2018-06,0.4373377098
IL_2Y,Israel 2Y,2018-07,0.4943697843
IL_2Y,Israel 2Y,2018-08,0.4578049117
IL_2Y,Israel 2Y,2018-09,0.4920753972
IL_2Y,Israel 2Y,2018-10,0.5311313269
IL_2Y,Israel 2Y,2018-11,0.5721518593
IL_2Y,Israel 2Y,2018-12,0.7217527578
IL_2Y,Israel 2Y,2019-01,0.6647099251
IL_2Y,Israel 2Y,2019-02,0.5095068728
IL_2Y,Israel 2Y,2019-03,0.4928679264
IL_2Y,Israel 2Y,2019-04,0.5661393147
IL_2Y,Israel 2Y,2019-05,0.5577797222
IL_2Y,Israel 2Y,2019-06,0.429295044
IL_2Y,Israel 2Y,2019-07,0.413723458
IL_2Y,Israel 2Y,2019-08,0.2506545881
IL_2Y,Israel 2Y,2019-09,0.2241418641
IL_2Y,Israel 2Y,2019-10,0.1959162707
IL_2Y,Israel 2Y,2019-11,0.1592038642
IL_2Y,Israel 2Y,2019-12,0.1759047105
IL_2Y,Israel 2Y,2020-01,0.1804244987
IL_2Y,Israel 2Y,2020-02,0.1560096068
IL_2Y,Israel 2Y,2020-03,0.3205547342
IL_2Y,Israel 2Y,2020-04,0.1994983791
IL_2Y,Israel 2Y,2020-05,0.131518157
IL_2Y,Israel 2Y,2020-06,0.0807077125
IL_2Y,Israel 2Y,2020-07,0.077497458
IL_2Y,Israel 2Y,2020-08,0.0898701405
IL_2Y,Israel 2Y,2020-09,0.0976025522
IL_2Y,Israel 2Y,2020-10,0.0736610832
IL_2Y,Israel 2Y,2020-11,0.1274595728
IL_2Y,Israel 2Y,2020-12,0.1340896047
IL_2Y,Israel 2Y,2021-01,0.0736244672
IL_2Y,Israel 2Y,2021-02,0.1128851596
IL_2Y,Israel 2Y,2021-03,0.1522103528
IL_2Y,Israel 2Y,2021-04,0.1532607668
IL_2Y,Israel 2Y,2021-05,0.1730304437
IL_2Y,Israel 2Y,2021-06,0.1547622924
IL_2Y,Israel 2Y,2021-07,0.090132519
IL_2Y,Israel 2Y,2021-08,0.073040102
IL_2Y,Israel 2Y,2021-09,0.086681345
IL_2Y,Israel 2Y,2021-10,0.1694159757
IL_2Y,Israel 2Y,2021-11,0.2073728414
IL_2Y,Israel 2Y,2021-12,0.0704540414
IL_2Y,Israel 2Y,2022-01,0.2292053027
IL_2Y,Israel 2Y,2022-02,0.5888486326
IL_2Y,Israel 2Y,2022-03,1.0964556087
IL_2Y,Israel 2Y,2022-04,1.4781998584
IL_2Y,Israel 2Y,2022-05,1.6693021922
IL_2Y,Israel 2Y,2022-06,2.2546271442
IL_2Y,Israel 2Y,2022-07,2.1104244668
IL_2Y,Israel 2Y,2022-08,2.2785386993
IL_2Y,Israel 2Y,2022-09,2.9125838668
IL_2Y,Israel 2Y,2022-10,3.1808913406
IL_2Y,Israel 2Y,2022-11,3.2809705244
IL_2Y,Israel 2Y,2022-12,3.5031975001
IL_2Y,Israel 2Y,2023-01,3.6534681547
IL_2Y,Israel 2Y,2023-02,3.9691387675
IL_2Y,Israel 2Y,2023-03,4.2597507352
IL_2Y,Israel 2Y,2023-04,4.1617890627
IL_2Y,Israel 2Y,2023-05,4.1826654972
IL_2Y,Israel 2Y,2023-06,4.2081704023
IL_2Y,Israel 2Y,2023-07,4.2048352948
IL_2Y,Israel 2Y,2023-08,4.2532067834
IL_2Y,Israel 2Y,2023-09,4.3781063833
IL_2Y,Israel 2Y,2023-10,4.2361659141
IL_2Y,Israel 2Y,2023-11,3.9139282568
IL_2Y,Israel 2Y,2023-12,3.6900097508
IL_2Y,Israel 2Y,2024-01,3.7839238276
IL_2Y,Israel 2Y,2024-02,3.7761216861
IL_2Y,Israel 2Y,2024-03,3.9102827086
IL_2Y,Israel 2Y,2024-04,4.1863951417
IL_2Y,Israel 2Y,2024-05,4.3297677683
IL_2Y,Israel 2Y,2024-06,4.3726188798
IL_2Y,Israel 2Y,2024-07,4.2855352995
IL_2Y,Israel 2Y,2024-08,4.1740565117
IL_2Y,Israel 2Y,2024-09,4.31754404
IL_2Y,Israel 2Y,2024-10,4.5185535999
IL_2Y,Israel 2Y,2024-11,4.4345228266
IL_2Y,Israel 2Y,2024-12,4.243050199
IL_2Y,Israel 2Y,2025-01,4.2547224891
IL_2Y,Israel 2Y,2025-02,4.1613099207
IL_2Y,Israel 2Y,2025-03,4.1534904532
IL_2Y,Israel 2Y,2025-04,4.094087936
IL_2Y,Israel 2Y,2025-05,4.1701380786
IL_2Y,Israel 2Y,2025-06,4.2103383388
IL_2Y,Israel 2Y,2025-07,4.0116826941
IL_2Y,Israel 2Y,2025-08,3.9894815282
IL_2Y,Israel 2Y,2025-09,3.9289339235
IL_2Y,Israel 2Y,2025-10,3.7795372923
IL_2Y,Israel 2Y,2025-11,3.7569530543
IL_2Y,Israel 2Y,2025-12,3.795525772
IL_2Y,Israel 2Y,2026-01,3.548481552
IL_2Y,Israel 2Y,2026-02,3.4158089288
IL_2Y,Israel 2Y,2026-03,3.7294129763
IL_2Y,Israel 2Y,2026-04,3.7244573303
IL_2Y,Israel 2Y,2026-05,3.643105241
IL_2Y,Israel 2Y,2026-06,3.305445289
IL_2Y,Israel 2Y,2026-07,3.3841480847
IL_10Y,Israel 10Y,2008-01,6.1509486856
IL_10Y,Israel 10Y,2008-02,5.928422923
IL_10Y,Israel 10Y,2008-03,5.9437916412
IL_10Y,Israel 10Y,2008-04,6.0565355266
IL_10Y,Israel 10Y,2008-05,6.1543703201
IL_10Y,Israel 10Y,2008-06,6.2243840034
IL_10Y,Israel 10Y,2008-07,6.296924898
IL_10Y,Israel 10Y,2008-08,6.0624078554
IL_10Y,Israel 10Y,2008-09,6.0855614431
IL_10Y,Israel 10Y,2008-10,6.3116221044
IL_10Y,Israel 10Y,2008-11,6.6250774247
IL_10Y,Israel 10Y,2008-12,5.5066191767
IL_10Y,Israel 10Y,2009-01,5.3380973708
IL_10Y,Israel 10Y,2009-02,4.9998502187
IL_10Y,Israel 10Y,2009-03,4.9573917071
IL_10Y,Israel 10Y,2009-04,5.0415089861
IL_10Y,Israel 10Y,2009-05,5.5906216777
IL_10Y,Israel 10Y,2009-06,5.8502321038
IL_10Y,Israel 10Y,2009-07,5.6825729916
IL_10Y,Israel 10Y,2009-08,5.634621338
IL_10Y,Israel 10Y,2009-09,5.449196664
IL_10Y,Israel 10Y,2009-10,5.3630497854
IL_10Y,Israel 10Y,2009-11,5.200352832
IL_10Y,Israel 10Y,2009-12,5.3166223942
IL_10Y,Israel 10Y,2010-01,5.3107918525
IL_10Y,Israel 10Y,2010-02,5.1870027153
IL_10Y,Israel 10Y,2010-03,5.1130386902
IL_10Y,Israel 10Y,2010-04,5.178804059
IL_10Y,Israel 10Y,2010-05,5.1075283802
IL_10Y,Israel 10Y,2010-06,4.9405861871
IL_10Y,Israel 10Y,2010-07,4.8396178964
IL_10Y,Israel 10Y,2010-08,4.5970551246
IL_10Y,Israel 10Y,2010-09,4.6089948422
IL_10Y,Israel 10Y,2010-10,4.5423770898
IL_10Y,Israel 10Y,2010-11,4.7007872141
IL_10Y,Israel 10Y,2010-12,4.9546449272
IL_10Y,Israel 10Y,2011-01,5.0459647126
IL_10Y,Israel 10Y,2011-02,5.3056994794
IL_10Y,Israel 10Y,2011-03,5.4708003775
IL_10Y,Israel 10Y,2011-04,5.4717225404
IL_10Y,Israel 10Y,2011-05,5.3905002497
IL_10Y,Israel 10Y,2011-06,5.3728137842
IL_10Y,Israel 10Y,2011-07,5.3071192338
IL_10Y,Israel 10Y,2011-08,4.9803375066
IL_10Y,Israel 10Y,2011-09,4.8595469788
IL_10Y,Israel 10Y,2011-10,4.7768004179
IL_10Y,Israel 10Y,2011-11,4.8118172253
IL_10Y,Israel 10Y,2011-12,4.8129341165
IL_10Y,Israel 10Y,2012-01,4.6971631428
IL_10Y,Israel 10Y,2012-02,4.7862092001
IL_10Y,Israel 10Y,2012-03,4.9277812777
IL_10Y,Israel 10Y,2012-04,4.8855276117
IL_10Y,Israel 10Y,2012-05,4.7705004691
IL_10Y,Israel 10Y,2012-06,4.6635730635
IL_10Y,Israel 10Y,2012-07,4.4227945025
IL_10Y,Israel 10Y,2012-08,4.452699645
IL_10Y,Israel 10Y,2012-09,4.6101298296
IL_10Y,Israel 10Y,2012-10,4.4631774221
IL_10Y,Israel 10Y,2012-11,4.288040797
IL_10Y,Israel 10Y,2012-12,4.1005615565
IL_10Y,Israel 10Y,2013-01,4.1634407113
IL_10Y,Israel 10Y,2013-02,4.2125758923
IL_10Y,Israel 10Y,2013-03,4.1546824565
IL_10Y,Israel 10Y,2013-04,3.9025508482
IL_10Y,Israel 10Y,2013-05,3.7662350972
IL_10Y,Israel 10Y,2013-06,4.039605356
IL_10Y,Israel 10Y,2013-07,4.0057817096
IL_10Y,Israel 10Y,2013-08,4.1390471991
IL_10Y,Israel 10Y,2013-09,4.2154607777
IL_10Y,Israel 10Y,2013-10,3.9714802516
IL_10Y,Israel 10Y,2013-11,3.9222399715
IL_10Y,Israel 10Y,2013-12,3.9276878923
IL_10Y,Israel 10Y,2014-01,3.9292721334
IL_10Y,Israel 10Y,2014-02,3.82146205
IL_10Y,Israel 10Y,2014-03,3.5832562016
IL_10Y,Israel 10Y,2014-04,3.5838710269
IL_10Y,Israel 10Y,2014-05,3.2842098506
IL_10Y,Israel 10Y,2014-06,3.0734550712
IL_10Y,Israel 10Y,2014-07,3.0084804414
IL_10Y,Israel 10Y,2014-08,2.8307205042
IL_10Y,Israel 10Y,2014-09,2.6720923454
IL_10Y,Israel 10Y,2014-10,2.3950100428
IL_10Y,Israel 10Y,2014-11,2.3908351546
IL_10Y,Israel 10Y,2014-12,2.6163823345
IL_10Y,Israel 10Y,2015-01,2.2209410671
IL_10Y,Israel 10Y,2015-02,2.0084560787
IL_10Y,Israel 10Y,2015-03,1.8357783032
IL_10Y,Israel 10Y,2015-04,1.6743026328
IL_10Y,Israel 10Y,2015-05,2.0292642809
IL_10Y,Israel 10Y,2015-06,2.479807161
IL_10Y,Israel 10Y,2015-07,2.5249562514
IL_10Y,Israel 10Y,2015-08,2.324597888
IL_10Y,Israel 10Y,2015-09,2.3660194071
IL_10Y,Israel 10Y,2015-10,2.1849647674
IL_10Y,Israel 10Y,2015-11,2.2351403995
IL_10Y,Israel 10Y,2015-12,2.2556550067
IL_10Y,Israel 10Y,2016-01,2.1004931195
IL_10Y,Israel 10Y,2016-02,1.9357492477
IL_10Y,Israel 10Y,2016-03,2.0086137642
IL_10Y,Israel 10Y,2016-04,1.9320267543
IL_10Y,Israel 10Y,2016-05,1.9246809243
IL_10Y,Israel 10Y,2016-06,1.8725346761
IL_10Y,Israel 10Y,2016-07,1.8068351014
IL_10Y,Israel 10Y,2016-08,1.8684924716
IL_10Y,Israel 10Y,2016-09,1.9142301961
IL_10Y,Israel 10Y,2016-10,1.9921939899
IL_10Y,Israel 10Y,2016-11,2.2432809505
IL_10Y,Israel 10Y,2016-12,2.4102663144
IL_10Y,Israel 10Y,2017-01,2.3540482335
IL_10Y,Israel 10Y,2017-02,2.3862536062
IL_10Y,Israel 10Y,2017-03,2.3276481055
IL_10Y,Israel 10Y,2017-04,2.2633387674
IL_10Y,Israel 10Y,2017-05,2.2435966023
IL_10Y,Israel 10Y,2017-06,2.1404144334
IL_10Y,Israel 10Y,2017-07,2.0940737078
IL_10Y,Israel 10Y,2017-08,1.8687785969
IL_10Y,Israel 10Y,2017-09,1.8562494504
IL_10Y,Israel 10Y,2017-10,1.9066263863
IL_10Y,Israel 10Y,2017-11,1.9308247566
IL_10Y,Israel 10Y,2017-12,1.9280122909
IL_10Y,Israel 10Y,2018-01,1.8422256208
IL_10Y,Israel 10Y,2018-02,2.0526234961
IL_10Y,Israel 10Y,2018-03,1.9510471168
IL_10Y,Israel 10Y,2018-04,1.9675824039
IL_10Y,Israel 10Y,2018-05,2.1074101739
IL_10Y,Israel 10Y,2018-06,2.1646996039
IL_10Y,Israel 10Y,2018-07,2.2159093088
IL_10Y,Israel 10Y,2018-08,2.1979247457
IL_10Y,Israel 10Y,2018-09,2.2647103077
IL_10Y,Israel 10Y,2018-10,2.3596469445
IL_10Y,Israel 10Y,2018-11,2.4309971805
IL_10Y,Israel 10Y,2018-12,2.4399146454
IL_10Y,Israel 10Y,2019-01,2.2989455029
IL_10Y,Israel 10Y,2019-02,2.153314437
IL_10Y,Israel 10Y,2019-03,2.0828466803
IL_10Y,Israel 10Y,2019-04,2.0040809004
IL_10Y,Israel 10Y,2019-05,1.9152397692
IL_10Y,Israel 10Y,2019-06,1.7279664766
IL_10Y,Israel 10Y,2019-07,1.5722891873
IL_10Y,Israel 10Y,2019-08,1.0952902436
IL_10Y,Israel 10Y,2019-09,1.1465785835
IL_10Y,Israel 10Y,2019-10,1.0201408997
IL_10Y,Israel 10Y,2019-11,1.0296963216
IL_10Y,Israel 10Y,2019-12,0.9482797209
IL_10Y,Israel 10Y,2020-01,0.8941855479
IL_10Y,Israel 10Y,2020-02,0.7771833122
IL_10Y,Israel 10Y,2020-03,0.9564411176
IL_10Y,Israel 10Y,2020-04,0.8654011237
IL_10Y,Israel 10Y,2020-05,0.8069154675
IL_10Y,Israel 10Y,2020-06,0.7316457615
IL_10Y,Israel 10Y,2020-07,0.6716050978
IL_10Y,Israel 10Y,2020-08,0.6971594101
IL_10Y,Israel 10Y,2020-09,0.7548734665
IL_10Y,Israel 10Y,2020-10,0.8272446135
IL_10Y,Israel 10Y,2020-11,0.9175827426
IL_10Y,Israel 10Y,2020-12,0.9285338517
IL_10Y,Israel 10Y,2021-01,0.9437330706
IL_10Y,Israel 10Y,2021-02,1.1223934281
IL_10Y,Israel 10Y,2021-03,1.2774233629
IL_10Y,Israel 10Y,2021-04,1.2277628616
IL_10Y,Israel 10Y,2021-05,1.3425133131
IL_10Y,Israel 10Y,2021-06,1.3809687746
IL_10Y,Israel 10Y,2021-07,1.248487033
IL_10Y,Israel 10Y,2021-08,1.1890321055
IL_10Y,Israel 10Y,2021-09,1.3024898466
IL_10Y,Israel 10Y,2021-10,1.4230792102
IL_10Y,Israel 10Y,2021-11,1.3363282537
IL_10Y,Israel 10Y,2021-12,1.201007266
IL_10Y,Israel 10Y,2022-01,1.4366599877
IL_10Y,Israel 10Y,2022-02,1.7778041673
IL_10Y,Israel 10Y,2022-03,2.1316928109
IL_10Y,Israel 10Y,2022-04,2.3842355127
IL_10Y,Israel 10Y,2022-05,2.5922377213
IL_10Y,Israel 10Y,2022-06,2.9947606182
IL_10Y,Israel 10Y,2022-07,2.6340923202
IL_10Y,Israel 10Y,2022-08,2.6180660325
IL_10Y,Israel 10Y,2022-09,3.1220046828
IL_10Y,Israel 10Y,2022-10,3.3644181023
IL_10Y,Israel 10Y,2022-11,3.2691794389
IL_10Y,Israel 10Y,2022-12,3.3751655449
IL_10Y,Israel 10Y,2023-01,3.350795958
IL_10Y,Israel 10Y,2023-02,3.5605174542
IL_10Y,Israel 10Y,2023-03,3.8648895717
IL_10Y,Israel 10Y,2023-04,3.8869670516
IL_10Y,Israel 10Y,2023-05,3.8182394499
IL_10Y,Israel 10Y,2023-06,3.7740871555
IL_10Y,Israel 10Y,2023-07,3.7924290428
IL_10Y,Israel 10Y,2023-08,3.9402175936
IL_10Y,Israel 10Y,2023-09,4.0233336965
IL_10Y,Israel 10Y,2023-10,4.4838898337
IL_10Y,Israel 10Y,2023-11,4.4017421905
IL_10Y,Israel 10Y,2023-12,4.069783275
IL_10Y,Israel 10Y,2024-01,4.3340284991
IL_10Y,Israel 10Y,2024-02,4.3640817348
IL_10Y,Israel 10Y,2024-03,4.3783653148
IL_10Y,Israel 10Y,2024-04,4.7027384716
IL_10Y,Israel 10Y,2024-05,4.7943029508
IL_10Y,Israel 10Y,2024-06,4.9173776037
IL_10Y,Israel 10Y,2024-07,4.8839162998
IL_10Y,Israel 10Y,2024-08,4.7634640935
IL_10Y,Israel 10Y,2024-09,4.9372072795
IL_10Y,Israel 10Y,2024-10,4.9487884807
IL_10Y,Israel 10Y,2024-11,4.7345797497
IL_10Y,Israel 10Y,2024-12,4.4911882579
IL_10Y,Israel 10Y,2025-01,4.4987908846
IL_10Y,Israel 10Y,2025-02,4.3234698143
IL_10Y,Israel 10Y,2025-03,4.4171472493
IL_10Y,Israel 10Y,2025-04,4.4104064659
IL_10Y,Israel 10Y,2025-05,4.4613528182
IL_10Y,Israel 10Y,2025-06,4.4665174304
IL_10Y,Israel 10Y,2025-07,4.2198492929
IL_10Y,Israel 10Y,2025-08,4.2188456808
IL_10Y,Israel 10Y,2025-09,4.1904560761
IL_10Y,Israel 10Y,2025-10,3.9708568186
IL_10Y,Israel 10Y,2025-11,3.9655829325
IL_10Y,Israel 10Y,2025-12,4.0401594937
IL_10Y,Israel 10Y,2026-01,3.8836890601
IL_10Y,Israel 10Y,2026-02,3.8331395054
IL_10Y,Israel 10Y,2026-03,3.9989379753
IL_10Y,Israel 10Y,2026-04,4.0269510858
IL_10Y,Israel 10Y,2026-05,3.9497030719
IL_10Y,Israel 10Y,2026-06,3.7659947475
IL_10Y,Israel 10Y,2026-07,3.8816186627
US_SP500,S&P 500,2024-12-27,5970.83984375
US_SP500,S&P 500,2024-12-30,5906.93994140625
US_SP500,S&P 500,2024-12-31,5881.6298828125
US_SP500,S&P 500,2025-01-02,5868.5498046875
US_SP500,S&P 500,2025-01-03,5942.47021484375
US_SP500,S&P 500,2025-01-06,5975.3798828125
US_SP500,S&P 500,2025-01-07,5909.02978515625
US_SP500,S&P 500,2025-01-08,5918.25
US_SP500,S&P 500,2025-01-10,5827.0400390625
US_SP500,S&P 500,2025-01-13,5836.22021484375
US_SP500,S&P 500,2025-01-14,5842.91015625
US_SP500,S&P 500,2025-01-15,5949.91015625
US_SP500,S&P 500,2025-01-16,5937.33984375
US_SP500,S&P 500,2025-01-17,5996.66015625
US_SP500,S&P 500,2025-01-21,6049.240234375
US_SP500,S&P 500,2025-01-22,6086.3701171875
US_SP500,S&P 500,2025-01-23,6118.7099609375
US_SP500,S&P 500,2025-01-24,6101.240234375
US_SP500,S&P 500,2025-01-27,6012.27978515625
US_SP500,S&P 500,2025-01-28,6067.7001953125
US_SP500,S&P 500,2025-01-29,6039.31005859375
US_SP500,S&P 500,2025-01-30,6071.169921875
US_SP500,S&P 500,2025-01-31,6040.52978515625
US_SP500,S&P 500,2025-02-03,5994.56982421875
US_SP500,S&P 500,2025-02-04,6037.8798828125
US_SP500,S&P 500,2025-02-05,6061.47998046875
US_SP500,S&P 500,2025-02-06,6083.56982421875
US_SP500,S&P 500,2025-02-07,6025.990234375
US_SP500,S&P 500,2025-02-10,6066.43994140625
US_SP500,S&P 500,2025-02-11,6068.5
US_SP500,S&P 500,2025-02-12,6051.97021484375
US_SP500,S&P 500,2025-02-13,6115.06982421875
US_SP500,S&P 500,2025-02-14,6114.6298828125
US_SP500,S&P 500,2025-02-18,6129.580078125
US_SP500,S&P 500,2025-02-19,6144.14990234375
US_SP500,S&P 500,2025-02-20,6117.52001953125
US_SP500,S&P 500,2025-02-21,6013.1298828125
US_SP500,S&P 500,2025-02-24,5983.25
US_SP500,S&P 500,2025-02-25,5955.25
US_SP500,S&P 500,2025-02-26,5956.06005859375
US_SP500,S&P 500,2025-02-27,5861.56982421875
US_SP500,S&P 500,2025-02-28,5954.5
US_SP500,S&P 500,2025-03-03,5849.72021484375
US_SP500,S&P 500,2025-03-04,5778.14990234375
US_SP500,S&P 500,2025-03-05,5842.6298828125
US_SP500,S&P 500,2025-03-06,5738.52001953125
US_SP500,S&P 500,2025-03-07,5770.2001953125
US_SP500,S&P 500,2025-03-10,5614.56005859375
US_SP500,S&P 500,2025-03-11,5572.06982421875
US_SP500,S&P 500,2025-03-12,5599.2998046875
US_SP500,S&P 500,2025-03-13,5521.52001953125
US_SP500,S&P 500,2025-03-14,5638.93994140625
US_SP500,S&P 500,2025-03-17,5675.1201171875
US_SP500,S&P 500,2025-03-18,5614.66015625
US_SP500,S&P 500,2025-03-19,5675.2900390625
US_SP500,S&P 500,2025-03-20,5662.89013671875
US_SP500,S&P 500,2025-03-21,5667.56005859375
US_SP500,S&P 500,2025-03-24,5767.56982421875
US_SP500,S&P 500,2025-03-25,5776.64990234375
US_SP500,S&P 500,2025-03-26,5712.2001953125
US_SP500,S&P 500,2025-03-27,5693.31005859375
US_SP500,S&P 500,2025-03-28,5580.93994140625
US_SP500,S&P 500,2025-03-31,5611.85009765625
US_SP500,S&P 500,2025-04-01,5633.06982421875
US_SP500,S&P 500,2025-04-02,5670.97021484375
US_SP500,S&P 500,2025-04-03,5396.52001953125
US_SP500,S&P 500,2025-04-04,5074.080078125
US_SP500,S&P 500,2025-04-07,5062.25
US_SP500,S&P 500,2025-04-08,4982.77001953125
US_SP500,S&P 500,2025-04-09,5456.89990234375
US_SP500,S&P 500,2025-04-10,5268.0498046875
US_SP500,S&P 500,2025-04-11,5363.35986328125
US_SP500,S&P 500,2025-04-14,5405.97021484375
US_SP500,S&P 500,2025-04-15,5396.6298828125
US_SP500,S&P 500,2025-04-16,5275.7001953125
US_SP500,S&P 500,2025-04-17,5282.7001953125
US_SP500,S&P 500,2025-04-21,5158.2001953125
US_SP500,S&P 500,2025-04-22,5287.759765625
US_SP500,S&P 500,2025-04-23,5375.85986328125
US_SP500,S&P 500,2025-04-24,5484.77001953125
US_SP500,S&P 500,2025-04-25,5525.2099609375
US_SP500,S&P 500,2025-04-28,5528.75
US_SP500,S&P 500,2025-04-29,5560.830078125
US_SP500,S&P 500,2025-04-30,5569.06005859375
US_SP500,S&P 500,2025-05-01,5604.14013671875
US_SP500,S&P 500,2025-05-02,5686.669921875
US_SP500,S&P 500,2025-05-05,5650.3798828125
US_SP500,S&P 500,2025-05-06,5606.91015625
US_SP500,S&P 500,2025-05-07,5631.27978515625
US_SP500,S&P 500,2025-05-08,5663.93994140625
US_SP500,S&P 500,2025-05-09,5659.91015625
US_SP500,S&P 500,2025-05-12,5844.18994140625
US_SP500,S&P 500,2025-05-13,5886.5498046875
US_SP500,S&P 500,2025-05-14,5892.580078125
US_SP500,S&P 500,2025-05-15,5916.93017578125
US_SP500,S&P 500,2025-05-16,5958.3798828125
US_SP500,S&P 500,2025-05-19,5963.60009765625
US_SP500,S&P 500,2025-05-20,5940.4599609375
US_SP500,S&P 500,2025-05-21,5844.60986328125
US_SP500,S&P 500,2025-05-22,5842.009765625
US_SP500,S&P 500,2025-05-23,5802.81982421875
US_SP500,S&P 500,2025-05-27,5921.5400390625
US_SP500,S&P 500,2025-05-28,5888.5498046875
US_SP500,S&P 500,2025-05-29,5912.169921875
US_SP500,S&P 500,2025-05-30,5911.68994140625
US_SP500,S&P 500,2025-06-02,5935.93994140625
US_SP500,S&P 500,2025-06-03,5970.3701171875
US_SP500,S&P 500,2025-06-04,5970.81005859375
US_SP500,S&P 500,2025-06-05,5939.2998046875
US_SP500,S&P 500,2025-06-06,6000.35986328125
US_SP500,S&P 500,2025-06-09,6005.8798828125
US_SP500,S&P 500,2025-06-10,6038.81005859375
US_SP500,S&P 500,2025-06-11,6022.240234375
US_SP500,S&P 500,2025-06-12,6045.259765625
US_SP500,S&P 500,2025-06-13,5976.97021484375
US_SP500,S&P 500,2025-06-16,6033.10986328125
US_SP500,S&P 500,2025-06-17,5982.72021484375
US_SP500,S&P 500,2025-06-18,5980.8701171875
US_SP500,S&P 500,2025-06-20,5967.83984375
US_SP500,S&P 500,2025-06-23,6025.169921875
US_SP500,S&P 500,2025-06-24,6092.18017578125
US_SP500,S&P 500,2025-06-25,6092.16015625
US_SP500,S&P 500,2025-06-26,6141.02001953125
US_SP500,S&P 500,2025-06-27,6173.06982421875
US_SP500,S&P 500,2025-06-30,6204.9501953125
US_SP500,S&P 500,2025-07-01,6198.009765625
US_SP500,S&P 500,2025-07-02,6227.419921875
US_SP500,S&P 500,2025-07-03,6279.35009765625
US_SP500,S&P 500,2025-07-07,6229.97998046875
US_SP500,S&P 500,2025-07-08,6225.52001953125
US_SP500,S&P 500,2025-07-09,6263.259765625
US_SP500,S&P 500,2025-07-10,6280.4599609375
US_SP500,S&P 500,2025-07-11,6259.75
US_SP500,S&P 500,2025-07-14,6268.56005859375
US_SP500,S&P 500,2025-07-15,6243.759765625
US_SP500,S&P 500,2025-07-16,6263.7001953125
US_SP500,S&P 500,2025-07-17,6297.35986328125
US_SP500,S&P 500,2025-07-18,6296.7900390625
US_SP500,S&P 500,2025-07-21,6305.60009765625
US_SP500,S&P 500,2025-07-22,6309.6201171875
US_SP500,S&P 500,2025-07-23,6358.91015625
US_SP500,S&P 500,2025-07-24,6363.35009765625
US_SP500,S&P 500,2025-07-25,6388.64013671875
US_SP500,S&P 500,2025-07-28,6389.77001953125
US_SP500,S&P 500,2025-07-29,6370.85986328125
US_SP500,S&P 500,2025-07-30,6362.89990234375
US_SP500,S&P 500,2025-07-31,6339.39013671875
US_SP500,S&P 500,2025-08-01,6238.009765625
US_SP500,S&P 500,2025-08-04,6329.93994140625
US_SP500,S&P 500,2025-08-05,6299.18994140625
US_SP500,S&P 500,2025-08-06,6345.06005859375
US_SP500,S&P 500,2025-08-07,6340.0
US_SP500,S&P 500,2025-08-08,6389.4501953125
US_SP500,S&P 500,2025-08-11,6373.4501953125
US_SP500,S&P 500,2025-08-12,6445.759765625
US_SP500,S&P 500,2025-08-13,6466.580078125
US_SP500,S&P 500,2025-08-14,6468.5400390625
US_SP500,S&P 500,2025-08-15,6449.7998046875
US_SP500,S&P 500,2025-08-18,6449.14990234375
US_SP500,S&P 500,2025-08-19,6411.3701171875
US_SP500,S&P 500,2025-08-20,6395.77978515625
US_SP500,S&P 500,2025-08-21,6370.169921875
US_SP500,S&P 500,2025-08-22,6466.91015625
US_SP500,S&P 500,2025-08-25,6439.31982421875
US_SP500,S&P 500,2025-08-26,6465.93994140625
US_SP500,S&P 500,2025-08-27,6481.39990234375
US_SP500,S&P 500,2025-08-28,6501.85986328125
US_SP500,S&P 500,2025-08-29,6460.259765625
US_SP500,S&P 500,2025-09-02,6415.5400390625
US_SP500,S&P 500,2025-09-03,6448.259765625
US_SP500,S&P 500,2025-09-04,6502.080078125
US_SP500,S&P 500,2025-09-05,6481.5
US_SP500,S&P 500,2025-09-08,6495.14990234375
US_SP500,S&P 500,2025-09-09,6512.60986328125
US_SP500,S&P 500,2025-09-10,6532.0400390625
US_SP500,S&P 500,2025-09-11,6587.47021484375
US_SP500,S&P 500,2025-09-12,6584.2900390625
US_SP500,S&P 500,2025-09-15,6615.27978515625
US_SP500,S&P 500,2025-09-16,6606.759765625
US_SP500,S&P 500,2025-09-17,6600.35009765625
US_SP500,S&P 500,2025-09-18,6631.9599609375
US_SP500,S&P 500,2025-09-19,6664.35986328125
US_SP500,S&P 500,2025-09-22,6693.75
US_SP500,S&P 500,2025-09-23,6656.919921875
US_SP500,S&P 500,2025-09-24,6637.97021484375
US_SP500,S&P 500,2025-09-25,6604.72021484375
US_SP500,S&P 500,2025-09-26,6643.7001953125
US_SP500,S&P 500,2025-09-29,6661.2099609375
US_SP500,S&P 500,2025-09-30,6688.4599609375
US_SP500,S&P 500,2025-10-01,6711.2001953125
US_SP500,S&P 500,2025-10-02,6715.35009765625
US_SP500,S&P 500,2025-10-03,6715.7900390625
US_SP500,S&P 500,2025-10-06,6740.27978515625
US_SP500,S&P 500,2025-10-07,6714.58984375
US_SP500,S&P 500,2025-10-08,6753.72021484375
US_SP500,S&P 500,2025-10-09,6735.10986328125
US_SP500,S&P 500,2025-10-10,6552.509765625
US_SP500,S&P 500,2025-10-13,6654.72021484375
US_SP500,S&P 500,2025-10-14,6644.31005859375
US_SP500,S&P 500,2025-10-15,6671.06005859375
US_SP500,S&P 500,2025-10-16,6629.06982421875
US_SP500,S&P 500,2025-10-17,6664.009765625
US_SP500,S&P 500,2025-10-20,6735.1298828125
US_SP500,S&P 500,2025-10-21,6735.35009765625
US_SP500,S&P 500,2025-10-22,6699.39990234375
US_SP500,S&P 500,2025-10-23,6738.43994140625
US_SP500,S&P 500,2025-10-24,6791.68994140625
US_SP500,S&P 500,2025-10-27,6875.16015625
US_SP500,S&P 500,2025-10-28,6890.89013671875
US_SP500,S&P 500,2025-10-29,6890.58984375
US_SP500,S&P 500,2025-10-30,6822.33984375
US_SP500,S&P 500,2025-10-31,6840.2001953125
US_SP500,S&P 500,2025-11-03,6851.97021484375
US_SP500,S&P 500,2025-11-04,6771.5498046875
US_SP500,S&P 500,2025-11-05,6796.2900390625
US_SP500,S&P 500,2025-11-06,6720.31982421875
US_SP500,S&P 500,2025-11-07,6728.7998046875
US_SP500,S&P 500,2025-11-10,6832.43017578125
US_SP500,S&P 500,2025-11-11,6846.60986328125
US_SP500,S&P 500,2025-11-12,6850.919921875
US_SP500,S&P 500,2025-11-13,6737.490234375
US_SP500,S&P 500,2025-11-14,6734.10986328125
US_SP500,S&P 500,2025-11-17,6672.41015625
US_SP500,S&P 500,2025-11-18,6617.31982421875
US_SP500,S&P 500,2025-11-19,6642.16015625
US_SP500,S&P 500,2025-11-20,6538.759765625
US_SP500,S&P 500,2025-11-21,6602.990234375
US_SP500,S&P 500,2025-11-24,6705.1201171875
US_SP500,S&P 500,2025-11-25,6765.8798828125
US_SP500,S&P 500,2025-11-26,6812.60986328125
US_SP500,S&P 500,2025-11-28,6849.08984375
US_SP500,S&P 500,2025-12-01,6812.6298828125
US_SP500,S&P 500,2025-12-02,6829.3701171875
US_SP500,S&P 500,2025-12-03,6849.72021484375
US_SP500,S&P 500,2025-12-04,6857.1201171875
US_SP500,S&P 500,2025-12-05,6870.39990234375
US_SP500,S&P 500,2025-12-08,6846.509765625
US_SP500,S&P 500,2025-12-09,6840.509765625
US_SP500,S&P 500,2025-12-10,6886.68017578125
US_SP500,S&P 500,2025-12-11,6901.0
US_SP500,S&P 500,2025-12-12,6827.41015625
US_SP500,S&P 500,2025-12-15,6816.509765625
US_SP500,S&P 500,2025-12-16,6800.259765625
US_SP500,S&P 500,2025-12-17,6721.43017578125
US_SP500,S&P 500,2025-12-18,6774.759765625
US_SP500,S&P 500,2025-12-19,6834.5
US_SP500,S&P 500,2025-12-22,6878.490234375
US_SP500,S&P 500,2025-12-23,6909.7900390625
US_SP500,S&P 500,2025-12-24,6932.0498046875
US_SP500,S&P 500,2025-12-26,6929.93994140625
US_SP500,S&P 500,2025-12-29,6905.740234375
US_SP500,S&P 500,2025-12-30,6896.240234375
US_SP500,S&P 500,2025-12-31,6845.5
US_SP500,S&P 500,2026-01-02,6858.47021484375
US_SP500,S&P 500,2026-01-05,6902.0498046875
US_SP500,S&P 500,2026-01-06,6944.81982421875
US_SP500,S&P 500,2026-01-07,6920.93017578125
US_SP500,S&P 500,2026-01-08,6921.4599609375
US_SP500,S&P 500,2026-01-09,6966.27978515625
US_SP500,S&P 500,2026-01-12,6977.27001953125
US_SP500,S&P 500,2026-01-13,6963.740234375
US_SP500,S&P 500,2026-01-14,6926.60009765625
US_SP500,S&P 500,2026-01-15,6944.47021484375
US_SP500,S&P 500,2026-01-16,6940.009765625
US_SP500,S&P 500,2026-01-20,6796.85986328125
US_SP500,S&P 500,2026-01-21,6875.6201171875
US_SP500,S&P 500,2026-01-22,6913.35009765625
US_SP500,S&P 500,2026-01-23,6915.60986328125
US_SP500,S&P 500,2026-01-26,6950.22998046875
US_SP500,S&P 500,2026-01-27,6978.60009765625
US_SP500,S&P 500,2026-01-28,6978.02978515625
US_SP500,S&P 500,2026-01-29,6969.009765625
US_SP500,S&P 500,2026-01-30,6939.02978515625
US_SP500,S&P 500,2026-02-02,6976.43994140625
US_SP500,S&P 500,2026-02-03,6917.81005859375
US_SP500,S&P 500,2026-02-04,6882.72021484375
US_SP500,S&P 500,2026-02-05,6798.39990234375
US_SP500,S&P 500,2026-02-06,6932.2998046875
US_SP500,S&P 500,2026-02-09,6964.81982421875
US_SP500,S&P 500,2026-02-10,6941.81005859375
US_SP500,S&P 500,2026-02-11,6941.47021484375
US_SP500,S&P 500,2026-02-12,6832.759765625
US_SP500,S&P 500,2026-02-13,6836.169921875
US_SP500,S&P 500,2026-02-17,6843.22021484375
US_SP500,S&P 500,2026-02-18,6881.31005859375
US_SP500,S&P 500,2026-02-19,6861.89013671875
US_SP500,S&P 500,2026-02-20,6909.509765625
US_SP500,S&P 500,2026-02-23,6837.75
US_SP500,S&P 500,2026-02-24,6890.06982421875
US_SP500,S&P 500,2026-02-25,6946.1298828125
US_SP500,S&P 500,2026-02-26,6908.85986328125
US_SP500,S&P 500,2026-02-27,6878.8798828125
US_SP500,S&P 500,2026-03-02,6881.6201171875
US_SP500,S&P 500,2026-03-03,6816.6298828125
US_SP500,S&P 500,2026-03-04,6869.5
US_SP500,S&P 500,2026-03-05,6830.7099609375
US_SP500,S&P 500,2026-03-06,6740.02001953125
US_SP500,S&P 500,2026-03-09,6795.990234375
US_SP500,S&P 500,2026-03-10,6781.47998046875
US_SP500,S&P 500,2026-03-11,6775.7998046875
US_SP500,S&P 500,2026-03-12,6672.6201171875
US_SP500,S&P 500,2026-03-13,6632.18994140625
US_SP500,S&P 500,2026-03-16,6699.3798828125
US_SP500,S&P 500,2026-03-17,6716.08984375
US_SP500,S&P 500,2026-03-18,6624.7001953125
US_SP500,S&P 500,2026-03-19,6606.490234375
US_SP500,S&P 500,2026-03-20,6506.47998046875
US_SP500,S&P 500,2026-03-23,6581.0
US_SP500,S&P 500,2026-03-24,6556.3701171875
US_SP500,S&P 500,2026-03-25,6591.89990234375
US_SP500,S&P 500,2026-03-26,6477.16015625
US_SP500,S&P 500,2026-03-27,6368.85009765625
US_SP500,S&P 500,2026-03-30,6343.72021484375
US_SP500,S&P 500,2026-03-31,6528.52001953125
US_SP500,S&P 500,2026-04-01,6575.31982421875
US_SP500,S&P 500,2026-04-02,6582.68994140625
US_SP500,S&P 500,2026-04-06,6611.830078125
US_SP500,S&P 500,2026-04-07,6616.85009765625
US_SP500,S&P 500,2026-04-08,6782.81005859375
US_SP500,S&P 500,2026-04-09,6824.66015625
US_SP500,S&P 500,2026-04-10,6816.89013671875
US_SP500,S&P 500,2026-04-13,6886.240234375
US_SP500,S&P 500,2026-04-14,6967.3798828125
US_SP500,S&P 500,2026-04-15,7022.9501953125
US_SP500,S&P 500,2026-04-16,7041.27978515625
US_SP500,S&P 500,2026-04-17,7126.06005859375
US_SP500,S&P 500,2026-04-20,7109.14013671875
US_SP500,S&P 500,2026-04-21,7064.009765625
US_SP500,S&P 500,2026-04-22,7137.89990234375
US_SP500,S&P 500,2026-04-23,7108.39990234375
US_SP500,S&P 500,2026-04-24,7165.080078125
US_SP500,S&P 500,2026-04-27,7173.91015625
US_SP500,S&P 500,2026-04-28,7138.7998046875
US_SP500,S&P 500,2026-04-29,7135.9501953125
US_SP500,S&P 500,2026-04-30,7209.009765625
US_SP500,S&P 500,2026-05-01,7230.1201171875
US_SP500,S&P 500,2026-05-04,7200.75
US_SP500,S&P 500,2026-05-05,7259.22021484375
US_SP500,S&P 500,2026-05-06,7365.1201171875
US_SP500,S&P 500,2026-05-07,7337.10986328125
US_SP500,S&P 500,2026-05-08,7398.93017578125
US_SP500,S&P 500,2026-05-11,7412.83984375
US_SP500,S&P 500,2026-05-12,7400.9599609375
US_SP500,S&P 500,2026-05-13,7444.25
US_SP500,S&P 500,2026-05-14,7501.240234375
US_SP500,S&P 500,2026-05-15,7408.5
US_SP500,S&P 500,2026-05-18,7403.0498046875
US_SP500,S&P 500,2026-05-19,7353.60986328125
US_SP500,S&P 500,2026-05-20,7432.97021484375
US_SP500,S&P 500,2026-05-21,7445.72021484375
US_SP500,S&P 500,2026-05-22,7473.47021484375
US_SP500,S&P 500,2026-05-26,7519.1201171875
US_SP500,S&P 500,2026-05-27,7520.35986328125
US_SP500,S&P 500,2026-05-28,7563.6298828125
US_SP500,S&P 500,2026-05-29,7580.06005859375
US_SP500,S&P 500,2026-06-01,7599.9599609375
US_SP500,S&P 500,2026-06-02,7609.77978515625
US_SP500,S&P 500,2026-06-03,7553.68017578125
US_SP500,S&P 500,2026-06-04,7584.31005859375
US_SP500,S&P 500,2026-06-05,7383.740234375
US_SP500,S&P 500,2026-06-08,7405.72998046875
US_SP500,S&P 500,2026-06-09,7386.64990234375
US_SP500,S&P 500,2026-06-10,7266.990234375
US_SP500,S&P 500,2026-06-11,7394.2998046875
US_SP500,S&P 500,2026-06-12,7431.4599609375
US_SP500,S&P 500,2026-06-15,7554.2900390625
US_SP500,S&P 500,2026-06-16,7511.35009765625
US_SP500,S&P 500,2026-06-17,7420.10009765625
US_SP500,S&P 500,2026-06-18,7500.580078125
US_SP500,S&P 500,2026-06-22,7472.7900390625
US_SP500,S&P 500,2026-06-23,7365.4599609375
US_SP500,S&P 500,2026-06-24,7358.22021484375
US_SP500,S&P 500,2026-06-25,7357.490234375
US_SP500,S&P 500,2026-06-26,7354.02001953125
US_SP500,S&P 500,2026-06-29,7440.43017578125
US_SP500,S&P 500,2026-06-30,7499.35986328125
US_SP500,S&P 500,2026-07-01,7483.22998046875
US_SP500,S&P 500,2026-07-02,7483.240234375
US_SP500,S&P 500,2026-07-06,7537.43017578125
US_SP500,S&P 500,2026-07-07,7503.85009765625
US_SP500,S&P 500,2026-07-08,7482.7099609375
US_SP500,S&P 500,2026-07-09,7543.64013671875
US_SP500,S&P 500,2026-07-10,7575.39013671875
US_SP500,S&P 500,2026-07-13,7515.33984375
US_SP500,S&P 500,2026-07-14,7543.58984375
US_SP500,S&P 500,2026-07-15,7572.39990234375
US_SP500,S&P 500,2026-07-16,7533.77001953125
US_SP500,S&P 500,2026-07-17,7457.68994140625
US_SP500,S&P 500,2026-07-20,7443.27978515625
US_SP500,S&P 500,2026-07-21,7509.2001953125
US_SP500,S&P 500,2026-07-22,7498.9599609375
US_SP500,S&P 500,2026-07-23,7408.2998046875
US_SP500,S&P 500,2026-07-24,7411.97998046875
US_SP500,S&P 500,2026-07-27,7413.18017578125
US_SP500,S&P 500,2026-07-28,7428.77978515625
US_SP500,S&P 500,2026-07-29,7316.14990234375
US_SP500,S&P 500,2026-07-30,7437.6298828125
US_SP500,S&P 500,2026-07-31,7489.72021484375
US_SP500,S&P 500,2026-08-03,7600.5
US_SP500,S&P 500,2026-08-04,7736.52001953125
US_NASDAQ,Nasdaq Composite,2024-12-27,19722.029296875
US_NASDAQ,Nasdaq Composite,2024-12-30,19486.7890625
US_NASDAQ,Nasdaq Composite,2024-12-31,19310.7890625
US_NASDAQ,Nasdaq Composite,2025-01-02,19280.7890625
US_NASDAQ,Nasdaq Composite,2025-01-03,19621.6796875
US_NASDAQ,Nasdaq Composite,2025-01-06,19864.98046875
US_NASDAQ,Nasdaq Composite,2025-01-07,19489.6796875
US_NASDAQ,Nasdaq Composite,2025-01-08,19478.880859375
US_NASDAQ,Nasdaq Composite,2025-01-10,19161.630859375
US_NASDAQ,Nasdaq Composite,2025-01-13,19088.099609375
US_NASDAQ,Nasdaq Composite,2025-01-14,19044.390625
US_NASDAQ,Nasdaq Composite,2025-01-15,19511.23046875
US_NASDAQ,Nasdaq Composite,2025-01-16,19338.2890625
US_NASDAQ,Nasdaq Composite,2025-01-17,19630.19921875
US_NASDAQ,Nasdaq Composite,2025-01-21,19756.779296875
US_NASDAQ,Nasdaq Composite,2025-01-22,20009.33984375
US_NASDAQ,Nasdaq Composite,2025-01-23,20053.6796875
US_NASDAQ,Nasdaq Composite,2025-01-24,19954.30078125
US_NASDAQ,Nasdaq Composite,2025-01-27,19341.830078125
US_NASDAQ,Nasdaq Composite,2025-01-28,19733.58984375
US_NASDAQ,Nasdaq Composite,2025-01-29,19632.3203125
US_NASDAQ,Nasdaq Composite,2025-01-30,19681.75
US_NASDAQ,Nasdaq Composite,2025-01-31,19627.439453125
US_NASDAQ,Nasdaq Composite,2025-02-03,19391.9609375
US_NASDAQ,Nasdaq Composite,2025-02-04,19654.01953125
US_NASDAQ,Nasdaq Composite,2025-02-05,19692.330078125
US_NASDAQ,Nasdaq Composite,2025-02-06,19791.990234375
US_NASDAQ,Nasdaq Composite,2025-02-07,19523.400390625
US_NASDAQ,Nasdaq Composite,2025-02-10,19714.26953125
US_NASDAQ,Nasdaq Composite,2025-02-11,19643.859375
US_NASDAQ,Nasdaq Composite,2025-02-12,19649.94921875
US_NASDAQ,Nasdaq Composite,2025-02-13,19945.640625
US_NASDAQ,Nasdaq Composite,2025-02-14,20026.76953125
US_NASDAQ,Nasdaq Composite,2025-02-18,20041.259765625
US_NASDAQ,Nasdaq Composite,2025-02-19,20056.25
US_NASDAQ,Nasdaq Composite,2025-02-20,19962.359375
US_NASDAQ,Nasdaq Composite,2025-02-21,19524.009765625
US_NASDAQ,Nasdaq Composite,2025-02-24,19286.9296875
US_NASDAQ,Nasdaq Composite,2025-02-25,19026.390625
US_NASDAQ,Nasdaq Composite,2025-02-26,19075.259765625
US_NASDAQ,Nasdaq Composite,2025-02-27,18544.419921875
US_NASDAQ,Nasdaq Composite,2025-02-28,18847.279296875
US_NASDAQ,Nasdaq Composite,2025-03-03,18350.189453125
US_NASDAQ,Nasdaq Composite,2025-03-04,18285.16015625
US_NASDAQ,Nasdaq Composite,2025-03-05,18552.73046875
US_NASDAQ,Nasdaq Composite,2025-03-06,18069.259765625
US_NASDAQ,Nasdaq Composite,2025-03-07,18196.220703125
US_NASDAQ,Nasdaq Composite,2025-03-10,17468.3203125
US_NASDAQ,Nasdaq Composite,2025-03-11,17436.099609375
US_NASDAQ,Nasdaq Composite,2025-03-12,17648.44921875
US_NASDAQ,Nasdaq Composite,2025-03-13,17303.009765625
US_NASDAQ,Nasdaq Composite,2025-03-14,17754.08984375
US_NASDAQ,Nasdaq Composite,2025-03-17,17808.66015625
US_NASDAQ,Nasdaq Composite,2025-03-18,17504.119140625
US_NASDAQ,Nasdaq Composite,2025-03-19,17750.7890625
US_NASDAQ,Nasdaq Composite,2025-03-20,17691.630859375
US_NASDAQ,Nasdaq Composite,2025-03-21,17784.05078125
US_NASDAQ,Nasdaq Composite,2025-03-24,18188.58984375
US_NASDAQ,Nasdaq Composite,2025-03-25,18271.859375
US_NASDAQ,Nasdaq Composite,2025-03-26,17899.01953125
US_NASDAQ,Nasdaq Composite,2025-03-27,17804.029296875
US_NASDAQ,Nasdaq Composite,2025-03-28,17322.990234375
US_NASDAQ,Nasdaq Composite,2025-03-31,17299.2890625
US_NASDAQ,Nasdaq Composite,2025-04-01,17449.890625
US_NASDAQ,Nasdaq Composite,2025-04-02,17601.05078125
US_NASDAQ,Nasdaq Composite,2025-04-03,16550.609375
US_NASDAQ,Nasdaq Composite,2025-04-04,15587.7900390625
US_NASDAQ,Nasdaq Composite,2025-04-07,15603.259765625
US_NASDAQ,Nasdaq Composite,2025-04-08,15267.91015625
US_NASDAQ,Nasdaq Composite,2025-04-09,17124.970703125
US_NASDAQ,Nasdaq Composite,2025-04-10,16387.310546875
US_NASDAQ,Nasdaq Composite,2025-04-11,16724.4609375
US_NASDAQ,Nasdaq Composite,2025-04-14,16831.48046875
US_NASDAQ,Nasdaq Composite,2025-04-15,16823.169921875
US_NASDAQ,Nasdaq Composite,2025-04-16,16307.16015625
US_NASDAQ,Nasdaq Composite,2025-04-17,16286.4501953125
US_NASDAQ,Nasdaq Composite,2025-04-21,15870.900390625
US_NASDAQ,Nasdaq Composite,2025-04-22,16300.419921875
US_NASDAQ,Nasdaq Composite,2025-04-23,16708.05078125
US_NASDAQ,Nasdaq Composite,2025-04-24,17166.0390625
US_NASDAQ,Nasdaq Composite,2025-04-25,17382.939453125
US_NASDAQ,Nasdaq Composite,2025-04-28,17366.130859375
US_NASDAQ,Nasdaq Composite,2025-04-29,17461.3203125
US_NASDAQ,Nasdaq Composite,2025-04-30,17446.33984375
US_NASDAQ,Nasdaq Composite,2025-05-01,17710.740234375
US_NASDAQ,Nasdaq Composite,2025-05-02,17977.73046875
US_NASDAQ,Nasdaq Composite,2025-05-05,17844.240234375
US_NASDAQ,Nasdaq Composite,2025-05-06,17689.66015625
US_NASDAQ,Nasdaq Composite,2025-05-07,17738.16015625
US_NASDAQ,Nasdaq Composite,2025-05-08,17928.140625
US_NASDAQ,Nasdaq Composite,2025-05-09,17928.919921875
US_NASDAQ,Nasdaq Composite,2025-05-12,18708.33984375
US_NASDAQ,Nasdaq Composite,2025-05-13,19010.08984375
US_NASDAQ,Nasdaq Composite,2025-05-14,19146.810546875
US_NASDAQ,Nasdaq Composite,2025-05-15,19112.3203125
US_NASDAQ,Nasdaq Composite,2025-05-16,19211.099609375
US_NASDAQ,Nasdaq Composite,2025-05-19,19215.4609375
US_NASDAQ,Nasdaq Composite,2025-05-20,19142.7109375
US_NASDAQ,Nasdaq Composite,2025-05-21,18872.640625
US_NASDAQ,Nasdaq Composite,2025-05-22,18925.740234375
US_NASDAQ,Nasdaq Composite,2025-05-23,18737.2109375
US_NASDAQ,Nasdaq Composite,2025-05-27,19199.16015625
US_NASDAQ,Nasdaq Composite,2025-05-28,19100.939453125
US_NASDAQ,Nasdaq Composite,2025-05-29,19175.869140625
US_NASDAQ,Nasdaq Composite,2025-05-30,19113.76953125
US_NASDAQ,Nasdaq Composite,2025-06-02,19242.609375
US_NASDAQ,Nasdaq Composite,2025-06-03,19398.9609375
US_NASDAQ,Nasdaq Composite,2025-06-04,19460.490234375
US_NASDAQ,Nasdaq Composite,2025-06-05,19298.44921875
US_NASDAQ,Nasdaq Composite,2025-06-06,19529.94921875
US_NASDAQ,Nasdaq Composite,2025-06-09,19591.240234375
US_NASDAQ,Nasdaq Composite,2025-06-10,19714.990234375
US_NASDAQ,Nasdaq Composite,2025-06-11,19615.880859375
US_NASDAQ,Nasdaq Composite,2025-06-12,19662.490234375
US_NASDAQ,Nasdaq Composite,2025-06-13,19406.830078125
US_NASDAQ,Nasdaq Composite,2025-06-16,19701.2109375
US_NASDAQ,Nasdaq Composite,2025-06-17,19521.08984375
US_NASDAQ,Nasdaq Composite,2025-06-18,19546.26953125
US_NASDAQ,Nasdaq Composite,2025-06-20,19447.41015625
US_NASDAQ,Nasdaq Composite,2025-06-23,19630.970703125
US_NASDAQ,Nasdaq Composite,2025-06-24,19912.529296875
US_NASDAQ,Nasdaq Composite,2025-06-25,19973.55078125
US_NASDAQ,Nasdaq Composite,2025-06-26,20167.91015625
US_NASDAQ,Nasdaq Composite,2025-06-27,20273.4609375
US_NASDAQ,Nasdaq Composite,2025-06-30,20369.73046875
US_NASDAQ,Nasdaq Composite,2025-07-01,20202.890625
US_NASDAQ,Nasdaq Composite,2025-07-02,20393.130859375
US_NASDAQ,Nasdaq Composite,2025-07-03,20601.099609375
US_NASDAQ,Nasdaq Composite,2025-07-07,20412.51953125
US_NASDAQ,Nasdaq Composite,2025-07-08,20418.4609375
US_NASDAQ,Nasdaq Composite,2025-07-09,20611.33984375
US_NASDAQ,Nasdaq Composite,2025-07-10,20630.66015625
US_NASDAQ,Nasdaq Composite,2025-07-11,20585.529296875
US_NASDAQ,Nasdaq Composite,2025-07-14,20640.330078125
US_NASDAQ,Nasdaq Composite,2025-07-15,20677.80078125
US_NASDAQ,Nasdaq Composite,2025-07-16,20730.490234375
US_NASDAQ,Nasdaq Composite,2025-07-17,20885.650390625
US_NASDAQ,Nasdaq Composite,2025-07-18,20895.650390625
US_NASDAQ,Nasdaq Composite,2025-07-21,20974.1796875
US_NASDAQ,Nasdaq Composite,2025-07-22,20892.689453125
US_NASDAQ,Nasdaq Composite,2025-07-23,21020.01953125
US_NASDAQ,Nasdaq Composite,2025-07-24,21057.9609375
US_NASDAQ,Nasdaq Composite,2025-07-25,21108.3203125
US_NASDAQ,Nasdaq Composite,2025-07-28,21178.580078125
US_NASDAQ,Nasdaq Composite,2025-07-29,21098.2890625
US_NASDAQ,Nasdaq Composite,2025-07-30,21129.669921875
US_NASDAQ,Nasdaq Composite,2025-07-31,21122.44921875
US_NASDAQ,Nasdaq Composite,2025-08-01,20650.130859375
US_NASDAQ,Nasdaq Composite,2025-08-04,21053.580078125
US_NASDAQ,Nasdaq Composite,2025-08-05,20916.55078125
US_NASDAQ,Nasdaq Composite,2025-08-06,21169.419921875
US_NASDAQ,Nasdaq Composite,2025-08-07,21242.69921875
US_NASDAQ,Nasdaq Composite,2025-08-08,21450.01953125
US_NASDAQ,Nasdaq Composite,2025-08-11,21385.400390625
US_NASDAQ,Nasdaq Composite,2025-08-12,21681.900390625
US_NASDAQ,Nasdaq Composite,2025-08-13,21713.140625
US_NASDAQ,Nasdaq Composite,2025-08-14,21710.669921875
US_NASDAQ,Nasdaq Composite,2025-08-15,21622.98046875
US_NASDAQ,Nasdaq Composite,2025-08-18,21629.76953125
US_NASDAQ,Nasdaq Composite,2025-08-19,21314.94921875
US_NASDAQ,Nasdaq Composite,2025-08-20,21172.859375
US_NASDAQ,Nasdaq Composite,2025-08-21,21100.310546875
US_NASDAQ,Nasdaq Composite,2025-08-22,21496.5390625
US_NASDAQ,Nasdaq Composite,2025-08-25,21449.2890625
US_NASDAQ,Nasdaq Composite,2025-08-26,21544.26953125
US_NASDAQ,Nasdaq Composite,2025-08-27,21590.140625
US_NASDAQ,Nasdaq Composite,2025-08-28,21705.16015625
US_NASDAQ,Nasdaq Composite,2025-08-29,21455.55078125
US_NASDAQ,Nasdaq Composite,2025-09-02,21279.630859375
US_NASDAQ,Nasdaq Composite,2025-09-03,21497.73046875
US_NASDAQ,Nasdaq Composite,2025-09-04,21707.689453125
US_NASDAQ,Nasdaq Composite,2025-09-05,21700.390625
US_NASDAQ,Nasdaq Composite,2025-09-08,21798.69921875
US_NASDAQ,Nasdaq Composite,2025-09-09,21879.490234375
US_NASDAQ,Nasdaq Composite,2025-09-10,21886.060546875
US_NASDAQ,Nasdaq Composite,2025-09-11,22043.0703125
US_NASDAQ,Nasdaq Composite,2025-09-12,22141.099609375
US_NASDAQ,Nasdaq Composite,2025-09-15,22348.75
US_NASDAQ,Nasdaq Composite,2025-09-16,22333.9609375
US_NASDAQ,Nasdaq Composite,2025-09-17,22261.330078125
US_NASDAQ,Nasdaq Composite,2025-09-18,22470.720703125
US_NASDAQ,Nasdaq Composite,2025-09-19,22631.48046875
US_NASDAQ,Nasdaq Composite,2025-09-22,22788.98046875
US_NASDAQ,Nasdaq Composite,2025-09-23,22573.470703125
US_NASDAQ,Nasdaq Composite,2025-09-24,22497.859375
US_NASDAQ,Nasdaq Composite,2025-09-25,22384.69921875
US_NASDAQ,Nasdaq Composite,2025-09-26,22484.0703125
US_NASDAQ,Nasdaq Composite,2025-09-29,22591.150390625
US_NASDAQ,Nasdaq Composite,2025-09-30,22660.009765625
US_NASDAQ,Nasdaq Composite,2025-10-01,22755.16015625
US_NASDAQ,Nasdaq Composite,2025-10-02,22844.05078125
US_NASDAQ,Nasdaq Composite,2025-10-03,22780.509765625
US_NASDAQ,Nasdaq Composite,2025-10-06,22941.669921875
US_NASDAQ,Nasdaq Composite,2025-10-07,22788.359375
US_NASDAQ,Nasdaq Composite,2025-10-08,23043.380859375
US_NASDAQ,Nasdaq Composite,2025-10-09,23024.630859375
US_NASDAQ,Nasdaq Composite,2025-10-10,22204.4296875
US_NASDAQ,Nasdaq Composite,2025-10-13,22694.609375
US_NASDAQ,Nasdaq Composite,2025-10-14,22521.69921875
US_NASDAQ,Nasdaq Composite,2025-10-15,22670.080078125
US_NASDAQ,Nasdaq Composite,2025-10-16,22562.5390625
US_NASDAQ,Nasdaq Composite,2025-10-17,22679.970703125
US_NASDAQ,Nasdaq Composite,2025-10-20,22990.5390625
US_NASDAQ,Nasdaq Composite,2025-10-21,22953.669921875
US_NASDAQ,Nasdaq Composite,2025-10-22,22740.400390625
US_NASDAQ,Nasdaq Composite,2025-10-23,22941.80078125
US_NASDAQ,Nasdaq Composite,2025-10-24,23204.869140625
US_NASDAQ,Nasdaq Composite,2025-10-27,23637.4609375
US_NASDAQ,Nasdaq Composite,2025-10-28,23827.490234375
US_NASDAQ,Nasdaq Composite,2025-10-29,23958.470703125
US_NASDAQ,Nasdaq Composite,2025-10-30,23581.140625
US_NASDAQ,Nasdaq Composite,2025-10-31,23724.9609375
US_NASDAQ,Nasdaq Composite,2025-11-03,23834.720703125
US_NASDAQ,Nasdaq Composite,2025-11-04,23348.640625
US_NASDAQ,Nasdaq Composite,2025-11-05,23499.80078125
US_NASDAQ,Nasdaq Composite,2025-11-06,23053.990234375
US_NASDAQ,Nasdaq Composite,2025-11-07,23004.5390625
US_NASDAQ,Nasdaq Composite,2025-11-10,23527.169921875
US_NASDAQ,Nasdaq Composite,2025-11-11,23468.30078125
US_NASDAQ,Nasdaq Composite,2025-11-12,23406.4609375
US_NASDAQ,Nasdaq Composite,2025-11-13,22870.359375
US_NASDAQ,Nasdaq Composite,2025-11-14,22900.58984375
US_NASDAQ,Nasdaq Composite,2025-11-17,22708.0703125
US_NASDAQ,Nasdaq Composite,2025-11-18,22432.849609375
US_NASDAQ,Nasdaq Composite,2025-11-19,22564.23046875
US_NASDAQ,Nasdaq Composite,2025-11-20,22078.05078125
US_NASDAQ,Nasdaq Composite,2025-11-21,22273.080078125
US_NASDAQ,Nasdaq Composite,2025-11-24,22872.009765625
US_NASDAQ,Nasdaq Composite,2025-11-25,23025.58984375
US_NASDAQ,Nasdaq Composite,2025-11-26,23214.689453125
US_NASDAQ,Nasdaq Composite,2025-11-28,23365.689453125
US_NASDAQ,Nasdaq Composite,2025-12-01,23275.919921875
US_NASDAQ,Nasdaq Composite,2025-12-02,23413.669921875
US_NASDAQ,Nasdaq Composite,2025-12-03,23454.08984375
US_NASDAQ,Nasdaq Composite,2025-12-04,23505.140625
US_NASDAQ,Nasdaq Composite,2025-12-05,23578.130859375
US_NASDAQ,Nasdaq Composite,2025-12-08,23545.900390625
US_NASDAQ,Nasdaq Composite,2025-12-09,23576.490234375
US_NASDAQ,Nasdaq Composite,2025-12-10,23654.150390625
US_NASDAQ,Nasdaq Composite,2025-12-11,23593.859375
US_NASDAQ,Nasdaq Composite,2025-12-12,23195.169921875
US_NASDAQ,Nasdaq Composite,2025-12-15,23057.41015625
US_NASDAQ,Nasdaq Composite,2025-12-16,23111.4609375
US_NASDAQ,Nasdaq Composite,2025-12-17,22693.3203125
US_NASDAQ,Nasdaq Composite,2025-12-18,23006.359375
US_NASDAQ,Nasdaq Composite,2025-12-19,23307.619140625
US_NASDAQ,Nasdaq Composite,2025-12-22,23428.830078125
US_NASDAQ,Nasdaq Composite,2025-12-23,23561.83984375
US_NASDAQ,Nasdaq Composite,2025-12-24,23613.310546875
US_NASDAQ,Nasdaq Composite,2025-12-26,23593.099609375
US_NASDAQ,Nasdaq Composite,2025-12-29,23474.349609375
US_NASDAQ,Nasdaq Composite,2025-12-30,23419.080078125
US_NASDAQ,Nasdaq Composite,2025-12-31,23241.990234375
US_NASDAQ,Nasdaq Composite,2026-01-02,23235.630859375
US_NASDAQ,Nasdaq Composite,2026-01-05,23395.8203125
US_NASDAQ,Nasdaq Composite,2026-01-06,23547.169921875
US_NASDAQ,Nasdaq Composite,2026-01-07,23584.279296875
US_NASDAQ,Nasdaq Composite,2026-01-08,23480.01953125
US_NASDAQ,Nasdaq Composite,2026-01-09,23671.349609375
US_NASDAQ,Nasdaq Composite,2026-01-12,23733.900390625
US_NASDAQ,Nasdaq Composite,2026-01-13,23709.869140625
US_NASDAQ,Nasdaq Composite,2026-01-14,23471.75
US_NASDAQ,Nasdaq Composite,2026-01-15,23530.01953125
US_NASDAQ,Nasdaq Composite,2026-01-16,23515.390625
US_NASDAQ,Nasdaq Composite,2026-01-20,22954.3203125
US_NASDAQ,Nasdaq Composite,2026-01-21,23224.8203125
US_NASDAQ,Nasdaq Composite,2026-01-22,23436.01953125
US_NASDAQ,Nasdaq Composite,2026-01-23,23501.240234375
US_NASDAQ,Nasdaq Composite,2026-01-26,23601.359375
US_NASDAQ,Nasdaq Composite,2026-01-27,23817.099609375
US_NASDAQ,Nasdaq Composite,2026-01-28,23857.44921875
US_NASDAQ,Nasdaq Composite,2026-01-29,23685.119140625
US_NASDAQ,Nasdaq Composite,2026-01-30,23461.8203125
US_NASDAQ,Nasdaq Composite,2026-02-02,23592.109375
US_NASDAQ,Nasdaq Composite,2026-02-03,23255.189453125
US_NASDAQ,Nasdaq Composite,2026-02-04,22904.580078125
US_NASDAQ,Nasdaq Composite,2026-02-05,22540.58984375
US_NASDAQ,Nasdaq Composite,2026-02-06,23031.2109375
US_NASDAQ,Nasdaq Composite,2026-02-09,23238.669921875
US_NASDAQ,Nasdaq Composite,2026-02-10,23102.470703125
US_NASDAQ,Nasdaq Composite,2026-02-11,23066.470703125
US_NASDAQ,Nasdaq Composite,2026-02-12,22597.150390625
US_NASDAQ,Nasdaq Composite,2026-02-13,22546.669921875
US_NASDAQ,Nasdaq Composite,2026-02-17,22578.380859375
US_NASDAQ,Nasdaq Composite,2026-02-18,22753.630859375
US_NASDAQ,Nasdaq Composite,2026-02-19,22682.73046875
US_NASDAQ,Nasdaq Composite,2026-02-20,22886.0703125
US_NASDAQ,Nasdaq Composite,2026-02-23,22627.26953125
US_NASDAQ,Nasdaq Composite,2026-02-24,22863.6796875
US_NASDAQ,Nasdaq Composite,2026-02-25,23152.080078125
US_NASDAQ,Nasdaq Composite,2026-02-26,22878.380859375
US_NASDAQ,Nasdaq Composite,2026-02-27,22668.2109375
US_NASDAQ,Nasdaq Composite,2026-03-02,22748.859375
US_NASDAQ,Nasdaq Composite,2026-03-03,22516.689453125
US_NASDAQ,Nasdaq Composite,2026-03-04,22807.48046875
US_NASDAQ,Nasdaq Composite,2026-03-05,22748.990234375
US_NASDAQ,Nasdaq Composite,2026-03-06,22387.6796875
US_NASDAQ,Nasdaq Composite,2026-03-09,22695.94921875
US_NASDAQ,Nasdaq Composite,2026-03-10,22697.099609375
US_NASDAQ,Nasdaq Composite,2026-03-11,22716.130859375
US_NASDAQ,Nasdaq Composite,2026-03-12,22311.98046875
US_NASDAQ,Nasdaq Composite,2026-03-13,22105.359375
US_NASDAQ,Nasdaq Composite,2026-03-16,22374.1796875
US_NASDAQ,Nasdaq Composite,2026-03-17,22479.529296875
US_NASDAQ,Nasdaq Composite,2026-03-18,22152.419921875
US_NASDAQ,Nasdaq Composite,2026-03-19,22090.689453125
US_NASDAQ,Nasdaq Composite,2026-03-20,21647.609375
US_NASDAQ,Nasdaq Composite,2026-03-23,21946.759765625
US_NASDAQ,Nasdaq Composite,2026-03-24,21761.890625
US_NASDAQ,Nasdaq Composite,2026-03-25,21929.8203125
US_NASDAQ,Nasdaq Composite,2026-03-26,21408.080078125
US_NASDAQ,Nasdaq Composite,2026-03-27,20948.359375
US_NASDAQ,Nasdaq Composite,2026-03-30,20794.640625
US_NASDAQ,Nasdaq Composite,2026-03-31,21590.630859375
US_NASDAQ,Nasdaq Composite,2026-04-01,21840.94921875
US_NASDAQ,Nasdaq Composite,2026-04-02,21879.1796875
US_NASDAQ,Nasdaq Composite,2026-04-06,21996.33984375
US_NASDAQ,Nasdaq Composite,2026-04-07,22017.849609375
US_NASDAQ,Nasdaq Composite,2026-04-08,22634.990234375
US_NASDAQ,Nasdaq Composite,2026-04-09,22822.419921875
US_NASDAQ,Nasdaq Composite,2026-04-10,22902.890625
US_NASDAQ,Nasdaq Composite,2026-04-13,23183.740234375
US_NASDAQ,Nasdaq Composite,2026-04-14,23639.080078125
US_NASDAQ,Nasdaq Composite,2026-04-15,24016.01953125
US_NASDAQ,Nasdaq Composite,2026-04-16,24102.69921875
US_NASDAQ,Nasdaq Composite,2026-04-17,24468.48046875
US_NASDAQ,Nasdaq Composite,2026-04-20,24404.390625
US_NASDAQ,Nasdaq Composite,2026-04-21,24259.9609375
US_NASDAQ,Nasdaq Composite,2026-04-22,24657.5703125
US_NASDAQ,Nasdaq Composite,2026-04-23,24438.5
US_NASDAQ,Nasdaq Composite,2026-04-24,24836.599609375
US_NASDAQ,Nasdaq Composite,2026-04-27,24887.099609375
US_NASDAQ,Nasdaq Composite,2026-04-28,24663.80078125
US_NASDAQ,Nasdaq Composite,2026-04-29,24673.240234375
US_NASDAQ,Nasdaq Composite,2026-04-30,24892.310546875
US_NASDAQ,Nasdaq Composite,2026-05-01,25114.439453125
US_NASDAQ,Nasdaq Composite,2026-05-04,25067.80078125
US_NASDAQ,Nasdaq Composite,2026-05-05,25326.130859375
US_NASDAQ,Nasdaq Composite,2026-05-06,25838.939453125
US_NASDAQ,Nasdaq Composite,2026-05-07,25806.19921875
US_NASDAQ,Nasdaq Composite,2026-05-08,26247.080078125
US_NASDAQ,Nasdaq Composite,2026-05-11,26274.130859375
US_NASDAQ,Nasdaq Composite,2026-05-12,26088.19921875
US_NASDAQ,Nasdaq Composite,2026-05-13,26402.33984375
US_NASDAQ,Nasdaq Composite,2026-05-14,26635.220703125
US_NASDAQ,Nasdaq Composite,2026-05-15,26225.140625
US_NASDAQ,Nasdaq Composite,2026-05-18,26090.73046875
US_NASDAQ,Nasdaq Composite,2026-05-19,25870.7109375
US_NASDAQ,Nasdaq Composite,2026-05-20,26270.359375
US_NASDAQ,Nasdaq Composite,2026-05-21,26293.099609375
US_NASDAQ,Nasdaq Composite,2026-05-22,26343.970703125
US_NASDAQ,Nasdaq Composite,2026-05-26,26656.1796875
US_NASDAQ,Nasdaq Composite,2026-05-27,26674.73046875
US_NASDAQ,Nasdaq Composite,2026-05-28,26917.470703125
US_NASDAQ,Nasdaq Composite,2026-05-29,26972.619140625
US_NASDAQ,Nasdaq Composite,2026-06-01,27086.810546875
US_NASDAQ,Nasdaq Composite,2026-06-02,27093.900390625
US_NASDAQ,Nasdaq Composite,2026-06-03,26853.98046875
US_NASDAQ,Nasdaq Composite,2026-06-04,26830.9609375
US_NASDAQ,Nasdaq Composite,2026-06-05,25709.4296875
US_NASDAQ,Nasdaq Composite,2026-06-08,25929.66015625
US_NASDAQ,Nasdaq Composite,2026-06-09,25678.8203125
US_NASDAQ,Nasdaq Composite,2026-06-10,25169.5
US_NASDAQ,Nasdaq Composite,2026-06-11,25809.66015625
US_NASDAQ,Nasdaq Composite,2026-06-12,25888.83984375
US_NASDAQ,Nasdaq Composite,2026-06-15,26683.939453125
US_NASDAQ,Nasdaq Composite,2026-06-16,26376.33984375
US_NASDAQ,Nasdaq Composite,2026-06-17,26021.66015625
US_NASDAQ,Nasdaq Composite,2026-06-18,26517.9296875
US_NASDAQ,Nasdaq Composite,2026-06-22,26166.599609375
US_NASDAQ,Nasdaq Composite,2026-06-23,25587.0390625
US_NASDAQ,Nasdaq Composite,2026-06-24,25476.640625
US_NASDAQ,Nasdaq Composite,2026-06-25,25358.599609375
US_NASDAQ,Nasdaq Composite,2026-06-26,25297.619140625
US_NASDAQ,Nasdaq Composite,2026-06-29,25820.140625
US_NASDAQ,Nasdaq Composite,2026-06-30,26213.720703125
US_NASDAQ,Nasdaq Composite,2026-07-01,26040.029296875
US_NASDAQ,Nasdaq Composite,2026-07-02,25832.669921875
US_NASDAQ,Nasdaq Composite,2026-07-06,26121.16015625
US_NASDAQ,Nasdaq Composite,2026-07-07,25818.689453125
US_NASDAQ,Nasdaq Composite,2026-07-08,25870.650390625
US_NASDAQ,Nasdaq Composite,2026-07-09,26206.890625
US_NASDAQ,Nasdaq Composite,2026-07-10,26281.609375
US_NASDAQ,Nasdaq Composite,2026-07-13,25873.1796875
US_NASDAQ,Nasdaq Composite,2026-07-14,26107.009765625
US_NASDAQ,Nasdaq Composite,2026-07-15,26269.23046875
US_NASDAQ,Nasdaq Composite,2026-07-16,25881.94921875
US_NASDAQ,Nasdaq Composite,2026-07-17,25520.240234375
US_NASDAQ,Nasdaq Composite,2026-07-20,25508.0703125
US_NASDAQ,Nasdaq Composite,2026-07-21,25837.2109375
US_NASDAQ,Nasdaq Composite,2026-07-22,25690.900390625
US_NASDAQ,Nasdaq Composite,2026-07-23,25137.689453125
US_NASDAQ,Nasdaq Composite,2026-07-24,24975.8203125
US_NASDAQ,Nasdaq Composite,2026-07-27,24932.080078125
US_NASDAQ,Nasdaq Composite,2026-07-28,24876.91015625
US_NASDAQ,Nasdaq Composite,2026-07-29,24442.939453125
US_NASDAQ,Nasdaq Composite,2026-07-30,25122.1796875
US_NASDAQ,Nasdaq Composite,2026-07-31,25373.849609375
US_NASDAQ,Nasdaq Composite,2026-08-03,25913.900390625
US_NASDAQ,Nasdaq Composite,2026-08-04,26584.990234375
IL_TA125,TA-125,2024-09-10,2031.0699462890625
IL_TA125,TA-125,2024-09-11,2033.280029296875
IL_TA125,TA-125,2024-09-12,2053.530029296875
IL_TA125,TA-125,2024-09-16,2015.199951171875
IL_TA125,TA-125,2024-09-17,1987.8900146484375
IL_TA125,TA-125,2024-09-18,1998.3900146484375
IL_TA125,TA-125,2024-09-19,1982.8900146484375
IL_TA125,TA-125,2024-09-23,2017.6500244140625
IL_TA125,TA-125,2024-09-24,2042.2900390625
IL_TA125,TA-125,2024-09-25,2060.340087890625
IL_TA125,TA-125,2024-09-26,2091.27001953125
IL_TA125,TA-125,2024-09-30,2118.449951171875
IL_TA125,TA-125,2024-10-01,2092.429931640625
IL_TA125,TA-125,2024-10-07,2090.300048828125
IL_TA125,TA-125,2024-10-08,2092.389892578125
IL_TA125,TA-125,2024-10-09,2107.159912109375
IL_TA125,TA-125,2024-10-10,2086.89990234375
IL_TA125,TA-125,2024-10-14,2116.699951171875
IL_TA125,TA-125,2024-10-15,2131.199951171875
IL_TA125,TA-125,2024-10-21,2172.2900390625
IL_TA125,TA-125,2024-10-22,2152.969970703125
IL_TA125,TA-125,2024-10-28,2173.010009765625
IL_TA125,TA-125,2024-10-29,2190.6201171875
IL_TA125,TA-125,2024-10-30,2224.2099609375
IL_TA125,TA-125,2024-10-31,2213.639892578125
IL_TA125,TA-125,2024-11-04,2212.449951171875
IL_TA125,TA-125,2024-11-05,2222.5400390625
IL_TA125,TA-125,2024-11-06,2229.489990234375
IL_TA125,TA-125,2024-11-07,2231.659912109375
IL_TA125,TA-125,2024-11-11,2276.22998046875
IL_TA125,TA-125,2024-11-12,2295.889892578125
IL_TA125,TA-125,2024-11-13,2305.18994140625
IL_TA125,TA-125,2024-11-14,2280.93994140625
IL_TA125,TA-125,2024-11-18,2274.1201171875
IL_TA125,TA-125,2024-11-19,2280.169921875
IL_TA125,TA-125,2024-11-20,2274.75
IL_TA125,TA-125,2024-11-21,2281.510009765625
IL_TA125,TA-125,2024-11-25,2309.090087890625
IL_TA125,TA-125,2024-11-26,2328.840087890625
IL_TA125,TA-125,2024-11-27,2306.52001953125
IL_TA125,TA-125,2024-11-28,2294.820068359375
IL_TA125,TA-125,2024-12-02,2329.4599609375
IL_TA125,TA-125,2024-12-03,2357.8798828125
IL_TA125,TA-125,2024-12-04,2364.610107421875
IL_TA125,TA-125,2024-12-05,2363.75
IL_TA125,TA-125,2024-12-09,2405.110107421875
IL_TA125,TA-125,2024-12-10,2397.080078125
IL_TA125,TA-125,2024-12-11,2383.580078125
IL_TA125,TA-125,2024-12-12,2378.669921875
IL_TA125,TA-125,2024-12-16,2390.56005859375
IL_TA125,TA-125,2024-12-17,2410.219970703125
IL_TA125,TA-125,2024-12-18,2423.340087890625
IL_TA125,TA-125,2024-12-19,2399.669921875
IL_TA125,TA-125,2024-12-23,2422.7099609375
IL_TA125,TA-125,2024-12-24,2434.010009765625
IL_TA125,TA-125,2024-12-25,2423.2900390625
IL_TA125,TA-125,2024-12-26,2406.760009765625
IL_TA125,TA-125,2024-12-30,2393.010009765625
IL_TA125,TA-125,2024-12-31,2426.830078125
IL_TA125,TA-125,2025-01-01,2439.219970703125
IL_TA125,TA-125,2025-01-02,2452.889892578125
IL_TA125,TA-125,2025-01-06,2500.969970703125
IL_TA125,TA-125,2025-01-07,2500.72998046875
IL_TA125,TA-125,2025-01-08,2480.6201171875
IL_TA125,TA-125,2025-01-09,2488.360107421875
IL_TA125,TA-125,2025-01-13,2490.8701171875
IL_TA125,TA-125,2025-01-14,2526.659912109375
IL_TA125,TA-125,2025-01-15,2558.580078125
IL_TA125,TA-125,2025-01-16,2567.070068359375
IL_TA125,TA-125,2025-01-20,2593.8798828125
IL_TA125,TA-125,2025-01-21,2592.85009765625
IL_TA125,TA-125,2025-01-22,2574.739990234375
IL_TA125,TA-125,2025-01-23,2557.89990234375
IL_TA125,TA-125,2025-01-27,2502.989990234375
IL_TA125,TA-125,2025-01-28,2506.25
IL_TA125,TA-125,2025-01-29,2519.4599609375
IL_TA125,TA-125,2025-01-30,2500.60009765625
IL_TA125,TA-125,2025-02-03,2501.860107421875
IL_TA125,TA-125,2025-02-04,2537.97998046875
IL_TA125,TA-125,2025-02-05,2578.300048828125
IL_TA125,TA-125,2025-02-06,2573.4599609375
IL_TA125,TA-125,2025-02-10,2588.35009765625
IL_TA125,TA-125,2025-02-11,2568.449951171875
IL_TA125,TA-125,2025-02-12,2530.300048828125
IL_TA125,TA-125,2025-02-13,2574.10009765625
IL_TA125,TA-125,2025-02-17,2571.2099609375
IL_TA125,TA-125,2025-02-18,2609.68994140625
IL_TA125,TA-125,2025-02-19,2602.6298828125
IL_TA125,TA-125,2025-02-20,2588.39990234375
IL_TA125,TA-125,2025-02-24,2538.219970703125
IL_TA125,TA-125,2025-02-25,2531.949951171875
IL_TA125,TA-125,2025-02-26,2542.5
IL_TA125,TA-125,2025-02-27,2542.52001953125
IL_TA125,TA-125,2025-03-03,2564.9599609375
IL_TA125,TA-125,2025-03-04,2511.139892578125
IL_TA125,TA-125,2025-03-05,2535.550048828125
IL_TA125,TA-125,2025-03-06,2519.610107421875
IL_TA125,TA-125,2025-03-10,2527.22998046875
IL_TA125,TA-125,2025-03-11,2516.739990234375
IL_TA125,TA-125,2025-03-12,2554.780029296875
IL_TA125,TA-125,2025-03-13,2568.580078125
IL_TA125,TA-125,2025-03-17,2591.610107421875
IL_TA125,TA-125,2025-03-18,2564.47998046875
IL_TA125,TA-125,2025-03-19,2540.56005859375
IL_TA125,TA-125,2025-03-20,2531.3701171875
IL_TA125,TA-125,2025-03-24,2486.14990234375
IL_TA125,TA-125,2025-03-25,2495.47998046875
IL_TA125,TA-125,2025-03-26,2463.419921875
IL_TA125,TA-125,2025-03-27,2490.169921875
IL_TA125,TA-125,2025-03-31,2446.4599609375
IL_TA125,TA-125,2025-04-01,2462.43994140625
IL_TA125,TA-125,2025-04-02,2502.679931640625
IL_TA125,TA-125,2025-04-03,2481.330078125
IL_TA125,TA-125,2025-04-07,2406.070068359375
IL_TA125,TA-125,2025-04-08,2444.6298828125
IL_TA125,TA-125,2025-04-09,2403.989990234375
IL_TA125,TA-125,2025-04-10,2455.1201171875
IL_TA125,TA-125,2025-04-14,2511.429931640625
IL_TA125,TA-125,2025-04-15,2525.449951171875
IL_TA125,TA-125,2025-04-16,2535.330078125
IL_TA125,TA-125,2025-04-17,2536.429931640625
IL_TA125,TA-125,2025-04-21,2499.719970703125
IL_TA125,TA-125,2025-04-22,2509.330078125
IL_TA125,TA-125,2025-04-23,2552.260009765625
IL_TA125,TA-125,2025-04-24,2553.280029296875
IL_TA125,TA-125,2025-04-28,2548.85009765625
IL_TA125,TA-125,2025-04-29,2557.2099609375
IL_TA125,TA-125,2025-05-05,2587.31005859375
IL_TA125,TA-125,2025-05-06,2601.110107421875
IL_TA125,TA-125,2025-05-07,2641.719970703125
IL_TA125,TA-125,2025-05-08,2669.5400390625
IL_TA125,TA-125,2025-05-12,2664.31005859375
IL_TA125,TA-125,2025-05-13,2664.75
IL_TA125,TA-125,2025-05-14,2683.72998046875
IL_TA125,TA-125,2025-05-15,2678.10009765625
IL_TA125,TA-125,2025-05-19,2694.719970703125
IL_TA125,TA-125,2025-05-20,2684.199951171875
IL_TA125,TA-125,2025-05-21,2661.080078125
IL_TA125,TA-125,2025-05-22,2625.659912109375
IL_TA125,TA-125,2025-05-26,2685.0
IL_TA125,TA-125,2025-05-27,2695.070068359375
IL_TA125,TA-125,2025-05-28,2710.409912109375
IL_TA125,TA-125,2025-05-29,2724.719970703125
IL_TA125,TA-125,2025-06-03,2729.10009765625
IL_TA125,TA-125,2025-06-04,2723.300048828125
IL_TA125,TA-125,2025-06-05,2753.3798828125
IL_TA125,TA-125,2025-06-09,2746.469970703125
IL_TA125,TA-125,2025-06-10,2742.469970703125
IL_TA125,TA-125,2025-06-11,2754.39990234375
IL_TA125,TA-125,2025-06-12,2705.8798828125
IL_TA125,TA-125,2025-06-16,2720.919921875
IL_TA125,TA-125,2025-06-17,2795.14990234375
IL_TA125,TA-125,2025-06-18,2840.409912109375
IL_TA125,TA-125,2025-06-19,2868.81005859375
IL_TA125,TA-125,2025-06-23,2881.010009765625
IL_TA125,TA-125,2025-06-24,2919.919921875
IL_TA125,TA-125,2025-06-25,2972.340087890625
IL_TA125,TA-125,2025-06-26,2952.409912109375
IL_TA125,TA-125,2025-06-30,3022.5
IL_TA125,TA-125,2025-07-01,3025.030029296875
IL_TA125,TA-125,2025-07-02,3078.7099609375
IL_TA125,TA-125,2025-07-03,3097.31005859375
IL_TA125,TA-125,2025-07-07,3090.010009765625
IL_TA125,TA-125,2025-07-08,3075.77001953125
IL_TA125,TA-125,2025-07-09,3126.85009765625
IL_TA125,TA-125,2025-07-10,3120.72998046875
IL_TA125,TA-125,2025-07-14,3054.89990234375
IL_TA125,TA-125,2025-07-15,3073.6201171875
IL_TA125,TA-125,2025-07-16,3062.669921875
IL_TA125,TA-125,2025-07-17,3086.580078125
IL_TA125,TA-125,2025-07-21,3110.77001953125
IL_TA125,TA-125,2025-07-22,3111.389892578125
IL_TA125,TA-125,2025-07-23,3151.3701171875
IL_TA125,TA-125,2025-07-24,3113.949951171875
IL_TA125,TA-125,2025-07-28,3108.429931640625
IL_TA125,TA-125,2025-07-29,3105.320068359375
IL_TA125,TA-125,2025-07-30,3086.72998046875
IL_TA125,TA-125,2025-07-31,3083.110107421875
IL_TA125,TA-125,2025-08-04,3047.179931640625
IL_TA125,TA-125,2025-08-05,3002.409912109375
IL_TA125,TA-125,2025-08-06,2977.18994140625
IL_TA125,TA-125,2025-08-07,2982.929931640625
IL_TA125,TA-125,2025-08-11,2993.7099609375
IL_TA125,TA-125,2025-08-12,2941.06005859375
IL_TA125,TA-125,2025-08-13,3006.530029296875
IL_TA125,TA-125,2025-08-14,3032.2900390625
IL_TA125,TA-125,2025-08-18,3050.070068359375
IL_TA125,TA-125,2025-08-19,3069.93994140625
IL_TA125,TA-125,2025-08-20,3043.199951171875
IL_TA125,TA-125,2025-08-21,3064.1298828125
IL_TA125,TA-125,2025-08-25,3115.330078125
IL_TA125,TA-125,2025-08-26,3128.570068359375
IL_TA125,TA-125,2025-08-27,3133.590087890625
IL_TA125,TA-125,2025-08-28,3129.6201171875
IL_TA125,TA-125,2025-09-01,3098.330078125
IL_TA125,TA-125,2025-09-02,3050.760009765625
IL_TA125,TA-125,2025-09-03,3076.3701171875
IL_TA125,TA-125,2025-09-04,3109.75
IL_TA125,TA-125,2025-09-08,3150.64990234375
IL_TA125,TA-125,2025-09-09,3204.14990234375
IL_TA125,TA-125,2025-09-10,3196.760009765625
IL_TA125,TA-125,2025-09-11,3162.56005859375
IL_TA125,TA-125,2025-09-15,3108.669921875
IL_TA125,TA-125,2025-09-16,3114.3798828125
IL_TA125,TA-125,2025-09-17,3044.4599609375
IL_TA125,TA-125,2025-09-18,3074.179931640625
IL_TA125,TA-125,2025-09-25,3069.27001953125
IL_TA125,TA-125,2025-09-29,3149.219970703125
IL_TA125,TA-125,2025-09-30,3248.639892578125
IL_TA125,TA-125,2025-10-08,3262.969970703125
IL_TA125,TA-125,2025-10-09,3351.320068359375
IL_TA125,TA-125,2025-10-15,3325.280029296875
IL_TA125,TA-125,2025-10-16,3298.530029296875
IL_TA125,TA-125,2025-10-20,3281.659912109375
IL_TA125,TA-125,2025-10-21,3249.610107421875
IL_TA125,TA-125,2025-10-22,3254.60009765625
IL_TA125,TA-125,2025-10-23,3277.02001953125
IL_TA125,TA-125,2025-10-27,3310.27001953125
IL_TA125,TA-125,2025-10-28,3279.25
IL_TA125,TA-125,2025-10-29,3329.8798828125
IL_TA125,TA-125,2025-10-30,3338.77001953125
IL_TA125,TA-125,2025-11-03,3388.89990234375
IL_TA125,TA-125,2025-11-04,3382.219970703125
IL_TA125,TA-125,2025-11-05,3410.080078125
IL_TA125,TA-125,2025-11-06,3389.340087890625
IL_TA125,TA-125,2025-11-10,3423.320068359375
IL_TA125,TA-125,2025-11-11,3440.179931640625
IL_TA125,TA-125,2025-11-12,3483.320068359375
IL_TA125,TA-125,2025-11-13,3489.97998046875
IL_TA125,TA-125,2025-11-17,3497.860107421875
IL_TA125,TA-125,2025-11-18,3431.449951171875
IL_TA125,TA-125,2025-11-19,3438.320068359375
IL_TA125,TA-125,2025-11-20,3400.300048828125
IL_TA125,TA-125,2025-11-24,3410.97998046875
IL_TA125,TA-125,2025-11-25,3389.360107421875
IL_TA125,TA-125,2025-11-26,3419.449951171875
IL_TA125,TA-125,2025-11-27,3438.590087890625
IL_TA125,TA-125,2025-12-01,3477.2900390625
IL_TA125,TA-125,2025-12-02,3538.159912109375
IL_TA125,TA-125,2025-12-03,3511.199951171875
IL_TA125,TA-125,2025-12-04,3535.699951171875
IL_TA125,TA-125,2025-12-08,3572.8798828125
IL_TA125,TA-125,2025-12-09,3587.639892578125
IL_TA125,TA-125,2025-12-10,3610.14990234375
IL_TA125,TA-125,2025-12-11,3648.10009765625
IL_TA125,TA-125,2025-12-15,3606.9599609375
IL_TA125,TA-125,2025-12-16,3627.949951171875
IL_TA125,TA-125,2025-12-17,3656.219970703125
IL_TA125,TA-125,2025-12-18,3684.14990234375
IL_TA125,TA-125,2025-12-22,3723.239990234375
IL_TA125,TA-125,2025-12-23,3727.8701171875
IL_TA125,TA-125,2025-12-24,3740.909912109375
IL_TA125,TA-125,2025-12-25,3626.8798828125
IL_TA125,TA-125,2025-12-29,3649.52001953125
IL_TA125,TA-125,2025-12-30,3687.510009765625
IL_TA125,TA-125,2025-12-31,3654.93994140625
IL_TA125,TA-125,2026-01-01,3733.080078125
IL_TA125,TA-125,2026-01-05,3794.159912109375
IL_TA125,TA-125,2026-01-06,3890.800048828125
IL_TA125,TA-125,2026-01-07,3893.8701171875
IL_TA125,TA-125,2026-01-08,3878.85009765625
IL_TA125,TA-125,2026-01-09,3907.260009765625
IL_TA125,TA-125,2026-01-12,3926.3798828125
IL_TA125,TA-125,2026-01-13,3913.389892578125
IL_TA125,TA-125,2026-01-14,3963.989990234375
IL_TA125,TA-125,2026-01-15,3988.85009765625
IL_TA125,TA-125,2026-01-16,4001.989990234375
IL_TA125,TA-125,2026-01-19,3987.85009765625
IL_TA125,TA-125,2026-01-20,3960.3798828125
IL_TA125,TA-125,2026-01-21,3941.300048828125
IL_TA125,TA-125,2026-01-22,3988.330078125
IL_TA125,TA-125,2026-01-23,4009.320068359375
IL_TA125,TA-125,2026-01-26,4028.469970703125
IL_TA125,TA-125,2026-01-27,4026.219970703125
IL_TA125,TA-125,2026-01-28,3991.3701171875
IL_TA125,TA-125,2026-01-29,3982.89990234375
IL_TA125,TA-125,2026-01-30,3995.639892578125
IL_TA125,TA-125,2026-02-02,4040.1298828125
IL_TA125,TA-125,2026-02-03,4106.97021484375
IL_TA125,TA-125,2026-02-04,4100.9599609375
IL_TA125,TA-125,2026-02-05,4027.219970703125
IL_TA125,TA-125,2026-02-06,4028.860107421875
IL_TA125,TA-125,2026-02-09,4092.75
IL_TA125,TA-125,2026-02-10,4161.8701171875
IL_TA125,TA-125,2026-02-11,4136.009765625
IL_TA125,TA-125,2026-02-12,4167.22998046875
IL_TA125,TA-125,2026-02-13,4145.10009765625
IL_TA125,TA-125,2026-02-16,4164.52978515625
IL_TA125,TA-125,2026-02-17,4168.1201171875
IL_TA125,TA-125,2026-02-18,4202.509765625
IL_TA125,TA-125,2026-02-19,4173.0
IL_TA125,TA-125,2026-02-20,4202.669921875
IL_TA125,TA-125,2026-02-23,4204.6298828125
IL_TA125,TA-125,2026-02-24,4116.35009765625
IL_TA125,TA-125,2026-02-25,4103.06982421875
IL_TA125,TA-125,2026-02-26,4054.239990234375
IL_TA125,TA-125,2026-02-27,4074.840087890625
IL_TA125,TA-125,2026-03-02,4262.81005859375
IL_TA125,TA-125,2026-03-04,4267.759765625
IL_TA125,TA-125,2026-03-05,4331.85009765625
IL_TA125,TA-125,2026-03-06,4329.5400390625
IL_TA125,TA-125,2026-03-09,4204.759765625
IL_TA125,TA-125,2026-03-10,4155.56982421875
IL_TA125,TA-125,2026-03-11,4164.1298828125
IL_TA125,TA-125,2026-03-12,4095.419921875
IL_TA125,TA-125,2026-03-13,4118.08984375
IL_TA125,TA-125,2026-03-16,4115.259765625
IL_TA125,TA-125,2026-03-17,4179.35009765625
IL_TA125,TA-125,2026-03-18,4229.2099609375
IL_TA125,TA-125,2026-03-19,4231.240234375
IL_TA125,TA-125,2026-03-20,4243.02978515625
IL_TA125,TA-125,2026-03-23,4222.22021484375
IL_TA125,TA-125,2026-03-24,4170.43017578125
IL_TA125,TA-125,2026-03-25,4205.6201171875
IL_TA125,TA-125,2026-03-26,4168.64013671875
IL_TA125,TA-125,2026-03-27,4021.340087890625
IL_TA125,TA-125,2026-03-30,3941.780029296875
IL_TA125,TA-125,2026-03-31,4016.7900390625
IL_TA125,TA-125,2026-04-03,4107.919921875
IL_TA125,TA-125,2026-04-06,4156.64990234375
IL_TA125,TA-125,2026-04-09,4255.830078125
IL_TA125,TA-125,2026-04-10,4335.72021484375
IL_TA125,TA-125,2026-04-13,4273.0400390625
IL_TA125,TA-125,2026-04-14,4335.080078125
IL_TA125,TA-125,2026-04-15,4310.83984375
IL_TA125,TA-125,2026-04-16,4263.8701171875
IL_TA125,TA-125,2026-04-17,4309.02978515625
IL_TA125,TA-125,2026-04-20,4327.8701171875
IL_TA125,TA-125,2026-04-23,4328.0498046875
IL_TA125,TA-125,2026-04-24,4274.5498046875
IL_TA125,TA-125,2026-04-27,4271.1201171875
IL_TA125,TA-125,2026-04-28,4257.81982421875
IL_TA125,TA-125,2026-04-29,4312.39990234375
IL_TA125,TA-125,2026-04-30,4313.8798828125
IL_TA125,TA-125,2026-05-01,4371.31982421875
IL_TA125,TA-125,2026-05-04,4440.509765625
IL_TA125,TA-125,2026-05-05,4481.0400390625
IL_TA125,TA-125,2026-05-06,4473.080078125
IL_TA125,TA-125,2026-05-07,4443.43017578125
IL_TA125,TA-125,2026-05-08,4476.58984375
IL_TA125,TA-125,2026-05-11,4463.330078125
IL_TA125,TA-125,2026-05-12,4447.2900390625
IL_TA125,TA-125,2026-05-13,4385.77978515625
IL_TA125,TA-125,2026-05-14,4404.52001953125
IL_TA125,TA-125,2026-05-15,4318.68017578125
IL_TA125,TA-125,2026-05-18,4254.330078125
IL_TA125,TA-125,2026-05-19,4252.39013671875
IL_TA125,TA-125,2026-05-20,4325.85986328125
IL_TA125,TA-125,2026-05-25,4462.60986328125
IL_TA125,TA-125,2026-05-26,4419.7099609375
IL_TA125,TA-125,2026-05-27,4432.93994140625
IL_TA125,TA-125,2026-05-28,4399.06005859375
IL_TA125,TA-125,2026-05-29,4430.4599609375
IL_TA125,TA-125,2026-06-01,4239.39013671875
IL_TA125,TA-125,2026-06-02,4265.5
IL_TA125,TA-125,2026-06-03,4226.5
IL_TA125,TA-125,2026-06-04,4206.35986328125
IL_TA125,TA-125,2026-06-05,4231.81982421875
IL_TA125,TA-125,2026-06-08,4232.14013671875
IL_TA125,TA-125,2026-06-09,4191.1298828125
IL_TA125,TA-125,2026-06-10,4139.39990234375
IL_TA125,TA-125,2026-06-11,4209.41015625
IL_TA125,TA-125,2026-06-12,4292.22998046875
IL_TA125,TA-125,2026-06-15,4191.81005859375
IL_TA125,TA-125,2026-06-16,4143.990234375
IL_TA125,TA-125,2026-06-17,4072.699951171875
IL_TA125,TA-125,2026-06-18,4107.9501953125
IL_TA125,TA-125,2026-06-19,4081.52001953125
IL_TA125,TA-125,2026-06-22,4067.14990234375
IL_TA125,TA-125,2026-06-23,4061.340087890625
IL_TA125,TA-125,2026-06-24,4074.080078125
IL_TA125,TA-125,2026-06-25,4023.06005859375
IL_TA125,TA-125,2026-06-26,3968.090087890625
IL_TA125,TA-125,2026-06-29,3966.239990234375
IL_TA125,TA-125,2026-06-30,4010.85009765625
IL_TA125,TA-125,2026-07-01,4077.10009765625
IL_TA125,TA-125,2026-07-02,4098.2099609375
IL_TA125,TA-125,2026-07-03,4099.6201171875
IL_TA125,TA-125,2026-07-06,4144.77001953125
IL_TA125,TA-125,2026-07-07,4062.68994140625
IL_TA125,TA-125,2026-07-08,4052.52001953125
IL_TA125,TA-125,2026-07-09,4007.25
IL_TA125,TA-125,2026-07-10,4007.139892578125
IL_TA125,TA-125,2026-07-13,4004.340087890625
IL_TA125,TA-125,2026-07-14,4022.5
IL_TA125,TA-125,2026-07-15,4127.490234375
IL_TA125,TA-125,2026-07-16,4096.580078125
IL_TA125,TA-125,2026-07-17,4081.260009765625
IL_TA125,TA-125,2026-07-20,4081.449951171875
IL_TA125,TA-125,2026-07-21,4129.39013671875
IL_TA125,TA-125,2026-07-22,4156.91015625
IL_TA125,TA-125,2026-07-24,4173.8798828125
IL_TA125,TA-125,2026-07-27,4095.6201171875
IL_TA125,TA-125,2026-07-28,4023.469970703125
IL_TA125,TA-125,2026-07-29,3985.02001953125
IL_TA125,TA-125,2026-07-30,4021.679931640625
IL_TA125,TA-125,2026-07-31,4071.760009765625
IL_TA125,TA-125,2026-08-03,4032.39990234375
IL_TA125,TA-125,2026-08-04,4050.6201171875
IL_TA125,TA-125,2026-08-05,4080.449951171875
IL_TA35,TA-35,2024-09-09,2038.8599853515625
IL_TA35,TA-35,2024-09-10,2030.6099853515625
IL_TA35,TA-35,2024-09-11,2033.0
IL_TA35,TA-35,2024-09-12,2054.4599609375
IL_TA35,TA-35,2024-09-16,2016.9200439453125
IL_TA35,TA-35,2024-09-17,1993.1199951171875
IL_TA35,TA-35,2024-09-18,2003.0899658203125
IL_TA35,TA-35,2024-09-19,1989.4200439453125
IL_TA35,TA-35,2024-09-23,2029.1800537109375
IL_TA35,TA-35,2024-09-24,2048.7900390625
IL_TA35,TA-35,2024-09-25,2067.8798828125
IL_TA35,TA-35,2024-09-26,2095.760009765625
IL_TA35,TA-35,2024-09-30,2123.639892578125
IL_TA35,TA-35,2024-10-01,2093.47998046875
IL_TA35,TA-35,2024-10-07,2093.070068359375
IL_TA35,TA-35,2024-10-08,2098.389892578125
IL_TA35,TA-35,2024-10-09,2113.4599609375
IL_TA35,TA-35,2024-10-10,2093.550048828125
IL_TA35,TA-35,2024-10-14,2123.860107421875
IL_TA35,TA-35,2024-10-15,2137.2900390625
IL_TA35,TA-35,2024-10-21,2177.090087890625
IL_TA35,TA-35,2024-10-22,2155.39990234375
IL_TA35,TA-35,2024-10-28,2174.239990234375
IL_TA35,TA-35,2024-10-29,2189.860107421875
IL_TA35,TA-35,2024-10-30,2218.89990234375
IL_TA35,TA-35,2024-10-31,2203.969970703125
IL_TA35,TA-35,2024-11-04,2207.830078125
IL_TA35,TA-35,2024-11-05,2218.6201171875
IL_TA35,TA-35,2024-11-06,2223.75
IL_TA35,TA-35,2024-11-07,2229.989990234375
IL_TA35,TA-35,2024-11-11,2276.030029296875
IL_TA35,TA-35,2024-11-12,2297.860107421875
IL_TA35,TA-35,2024-11-13,2303.110107421875
IL_TA35,TA-35,2024-11-14,2267.590087890625
IL_TA35,TA-35,2024-11-18,2247.580078125
IL_TA35,TA-35,2024-11-19,2254.800048828125
IL_TA35,TA-35,2024-11-20,2247.3798828125
IL_TA35,TA-35,2024-11-21,2258.93994140625
IL_TA35,TA-35,2024-11-25,2281.2099609375
IL_TA35,TA-35,2024-11-26,2303.389892578125
IL_TA35,TA-35,2024-11-27,2276.81005859375
IL_TA35,TA-35,2024-11-28,2260.489990234375
IL_TA35,TA-35,2024-12-02,2289.800048828125
IL_TA35,TA-35,2024-12-03,2315.52001953125
IL_TA35,TA-35,2024-12-04,2322.659912109375
IL_TA35,TA-35,2024-12-05,2321.780029296875
IL_TA35,TA-35,2024-12-09,2358.43994140625
IL_TA35,TA-35,2024-12-10,2348.60009765625
IL_TA35,TA-35,2024-12-11,2333.669921875
IL_TA35,TA-35,2024-12-12,2332.300048828125
IL_TA35,TA-35,2024-12-16,2344.419921875
IL_TA35,TA-35,2024-12-17,2367.989990234375
IL_TA35,TA-35,2024-12-18,2383.739990234375
IL_TA35,TA-35,2024-12-19,2364.3701171875
IL_TA35,TA-35,2024-12-23,2388.179931640625
IL_TA35,TA-35,2024-12-24,2402.75
IL_TA35,TA-35,2024-12-25,2394.0
IL_TA35,TA-35,2024-12-26,2379.760009765625
IL_TA35,TA-35,2024-12-30,2365.81005859375
IL_TA35,TA-35,2024-12-31,2392.739990234375
IL_TA35,TA-35,2025-01-02,2414.280029296875
IL_TA35,TA-35,2025-01-06,2456.43994140625
IL_TA35,TA-35,2025-01-07,2458.110107421875
IL_TA35,TA-35,2025-01-08,2439.97998046875
IL_TA35,TA-35,2025-01-09,2450.22998046875
IL_TA35,TA-35,2025-01-13,2454.090087890625
IL_TA35,TA-35,2025-01-14,2487.340087890625
IL_TA35,TA-35,2025-01-15,2514.969970703125
IL_TA35,TA-35,2025-01-16,2525.389892578125
IL_TA35,TA-35,2025-01-20,2551.77001953125
IL_TA35,TA-35,2025-01-21,2551.89990234375
IL_TA35,TA-35,2025-01-22,2537.330078125
IL_TA35,TA-35,2025-01-23,2517.68994140625
IL_TA35,TA-35,2025-01-27,2463.60009765625
IL_TA35,TA-35,2025-01-28,2467.820068359375
IL_TA35,TA-35,2025-01-29,2473.22998046875
IL_TA35,TA-35,2025-01-30,2448.64990234375
IL_TA35,TA-35,2025-02-03,2449.010009765625
IL_TA35,TA-35,2025-02-04,2475.909912109375
IL_TA35,TA-35,2025-02-05,2508.989990234375
IL_TA35,TA-35,2025-02-06,2508.14990234375
IL_TA35,TA-35,2025-02-10,2515.47998046875
IL_TA35,TA-35,2025-02-11,2490.89990234375
IL_TA35,TA-35,2025-02-12,2455.10009765625
IL_TA35,TA-35,2025-02-13,2499.31005859375
IL_TA35,TA-35,2025-02-17,2492.419921875
IL_TA35,TA-35,2025-02-18,2534.02001953125
IL_TA35,TA-35,2025-02-19,2528.010009765625
IL_TA35,TA-35,2025-02-20,2514.570068359375
IL_TA35,TA-35,2025-02-24,2463.639892578125
IL_TA35,TA-35,2025-02-25,2460.909912109375
IL_TA35,TA-35,2025-02-26,2471.969970703125
IL_TA35,TA-35,2025-02-27,2469.610107421875
IL_TA35,TA-35,2025-03-03,2497.5
IL_TA35,TA-35,2025-03-04,2451.68994140625
IL_TA35,TA-35,2025-03-05,2479.639892578125
IL_TA35,TA-35,2025-03-06,2467.0400390625
IL_TA35,TA-35,2025-03-10,2477.590087890625
IL_TA35,TA-35,2025-03-11,2462.239990234375
IL_TA35,TA-35,2025-03-12,2493.35009765625
IL_TA35,TA-35,2025-03-13,2510.919921875
IL_TA35,TA-35,2025-03-17,2530.3701171875
IL_TA35,TA-35,2025-03-18,2517.449951171875
IL_TA35,TA-35,2025-03-19,2504.6298828125
IL_TA35,TA-35,2025-03-20,2501.72998046875
IL_TA35,TA-35,2025-03-24,2466.5
IL_TA35,TA-35,2025-03-25,2470.080078125
IL_TA35,TA-35,2025-03-26,2439.6201171875
IL_TA35,TA-35,2025-03-27,2461.340087890625
IL_TA35,TA-35,2025-03-31,2418.22998046875
IL_TA35,TA-35,2025-04-01,2426.550048828125
IL_TA35,TA-35,2025-04-02,2463.68994140625
IL_TA35,TA-35,2025-04-03,2448.469970703125
IL_TA35,TA-35,2025-04-07,2372.989990234375
IL_TA35,TA-35,2025-04-08,2407.6201171875
IL_TA35,TA-35,2025-04-09,2371.739990234375
IL_TA35,TA-35,2025-04-10,2417.669921875
IL_TA35,TA-35,2025-04-14,2470.14990234375
IL_TA35,TA-35,2025-04-15,2481.199951171875
IL_TA35,TA-35,2025-04-16,2495.7900390625
IL_TA35,TA-35,2025-04-17,2490.580078125
IL_TA35,TA-35,2025-04-21,2461.080078125
IL_TA35,TA-35,2025-04-22,2468.06005859375
IL_TA35,TA-35,2025-04-23,2505.93994140625
IL_TA35,TA-35,2025-04-24,2506.93994140625
IL_TA35,TA-35,2025-04-28,2506.10009765625
IL_TA35,TA-35,2025-04-29,2517.97998046875
IL_TA35,TA-35,2025-05-05,2548.739990234375
IL_TA35,TA-35,2025-05-06,2569.14990234375
IL_TA35,TA-35,2025-05-07,2609.360107421875
IL_TA35,TA-35,2025-05-08,2636.159912109375
IL_TA35,TA-35,2025-05-12,2636.4599609375
IL_TA35,TA-35,2025-05-13,2630.9599609375
IL_TA35,TA-35,2025-05-14,2639.280029296875
IL_TA35,TA-35,2025-05-15,2629.530029296875
IL_TA35,TA-35,2025-05-19,2648.570068359375
IL_TA35,TA-35,2025-05-20,2643.14990234375
IL_TA35,TA-35,2025-05-21,2626.72998046875
IL_TA35,TA-35,2025-05-22,2593.860107421875
IL_TA35,TA-35,2025-05-26,2649.75
IL_TA35,TA-35,2025-05-27,2664.169921875
IL_TA35,TA-35,2025-05-28,2678.39990234375
IL_TA35,TA-35,2025-05-29,2701.679931640625
IL_TA35,TA-35,2025-06-03,2710.81005859375
IL_TA35,TA-35,2025-06-04,2703.2099609375
IL_TA35,TA-35,2025-06-05,2734.89990234375
IL_TA35,TA-35,2025-06-09,2729.639892578125
IL_TA35,TA-35,2025-06-10,2731.800048828125
IL_TA35,TA-35,2025-06-11,2736.77001953125
IL_TA35,TA-35,2025-06-12,2694.0400390625
IL_TA35,TA-35,2025-06-16,2756.800048828125
IL_TA35,TA-35,2025-06-17,2765.0400390625
IL_TA35,TA-35,2025-06-18,2805.280029296875
IL_TA35,TA-35,2025-06-19,2834.31005859375
IL_TA35,TA-35,2025-06-23,2840.760009765625
IL_TA35,TA-35,2025-06-24,2875.31005859375
IL_TA35,TA-35,2025-06-25,2927.760009765625
IL_TA35,TA-35,2025-06-26,2904.7099609375
IL_TA35,TA-35,2025-06-30,2958.699951171875
IL_TA35,TA-35,2025-07-01,2946.89990234375
IL_TA35,TA-35,2025-07-02,3003.02001953125
IL_TA35,TA-35,2025-07-03,3027.639892578125
IL_TA35,TA-35,2025-07-07,3024.02001953125
IL_TA35,TA-35,2025-07-08,3015.60009765625
IL_TA35,TA-35,2025-07-09,3063.639892578125
IL_TA35,TA-35,2025-07-10,3055.9599609375
IL_TA35,TA-35,2025-07-14,2985.93994140625
IL_TA35,TA-35,2025-07-15,2997.1201171875
IL_TA35,TA-35,2025-07-16,2984.550048828125
IL_TA35,TA-35,2025-07-17,3007.52001953125
IL_TA35,TA-35,2025-07-21,3031.570068359375
IL_TA35,TA-35,2025-07-22,3033.64990234375
IL_TA35,TA-35,2025-07-23,3070.35009765625
IL_TA35,TA-35,2025-07-24,3034.89990234375
IL_TA35,TA-35,2025-07-28,3038.64990234375
IL_TA35,TA-35,2025-07-29,3036.320068359375
IL_TA35,TA-35,2025-07-30,3022.699951171875
IL_TA35,TA-35,2025-07-31,3014.72998046875
IL_TA35,TA-35,2025-08-04,2987.070068359375
IL_TA35,TA-35,2025-08-05,2953.510009765625
IL_TA35,TA-35,2025-08-06,2927.739990234375
IL_TA35,TA-35,2025-08-07,2935.60009765625
IL_TA35,TA-35,2025-08-11,2946.489990234375
IL_TA35,TA-35,2025-08-12,2898.780029296875
IL_TA35,TA-35,2025-08-13,2949.43994140625
IL_TA35,TA-35,2025-08-14,2967.070068359375
IL_TA35,TA-35,2025-08-18,2986.60009765625
IL_TA35,TA-35,2025-08-19,3003.7900390625
IL_TA35,TA-35,2025-08-20,2975.389892578125
IL_TA35,TA-35,2025-08-21,2998.570068359375
IL_TA35,TA-35,2025-08-25,3048.080078125
IL_TA35,TA-35,2025-08-26,3066.340087890625
IL_TA35,TA-35,2025-08-27,3074.300048828125
IL_TA35,TA-35,2025-08-28,3071.9599609375
IL_TA35,TA-35,2025-09-01,3038.64990234375
IL_TA35,TA-35,2025-09-02,2997.300048828125
IL_TA35,TA-35,2025-09-03,3019.449951171875
IL_TA35,TA-35,2025-09-04,3047.18994140625
IL_TA35,TA-35,2025-09-08,3079.2900390625
IL_TA35,TA-35,2025-09-09,3133.780029296875
IL_TA35,TA-35,2025-09-10,3124.3701171875
IL_TA35,TA-35,2025-09-11,3092.8798828125
IL_TA35,TA-35,2025-09-15,3053.1201171875
IL_TA35,TA-35,2025-09-16,3063.169921875
IL_TA35,TA-35,2025-09-17,3000.169921875
IL_TA35,TA-35,2025-09-18,3021.860107421875
IL_TA35,TA-35,2025-09-25,3034.830078125
IL_TA35,TA-35,2025-09-29,3110.81005859375
IL_TA35,TA-35,2025-09-30,3199.550048828125
IL_TA35,TA-35,2025-10-08,3202.840087890625
IL_TA35,TA-35,2025-10-09,3275.469970703125
IL_TA35,TA-35,2025-10-15,3248.989990234375
IL_TA35,TA-35,2025-10-16,3210.909912109375
IL_TA35,TA-35,2025-10-20,3208.010009765625
IL_TA35,TA-35,2025-10-21,3176.409912109375
IL_TA35,TA-35,2025-10-22,3178.969970703125
IL_TA35,TA-35,2025-10-23,3199.10009765625
IL_TA35,TA-35,2025-10-27,3236.4599609375
IL_TA35,TA-35,2025-10-28,3206.35009765625
IL_TA35,TA-35,2025-10-29,3260.110107421875
IL_TA35,TA-35,2025-10-30,3273.429931640625
IL_TA35,TA-35,2025-11-03,3320.5400390625
IL_TA35,TA-35,2025-11-04,3317.090087890625
IL_TA35,TA-35,2025-11-05,3350.97998046875
IL_TA35,TA-35,2025-11-06,3335.929931640625
IL_TA35,TA-35,2025-11-10,3367.02001953125
IL_TA35,TA-35,2025-11-11,3390.85009765625
IL_TA35,TA-35,2025-11-12,3431.169921875
IL_TA35,TA-35,2025-11-13,3434.22998046875
IL_TA35,TA-35,2025-11-17,3451.389892578125
IL_TA35,TA-35,2025-11-18,3385.7099609375
IL_TA35,TA-35,2025-11-19,3395.10009765625
IL_TA35,TA-35,2025-11-20,3359.360107421875
IL_TA35,TA-35,2025-11-24,3371.409912109375
IL_TA35,TA-35,2025-11-25,3344.860107421875
IL_TA35,TA-35,2025-11-26,3374.300048828125
IL_TA35,TA-35,2025-11-27,3390.77001953125
IL_TA35,TA-35,2025-12-01,3429.68994140625
IL_TA35,TA-35,2025-12-02,3495.10009765625
IL_TA35,TA-35,2025-12-03,3467.159912109375
IL_TA35,TA-35,2025-12-04,3506.550048828125
IL_TA35,TA-35,2025-12-08,3548.5
IL_TA35,TA-35,2025-12-09,3569.0400390625
IL_TA35,TA-35,2025-12-10,3604.64990234375
IL_TA35,TA-35,2025-12-11,3631.85009765625
IL_TA35,TA-35,2025-12-15,3595.6298828125
IL_TA35,TA-35,2025-12-16,3607.330078125
IL_TA35,TA-35,2025-12-17,3635.080078125
IL_TA35,TA-35,2025-12-18,3661.679931640625
IL_TA35,TA-35,2025-12-22,3708.780029296875
IL_TA35,TA-35,2025-12-23,3711.25
IL_TA35,TA-35,2025-12-24,3719.64990234375
IL_TA35,TA-35,2025-12-25,3603.3798828125
IL_TA35,TA-35,2025-12-29,3623.81005859375
IL_TA35,TA-35,2025-12-30,3656.72998046875
IL_TA35,TA-35,2025-12-31,3618.8701171875
IL_TA35,TA-35,2026-01-01,3695.2900390625
IL_TA35,TA-35,2026-01-05,3738.330078125
IL_TA35,TA-35,2026-01-06,3845.389892578125
IL_TA35,TA-35,2026-01-07,3845.780029296875
IL_TA35,TA-35,2026-01-08,3830.5400390625
IL_TA35,TA-35,2026-01-09,3857.77001953125
IL_TA35,TA-35,2026-01-12,3884.1298828125
IL_TA35,TA-35,2026-01-13,3866.860107421875
IL_TA35,TA-35,2026-01-14,3928.47998046875
IL_TA35,TA-35,2026-01-15,3963.429931640625
IL_TA35,TA-35,2026-01-16,3971.909912109375
IL_TA35,TA-35,2026-01-19,3968.81005859375
IL_TA35,TA-35,2026-01-20,3948.409912109375
IL_TA35,TA-35,2026-01-21,3932.18994140625
IL_TA35,TA-35,2026-01-22,3973.260009765625
IL_TA35,TA-35,2026-01-23,3986.6298828125
IL_TA35,TA-35,2026-01-26,4005.64990234375
IL_TA35,TA-35,2026-01-27,4009.360107421875
IL_TA35,TA-35,2026-01-28,3980.5400390625
IL_TA35,TA-35,2026-01-29,3978.8701171875
IL_TA35,TA-35,2026-01-30,4003.669921875
IL_TA35,TA-35,2026-02-02,4049.320068359375
IL_TA35,TA-35,2026-02-03,4119.81005859375
IL_TA35,TA-35,2026-02-04,4120.509765625
IL_TA35,TA-35,2026-02-05,4039.010009765625
IL_TA35,TA-35,2026-02-06,4051.8701171875
IL_TA35,TA-35,2026-02-09,4119.77001953125
IL_TA35,TA-35,2026-02-10,4193.47021484375
IL_TA35,TA-35,2026-02-11,4160.39990234375
IL_TA35,TA-35,2026-02-12,4190.56005859375
IL_TA35,TA-35,2026-02-13,4170.22021484375
IL_TA35,TA-35,2026-02-16,4185.75
IL_TA35,TA-35,2026-02-17,4196.2998046875
IL_TA35,TA-35,2026-02-18,4232.64990234375
IL_TA35,TA-35,2026-02-19,4210.39013671875
IL_TA35,TA-35,2026-02-20,4232.10986328125
IL_TA35,TA-35,2026-02-23,4243.47021484375
IL_TA35,TA-35,2026-02-24,4169.0
IL_TA35,TA-35,2026-02-25,4162.89990234375
IL_TA35,TA-35,2026-02-26,4101.60009765625
IL_TA35,TA-35,2026-02-27,4128.35986328125
IL_TA35,TA-35,2026-03-02,4315.60009765625
IL_TA35,TA-35,2026-03-04,4309.68017578125
IL_TA35,TA-35,2026-03-05,4355.91015625
IL_TA35,TA-35,2026-03-06,4356.68017578125
IL_TA35,TA-35,2026-03-09,4227.02001953125
IL_TA35,TA-35,2026-03-10,4187.97021484375
IL_TA35,TA-35,2026-03-11,4211.81982421875
IL_TA35,TA-35,2026-03-12,4146.169921875
IL_TA35,TA-35,2026-03-13,4177.580078125
IL_TA35,TA-35,2026-03-16,4177.0400390625
IL_TA35,TA-35,2026-03-17,4242.47998046875
IL_TA35,TA-35,2026-03-18,4295.10986328125
IL_TA35,TA-35,2026-03-19,4305.02978515625
IL_TA35,TA-35,2026-03-20,4313.85986328125
IL_TA35,TA-35,2026-03-23,4318.1298828125
IL_TA35,TA-35,2026-03-24,4267.509765625
IL_TA35,TA-35,2026-03-25,4309.10986328125
IL_TA35,TA-35,2026-03-26,4261.85009765625
IL_TA35,TA-35,2026-03-27,4100.1201171875
IL_TA35,TA-35,2026-03-30,4022.570068359375
IL_TA35,TA-35,2026-03-31,4099.009765625
IL_TA35,TA-35,2026-04-03,4189.31005859375
IL_TA35,TA-35,2026-04-06,4248.43017578125
IL_TA35,TA-35,2026-04-09,4360.39990234375
IL_TA35,TA-35,2026-04-10,4443.22021484375
IL_TA35,TA-35,2026-04-13,4382.7099609375
IL_TA35,TA-35,2026-04-14,4450.81982421875
IL_TA35,TA-35,2026-04-15,4428.64013671875
IL_TA35,TA-35,2026-04-16,4378.4501953125
IL_TA35,TA-35,2026-04-17,4406.31982421875
IL_TA35,TA-35,2026-04-20,4429.47021484375
IL_TA35,TA-35,2026-04-23,4419.64990234375
IL_TA35,TA-35,2026-04-24,4362.4501953125
IL_TA35,TA-35,2026-04-27,4348.169921875
IL_TA35,TA-35,2026-04-28,4320.72998046875
IL_TA35,TA-35,2026-04-29,4372.31982421875
IL_TA35,TA-35,2026-04-30,4374.81005859375
IL_TA35,TA-35,2026-05-01,4425.02978515625
IL_TA35,TA-35,2026-05-04,4504.14013671875
IL_TA35,TA-35,2026-05-05,4525.68994140625
IL_TA35,TA-35,2026-05-06,4505.60986328125
IL_TA35,TA-35,2026-05-07,4469.68994140625
IL_TA35,TA-35,2026-05-08,4514.419921875
IL_TA35,TA-35,2026-05-11,4510.3798828125
IL_TA35,TA-35,2026-05-12,4494.43994140625
IL_TA35,TA-35,2026-05-13,4456.68994140625
IL_TA35,TA-35,2026-05-14,4476.919921875
IL_TA35,TA-35,2026-05-15,4384.0
IL_TA35,TA-35,2026-05-18,4313.169921875
IL_TA35,TA-35,2026-05-19,4309.56982421875
IL_TA35,TA-35,2026-05-20,4393.14990234375
IL_TA35,TA-35,2026-05-25,4526.4501953125
IL_TA35,TA-35,2026-05-26,4483.9599609375
IL_TA35,TA-35,2026-05-27,4476.7099609375
IL_TA35,TA-35,2026-05-28,4431.080078125
IL_TA35,TA-35,2026-05-29,4455.669921875
IL_TA35,TA-35,2026-06-01,4268.02001953125
IL_TA35,TA-35,2026-06-02,4308.9599609375
IL_TA35,TA-35,2026-06-03,4262.85009765625
IL_TA35,TA-35,2026-06-04,4250.7998046875
IL_TA35,TA-35,2026-06-05,4267.64013671875
IL_TA35,TA-35,2026-06-08,4281.85009765625
IL_TA35,TA-35,2026-06-09,4232.419921875
IL_TA35,TA-35,2026-06-10,4196.02978515625
IL_TA35,TA-35,2026-06-11,4266.9599609375
IL_TA35,TA-35,2026-06-12,4343.35009765625
IL_TA35,TA-35,2026-06-15,4255.89013671875
IL_TA35,TA-35,2026-06-16,4210.43017578125
IL_TA35,TA-35,2026-06-17,4145.60009765625
IL_TA35,TA-35,2026-06-18,4182.02001953125
IL_TA35,TA-35,2026-06-19,4144.009765625
IL_TA35,TA-35,2026-06-22,4147.91015625
IL_TA35,TA-35,2026-06-23,4143.60986328125
IL_TA35,TA-35,2026-06-24,4150.3798828125
IL_TA35,TA-35,2026-06-25,4099.39990234375
IL_TA35,TA-35,2026-06-26,4028.219970703125
IL_TA35,TA-35,2026-06-29,4014.510009765625
IL_TA35,TA-35,2026-06-30,4066.8701171875
IL_TA35,TA-35,2026-07-01,4121.72998046875
IL_TA35,TA-35,2026-07-02,4142.1201171875
IL_TA35,TA-35,2026-07-03,4123.8798828125
IL_TA35,TA-35,2026-07-06,4167.08984375
IL_TA35,TA-35,2026-07-07,4085.969970703125
IL_TA35,TA-35,2026-07-08,4087.169921875
IL_TA35,TA-35,2026-07-09,4053.639892578125
IL_TA35,TA-35,2026-07-10,4055.409912109375
IL_TA35,TA-35,2026-07-13,4058.080078125
IL_TA35,TA-35,2026-07-14,4086.02001953125
IL_TA35,TA-35,2026-07-15,4196.08984375
IL_TA35,TA-35,2026-07-16,4156.43017578125
IL_TA35,TA-35,2026-07-17,4140.43017578125
IL_TA35,TA-35,2026-07-20,4135.7998046875
IL_TA35,TA-35,2026-07-21,4193.35986328125
IL_TA35,TA-35,2026-07-22,4227.0
IL_TA35,TA-35,2026-07-24,4253.080078125
IL_TA35,TA-35,2026-07-27,4161.81005859375
IL_TA35,TA-35,2026-07-28,4086.590087890625
IL_TA35,TA-35,2026-07-29,4046.1298828125
IL_TA35,TA-35,2026-07-30,4095.389892578125
IL_TA35,TA-35,2026-07-31,4149.5
IL_TA35,TA-35,2026-08-03,4111.68994140625
IL_TA35,TA-35,2026-08-04,4144.97998046875
IL_TA35,TA-35,2026-08-05,4180.89990234375
IL_TA90,TA-90,2024-09-09,2095.070068359375
IL_TA90,TA-90,2024-09-10,2097.889892578125
IL_TA90,TA-90,2024-09-11,2099.199951171875
IL_TA90,TA-90,2024-09-12,2119.2099609375
IL_TA90,TA-90,2024-09-16,2078.2900390625
IL_TA90,TA-90,2024-09-17,2037.6300048828125
IL_TA90,TA-90,2024-09-18,2050.9599609375
IL_TA90,TA-90,2024-09-19,2029.3399658203125
IL_TA90,TA-90,2024-09-23,2050.43994140625
IL_TA90,TA-90,2024-09-24,2091.239990234375
IL_TA90,TA-90,2024-09-25,2106.340087890625
IL_TA90,TA-90,2024-09-26,2146.030029296875
IL_TA90,TA-90,2024-09-30,2173.669921875
IL_TA90,TA-90,2024-10-01,2156.89990234375
IL_TA90,TA-90,2024-10-07,2142.43994140625
IL_TA90,TA-90,2024-10-08,2136.260009765625
IL_TA90,TA-90,2024-10-09,2152.0400390625
IL_TA90,TA-90,2024-10-10,2128.60009765625
IL_TA90,TA-90,2024-10-14,2157.300048828125
IL_TA90,TA-90,2024-10-15,2175.840087890625
IL_TA90,TA-90,2024-10-21,2220.9599609375
IL_TA90,TA-90,2024-10-22,2209.530029296875
IL_TA90,TA-90,2024-10-28,2235.219970703125
IL_TA90,TA-90,2024-10-29,2258.510009765625
IL_TA90,TA-90,2024-10-30,2307.219970703125
IL_TA90,TA-90,2024-10-31,2308.429931640625
IL_TA90,TA-90,2024-11-04,2291.0
IL_TA90,TA-90,2024-11-05,2299.3798828125
IL_TA90,TA-90,2024-11-06,2311.85009765625
IL_TA90,TA-90,2024-11-07,2303.590087890625
IL_TA90,TA-90,2024-11-11,2349.239990234375
IL_TA90,TA-90,2024-11-12,2362.72998046875
IL_TA90,TA-90,2024-11-13,2386.7099609375
IL_TA90,TA-90,2024-11-14,2391.5
IL_TA90,TA-90,2024-11-18,2427.050048828125
IL_TA90,TA-90,2024-11-19,2427.800048828125
IL_TA90,TA-90,2024-11-20,2428.860107421875
IL_TA90,TA-90,2024-11-21,2423.360107421875
IL_TA90,TA-90,2024-11-25,2468.110107421875
IL_TA90,TA-90,2024-11-26,2476.510009765625
IL_TA90,TA-90,2024-11-27,2469.85009765625
IL_TA90,TA-90,2024-11-28,2471.469970703125
IL_TA90,TA-90,2024-12-02,2525.590087890625
IL_TA90,TA-90,2024-12-03,2562.070068359375
IL_TA90,TA-90,2024-12-04,2567.18994140625
IL_TA90,TA-90,2024-12-05,2565.3798828125
IL_TA90,TA-90,2024-12-09,2619.139892578125
IL_TA90,TA-90,2024-12-10,2615.919921875
IL_TA90,TA-90,2024-12-11,2604.81005859375
IL_TA90,TA-90,2024-12-12,2589.719970703125
IL_TA90,TA-90,2024-12-16,2600.280029296875
IL_TA90,TA-90,2024-12-17,2611.860107421875
IL_TA90,TA-90,2024-12-18,2618.199951171875
IL_TA90,TA-90,2024-12-19,2582.56005859375
IL_TA90,TA-90,2024-12-23,2597.139892578125
IL_TA90,TA-90,2024-12-24,2599.0
IL_TA90,TA-90,2024-12-25,2582.3798828125
IL_TA90,TA-90,2024-12-26,2561.43994140625
IL_TA90,TA-90,2024-12-30,2548.2900390625
IL_TA90,TA-90,2024-12-31,2604.85009765625
IL_TA90,TA-90,2025-01-02,2640.43994140625
IL_TA90,TA-90,2025-01-06,2706.860107421875
IL_TA90,TA-90,2025-01-07,2698.969970703125
IL_TA90,TA-90,2025-01-08,2671.090087890625
IL_TA90,TA-90,2025-01-09,2671.919921875
IL_TA90,TA-90,2025-01-13,2670.22998046875
IL_TA90,TA-90,2025-01-14,2714.429931640625
IL_TA90,TA-90,2025-01-15,2758.159912109375
IL_TA90,TA-90,2025-01-16,2760.8798828125
IL_TA90,TA-90,2025-01-20,2789.1298828125
IL_TA90,TA-90,2025-01-21,2784.889892578125
IL_TA90,TA-90,2025-01-22,2754.25
IL_TA90,TA-90,2025-01-23,2742.419921875
IL_TA90,TA-90,2025-01-27,2684.219970703125
IL_TA90,TA-90,2025-01-28,2684.89990234375
IL_TA90,TA-90,2025-01-29,2719.300048828125
IL_TA90,TA-90,2025-01-30,2719.610107421875
IL_TA90,TA-90,2025-02-03,2719.8798828125
IL_TA90,TA-90,2025-02-04,2783.179931640625
IL_TA90,TA-90,2025-02-05,2847.360107421875
IL_TA90,TA-90,2025-02-06,2828.739990234375
IL_TA90,TA-90,2025-02-10,2867.35009765625
IL_TA90,TA-90,2025-02-11,2858.969970703125
IL_TA90,TA-90,2025-02-12,2815.679931640625
IL_TA90,TA-90,2025-02-13,2859.02001953125
IL_TA90,TA-90,2025-02-17,2868.969970703125
IL_TA90,TA-90,2025-02-18,2899.949951171875
IL_TA90,TA-90,2025-02-19,2889.97998046875
IL_TA90,TA-90,2025-02-20,2871.030029296875
IL_TA90,TA-90,2025-02-24,2823.320068359375
IL_TA90,TA-90,2025-02-25,2804.830078125
IL_TA90,TA-90,2025-02-26,2813.679931640625
IL_TA90,TA-90,2025-02-27,2820.27001953125
IL_TA90,TA-90,2025-03-03,2826.070068359375
IL_TA90,TA-90,2025-03-04,2749.860107421875
IL_TA90,TA-90,2025-03-05,2762.919921875
IL_TA90,TA-90,2025-03-06,2739.110107421875
IL_TA90,TA-90,2025-03-10,2739.06005859375
IL_TA90,TA-90,2025-03-11,2743.10009765625
IL_TA90,TA-90,2025-03-12,2802.909912109375
IL_TA90,TA-90,2025-03-13,2799.60009765625
IL_TA90,TA-90,2025-03-17,2830.050048828125
IL_TA90,TA-90,2025-03-18,2761.889892578125
IL_TA90,TA-90,2025-03-19,2706.139892578125
IL_TA90,TA-90,2025-03-20,2679.679931640625
IL_TA90,TA-90,2025-03-24,2597.030029296875
IL_TA90,TA-90,2025-03-25,2623.550048828125
IL_TA90,TA-90,2025-03-26,2587.2900390625
IL_TA90,TA-90,2025-03-27,2631.02001953125
IL_TA90,TA-90,2025-03-31,2583.340087890625
IL_TA90,TA-90,2025-04-01,2620.590087890625
IL_TA90,TA-90,2025-04-02,2667.7099609375
IL_TA90,TA-90,2025-04-03,2630.669921875
IL_TA90,TA-90,2025-04-07,2557.0400390625
IL_TA90,TA-90,2025-04-08,2604.389892578125
IL_TA90,TA-90,2025-04-09,2555.409912109375
IL_TA90,TA-90,2025-04-10,2622.60009765625
IL_TA90,TA-90,2025-04-14,2689.800048828125
IL_TA90,TA-90,2025-04-15,2712.760009765625
IL_TA90,TA-90,2025-04-16,2708.1201171875
IL_TA90,TA-90,2025-04-17,2726.93994140625
IL_TA90,TA-90,2025-04-21,2668.969970703125
IL_TA90,TA-90,2025-04-22,2690.260009765625
IL_TA90,TA-90,2025-04-23,2747.820068359375
IL_TA90,TA-90,2025-04-24,2741.35009765625
IL_TA90,TA-90,2025-04-28,2719.47998046875
IL_TA90,TA-90,2025-04-29,2719.75
IL_TA90,TA-90,2025-05-05,2748.60009765625
IL_TA90,TA-90,2025-05-06,2746.530029296875
IL_TA90,TA-90,2025-05-07,2792.2900390625
IL_TA90,TA-90,2025-05-08,2828.080078125
IL_TA90,TA-90,2025-05-12,2805.159912109375
IL_TA90,TA-90,2025-05-13,2824.179931640625
IL_TA90,TA-90,2025-05-14,2879.68994140625
IL_TA90,TA-90,2025-05-15,2884.929931640625
IL_TA90,TA-90,2025-05-19,2898.429931640625
IL_TA90,TA-90,2025-05-20,2869.489990234375
IL_TA90,TA-90,2025-05-21,2824.489990234375
IL_TA90,TA-90,2025-05-22,2778.9599609375
IL_TA90,TA-90,2025-05-26,2857.25
IL_TA90,TA-90,2025-05-27,2849.699951171875
IL_TA90,TA-90,2025-05-28,2868.699951171875
IL_TA90,TA-90,2025-05-29,2850.72998046875
IL_TA90,TA-90,2025-06-03,2837.89990234375
IL_TA90,TA-90,2025-06-04,2837.6201171875
IL_TA90,TA-90,2025-06-05,2862.260009765625
IL_TA90,TA-90,2025-06-09,2849.27001953125
IL_TA90,TA-90,2025-06-10,2826.27001953125
IL_TA90,TA-90,2025-06-11,2858.360107421875
IL_TA90,TA-90,2025-06-12,2792.52001953125
IL_TA90,TA-90,2025-06-16,2794.510009765625
IL_TA90,TA-90,2025-06-17,2937.8701171875
IL_TA90,TA-90,2025-06-18,2995.590087890625
IL_TA90,TA-90,2025-06-19,3016.81005859375
IL_TA90,TA-90,2025-06-23,3047.52001953125
IL_TA90,TA-90,2025-06-24,3107.550048828125
IL_TA90,TA-90,2025-06-25,3154.489990234375
IL_TA90,TA-90,2025-06-26,3142.39990234375
IL_TA90,TA-90,2025-06-30,3262.22998046875
IL_TA90,TA-90,2025-07-01,3309.360107421875
IL_TA90,TA-90,2025-07-02,3355.320068359375
IL_TA90,TA-90,2025-07-03,3353.389892578125
IL_TA90,TA-90,2025-07-07,3332.610107421875
IL_TA90,TA-90,2025-07-08,3300.47998046875
IL_TA90,TA-90,2025-07-09,3357.39990234375
IL_TA90,TA-90,2025-07-10,3356.47998046875
IL_TA90,TA-90,2025-07-14,3297.39990234375
IL_TA90,TA-90,2025-07-15,3340.889892578125
IL_TA90,TA-90,2025-07-16,3335.340087890625
IL_TA90,TA-90,2025-07-17,3361.010009765625
IL_TA90,TA-90,2025-07-21,3382.860107421875
IL_TA90,TA-90,2025-07-22,3379.64990234375
IL_TA90,TA-90,2025-07-23,3430.2900390625
IL_TA90,TA-90,2025-07-24,3391.840087890625
IL_TA90,TA-90,2025-07-28,3356.300048828125
IL_TA90,TA-90,2025-07-29,3349.800048828125
IL_TA90,TA-90,2025-07-30,3311.389892578125
IL_TA90,TA-90,2025-07-31,3323.409912109375
IL_TA90,TA-90,2025-08-04,3257.360107421875
IL_TA90,TA-90,2025-08-05,3177.2099609375
IL_TA90,TA-90,2025-08-06,3154.669921875
IL_TA90,TA-90,2025-08-07,3151.25
IL_TA90,TA-90,2025-08-11,3169.070068359375
IL_TA90,TA-90,2025-08-12,3099.9599609375
IL_TA90,TA-90,2025-08-13,3218.679931640625
IL_TA90,TA-90,2025-08-14,3274.2099609375
IL_TA90,TA-90,2025-08-18,3287.97998046875
IL_TA90,TA-90,2025-08-19,3318.830078125
IL_TA90,TA-90,2025-08-20,3296.77001953125
IL_TA90,TA-90,2025-08-21,3303.419921875
IL_TA90,TA-90,2025-08-25,3354.89990234375
IL_TA90,TA-90,2025-08-26,3354.409912109375
IL_TA90,TA-90,2025-08-27,3345.360107421875
IL_TA90,TA-90,2025-08-28,3335.02001953125
IL_TA90,TA-90,2025-09-01,3313.39990234375
IL_TA90,TA-90,2025-09-02,3246.02001953125
IL_TA90,TA-90,2025-09-03,3279.449951171875
IL_TA90,TA-90,2025-09-04,3328.699951171875
IL_TA90,TA-90,2025-09-08,3396.340087890625
IL_TA90,TA-90,2025-09-09,3445.18994140625
IL_TA90,TA-90,2025-09-10,3445.110107421875
IL_TA90,TA-90,2025-09-11,3401.219970703125
IL_TA90,TA-90,2025-09-15,3305.909912109375
IL_TA90,TA-90,2025-09-16,3296.510009765625
IL_TA90,TA-90,2025-09-17,3202.840087890625
IL_TA90,TA-90,2025-09-18,3254.64990234375
IL_TA90,TA-90,2025-09-25,3192.68994140625
IL_TA90,TA-90,2025-09-29,3284.9599609375
IL_TA90,TA-90,2025-09-30,3420.60009765625
IL_TA90,TA-90,2025-10-08,3479.64990234375
IL_TA90,TA-90,2025-10-09,3616.010009765625
IL_TA90,TA-90,2025-10-15,3592.2099609375
IL_TA90,TA-90,2025-10-16,3599.760009765625
IL_TA90,TA-90,2025-10-20,3537.419921875
IL_TA90,TA-90,2025-10-21,3500.77001953125
IL_TA90,TA-90,2025-10-22,3514.639892578125
IL_TA90,TA-90,2025-10-23,3543.25
IL_TA90,TA-90,2025-10-27,3567.8701171875
IL_TA90,TA-90,2025-10-28,3533.300048828125
IL_TA90,TA-90,2025-10-29,3574.639892578125
IL_TA90,TA-90,2025-10-30,3567.239990234375
IL_TA90,TA-90,2025-11-03,3624.739990234375
IL_TA90,TA-90,2025-11-04,3602.0400390625
IL_TA90,TA-90,2025-11-05,3617.300048828125
IL_TA90,TA-90,2025-11-06,3579.419921875
IL_TA90,TA-90,2025-11-10,3624.8798828125
IL_TA90,TA-90,2025-11-11,3619.780029296875
IL_TA90,TA-90,2025-11-12,3677.14990234375
IL_TA90,TA-90,2025-11-13,3697.070068359375
IL_TA90,TA-90,2025-11-17,3672.919921875
IL_TA90,TA-90,2025-11-18,3604.909912109375
IL_TA90,TA-90,2025-11-19,3601.8798828125
IL_TA90,TA-90,2025-11-20,3556.739990234375
IL_TA90,TA-90,2025-11-24,3566.3798828125
IL_TA90,TA-90,2025-11-25,3558.580078125
IL_TA90,TA-90,2025-11-26,3591.43994140625
IL_TA90,TA-90,2025-11-27,3620.739990234375
IL_TA90,TA-90,2025-12-01,3659.239990234375
IL_TA90,TA-90,2025-12-02,3704.010009765625
IL_TA90,TA-90,2025-12-03,3683.610107421875
IL_TA90,TA-90,2025-12-04,3659.2099609375
IL_TA90,TA-90,2025-12-08,3682.719970703125
IL_TA90,TA-90,2025-12-09,3680.179931640625
IL_TA90,TA-90,2025-12-10,3658.780029296875
IL_TA90,TA-90,2025-12-11,3734.199951171875
IL_TA90,TA-90,2025-12-15,3676.590087890625
IL_TA90,TA-90,2025-12-16,3730.56005859375
IL_TA90,TA-90,2025-12-17,3763.340087890625
IL_TA90,TA-90,2025-12-18,3791.860107421875
IL_TA90,TA-90,2025-12-22,3803.080078125
IL_TA90,TA-90,2025-12-23,3814.820068359375
IL_TA90,TA-90,2025-12-24,3844.610107421875
IL_TA90,TA-90,2025-12-25,3738.179931640625
IL_TA90,TA-90,2025-12-29,3773.239990234375
IL_TA90,TA-90,2025-12-30,3827.679931640625
IL_TA90,TA-90,2025-12-31,3813.830078125
IL_TA90,TA-90,2026-01-01,3899.780029296875
IL_TA90,TA-90,2026-01-05,4017.919921875
IL_TA90,TA-90,2026-01-06,4086.989990234375
IL_TA90,TA-90,2026-01-07,4100.41015625
IL_TA90,TA-90,2026-01-08,4080.699951171875
IL_TA90,TA-90,2026-01-09,4117.3798828125
IL_TA90,TA-90,2026-01-12,4114.2900390625
IL_TA90,TA-90,2026-01-13,4114.08984375
IL_TA90,TA-90,2026-01-14,4125.259765625
IL_TA90,TA-90,2026-01-15,4116.18017578125
IL_TA90,TA-90,2026-01-16,4143.39013671875
IL_TA90,TA-90,2026-01-19,4088.239990234375
IL_TA90,TA-90,2026-01-20,4034.10009765625
IL_TA90,TA-90,2026-01-21,4002.7900390625
IL_TA90,TA-90,2026-01-22,4066.050048828125
IL_TA90,TA-90,2026-01-23,4115.35986328125
IL_TA90,TA-90,2026-01-26,4138.81982421875
IL_TA90,TA-90,2026-01-27,4113.22998046875
IL_TA90,TA-90,2026-01-28,4054.239990234375
IL_TA90,TA-90,2026-01-29,4021.570068359375
IL_TA90,TA-90,2026-01-30,3991.10009765625
IL_TA90,TA-90,2026-02-02,4036.06005859375
IL_TA90,TA-90,2026-02-03,4092.1298828125
IL_TA90,TA-90,2026-02-04,4064.050048828125
IL_TA90,TA-90,2026-02-05,4011.340087890625
IL_TA90,TA-90,2026-02-06,3978.2099609375
IL_TA90,TA-90,2026-02-09,4023.47998046875
IL_TA90,TA-90,2026-02-10,4081.639892578125
IL_TA90,TA-90,2026-02-11,4064.68994140625
IL_TA90,TA-90,2026-02-12,4094.510009765625
IL_TA90,TA-90,2026-02-13,4066.179931640625
IL_TA90,TA-90,2026-02-16,4097.02001953125
IL_TA90,TA-90,2026-02-17,4079.9599609375
IL_TA90,TA-90,2026-02-18,4100.4501953125
IL_TA90,TA-90,2026-02-19,4046.5
IL_TA90,TA-90,2026-02-20,4093.010009765625
IL_TA90,TA-90,2026-02-23,4059.3701171875
IL_TA90,TA-90,2026-02-24,3937.31005859375
IL_TA90,TA-90,2026-02-25,3908.56005859375
IL_TA90,TA-90,2026-02-26,3896.389892578125
IL_TA90,TA-90,2026-02-27,3891.449951171875
IL_TA90,TA-90,2026-03-02,4075.550048828125
IL_TA90,TA-90,2026-03-04,4112.77978515625
IL_TA90,TA-90,2026-03-05,4228.56982421875
IL_TA90,TA-90,2026-03-06,4229.2900390625
IL_TA90,TA-90,2026-03-09,4136.77978515625
IL_TA90,TA-90,2026-03-10,4058.330078125
IL_TA90,TA-90,2026-03-11,4011.4599609375
IL_TA90,TA-90,2026-03-12,3922.830078125
IL_TA90,TA-90,2026-03-13,3915.010009765625
IL_TA90,TA-90,2026-03-16,3891.89990234375
IL_TA90,TA-90,2026-03-17,3963.89990234375
IL_TA90,TA-90,2026-03-18,3996.360107421875
IL_TA90,TA-90,2026-03-19,3973.25
IL_TA90,TA-90,2026-03-20,3990.860107421875
IL_TA90,TA-90,2026-03-23,3888.389892578125
IL_TA90,TA-90,2026-03-24,3836.199951171875
IL_TA90,TA-90,2026-03-25,3842.85009765625
IL_TA90,TA-90,2026-03-26,3848.85009765625
IL_TA90,TA-90,2026-03-27,3754.949951171875
IL_TA90,TA-90,2026-03-30,3668.0
IL_TA90,TA-90,2026-03-31,3737.429931640625
IL_TA90,TA-90,2026-04-03,3831.97998046875
IL_TA90,TA-90,2026-04-06,3851.8798828125
IL_TA90,TA-90,2026-04-09,3898.18994140625
IL_TA90,TA-90,2026-04-10,3961.409912109375
IL_TA90,TA-90,2026-04-13,3897.510009765625
IL_TA90,TA-90,2026-04-14,3937.340087890625
IL_TA90,TA-90,2026-04-15,3908.419921875
IL_TA90,TA-90,2026-04-16,3862.7099609375
IL_TA90,TA-90,2026-04-17,3965.419921875
IL_TA90,TA-90,2026-04-20,3972.56005859375
IL_TA90,TA-90,2026-04-23,4007.969970703125
IL_TA90,TA-90,2026-04-24,3968.6201171875
IL_TA90,TA-90,2026-04-27,4003.219970703125
IL_TA90,TA-90,2026-04-28,4031.360107421875
IL_TA90,TA-90,2026-04-29,4095.530029296875
IL_TA90,TA-90,2026-04-30,4093.4599609375
IL_TA90,TA-90,2026-05-01,4171.10986328125
IL_TA90,TA-90,2026-05-04,4206.02001953125
IL_TA90,TA-90,2026-05-05,4301.81005859375
IL_TA90,TA-90,2026-05-06,4342.31005859375
IL_TA90,TA-90,2026-05-07,4333.5
IL_TA90,TA-90,2026-05-08,4319.14013671875
IL_TA90,TA-90,2026-05-11,4264.56005859375
IL_TA90,TA-90,2026-05-12,4252.419921875
IL_TA90,TA-90,2026-05-13,4127.58984375
IL_TA90,TA-90,2026-05-14,4141.52001953125
IL_TA90,TA-90,2026-05-15,4074.5400390625
IL_TA90,TA-90,2026-05-18,4035.889892578125
IL_TA90,TA-90,2026-05-19,4045.530029296875
IL_TA90,TA-90,2026-05-20,4087.840087890625
IL_TA90,TA-90,2026-05-25,4226.7998046875
IL_TA90,TA-90,2026-05-26,4176.41015625
IL_TA90,TA-90,2026-05-27,4242.259765625
IL_TA90,TA-90,2026-05-28,4248.22998046875
IL_TA90,TA-90,2026-05-29,4298.7099609375
IL_TA90,TA-90,2026-06-01,4100.35986328125
IL_TA90,TA-90,2026-06-02,4092.43994140625
IL_TA90,TA-90,2026-06-03,4078.89990234375
IL_TA90,TA-90,2026-06-04,4042.8701171875
IL_TA90,TA-90,2026-06-05,4092.860107421875
IL_TA90,TA-90,2026-06-08,4047.330078125
IL_TA90,TA-90,2026-06-09,4022.06005859375
IL_TA90,TA-90,2026-06-10,3933.35009765625
IL_TA90,TA-90,2026-06-11,4012.43994140625
IL_TA90,TA-90,2026-06-12,4112.85009765625
IL_TA90,TA-90,2026-06-15,3971.64990234375
IL_TA90,TA-90,2026-06-16,3918.5
IL_TA90,TA-90,2026-06-17,3838.909912109375
IL_TA90,TA-90,2026-06-18,3866.530029296875
IL_TA90,TA-90,2026-06-19,3880.159912109375
IL_TA90,TA-90,2026-06-22,3803.949951171875
IL_TA90,TA-90,2026-06-23,3799.85009765625
IL_TA90,TA-90,2026-06-24,3819.97998046875
IL_TA90,TA-90,2026-06-25,3772.389892578125
IL_TA90,TA-90,2026-06-26,3760.330078125
IL_TA90,TA-90,2026-06-29,3796.1201171875
IL_TA90,TA-90,2026-06-30,3818.9599609375
IL_TA90,TA-90,2026-07-01,3921.889892578125
IL_TA90,TA-90,2026-07-02,3949.02001953125
IL_TA90,TA-90,2026-07-03,4013.260009765625
IL_TA90,TA-90,2026-07-06,4063.469970703125
IL_TA90,TA-90,2026-07-07,3978.8798828125
IL_TA90,TA-90,2026-07-08,3938.110107421875
IL_TA90,TA-90,2026-07-09,3859.219970703125
IL_TA90,TA-90,2026-07-10,3849.81005859375
IL_TA90,TA-90,2026-07-13,3831.77001953125
IL_TA90,TA-90,2026-07-14,3818.56005859375
IL_TA90,TA-90,2026-07-15,3905.699951171875
IL_TA90,TA-90,2026-07-16,3898.75
IL_TA90,TA-90,2026-07-17,3885.320068359375
IL_TA90,TA-90,2026-07-20,3898.9599609375
IL_TA90,TA-90,2026-07-21,3921.840087890625
IL_TA90,TA-90,2026-07-22,3922.8798828125
IL_TA90,TA-90,2026-07-24,3918.2900390625
IL_TA90,TA-90,2026-07-27,3867.840087890625
IL_TA90,TA-90,2026-07-28,3808.5400390625
IL_TA90,TA-90,2026-07-29,3793.39990234375
IL_TA90,TA-90,2026-07-30,3786.7099609375
IL_TA90,TA-90,2026-07-31,3833.8701171875
IL_TA90,TA-90,2026-08-03,3784.340087890625
IL_TA90,TA-90,2026-08-04,3751.9599609375
IL_TA90,TA-90,2026-08-05,3765.0
US_AGG,US Aggregate (AGG ETF),2024-12-27,96.63999938964844
US_AGG,US Aggregate (AGG ETF),2024-12-30,97.0199966430664
US_AGG,US Aggregate (AGG ETF),2024-12-31,96.9000015258789
US_AGG,US Aggregate (AGG ETF),2025-01-02,96.91000366210938
US_AGG,US Aggregate (AGG ETF),2025-01-03,96.80999755859375
US_AGG,US Aggregate (AGG ETF),2025-01-06,96.70999908447266
US_AGG,US Aggregate (AGG ETF),2025-01-07,96.37000274658203
US_AGG,US Aggregate (AGG ETF),2025-01-08,96.4800033569336
US_AGG,US Aggregate (AGG ETF),2025-01-10,95.94000244140625
US_AGG,US Aggregate (AGG ETF),2025-01-13,95.8499984741211
US_AGG,US Aggregate (AGG ETF),2025-01-14,95.87999725341797
US_AGG,US Aggregate (AGG ETF),2025-01-15,96.70999908447266
US_AGG,US Aggregate (AGG ETF),2025-01-16,96.91999816894531
US_AGG,US Aggregate (AGG ETF),2025-01-17,96.91999816894531
US_AGG,US Aggregate (AGG ETF),2025-01-21,97.23999786376953
US_AGG,US Aggregate (AGG ETF),2025-01-22,97.01000213623047
US_AGG,US Aggregate (AGG ETF),2025-01-23,96.8499984741211
US_AGG,US Aggregate (AGG ETF),2025-01-24,97.01000213623047
US_AGG,US Aggregate (AGG ETF),2025-01-27,97.55000305175781
US_AGG,US Aggregate (AGG ETF),2025-01-28,97.5199966430664
US_AGG,US Aggregate (AGG ETF),2025-01-29,97.45999908447266
US_AGG,US Aggregate (AGG ETF),2025-01-30,97.5999984741211
US_AGG,US Aggregate (AGG ETF),2025-01-31,97.4000015258789
US_AGG,US Aggregate (AGG ETF),2025-02-03,97.16999816894531
US_AGG,US Aggregate (AGG ETF),2025-02-04,97.3499984741211
US_AGG,US Aggregate (AGG ETF),2025-02-05,97.87000274658203
US_AGG,US Aggregate (AGG ETF),2025-02-06,97.7699966430664
US_AGG,US Aggregate (AGG ETF),2025-02-07,97.45999908447266
US_AGG,US Aggregate (AGG ETF),2025-02-10,97.48999786376953
US_AGG,US Aggregate (AGG ETF),2025-02-11,97.2699966430664
US_AGG,US Aggregate (AGG ETF),2025-02-12,96.76000213623047
US_AGG,US Aggregate (AGG ETF),2025-02-13,97.33999633789062
US_AGG,US Aggregate (AGG ETF),2025-02-14,97.69999694824219
US_AGG,US Aggregate (AGG ETF),2025-02-18,97.30999755859375
US_AGG,US Aggregate (AGG ETF),2025-02-19,97.44999694824219
US_AGG,US Aggregate (AGG ETF),2025-02-20,97.5999984741211
US_AGG,US Aggregate (AGG ETF),2025-02-21,98.0199966430664
US_AGG,US Aggregate (AGG ETF),2025-02-24,98.19000244140625
US_AGG,US Aggregate (AGG ETF),2025-02-25,98.80000305175781
US_AGG,US Aggregate (AGG ETF),2025-02-26,98.95999908447266
US_AGG,US Aggregate (AGG ETF),2025-02-27,98.80999755859375
US_AGG,US Aggregate (AGG ETF),2025-02-28,99.25
US_AGG,US Aggregate (AGG ETF),2025-03-03,99.16000366210938
US_AGG,US Aggregate (AGG ETF),2025-03-04,98.91000366210938
US_AGG,US Aggregate (AGG ETF),2025-03-05,98.56999969482422
US_AGG,US Aggregate (AGG ETF),2025-03-06,98.47000122070312
US_AGG,US Aggregate (AGG ETF),2025-03-07,98.3499984741211
US_AGG,US Aggregate (AGG ETF),2025-03-10,98.81999969482422
US_AGG,US Aggregate (AGG ETF),2025-03-11,98.47000122070312
US_AGG,US Aggregate (AGG ETF),2025-03-12,98.18000030517578
US_AGG,US Aggregate (AGG ETF),2025-03-13,98.4800033569336
US_AGG,US Aggregate (AGG ETF),2025-03-14,98.27999877929688
US_AGG,US Aggregate (AGG ETF),2025-03-17,98.41000366210938
US_AGG,US Aggregate (AGG ETF),2025-03-18,98.51000213623047
US_AGG,US Aggregate (AGG ETF),2025-03-19,98.80000305175781
US_AGG,US Aggregate (AGG ETF),2025-03-20,98.86000061035156
US_AGG,US Aggregate (AGG ETF),2025-03-21,98.73999786376953
US_AGG,US Aggregate (AGG ETF),2025-03-24,98.36000061035156
US_AGG,US Aggregate (AGG ETF),2025-03-25,98.44999694824219
US_AGG,US Aggregate (AGG ETF),2025-03-26,98.20999908447266
US_AGG,US Aggregate (AGG ETF),2025-03-27,98.16000366210938
US_AGG,US Aggregate (AGG ETF),2025-03-28,98.7300033569336
US_AGG,US Aggregate (AGG ETF),2025-03-31,98.91999816894531
US_AGG,US Aggregate (AGG ETF),2025-04-01,98.95999908447266
US_AGG,US Aggregate (AGG ETF),2025-04-02,98.8499984741211
US_AGG,US Aggregate (AGG ETF),2025-04-03,99.37000274658203
US_AGG,US Aggregate (AGG ETF),2025-04-04,99.45999908447266
US_AGG,US Aggregate (AGG ETF),2025-04-07,98.19999694824219
US_AGG,US Aggregate (AGG ETF),2025-04-08,97.69000244140625
US_AGG,US Aggregate (AGG ETF),2025-04-09,97.91000366210938
US_AGG,US Aggregate (AGG ETF),2025-04-10,97.13999938964844
US_AGG,US Aggregate (AGG ETF),2025-04-11,97.04000091552734
US_AGG,US Aggregate (AGG ETF),2025-04-14,97.61000061035156
US_AGG,US Aggregate (AGG ETF),2025-04-15,97.80999755859375
US_AGG,US Aggregate (AGG ETF),2025-04-16,98.12000274658203
US_AGG,US Aggregate (AGG ETF),2025-04-17,97.87000274658203
US_AGG,US Aggregate (AGG ETF),2025-04-21,97.27999877929688
US_AGG,US Aggregate (AGG ETF),2025-04-22,97.45999908447266
US_AGG,US Aggregate (AGG ETF),2025-04-23,97.69999694824219
US_AGG,US Aggregate (AGG ETF),2025-04-24,98.23999786376953
US_AGG,US Aggregate (AGG ETF),2025-04-25,98.5999984741211
US_AGG,US Aggregate (AGG ETF),2025-04-28,98.87000274658203
US_AGG,US Aggregate (AGG ETF),2025-04-29,99.11000061035156
US_AGG,US Aggregate (AGG ETF),2025-04-30,99.0199966430664
US_AGG,US Aggregate (AGG ETF),2025-05-01,98.43000030517578
US_AGG,US Aggregate (AGG ETF),2025-05-02,97.94999694824219
US_AGG,US Aggregate (AGG ETF),2025-05-05,97.77999877929688
US_AGG,US Aggregate (AGG ETF),2025-05-06,98.0199966430664
US_AGG,US Aggregate (AGG ETF),2025-05-07,98.16999816894531
US_AGG,US Aggregate (AGG ETF),2025-05-08,97.66000366210938
US_AGG,US Aggregate (AGG ETF),2025-05-09,97.76000213623047
US_AGG,US Aggregate (AGG ETF),2025-05-12,97.43000030517578
US_AGG,US Aggregate (AGG ETF),2025-05-13,97.33000183105469
US_AGG,US Aggregate (AGG ETF),2025-05-14,97.05000305175781
US_AGG,US Aggregate (AGG ETF),2025-05-15,97.5999984741211
US_AGG,US Aggregate (AGG ETF),2025-05-16,97.66000366210938
US_AGG,US Aggregate (AGG ETF),2025-05-19,97.62999725341797
US_AGG,US Aggregate (AGG ETF),2025-05-20,97.45999908447266
US_AGG,US Aggregate (AGG ETF),2025-05-21,96.81999969482422
US_AGG,US Aggregate (AGG ETF),2025-05-22,97.0999984741211
US_AGG,US Aggregate (AGG ETF),2025-05-23,97.23999786376953
US_AGG,US Aggregate (AGG ETF),2025-05-27,97.68000030517578
US_AGG,US Aggregate (AGG ETF),2025-05-28,97.5
US_AGG,US Aggregate (AGG ETF),2025-05-29,97.86000061035156
US_AGG,US Aggregate (AGG ETF),2025-05-30,98.0999984741211
US_AGG,US Aggregate (AGG ETF),2025-06-02,97.5199966430664
US_AGG,US Aggregate (AGG ETF),2025-06-03,97.44999694824219
US_AGG,US Aggregate (AGG ETF),2025-06-04,98.02999877929688
US_AGG,US Aggregate (AGG ETF),2025-06-05,97.77999877929688
US_AGG,US Aggregate (AGG ETF),2025-06-06,97.27999877929688
US_AGG,US Aggregate (AGG ETF),2025-06-09,97.4000015258789
US_AGG,US Aggregate (AGG ETF),2025-06-10,97.62000274658203
US_AGG,US Aggregate (AGG ETF),2025-06-11,97.94999694824219
US_AGG,US Aggregate (AGG ETF),2025-06-12,98.30999755859375
US_AGG,US Aggregate (AGG ETF),2025-06-13,97.95999908447266
US_AGG,US Aggregate (AGG ETF),2025-06-16,97.76000213623047
US_AGG,US Aggregate (AGG ETF),2025-06-17,98.05999755859375
US_AGG,US Aggregate (AGG ETF),2025-06-18,98.12999725341797
US_AGG,US Aggregate (AGG ETF),2025-06-20,98.22000122070312
US_AGG,US Aggregate (AGG ETF),2025-06-23,98.41999816894531
US_AGG,US Aggregate (AGG ETF),2025-06-24,98.81999969482422
US_AGG,US Aggregate (AGG ETF),2025-06-25,98.80999755859375
US_AGG,US Aggregate (AGG ETF),2025-06-26,99.08000183105469
US_AGG,US Aggregate (AGG ETF),2025-06-27,98.80000305175781
US_AGG,US Aggregate (AGG ETF),2025-06-30,99.19999694824219
US_AGG,US Aggregate (AGG ETF),2025-07-01,98.79000091552734
US_AGG,US Aggregate (AGG ETF),2025-07-02,98.66999816894531
US_AGG,US Aggregate (AGG ETF),2025-07-03,98.47000122070312
US_AGG,US Aggregate (AGG ETF),2025-07-07,98.12000274658203
US_AGG,US Aggregate (AGG ETF),2025-07-08,98.08000183105469
US_AGG,US Aggregate (AGG ETF),2025-07-09,98.48999786376953
US_AGG,US Aggregate (AGG ETF),2025-07-10,98.45999908447266
US_AGG,US Aggregate (AGG ETF),2025-07-11,98.05000305175781
US_AGG,US Aggregate (AGG ETF),2025-07-14,98.04000091552734
US_AGG,US Aggregate (AGG ETF),2025-07-15,97.75
US_AGG,US Aggregate (AGG ETF),2025-07-16,97.88999938964844
US_AGG,US Aggregate (AGG ETF),2025-07-17,97.93000030517578
US_AGG,US Aggregate (AGG ETF),2025-07-18,98.11000061035156
US_AGG,US Aggregate (AGG ETF),2025-07-21,98.37999725341797
US_AGG,US Aggregate (AGG ETF),2025-07-22,98.56999969482422
US_AGG,US Aggregate (AGG ETF),2025-07-23,98.3499984741211
US_AGG,US Aggregate (AGG ETF),2025-07-24,98.29000091552734
US_AGG,US Aggregate (AGG ETF),2025-07-25,98.44999694824219
US_AGG,US Aggregate (AGG ETF),2025-07-28,98.31999969482422
US_AGG,US Aggregate (AGG ETF),2025-07-29,98.8499984741211
US_AGG,US Aggregate (AGG ETF),2025-07-30,98.56999969482422
US_AGG,US Aggregate (AGG ETF),2025-07-31,98.62000274658203
US_AGG,US Aggregate (AGG ETF),2025-08-01,99.13999938964844
US_AGG,US Aggregate (AGG ETF),2025-08-04,99.22000122070312
US_AGG,US Aggregate (AGG ETF),2025-08-05,99.25
US_AGG,US Aggregate (AGG ETF),2025-08-06,99.20999908447266
US_AGG,US Aggregate (AGG ETF),2025-08-07,99.12999725341797
US_AGG,US Aggregate (AGG ETF),2025-08-08,98.94000244140625
US_AGG,US Aggregate (AGG ETF),2025-08-11,99.01000213623047
US_AGG,US Aggregate (AGG ETF),2025-08-12,99.01000213623047
US_AGG,US Aggregate (AGG ETF),2025-08-13,99.37000274658203
US_AGG,US Aggregate (AGG ETF),2025-08-14,99.08999633789062
US_AGG,US Aggregate (AGG ETF),2025-08-15,98.94000244140625
US_AGG,US Aggregate (AGG ETF),2025-08-18,98.83000183105469
US_AGG,US Aggregate (AGG ETF),2025-08-19,99.0199966430664
US_AGG,US Aggregate (AGG ETF),2025-08-20,99.08000183105469
US_AGG,US Aggregate (AGG ETF),2025-08-21,98.8499984741211
US_AGG,US Aggregate (AGG ETF),2025-08-22,99.4000015258789
US_AGG,US Aggregate (AGG ETF),2025-08-25,99.25
US_AGG,US Aggregate (AGG ETF),2025-08-26,99.37000274658203
US_AGG,US Aggregate (AGG ETF),2025-08-27,99.47000122070312
US_AGG,US Aggregate (AGG ETF),2025-08-28,99.58999633789062
US_AGG,US Aggregate (AGG ETF),2025-08-29,99.45999908447266
US_AGG,US Aggregate (AGG ETF),2025-09-02,98.87000274658203
US_AGG,US Aggregate (AGG ETF),2025-09-03,99.2300033569336
US_AGG,US Aggregate (AGG ETF),2025-09-04,99.62999725341797
US_AGG,US Aggregate (AGG ETF),2025-09-05,100.0999984741211
US_AGG,US Aggregate (AGG ETF),2025-09-08,100.44000244140625
US_AGG,US Aggregate (AGG ETF),2025-09-09,100.23999786376953
US_AGG,US Aggregate (AGG ETF),2025-09-10,100.44000244140625
US_AGG,US Aggregate (AGG ETF),2025-09-11,100.62999725341797
US_AGG,US Aggregate (AGG ETF),2025-09-12,100.54000091552734
US_AGG,US Aggregate (AGG ETF),2025-09-15,100.70999908447266
US_AGG,US Aggregate (AGG ETF),2025-09-16,100.75
US_AGG,US Aggregate (AGG ETF),2025-09-17,100.56999969482422
US_AGG,US Aggregate (AGG ETF),2025-09-18,100.29000091552734
US_AGG,US Aggregate (AGG ETF),2025-09-19,100.29000091552734
US_AGG,US Aggregate (AGG ETF),2025-09-22,100.16999816894531
US_AGG,US Aggregate (AGG ETF),2025-09-23,100.33000183105469
US_AGG,US Aggregate (AGG ETF),2025-09-24,100.13999938964844
US_AGG,US Aggregate (AGG ETF),2025-09-25,100.0
US_AGG,US Aggregate (AGG ETF),2025-09-26,100.06999969482422
US_AGG,US Aggregate (AGG ETF),2025-09-29,100.26000213623047
US_AGG,US Aggregate (AGG ETF),2025-09-30,100.25
US_AGG,US Aggregate (AGG ETF),2025-10-01,100.18000030517578
US_AGG,US Aggregate (AGG ETF),2025-10-02,100.29000091552734
US_AGG,US Aggregate (AGG ETF),2025-10-03,100.18000030517578
US_AGG,US Aggregate (AGG ETF),2025-10-06,99.95999908447266
US_AGG,US Aggregate (AGG ETF),2025-10-07,100.12999725341797
US_AGG,US Aggregate (AGG ETF),2025-10-08,100.13999938964844
US_AGG,US Aggregate (AGG ETF),2025-10-09,100.0199966430664
US_AGG,US Aggregate (AGG ETF),2025-10-10,100.43000030517578
US_AGG,US Aggregate (AGG ETF),2025-10-13,100.62000274658203
US_AGG,US Aggregate (AGG ETF),2025-10-14,100.77999877929688
US_AGG,US Aggregate (AGG ETF),2025-10-15,100.73999786376953
US_AGG,US Aggregate (AGG ETF),2025-10-16,101.0999984741211
US_AGG,US Aggregate (AGG ETF),2025-10-17,100.95999908447266
US_AGG,US Aggregate (AGG ETF),2025-10-20,101.12999725341797
US_AGG,US Aggregate (AGG ETF),2025-10-21,101.2300033569336
US_AGG,US Aggregate (AGG ETF),2025-10-22,101.22000122070312
US_AGG,US Aggregate (AGG ETF),2025-10-23,101.04000091552734
US_AGG,US Aggregate (AGG ETF),2025-10-24,101.13999938964844
US_AGG,US Aggregate (AGG ETF),2025-10-27,101.20999908447266
US_AGG,US Aggregate (AGG ETF),2025-10-28,101.2699966430664
US_AGG,US Aggregate (AGG ETF),2025-10-29,100.79000091552734
US_AGG,US Aggregate (AGG ETF),2025-10-30,100.5999984741211
US_AGG,US Aggregate (AGG ETF),2025-10-31,100.54000091552734
US_AGG,US Aggregate (AGG ETF),2025-11-03,100.08999633789062
US_AGG,US Aggregate (AGG ETF),2025-11-04,100.13999938964844
US_AGG,US Aggregate (AGG ETF),2025-11-05,99.87000274658203
US_AGG,US Aggregate (AGG ETF),2025-11-06,100.23999786376953
US_AGG,US Aggregate (AGG ETF),2025-11-07,100.19999694824219
US_AGG,US Aggregate (AGG ETF),2025-11-10,100.16000366210938
US_AGG,US Aggregate (AGG ETF),2025-11-11,100.45999908447266
US_AGG,US Aggregate (AGG ETF),2025-11-12,100.41999816894531
US_AGG,US Aggregate (AGG ETF),2025-11-13,100.12000274658203
US_AGG,US Aggregate (AGG ETF),2025-11-14,100.0
US_AGG,US Aggregate (AGG ETF),2025-11-17,100.0199966430664
US_AGG,US Aggregate (AGG ETF),2025-11-18,100.08000183105469
US_AGG,US Aggregate (AGG ETF),2025-11-19,100.08000183105469
US_AGG,US Aggregate (AGG ETF),2025-11-20,100.19999694824219
US_AGG,US Aggregate (AGG ETF),2025-11-21,100.44000244140625
US_AGG,US Aggregate (AGG ETF),2025-11-24,100.63999938964844
US_AGG,US Aggregate (AGG ETF),2025-11-25,100.80000305175781
US_AGG,US Aggregate (AGG ETF),2025-11-26,100.95999908447266
US_AGG,US Aggregate (AGG ETF),2025-11-28,100.81999969482422
US_AGG,US Aggregate (AGG ETF),2025-12-01,100.05999755859375
US_AGG,US Aggregate (AGG ETF),2025-12-02,100.19000244140625
US_AGG,US Aggregate (AGG ETF),2025-12-03,100.37999725341797
US_AGG,US Aggregate (AGG ETF),2025-12-04,100.13999938964844
US_AGG,US Aggregate (AGG ETF),2025-12-05,100.02999877929688
US_AGG,US Aggregate (AGG ETF),2025-12-08,99.87000274658203
US_AGG,US Aggregate (AGG ETF),2025-12-09,99.77999877929688
US_AGG,US Aggregate (AGG ETF),2025-12-10,100.0999984741211
US_AGG,US Aggregate (AGG ETF),2025-12-11,100.12000274658203
US_AGG,US Aggregate (AGG ETF),2025-12-12,99.80999755859375
US_AGG,US Aggregate (AGG ETF),2025-12-15,99.91000366210938
US_AGG,US Aggregate (AGG ETF),2025-12-16,100.0999984741211
US_AGG,US Aggregate (AGG ETF),2025-12-17,100.06999969482422
US_AGG,US Aggregate (AGG ETF),2025-12-18,100.31999969482422
US_AGG,US Aggregate (AGG ETF),2025-12-19,99.83999633789062
US_AGG,US Aggregate (AGG ETF),2025-12-22,99.80000305175781
US_AGG,US Aggregate (AGG ETF),2025-12-23,99.80000305175781
US_AGG,US Aggregate (AGG ETF),2025-12-24,100.0199966430664
US_AGG,US Aggregate (AGG ETF),2025-12-26,100.04000091552734
US_AGG,US Aggregate (AGG ETF),2025-12-29,100.16000366210938
US_AGG,US Aggregate (AGG ETF),2025-12-30,100.12000274658203
US_AGG,US Aggregate (AGG ETF),2025-12-31,99.87999725341797
US_AGG,US Aggregate (AGG ETF),2026-01-02,99.8499984741211
US_AGG,US Aggregate (AGG ETF),2026-01-05,100.04000091552734
US_AGG,US Aggregate (AGG ETF),2026-01-06,100.0199966430664
US_AGG,US Aggregate (AGG ETF),2026-01-07,100.12000274658203
US_AGG,US Aggregate (AGG ETF),2026-01-08,99.94000244140625
US_AGG,US Aggregate (AGG ETF),2026-01-09,100.16000366210938
US_AGG,US Aggregate (AGG ETF),2026-01-12,100.11000061035156
US_AGG,US Aggregate (AGG ETF),2026-01-13,100.19999694824219
US_AGG,US Aggregate (AGG ETF),2026-01-14,100.3499984741211
US_AGG,US Aggregate (AGG ETF),2026-01-15,100.22000122070312
US_AGG,US Aggregate (AGG ETF),2026-01-16,100.05000305175781
US_AGG,US Aggregate (AGG ETF),2026-01-20,99.66999816894531
US_AGG,US Aggregate (AGG ETF),2026-01-21,100.0
US_AGG,US Aggregate (AGG ETF),2026-01-22,100.0199966430664
US_AGG,US Aggregate (AGG ETF),2026-01-23,100.11000061035156
US_AGG,US Aggregate (AGG ETF),2026-01-26,100.26000213623047
US_AGG,US Aggregate (AGG ETF),2026-01-27,100.19000244140625
US_AGG,US Aggregate (AGG ETF),2026-01-28,100.1500015258789
US_AGG,US Aggregate (AGG ETF),2026-01-29,100.1500015258789
US_AGG,US Aggregate (AGG ETF),2026-01-30,100.12999725341797
US_AGG,US Aggregate (AGG ETF),2026-02-02,99.69000244140625
US_AGG,US Aggregate (AGG ETF),2026-02-03,99.69999694824219
US_AGG,US Aggregate (AGG ETF),2026-02-04,99.63999938964844
US_AGG,US Aggregate (AGG ETF),2026-02-05,100.06999969482422
US_AGG,US Aggregate (AGG ETF),2026-02-06,100.12999725341797
US_AGG,US Aggregate (AGG ETF),2026-02-09,100.16000366210938
US_AGG,US Aggregate (AGG ETF),2026-02-10,100.44999694824219
US_AGG,US Aggregate (AGG ETF),2026-02-11,100.22000122070312
US_AGG,US Aggregate (AGG ETF),2026-02-12,100.66999816894531
US_AGG,US Aggregate (AGG ETF),2026-02-13,100.98999786376953
US_AGG,US Aggregate (AGG ETF),2026-02-17,101.0
US_AGG,US Aggregate (AGG ETF),2026-02-18,100.86000061035156
US_AGG,US Aggregate (AGG ETF),2026-02-19,100.87999725341797
US_AGG,US Aggregate (AGG ETF),2026-02-20,100.9000015258789
US_AGG,US Aggregate (AGG ETF),2026-02-23,101.0999984741211
US_AGG,US Aggregate (AGG ETF),2026-02-24,101.08999633789062
US_AGG,US Aggregate (AGG ETF),2026-02-25,101.04000091552734
US_AGG,US Aggregate (AGG ETF),2026-02-26,101.19999694824219
US_AGG,US Aggregate (AGG ETF),2026-02-27,101.4000015258789
US_AGG,US Aggregate (AGG ETF),2026-03-02,100.68000030517578
US_AGG,US Aggregate (AGG ETF),2026-03-03,100.56999969482422
US_AGG,US Aggregate (AGG ETF),2026-03-04,100.52999877929688
US_AGG,US Aggregate (AGG ETF),2026-03-05,100.23999786376953
US_AGG,US Aggregate (AGG ETF),2026-03-06,100.12000274658203
US_AGG,US Aggregate (AGG ETF),2026-03-09,100.44000244140625
US_AGG,US Aggregate (AGG ETF),2026-03-10,100.11000061035156
US_AGG,US Aggregate (AGG ETF),2026-03-11,99.66000366210938
US_AGG,US Aggregate (AGG ETF),2026-03-12,99.29000091552734
US_AGG,US Aggregate (AGG ETF),2026-03-13,99.20999908447266
US_AGG,US Aggregate (AGG ETF),2026-03-16,99.5999984741211
US_AGG,US Aggregate (AGG ETF),2026-03-17,99.80000305175781
US_AGG,US Aggregate (AGG ETF),2026-03-18,99.37999725341797
US_AGG,US Aggregate (AGG ETF),2026-03-19,99.48999786376953
US_AGG,US Aggregate (AGG ETF),2026-03-20,98.66000366210938
US_AGG,US Aggregate (AGG ETF),2026-03-23,99.02999877929688
US_AGG,US Aggregate (AGG ETF),2026-03-24,98.76000213623047
US_AGG,US Aggregate (AGG ETF),2026-03-25,99.11000061035156
US_AGG,US Aggregate (AGG ETF),2026-03-26,98.55000305175781
US_AGG,US Aggregate (AGG ETF),2026-03-27,98.54000091552734
US_AGG,US Aggregate (AGG ETF),2026-03-30,99.04000091552734
US_AGG,US Aggregate (AGG ETF),2026-03-31,99.2699966430664
US_AGG,US Aggregate (AGG ETF),2026-04-01,99.0
US_AGG,US Aggregate (AGG ETF),2026-04-02,99.2300033569336
US_AGG,US Aggregate (AGG ETF),2026-04-06,99.05000305175781
US_AGG,US Aggregate (AGG ETF),2026-04-07,99.16999816894531
US_AGG,US Aggregate (AGG ETF),2026-04-08,99.43000030517578
US_AGG,US Aggregate (AGG ETF),2026-04-09,99.48999786376953
US_AGG,US Aggregate (AGG ETF),2026-04-10,99.31999969482422
US_AGG,US Aggregate (AGG ETF),2026-04-13,99.5199966430664
US_AGG,US Aggregate (AGG ETF),2026-04-14,99.77999877929688
US_AGG,US Aggregate (AGG ETF),2026-04-15,99.62000274658203
US_AGG,US Aggregate (AGG ETF),2026-04-16,99.4800033569336
US_AGG,US Aggregate (AGG ETF),2026-04-17,99.8499984741211
US_AGG,US Aggregate (AGG ETF),2026-04-20,99.83999633789062
US_AGG,US Aggregate (AGG ETF),2026-04-21,99.47000122070312
US_AGG,US Aggregate (AGG ETF),2026-04-22,99.61000061035156
US_AGG,US Aggregate (AGG ETF),2026-04-23,99.44999694824219
US_AGG,US Aggregate (AGG ETF),2026-04-24,99.58999633789062
US_AGG,US Aggregate (AGG ETF),2026-04-27,99.44000244140625
US_AGG,US Aggregate (AGG ETF),2026-04-28,99.4000015258789
US_AGG,US Aggregate (AGG ETF),2026-04-29,98.95999908447266
US_AGG,US Aggregate (AGG ETF),2026-04-30,99.0999984741211
US_AGG,US Aggregate (AGG ETF),2026-05-01,98.9000015258789
US_AGG,US Aggregate (AGG ETF),2026-05-04,98.58999633789062
US_AGG,US Aggregate (AGG ETF),2026-05-05,98.7699966430664
US_AGG,US Aggregate (AGG ETF),2026-05-06,99.19000244140625
US_AGG,US Aggregate (AGG ETF),2026-05-07,98.94999694824219
US_AGG,US Aggregate (AGG ETF),2026-05-08,99.18000030517578
US_AGG,US Aggregate (AGG ETF),2026-05-11,98.91999816894531
US_AGG,US Aggregate (AGG ETF),2026-05-12,98.62999725341797
US_AGG,US Aggregate (AGG ETF),2026-05-13,98.66999816894531
US_AGG,US Aggregate (AGG ETF),2026-05-14,98.63999938964844
US_AGG,US Aggregate (AGG ETF),2026-05-15,98.0199966430664
US_AGG,US Aggregate (AGG ETF),2026-05-18,98.01000213623047
US_AGG,US Aggregate (AGG ETF),2026-05-19,97.62999725341797
US_AGG,US Aggregate (AGG ETF),2026-05-20,98.22000122070312
US_AGG,US Aggregate (AGG ETF),2026-05-21,98.33999633789062
US_AGG,US Aggregate (AGG ETF),2026-05-22,98.44000244140625
US_AGG,US Aggregate (AGG ETF),2026-05-26,98.72000122070312
US_AGG,US Aggregate (AGG ETF),2026-05-27,98.80000305175781
US_AGG,US Aggregate (AGG ETF),2026-05-28,99.0
US_AGG,US Aggregate (AGG ETF),2026-05-29,99.05999755859375
US_AGG,US Aggregate (AGG ETF),2026-06-01,98.68000030517578
US_AGG,US Aggregate (AGG ETF),2026-06-02,98.70999908447266
US_AGG,US Aggregate (AGG ETF),2026-06-03,98.5
US_AGG,US Aggregate (AGG ETF),2026-06-04,98.66000366210938
US_AGG,US Aggregate (AGG ETF),2026-06-05,98.16999816894531
US_AGG,US Aggregate (AGG ETF),2026-06-08,98.16999816894531
US_AGG,US Aggregate (AGG ETF),2026-06-09,98.37000274658203
US_AGG,US Aggregate (AGG ETF),2026-06-10,98.30999755859375
US_AGG,US Aggregate (AGG ETF),2026-06-11,98.87999725341797
US_AGG,US Aggregate (AGG ETF),2026-06-12,98.76000213623047
US_AGG,US Aggregate (AGG ETF),2026-06-15,98.8499984741211
US_AGG,US Aggregate (AGG ETF),2026-06-16,98.97000122070312
US_AGG,US Aggregate (AGG ETF),2026-06-17,98.61000061035156
US_AGG,US Aggregate (AGG ETF),2026-06-18,98.9000015258789
US_AGG,US Aggregate (AGG ETF),2026-06-22,98.62999725341797
US_AGG,US Aggregate (AGG ETF),2026-06-23,98.70999908447266
US_AGG,US Aggregate (AGG ETF),2026-06-24,99.19000244140625
US_AGG,US Aggregate (AGG ETF),2026-06-25,99.25
US_AGG,US Aggregate (AGG ETF),2026-06-26,99.33999633789062
US_AGG,US Aggregate (AGG ETF),2026-06-29,99.37000274658203
US_AGG,US Aggregate (AGG ETF),2026-06-30,98.9800033569336
US_AGG,US Aggregate (AGG ETF),2026-07-01,98.5
US_AGG,US Aggregate (AGG ETF),2026-07-02,98.61000061035156
US_AGG,US Aggregate (AGG ETF),2026-07-06,98.66000366210938
US_AGG,US Aggregate (AGG ETF),2026-07-07,98.20999908447266
US_AGG,US Aggregate (AGG ETF),2026-07-08,98.04000091552734
US_AGG,US Aggregate (AGG ETF),2026-07-09,98.18000030517578
US_AGG,US Aggregate (AGG ETF),2026-07-10,98.08000183105469
US_AGG,US Aggregate (AGG ETF),2026-07-13,97.70999908447266
US_AGG,US Aggregate (AGG ETF),2026-07-14,98.0
US_AGG,US Aggregate (AGG ETF),2026-07-15,98.13999938964844
US_AGG,US Aggregate (AGG ETF),2026-07-16,98.12999725341797
US_AGG,US Aggregate (AGG ETF),2026-07-17,98.19999694824219
US_AGG,US Aggregate (AGG ETF),2026-07-20,97.94999694824219
US_AGG,US Aggregate (AGG ETF),2026-07-21,97.73999786376953
US_AGG,US Aggregate (AGG ETF),2026-07-22,97.58000183105469
US_AGG,US Aggregate (AGG ETF),2026-07-23,97.33999633789062
US_AGG,US Aggregate (AGG ETF),2026-07-24,97.45999908447266
US_AGG,US Aggregate (AGG ETF),2026-07-27,97.69000244140625
US_AGG,US Aggregate (AGG ETF),2026-07-28,97.91999816894531
US_AGG,US Aggregate (AGG ETF),2026-07-29,97.55000305175781
US_AGG,US Aggregate (AGG ETF),2026-07-30,97.62000274658203
US_AGG,US Aggregate (AGG ETF),2026-07-31,97.37000274658203
US_AGG,US Aggregate (AGG ETF),2026-08-03,97.26000213623047
US_AGG,US Aggregate (AGG ETF),2026-08-04,97.66000366210938
GLOBAL_AGG,Global Aggregate (AGGG.L),2025-01-06,4.251500129699707
GLOBAL_AGG,Global Aggregate (AGGG.L),2025-01-07,4.237500190734863
GLOBAL_AGG,Global Aggregate (AGGG.L),2025-01-08,4.230999946594238
GLOBAL_AGG,Global Aggregate (AGGG.L),2025-01-09,4.229000091552734
GLOBAL_AGG,Global Aggregate (AGGG.L),2025-01-10,4.208000183105469
GLOBAL_AGG,Global Aggregate (AGGG.L),2025-01-13,4.184000015258789
GLOBAL_AGG,Global Aggregate (AGGG.L),2025-01-14,4.202000141143799
GLOBAL_AGG,Global Aggregate (AGGG.L),2025-01-15,4.236499786376953
GLOBAL_AGG,Global Aggregate (AGGG.L),2025-01-16,4.184999942779541
GLOBAL_AGG,Global Aggregate (AGGG.L),2025-01-17,4.177999973297119
GLOBAL_AGG,Global Aggregate (AGGG.L),2025-01-20,4.190999984741211
GLOBAL_AGG,Global Aggregate (AGGG.L),2025-01-21,4.196000099182129
GLOBAL_AGG,Global Aggregate (AGGG.L),2025-01-22,4.205999851226807
GLOBAL_AGG,Global Aggregate (AGGG.L),2025-01-23,4.197000026702881
GLOBAL_AGG,Global Aggregate (AGGG.L),2025-01-24,4.215000152587891
GLOBAL_AGG,Global Aggregate (AGGG.L),2025-01-27,4.235499858856201
GLOBAL_AGG,Global Aggregate (AGGG.L),2025-01-28,4.210000038146973
GLOBAL_AGG,Global Aggregate (AGGG.L),2025-01-29,4.209499835968018
GLOBAL_AGG,Global Aggregate (AGGG.L),2025-01-30,4.229000091552734
GLOBAL_AGG,Global Aggregate (AGGG.L),2025-01-31,4.227499961853027
GLOBAL_AGG,Global Aggregate (AGGG.L),2025-02-03,4.210000038146973
GLOBAL_AGG,Global Aggregate (AGGG.L),2025-02-04,4.231500148773193
GLOBAL_AGG,Global Aggregate (AGGG.L),2025-02-05,4.258500099182129
GLOBAL_AGG,Global Aggregate (AGGG.L),2025-02-06,4.25
GLOBAL_AGG,Global Aggregate (AGGG.L),2025-02-07,4.235000133514404
GLOBAL_AGG,Global Aggregate (AGGG.L),2025-02-10,4.236000061035156
GLOBAL_AGG,Global Aggregate (AGGG.L),2025-02-11,4.21999979019165
GLOBAL_AGG,Global Aggregate (AGGG.L),2025-02-12,4.209000110626221
GLOBAL_AGG,Global Aggregate (AGGG.L),2025-02-13,4.241499900817871
GLOBAL_AGG,Global Aggregate (AGGG.L),2025-02-14,4.266499996185303
GLOBAL_AGG,Global Aggregate (AGGG.L),2025-02-17,4.244999885559082
GLOBAL_AGG,Global Aggregate (AGGG.L),2025-02-18,4.249499797821045
GLOBAL_AGG,Global Aggregate (AGGG.L),2025-02-19,4.22599983215332
GLOBAL_AGG,Global Aggregate (AGGG.L),2025-02-20,4.251999855041504
GLOBAL_AGG,Global Aggregate (AGGG.L),2025-02-21,4.260499954223633
GLOBAL_AGG,Global Aggregate (AGGG.L),2025-02-24,4.265500068664551
GLOBAL_AGG,Global Aggregate (AGGG.L),2025-02-25,4.2779998779296875
GLOBAL_AGG,Global Aggregate (AGGG.L),2025-02-26,4.2855000495910645
GLOBAL_AGG,Global Aggregate (AGGG.L),2025-02-27,4.263500213623047
GLOBAL_AGG,Global Aggregate (AGGG.L),2025-02-28,4.274499893188477
GLOBAL_AGG,Global Aggregate (AGGG.L),2025-03-03,4.2820000648498535
GLOBAL_AGG,Global Aggregate (AGGG.L),2025-03-04,4.296500205993652
GLOBAL_AGG,Global Aggregate (AGGG.L),2025-03-05,4.301000118255615
GLOBAL_AGG,Global Aggregate (AGGG.L),2025-03-06,4.296000003814697
GLOBAL_AGG,Global Aggregate (AGGG.L),2025-03-07,4.309999942779541
GLOBAL_AGG,Global Aggregate (AGGG.L),2025-03-10,4.305500030517578
GLOBAL_AGG,Global Aggregate (AGGG.L),2025-03-11,4.302000045776367
GLOBAL_AGG,Global Aggregate (AGGG.L),2025-03-12,4.289000034332275
GLOBAL_AGG,Global Aggregate (AGGG.L),2025-03-13,4.294000148773193
GLOBAL_AGG,Global Aggregate (AGGG.L),2025-03-14,4.296000003814697
GLOBAL_AGG,Global Aggregate (AGGG.L),2025-03-17,4.309999942779541
GLOBAL_AGG,Global Aggregate (AGGG.L),2025-03-18,4.309999942779541
GLOBAL_AGG,Global Aggregate (AGGG.L),2025-03-19,4.302999973297119
GLOBAL_AGG,Global Aggregate (AGGG.L),2025-03-20,4.308000087738037
GLOBAL_AGG,Global Aggregate (AGGG.L),2025-03-21,4.302999973297119
GLOBAL_AGG,Global Aggregate (AGGG.L),2025-03-24,4.2870001792907715
GLOBAL_AGG,Global Aggregate (AGGG.L),2025-03-25,4.29449987411499
GLOBAL_AGG,Global Aggregate (AGGG.L),2025-03-26,4.2870001792907715
GLOBAL_AGG,Global Aggregate (AGGG.L),2025-03-27,4.2795000076293945
GLOBAL_AGG,Global Aggregate (AGGG.L),2025-03-28,4.302499771118164
GLOBAL_AGG,Global Aggregate (AGGG.L),2025-03-31,4.301499843597412
GLOBAL_AGG,Global Aggregate (AGGG.L),2025-04-01,4.314499855041504
GLOBAL_AGG,Global Aggregate (AGGG.L),2025-04-02,4.309500217437744
GLOBAL_AGG,Global Aggregate (AGGG.L),2025-04-03,4.371500015258789
GLOBAL_AGG,Global Aggregate (AGGG.L),2025-04-04,4.38100004196167
GLOBAL_AGG,Global Aggregate (AGGG.L),2025-04-07,4.321000099182129
GLOBAL_AGG,Global Aggregate (AGGG.L),2025-04-08,4.308499813079834
GLOBAL_AGG,Global Aggregate (AGGG.L),2025-04-09,4.301499843597412
GLOBAL_AGG,Global Aggregate (AGGG.L),2025-04-10,4.3495001792907715
GLOBAL_AGG,Global Aggregate (AGGG.L),2025-04-11,4.3404998779296875
GLOBAL_AGG,Global Aggregate (AGGG.L),2025-04-14,4.375999927520752
GLOBAL_AGG,Global Aggregate (AGGG.L),2025-04-15,4.381999969482422
GLOBAL_AGG,Global Aggregate (AGGG.L),2025-04-16,4.395500183105469
GLOBAL_AGG,Global Aggregate (AGGG.L),2025-04-17,4.4039998054504395
GLOBAL_AGG,Global Aggregate (AGGG.L),2025-04-22,4.414999961853027
GLOBAL_AGG,Global Aggregate (AGGG.L),2025-04-23,4.394499778747559
GLOBAL_AGG,Global Aggregate (AGGG.L),2025-04-24,4.398499965667725
GLOBAL_AGG,Global Aggregate (AGGG.L),2025-04-25,4.402500152587891
GLOBAL_AGG,Global Aggregate (AGGG.L),2025-04-28,4.419000148773193
GLOBAL_AGG,Global Aggregate (AGGG.L),2025-04-29,4.433000087738037
GLOBAL_AGG,Global Aggregate (AGGG.L),2025-04-30,4.41949987411499
GLOBAL_AGG,Global Aggregate (AGGG.L),2025-05-01,4.426000118255615
GLOBAL_AGG,Global Aggregate (AGGG.L),2025-05-02,4.40749979019165
GLOBAL_AGG,Global Aggregate (AGGG.L),2025-05-06,4.408999919891357
GLOBAL_AGG,Global Aggregate (AGGG.L),2025-05-07,4.420000076293945
GLOBAL_AGG,Global Aggregate (AGGG.L),2025-05-08,4.4004998207092285
GLOBAL_AGG,Global Aggregate (AGGG.L),2025-05-09,4.395999908447266
GLOBAL_AGG,Global Aggregate (AGGG.L),2025-05-12,4.3454999923706055
GLOBAL_AGG,Global Aggregate (AGGG.L),2025-05-13,4.354000091552734
GLOBAL_AGG,Global Aggregate (AGGG.L),2025-05-14,4.359499931335449
GLOBAL_AGG,Global Aggregate (AGGG.L),2025-05-15,4.370999813079834
GLOBAL_AGG,Global Aggregate (AGGG.L),2025-05-16,4.374499797821045
GLOBAL_AGG,Global Aggregate (AGGG.L),2025-05-19,4.378499984741211
GLOBAL_AGG,Global Aggregate (AGGG.L),2025-05-20,4.375500202178955
GLOBAL_AGG,Global Aggregate (AGGG.L),2025-05-21,4.388000011444092
GLOBAL_AGG,Global Aggregate (AGGG.L),2025-05-22,4.373499870300293
GLOBAL_AGG,Global Aggregate (AGGG.L),2025-05-23,4.388500213623047
GLOBAL_AGG,Global Aggregate (AGGG.L),2025-05-27,4.403500080108643
GLOBAL_AGG,Global Aggregate (AGGG.L),2025-05-28,4.395999908447266
GLOBAL_AGG,Global Aggregate (AGGG.L),2025-05-29,4.416999816894531
GLOBAL_AGG,Global Aggregate (AGGG.L),2025-05-30,4.4145002365112305
GLOBAL_AGG,Global Aggregate (AGGG.L),2025-06-02,4.418499946594238
GLOBAL_AGG,Global Aggregate (AGGG.L),2025-06-03,4.417500019073486
GLOBAL_AGG,Global Aggregate (AGGG.L),2025-06-04,4.438499927520752
GLOBAL_AGG,Global Aggregate (AGGG.L),2025-06-05,4.432499885559082
GLOBAL_AGG,Global Aggregate (AGGG.L),2025-06-06,4.418499946594238
GLOBAL_AGG,Global Aggregate (AGGG.L),2025-06-09,4.423500061035156
GLOBAL_AGG,Global Aggregate (AGGG.L),2025-06-10,4.422500133514404
GLOBAL_AGG,Global Aggregate (AGGG.L),2025-06-11,4.435999870300293
GLOBAL_AGG,Global Aggregate (AGGG.L),2025-06-12,4.4679999351501465
GLOBAL_AGG,Global Aggregate (AGGG.L),2025-06-13,4.447500228881836
GLOBAL_AGG,Global Aggregate (AGGG.L),2025-06-16,4.44950008392334
GLOBAL_AGG,Global Aggregate (AGGG.L),2025-06-17,4.451499938964844
GLOBAL_AGG,Global Aggregate (AGGG.L),2025-06-18,4.451499938964844
GLOBAL_AGG,Global Aggregate (AGGG.L),2025-06-19,4.435500144958496
GLOBAL_AGG,Global Aggregate (AGGG.L),2025-06-20,4.44350004196167
GLOBAL_AGG,Global Aggregate (AGGG.L),2025-06-23,4.457499980926514
GLOBAL_AGG,Global Aggregate (AGGG.L),2025-06-24,4.4720001220703125
GLOBAL_AGG,Global Aggregate (AGGG.L),2025-06-25,4.4695000648498535
GLOBAL_AGG,Global Aggregate (AGGG.L),2025-06-26,4.493000030517578
GLOBAL_AGG,Global Aggregate (AGGG.L),2025-06-27,4.48799991607666
GLOBAL_AGG,Global Aggregate (AGGG.L),2025-06-30,4.495999813079834
GLOBAL_AGG,Global Aggregate (AGGG.L),2025-07-01,4.506499767303467
GLOBAL_AGG,Global Aggregate (AGGG.L),2025-07-02,4.499499797821045
GLOBAL_AGG,Global Aggregate (AGGG.L),2025-07-03,4.496500015258789
GLOBAL_AGG,Global Aggregate (AGGG.L),2025-07-04,4.494999885559082
GLOBAL_AGG,Global Aggregate (AGGG.L),2025-07-07,4.474999904632568
GLOBAL_AGG,Global Aggregate (AGGG.L),2025-07-08,4.459000110626221
GLOBAL_AGG,Global Aggregate (AGGG.L),2025-07-09,4.4695000648498535
GLOBAL_AGG,Global Aggregate (AGGG.L),2025-07-10,4.4679999351501465
GLOBAL_AGG,Global Aggregate (AGGG.L),2025-07-11,4.454999923706055
GLOBAL_AGG,Global Aggregate (AGGG.L),2025-07-14,4.450500011444092
GLOBAL_AGG,Global Aggregate (AGGG.L),2025-07-15,4.427499771118164
GLOBAL_AGG,Global Aggregate (AGGG.L),2025-07-16,4.44950008392334
GLOBAL_AGG,Global Aggregate (AGGG.L),2025-07-17,4.369999885559082
GLOBAL_AGG,Global Aggregate (AGGG.L),2025-07-18,4.380499839782715
GLOBAL_AGG,Global Aggregate (AGGG.L),2025-07-21,4.408999919891357
GLOBAL_AGG,Global Aggregate (AGGG.L),2025-07-22,4.4105000495910645
GLOBAL_AGG,Global Aggregate (AGGG.L),2025-07-23,4.410999774932861
GLOBAL_AGG,Global Aggregate (AGGG.L),2025-07-24,4.403500080108643
GLOBAL_AGG,Global Aggregate (AGGG.L),2025-07-25,4.397500038146973
GLOBAL_AGG,Global Aggregate (AGGG.L),2025-07-28,4.381999969482422
GLOBAL_AGG,Global Aggregate (AGGG.L),2025-07-29,4.386000156402588
GLOBAL_AGG,Global Aggregate (AGGG.L),2025-07-30,4.368000030517578
GLOBAL_AGG,Global Aggregate (AGGG.L),2025-07-31,4.369500160217285
GLOBAL_AGG,Global Aggregate (AGGG.L),2025-08-01,4.399499893188477
GLOBAL_AGG,Global Aggregate (AGGG.L),2025-08-04,4.4070000648498535
GLOBAL_AGG,Global Aggregate (AGGG.L),2025-08-05,4.417500019073486
GLOBAL_AGG,Global Aggregate (AGGG.L),2025-08-06,4.418000221252441
GLOBAL_AGG,Global Aggregate (AGGG.L),2025-08-07,4.423999786376953
GLOBAL_AGG,Global Aggregate (AGGG.L),2025-08-08,4.41349983215332
GLOBAL_AGG,Global Aggregate (AGGG.L),2025-08-11,4.410999774932861
GLOBAL_AGG,Global Aggregate (AGGG.L),2025-08-12,4.4120001792907715
GLOBAL_AGG,Global Aggregate (AGGG.L),2025-08-13,4.434000015258789
GLOBAL_AGG,Global Aggregate (AGGG.L),2025-08-14,4.414999961853027
GLOBAL_AGG,Global Aggregate (AGGG.L),2025-08-15,4.419000148773193
GLOBAL_AGG,Global Aggregate (AGGG.L),2025-08-18,4.39900016784668
GLOBAL_AGG,Global Aggregate (AGGG.L),2025-08-19,4.408999919891357
GLOBAL_AGG,Global Aggregate (AGGG.L),2025-08-20,4.408999919891357
GLOBAL_AGG,Global Aggregate (AGGG.L),2025-08-21,4.39300012588501
GLOBAL_AGG,Global Aggregate (AGGG.L),2025-08-22,4.422999858856201
GLOBAL_AGG,Global Aggregate (AGGG.L),2025-08-26,4.414999961853027
GLOBAL_AGG,Global Aggregate (AGGG.L),2025-08-27,4.4054999351501465
GLOBAL_AGG,Global Aggregate (AGGG.L),2025-08-28,4.427999973297119
GLOBAL_AGG,Global Aggregate (AGGG.L),2025-08-29,4.42549991607666
GLOBAL_AGG,Global Aggregate (AGGG.L),2025-09-01,4.420499801635742
GLOBAL_AGG,Global Aggregate (AGGG.L),2025-09-02,4.40749979019165
GLOBAL_AGG,Global Aggregate (AGGG.L),2025-09-03,4.419000148773193
GLOBAL_AGG,Global Aggregate (AGGG.L),2025-09-04,4.421999931335449
GLOBAL_AGG,Global Aggregate (AGGG.L),2025-09-05,4.4629998207092285
GLOBAL_AGG,Global Aggregate (AGGG.L),2025-09-08,4.4644999504089355
GLOBAL_AGG,Global Aggregate (AGGG.L),2025-09-09,4.456999778747559
GLOBAL_AGG,Global Aggregate (AGGG.L),2025-09-10,4.458499908447266
GLOBAL_AGG,Global Aggregate (AGGG.L),2025-09-11,4.472499847412109
GLOBAL_AGG,Global Aggregate (AGGG.L),2025-09-12,4.459000110626221
GLOBAL_AGG,Global Aggregate (AGGG.L),2025-09-15,4.4730000495910645
GLOBAL_AGG,Global Aggregate (AGGG.L),2025-09-16,4.485499858856201
GLOBAL_AGG,Global Aggregate (AGGG.L),2025-09-17,4.490499973297119
GLOBAL_AGG,Global Aggregate (AGGG.L),2025-09-18,4.468999862670898
GLOBAL_AGG,Global Aggregate (AGGG.L),2025-09-19,4.459000110626221
GLOBAL_AGG,Global Aggregate (AGGG.L),2025-09-22,4.458499908447266
GLOBAL_AGG,Global Aggregate (AGGG.L),2025-09-23,4.458000183105469
GLOBAL_AGG,Global Aggregate (AGGG.L),2025-09-24,4.448500156402588
GLOBAL_AGG,Global Aggregate (AGGG.L),2025-09-25,4.427000045776367
GLOBAL_AGG,Global Aggregate (AGGG.L),2025-09-26,4.434500217437744
GLOBAL_AGG,Global Aggregate (AGGG.L),2025-09-29,4.453000068664551
GLOBAL_AGG,Global Aggregate (AGGG.L),2025-09-30,4.458000183105469
GLOBAL_AGG,Global Aggregate (AGGG.L),2025-10-01,4.457499980926514
GLOBAL_AGG,Global Aggregate (AGGG.L),2025-10-02,4.457499980926514
GLOBAL_AGG,Global Aggregate (AGGG.L),2025-10-03,4.4644999504089355
GLOBAL_AGG,Global Aggregate (AGGG.L),2025-10-06,4.44950008392334
GLOBAL_AGG,Global Aggregate (AGGG.L),2025-10-07,4.441999912261963
GLOBAL_AGG,Global Aggregate (AGGG.L),2025-10-08,4.439499855041504
GLOBAL_AGG,Global Aggregate (AGGG.L),2025-10-09,4.425000190734863
GLOBAL_AGG,Global Aggregate (AGGG.L),2025-10-10,4.453999996185303
GLOBAL_AGG,Global Aggregate (AGGG.L),2025-10-13,4.440000057220459
GLOBAL_AGG,Global Aggregate (AGGG.L),2025-10-14,4.446000099182129
GLOBAL_AGG,Global Aggregate (AGGG.L),2025-10-15,4.4654998779296875
GLOBAL_AGG,Global Aggregate (AGGG.L),2025-10-16,4.472499847412109
GLOBAL_AGG,Global Aggregate (AGGG.L),2025-10-17,4.468999862670898
GLOBAL_AGG,Global Aggregate (AGGG.L),2025-10-20,4.475500106811523
GLOBAL_AGG,Global Aggregate (AGGG.L),2025-10-21,4.473499774932861
GLOBAL_AGG,Global Aggregate (AGGG.L),2025-10-22,4.471499919891357
GLOBAL_AGG,Global Aggregate (AGGG.L),2025-10-23,4.466000080108643
GLOBAL_AGG,Global Aggregate (AGGG.L),2025-10-24,4.4644999504089355
GLOBAL_AGG,Global Aggregate (AGGG.L),2025-10-27,4.4704999923706055
GLOBAL_AGG,Global Aggregate (AGGG.L),2025-10-28,4.477499961853027
GLOBAL_AGG,Global Aggregate (AGGG.L),2025-10-29,4.479499816894531
GLOBAL_AGG,Global Aggregate (AGGG.L),2025-10-30,4.448999881744385
GLOBAL_AGG,Global Aggregate (AGGG.L),2025-10-31,4.444499969482422
GLOBAL_AGG,Global Aggregate (AGGG.L),2025-11-03,4.435999870300293
GLOBAL_AGG,Global Aggregate (AGGG.L),2025-11-04,4.440499782562256
GLOBAL_AGG,Global Aggregate (AGGG.L),2025-11-05,4.421500205993652
GLOBAL_AGG,Global Aggregate (AGGG.L),2025-11-06,4.442500114440918
GLOBAL_AGG,Global Aggregate (AGGG.L),2025-11-07,4.448500156402588
GLOBAL_AGG,Global Aggregate (AGGG.L),2025-11-10,4.441999912261963
GLOBAL_AGG,Global Aggregate (AGGG.L),2025-11-11,4.451000213623047
GLOBAL_AGG,Global Aggregate (AGGG.L),2025-11-12,4.453000068664551
GLOBAL_AGG,Global Aggregate (AGGG.L),2025-11-13,4.447000026702881
GLOBAL_AGG,Global Aggregate (AGGG.L),2025-11-14,4.442500114440918
GLOBAL_AGG,Global Aggregate (AGGG.L),2025-11-17,4.436500072479248
GLOBAL_AGG,Global Aggregate (AGGG.L),2025-11-18,4.433000087738037
GLOBAL_AGG,Global Aggregate (AGGG.L),2025-11-19,4.421000003814697
GLOBAL_AGG,Global Aggregate (AGGG.L),2025-11-20,4.423999786376953
GLOBAL_AGG,Global Aggregate (AGGG.L),2025-11-21,4.427000045776367
GLOBAL_AGG,Global Aggregate (AGGG.L),2025-11-24,4.427999973297119
GLOBAL_AGG,Global Aggregate (AGGG.L),2025-11-25,4.447500228881836
GLOBAL_AGG,Global Aggregate (AGGG.L),2025-11-26,4.454999923706055
GLOBAL_AGG,Global Aggregate (AGGG.L),2025-11-27,4.459499835968018
GLOBAL_AGG,Global Aggregate (AGGG.L),2025-11-28,4.452499866485596
GLOBAL_AGG,Global Aggregate (AGGG.L),2025-12-01,4.442500114440918
GLOBAL_AGG,Global Aggregate (AGGG.L),2025-12-02,4.446499824523926
GLOBAL_AGG,Global Aggregate (AGGG.L),2025-12-03,4.455999851226807
GLOBAL_AGG,Global Aggregate (AGGG.L),2025-12-04,4.448500156402588
GLOBAL_AGG,Global Aggregate (AGGG.L),2025-12-05,4.441500186920166
GLOBAL_AGG,Global Aggregate (AGGG.L),2025-12-08,4.429500102996826
GLOBAL_AGG,Global Aggregate (AGGG.L),2025-12-09,4.432499885559082
GLOBAL_AGG,Global Aggregate (AGGG.L),2025-12-10,4.4375
GLOBAL_AGG,Global Aggregate (AGGG.L),2025-12-11,4.456999778747559
GLOBAL_AGG,Global Aggregate (AGGG.L),2025-12-12,4.440999984741211
GLOBAL_AGG,Global Aggregate (AGGG.L),2025-12-15,4.452000141143799
GLOBAL_AGG,Global Aggregate (AGGG.L),2025-12-16,4.4604997634887695
GLOBAL_AGG,Global Aggregate (AGGG.L),2025-12-17,4.457499980926514
GLOBAL_AGG,Global Aggregate (AGGG.L),2025-12-18,4.460999965667725
GLOBAL_AGG,Global Aggregate (AGGG.L),2025-12-19,4.447999954223633
GLOBAL_AGG,Global Aggregate (AGGG.L),2025-12-22,4.451499938964844
GLOBAL_AGG,Global Aggregate (AGGG.L),2025-12-23,4.459499835968018
GLOBAL_AGG,Global Aggregate (AGGG.L),2025-12-24,4.476500034332275
GLOBAL_AGG,Global Aggregate (AGGG.L),2025-12-29,4.480500221252441
GLOBAL_AGG,Global Aggregate (AGGG.L),2025-12-30,4.4710001945495605
GLOBAL_AGG,Global Aggregate (AGGG.L),2025-12-31,4.480500221252441
GLOBAL_AGG,Global Aggregate (AGGG.L),2026-01-02,4.4679999351501465
GLOBAL_AGG,Global Aggregate (AGGG.L),2026-01-05,4.4629998207092285
GLOBAL_AGG,Global Aggregate (AGGG.L),2026-01-06,4.460999965667725
GLOBAL_AGG,Global Aggregate (AGGG.L),2026-01-07,4.4654998779296875
GLOBAL_AGG,Global Aggregate (AGGG.L),2026-01-08,4.461999893188477
GLOBAL_AGG,Global Aggregate (AGGG.L),2026-01-09,4.456999778747559
GLOBAL_AGG,Global Aggregate (AGGG.L),2026-01-12,4.461999893188477
GLOBAL_AGG,Global Aggregate (AGGG.L),2026-01-13,4.453999996185303
GLOBAL_AGG,Global Aggregate (AGGG.L),2026-01-14,4.4679999351501465
GLOBAL_AGG,Global Aggregate (AGGG.L),2026-01-15,4.387499809265137
GLOBAL_AGG,Global Aggregate (AGGG.L),2026-01-16,4.382999897003174
GLOBAL_AGG,Global Aggregate (AGGG.L),2026-01-19,4.385499954223633
GLOBAL_AGG,Global Aggregate (AGGG.L),2026-01-20,4.385499954223633
GLOBAL_AGG,Global Aggregate (AGGG.L),2026-01-21,4.388000011444092
GLOBAL_AGG,Global Aggregate (AGGG.L),2026-01-22,4.394499778747559
GLOBAL_AGG,Global Aggregate (AGGG.L),2026-01-23,4.401000022888184
GLOBAL_AGG,Global Aggregate (AGGG.L),2026-01-26,4.43149995803833
GLOBAL_AGG,Global Aggregate (AGGG.L),2026-01-27,4.449999809265137
GLOBAL_AGG,Global Aggregate (AGGG.L),2026-01-28,4.440499782562256
GLOBAL_AGG,Global Aggregate (AGGG.L),2026-01-29,4.448999881744385
GLOBAL_AGG,Global Aggregate (AGGG.L),2026-01-30,4.436999797821045
GLOBAL_AGG,Global Aggregate (AGGG.L),2026-02-02,4.421500205993652
GLOBAL_AGG,Global Aggregate (AGGG.L),2026-02-03,4.416500091552734
GLOBAL_AGG,Global Aggregate (AGGG.L),2026-02-04,4.418499946594238
GLOBAL_AGG,Global Aggregate (AGGG.L),2026-02-05,4.422500133514404
GLOBAL_AGG,Global Aggregate (AGGG.L),2026-02-06,4.420499801635742
GLOBAL_AGG,Global Aggregate (AGGG.L),2026-02-09,4.435999870300293
GLOBAL_AGG,Global Aggregate (AGGG.L),2026-02-10,4.460999965667725
GLOBAL_AGG,Global Aggregate (AGGG.L),2026-02-11,4.454500198364258
GLOBAL_AGG,Global Aggregate (AGGG.L),2026-02-12,4.468999862670898
GLOBAL_AGG,Global Aggregate (AGGG.L),2026-02-13,4.479499816894531
GLOBAL_AGG,Global Aggregate (AGGG.L),2026-02-16,4.4730000495910645
GLOBAL_AGG,Global Aggregate (AGGG.L),2026-02-17,4.4710001945495605
GLOBAL_AGG,Global Aggregate (AGGG.L),2026-02-18,4.468500137329102
GLOBAL_AGG,Global Aggregate (AGGG.L),2026-02-19,4.458499908447266
GLOBAL_AGG,Global Aggregate (AGGG.L),2026-02-20,4.4644999504089355
GLOBAL_AGG,Global Aggregate (AGGG.L),2026-02-23,4.4770002365112305
GLOBAL_AGG,Global Aggregate (AGGG.L),2026-02-24,4.4730000495910645
GLOBAL_AGG,Global Aggregate (AGGG.L),2026-02-25,4.474999904632568
GLOBAL_AGG,Global Aggregate (AGGG.L),2026-02-26,4.477499961853027
GLOBAL_AGG,Global Aggregate (AGGG.L),2026-02-27,4.488999843597412
GLOBAL_AGG,Global Aggregate (AGGG.L),2026-03-02,4.445499897003174
GLOBAL_AGG,Global Aggregate (AGGG.L),2026-03-03,4.426499843597412
GLOBAL_AGG,Global Aggregate (AGGG.L),2026-03-04,4.440499782562256
GLOBAL_AGG,Global Aggregate (AGGG.L),2026-03-05,4.4105000495910645
GLOBAL_AGG,Global Aggregate (AGGG.L),2026-03-06,4.417500019073486
GLOBAL_AGG,Global Aggregate (AGGG.L),2026-03-09,4.4039998054504395
GLOBAL_AGG,Global Aggregate (AGGG.L),2026-03-10,4.429500102996826
GLOBAL_AGG,Global Aggregate (AGGG.L),2026-03-11,4.390999794006348
GLOBAL_AGG,Global Aggregate (AGGG.L),2026-03-12,4.371500015258789
GLOBAL_AGG,Global Aggregate (AGGG.L),2026-03-13,4.3495001792907715
GLOBAL_AGG,Global Aggregate (AGGG.L),2026-03-16,4.363999843597412
GLOBAL_AGG,Global Aggregate (AGGG.L),2026-03-17,4.386000156402588
GLOBAL_AGG,Global Aggregate (AGGG.L),2026-03-18,4.375500202178955
GLOBAL_AGG,Global Aggregate (AGGG.L),2026-03-19,4.368000030517578
GLOBAL_AGG,Global Aggregate (AGGG.L),2026-03-20,4.347499847412109
GLOBAL_AGG,Global Aggregate (AGGG.L),2026-03-23,4.359000205993652
GLOBAL_AGG,Global Aggregate (AGGG.L),2026-03-24,4.3495001792907715
GLOBAL_AGG,Global Aggregate (AGGG.L),2026-03-25,4.358500003814697
GLOBAL_AGG,Global Aggregate (AGGG.L),2026-03-26,4.338500022888184
GLOBAL_AGG,Global Aggregate (AGGG.L),2026-03-27,4.333499908447266
GLOBAL_AGG,Global Aggregate (AGGG.L),2026-03-30,4.333000183105469
GLOBAL_AGG,Global Aggregate (AGGG.L),2026-03-31,4.3394999504089355
GLOBAL_AGG,Global Aggregate (AGGG.L),2026-04-01,4.380499839782715
GLOBAL_AGG,Global Aggregate (AGGG.L),2026-04-02,4.373000144958496
GLOBAL_AGG,Global Aggregate (AGGG.L),2026-04-07,4.350500106811523
GLOBAL_AGG,Global Aggregate (AGGG.L),2026-04-08,4.4085001945495605
GLOBAL_AGG,Global Aggregate (AGGG.L),2026-04-09,4.399499893188477
GLOBAL_AGG,Global Aggregate (AGGG.L),2026-04-10,4.396999835968018
GLOBAL_AGG,Global Aggregate (AGGG.L),2026-04-13,4.382999897003174
GLOBAL_AGG,Global Aggregate (AGGG.L),2026-04-14,4.421500205993652
GLOBAL_AGG,Global Aggregate (AGGG.L),2026-04-15,4.419000148773193
GLOBAL_AGG,Global Aggregate (AGGG.L),2026-04-16,4.416999816894531
GLOBAL_AGG,Global Aggregate (AGGG.L),2026-04-17,4.440000057220459
GLOBAL_AGG,Global Aggregate (AGGG.L),2026-04-20,4.433000087738037
GLOBAL_AGG,Global Aggregate (AGGG.L),2026-04-21,4.417500019073486
GLOBAL_AGG,Global Aggregate (AGGG.L),2026-04-22,4.419000148773193
GLOBAL_AGG,Global Aggregate (AGGG.L),2026-04-23,4.416999816894531
GLOBAL_AGG,Global Aggregate (AGGG.L),2026-04-24,4.40749979019165
GLOBAL_AGG,Global Aggregate (AGGG.L),2026-04-27,4.40500020980835
GLOBAL_AGG,Global Aggregate (AGGG.L),2026-04-28,4.39300012588501
GLOBAL_AGG,Global Aggregate (AGGG.L),2026-04-29,4.386000156402588
GLOBAL_AGG,Global Aggregate (AGGG.L),2026-04-30,4.406499862670898
GLOBAL_AGG,Global Aggregate (AGGG.L),2026-05-01,4.41349983215332
GLOBAL_AGG,Global Aggregate (AGGG.L),2026-05-05,4.40749979019165
GLOBAL_AGG,Global Aggregate (AGGG.L),2026-05-06,4.428500175476074
GLOBAL_AGG,Global Aggregate (AGGG.L),2026-05-07,4.425000190734863
GLOBAL_AGG,Global Aggregate (AGGG.L),2026-05-08,4.428500175476074
GLOBAL_AGG,Global Aggregate (AGGG.L),2026-05-11,4.419000148773193
GLOBAL_AGG,Global Aggregate (AGGG.L),2026-05-12,4.395999908447266
GLOBAL_AGG,Global Aggregate (AGGG.L),2026-05-13,4.390999794006348
GLOBAL_AGG,Global Aggregate (AGGG.L),2026-05-14,4.396500110626221
GLOBAL_AGG,Global Aggregate (AGGG.L),2026-05-15,4.355000019073486
GLOBAL_AGG,Global Aggregate (AGGG.L),2026-05-18,4.359000205993652
GLOBAL_AGG,Global Aggregate (AGGG.L),2026-05-19,4.3470001220703125
GLOBAL_AGG,Global Aggregate (AGGG.L),2026-05-20,4.375
GLOBAL_AGG,Global Aggregate (AGGG.L),2026-05-21,4.364500045776367
GLOBAL_AGG,Global Aggregate (AGGG.L),2026-05-22,4.375
GLOBAL_AGG,Global Aggregate (AGGG.L),2026-05-26,4.39300012588501
GLOBAL_AGG,Global Aggregate (AGGG.L),2026-05-27,4.396500110626221
GLOBAL_AGG,Global Aggregate (AGGG.L),2026-05-28,4.409999847412109
GLOBAL_AGG,Global Aggregate (AGGG.L),2026-05-29,4.420000076293945
GLOBAL_AGG,Global Aggregate (AGGG.L),2026-06-01,4.39900016784668
GLOBAL_AGG,Global Aggregate (AGGG.L),2026-06-02,4.410999774932861
GLOBAL_AGG,Global Aggregate (AGGG.L),2026-06-03,4.392499923706055
GLOBAL_AGG,Global Aggregate (AGGG.L),2026-06-04,4.395999908447266
GLOBAL_AGG,Global Aggregate (AGGG.L),2026-06-05,4.370999813079834
GLOBAL_AGG,Global Aggregate (AGGG.L),2026-06-08,4.368000030517578
GLOBAL_AGG,Global Aggregate (AGGG.L),2026-06-09,4.375500202178955
GLOBAL_AGG,Global Aggregate (AGGG.L),2026-06-10,4.375999927520752
GLOBAL_AGG,Global Aggregate (AGGG.L),2026-06-11,4.372499942779541
GLOBAL_AGG,Global Aggregate (AGGG.L),2026-06-12,4.4019999504089355
GLOBAL_AGG,Global Aggregate (AGGG.L),2026-06-15,4.415999889373779
GLOBAL_AGG,Global Aggregate (AGGG.L),2026-06-16,4.409999847412109
GLOBAL_AGG,Global Aggregate (AGGG.L),2026-06-17,4.414000034332275
GLOBAL_AGG,Global Aggregate (AGGG.L),2026-06-18,4.389999866485596
GLOBAL_AGG,Global Aggregate (AGGG.L),2026-06-19,4.373499870300293
GLOBAL_AGG,Global Aggregate (AGGG.L),2026-06-22,4.379499912261963
GLOBAL_AGG,Global Aggregate (AGGG.L),2026-06-23,4.373000144958496
GLOBAL_AGG,Global Aggregate (AGGG.L),2026-06-24,4.381499767303467
GLOBAL_AGG,Global Aggregate (AGGG.L),2026-06-25,4.388000011444092
GLOBAL_AGG,Global Aggregate (AGGG.L),2026-06-26,4.389500141143799
GLOBAL_AGG,Global Aggregate (AGGG.L),2026-06-29,4.389999866485596
GLOBAL_AGG,Global Aggregate (AGGG.L),2026-06-30,4.394499778747559
GLOBAL_AGG,Global Aggregate (AGGG.L),2026-07-01,4.375500202178955
GLOBAL_AGG,Global Aggregate (AGGG.L),2026-07-02,4.388000011444092
GLOBAL_AGG,Global Aggregate (AGGG.L),2026-07-03,4.376999855041504
GLOBAL_AGG,Global Aggregate (AGGG.L),2026-07-06,4.376500129699707
GLOBAL_AGG,Global Aggregate (AGGG.L),2026-07-07,4.368500232696533
GLOBAL_AGG,Global Aggregate (AGGG.L),2026-07-08,4.346499919891357
GLOBAL_AGG,Global Aggregate (AGGG.L),2026-07-09,4.361000061035156
GLOBAL_AGG,Global Aggregate (AGGG.L),2026-07-10,4.373000144958496
GLOBAL_AGG,Global Aggregate (AGGG.L),2026-07-13,4.353000164031982
GLOBAL_AGG,Global Aggregate (AGGG.L),2026-07-14,4.365499973297119
GLOBAL_AGG,Global Aggregate (AGGG.L),2026-07-15,4.369999885559082
GLOBAL_AGG,Global Aggregate (AGGG.L),2026-07-16,4.294000148773193
GLOBAL_AGG,Global Aggregate (AGGG.L),2026-07-17,4.295499801635742
GLOBAL_AGG,Global Aggregate (AGGG.L),2026-07-20,4.28249979019165
GLOBAL_AGG,Global Aggregate (AGGG.L),2026-07-21,4.2779998779296875
GLOBAL_AGG,Global Aggregate (AGGG.L),2026-07-22,4.274499893188477
GLOBAL_AGG,Global Aggregate (AGGG.L),2026-07-23,4.25600004196167
GLOBAL_AGG,Global Aggregate (AGGG.L),2026-07-24,4.269999980926514
GLOBAL_AGG,Global Aggregate (AGGG.L),2026-07-27,4.270999908447266
GLOBAL_AGG,Global Aggregate (AGGG.L),2026-07-28,4.283999919891357
GLOBAL_AGG,Global Aggregate (AGGG.L),2026-07-29,4.269000053405762
GLOBAL_AGG,Global Aggregate (AGGG.L),2026-07-30,4.297999858856201
GLOBAL_AGG,Global Aggregate (AGGG.L),2026-07-31,4.285999774932861
GLOBAL_AGG,Global Aggregate (AGGG.L),2026-08-03,4.303999900817871
GLOBAL_AGG,Global Aggregate (AGGG.L),2026-08-05,4.31850004196167
TELBOND60,Tel Bond-60 CPI Linked,2008-02-03,211.9
TELBOND60,Tel Bond-60 CPI Linked,2008-02-04,212.44
TELBOND60,Tel Bond-60 CPI Linked,2008-02-05,211.2
TELBOND60,Tel Bond-60 CPI Linked,2008-02-06,211.47
TELBOND60,Tel Bond-60 CPI Linked,2008-02-07,210.93
TELBOND60,Tel Bond-60 CPI Linked,2008-02-10,211.2
TELBOND60,Tel Bond-60 CPI Linked,2008-02-11,211.34
TELBOND60,Tel Bond-60 CPI Linked,2008-02-12,211.7
TELBOND60,Tel Bond-60 CPI Linked,2008-02-13,211.86
TELBOND60,Tel Bond-60 CPI Linked,2008-02-14,212.21
TELBOND60,Tel Bond-60 CPI Linked,2008-02-17,212.45
TELBOND60,Tel Bond-60 CPI Linked,2008-02-18,212.62
TELBOND60,Tel Bond-60 CPI Linked,2008-02-19,212.74
TELBOND60,Tel Bond-60 CPI Linked,2008-02-20,212.42
TELBOND60,Tel Bond-60 CPI Linked,2008-02-21,212.65
TELBOND60,Tel Bond-60 CPI Linked,2008-02-24,212.94
TELBOND60,Tel Bond-60 CPI Linked,2008-02-25,213.08
TELBOND60,Tel Bond-60 CPI Linked,2008-02-26,214.71
TELBOND60,Tel Bond-60 CPI Linked,2008-02-27,215.34
TELBOND60,Tel Bond-60 CPI Linked,2008-02-28,215.4
TELBOND60,Tel Bond-60 CPI Linked,2008-03-02,215.3
TELBOND60,Tel Bond-60 CPI Linked,2008-03-03,215.61
TELBOND60,Tel Bond-60 CPI Linked,2008-03-04,215.61
TELBOND60,Tel Bond-60 CPI Linked,2008-03-05,215.81
TELBOND60,Tel Bond-60 CPI Linked,2008-03-06,215.96
TELBOND60,Tel Bond-60 CPI Linked,2008-03-09,216.01
TELBOND60,Tel Bond-60 CPI Linked,2008-03-10,216.04
TELBOND60,Tel Bond-60 CPI Linked,2008-03-11,216.11
TELBOND60,Tel Bond-60 CPI Linked,2008-03-12,216.26
TELBOND60,Tel Bond-60 CPI Linked,2008-03-13,216.03
TELBOND60,Tel Bond-60 CPI Linked,2008-03-16,215.25
TELBOND60,Tel Bond-60 CPI Linked,2008-03-17,211.3
TELBOND60,Tel Bond-60 CPI Linked,2008-03-18,210.47
TELBOND60,Tel Bond-60 CPI Linked,2008-03-19,211.38
TELBOND60,Tel Bond-60 CPI Linked,2008-03-20,211.33
TELBOND60,Tel Bond-60 CPI Linked,2008-03-23,211.7
TELBOND60,Tel Bond-60 CPI Linked,2008-03-24,211.86
TELBOND60,Tel Bond-60 CPI Linked,2008-03-25,212.83
TELBOND60,Tel Bond-60 CPI Linked,2008-03-26,212.95
TELBOND60,Tel Bond-60 CPI Linked,2008-03-27,212.8
TELBOND60,Tel Bond-60 CPI Linked,2008-03-30,212.41
TELBOND60,Tel Bond-60 CPI Linked,2008-03-31,211.57
TELBOND60,Tel Bond-60 CPI Linked,2008-04-01,212.21
TELBOND60,Tel Bond-60 CPI Linked,2008-04-02,212.66
TELBOND60,Tel Bond-60 CPI Linked,2008-04-03,212.76
TELBOND60,Tel Bond-60 CPI Linked,2008-04-06,213.0
TELBOND60,Tel Bond-60 CPI Linked,2008-04-07,213.0
TELBOND60,Tel Bond-60 CPI Linked,2008-04-08,213.32
TELBOND60,Tel Bond-60 CPI Linked,2008-04-09,213.41
TELBOND60,Tel Bond-60 CPI Linked,2008-04-10,213.83
TELBOND60,Tel Bond-60 CPI Linked,2008-04-13,214.07
TELBOND60,Tel Bond-60 CPI Linked,2008-04-14,214.3
TELBOND60,Tel Bond-60 CPI Linked,2008-04-15,214.47
TELBOND60,Tel Bond-60 CPI Linked,2008-04-16,215.19
TELBOND60,Tel Bond-60 CPI Linked,2008-04-17,216.13
TELBOND60,Tel Bond-60 CPI Linked,2008-04-21,217.56
TELBOND60,Tel Bond-60 CPI Linked,2008-04-22,218.26
TELBOND60,Tel Bond-60 CPI Linked,2008-04-23,218.84
TELBOND60,Tel Bond-60 CPI Linked,2008-04-24,219.0
TELBOND60,Tel Bond-60 CPI Linked,2008-04-27,218.18
TELBOND60,Tel Bond-60 CPI Linked,2008-04-28,217.17
TELBOND60,Tel Bond-60 CPI Linked,2008-04-29,216.93
TELBOND60,Tel Bond-60 CPI Linked,2008-04-30,216.92
TELBOND60,Tel Bond-60 CPI Linked,2008-05-01,217.58
TELBOND60,Tel Bond-60 CPI Linked,2008-05-04,218.03
TELBOND60,Tel Bond-60 CPI Linked,2008-05-05,218.78
TELBOND60,Tel Bond-60 CPI Linked,2008-05-06,219.42
TELBOND60,Tel Bond-60 CPI Linked,2008-05-11,219.7
TELBOND60,Tel Bond-60 CPI Linked,2008-05-12,220.02
TELBOND60,Tel Bond-60 CPI Linked,2008-05-13,219.5
TELBOND60,Tel Bond-60 CPI Linked,2008-05-14,219.36
TELBOND60,Tel Bond-60 CPI Linked,2008-05-15,219.5
TELBOND60,Tel Bond-60 CPI Linked,2008-05-18,220.08
TELBOND60,Tel Bond-60 CPI Linked,2008-05-19,220.28
TELBOND60,Tel Bond-60 CPI Linked,2008-05-20,220.71
TELBOND60,Tel Bond-60 CPI Linked,2008-05-21,221.19
TELBOND60,Tel Bond-60 CPI Linked,2008-05-22,221.19
TELBOND60,Tel Bond-60 CPI Linked,2008-05-25,220.83
TELBOND60,Tel Bond-60 CPI Linked,2008-05-26,220.15
TELBOND60,Tel Bond-60 CPI Linked,2008-05-27,220.05
TELBOND60,Tel Bond-60 CPI Linked,2008-05-28,219.88
TELBOND60,Tel Bond-60 CPI Linked,2008-05-29,220.23
TELBOND60,Tel Bond-60 CPI Linked,2008-06-01,220.51
TELBOND60,Tel Bond-60 CPI Linked,2008-06-02,220.8
TELBOND60,Tel Bond-60 CPI Linked,2008-06-03,220.7
TELBOND60,Tel Bond-60 CPI Linked,2008-06-04,220.66
TELBOND60,Tel Bond-60 CPI Linked,2008-06-05,220.67
TELBOND60,Tel Bond-60 CPI Linked,2008-06-10,220.44
TELBOND60,Tel Bond-60 CPI Linked,2008-06-11,220.63
TELBOND60,Tel Bond-60 CPI Linked,2008-06-12,220.73
TELBOND60,Tel Bond-60 CPI Linked,2008-06-15,221.34
TELBOND60,Tel Bond-60 CPI Linked,2008-06-16,221.56
TELBOND60,Tel Bond-60 CPI Linked,2008-06-17,222.39
TELBOND60,Tel Bond-60 CPI Linked,2008-06-18,222.61
TELBOND60,Tel Bond-60 CPI Linked,2008-06-22,222.86
TELBOND60,Tel Bond-60 CPI Linked,2008-06-23,223.38
TELBOND60,Tel Bond-60 CPI Linked,2008-06-24,223.33
TELBOND60,Tel Bond-60 CPI Linked,2008-06-25,222.78
TELBOND60,Tel Bond-60 CPI Linked,2008-06-26,222.54
TELBOND60,Tel Bond-60 CPI Linked,2008-06-29,222.57
TELBOND60,Tel Bond-60 CPI Linked,2008-06-30,223.04
TELBOND60,Tel Bond-60 CPI Linked,2008-07-02,224.22
TELBOND60,Tel Bond-60 CPI Linked,2008-07-03,223.84
TELBOND60,Tel Bond-60 CPI Linked,2008-07-06,222.52
TELBOND60,Tel Bond-60 CPI Linked,2008-07-07,220.7
TELBOND60,Tel Bond-60 CPI Linked,2008-07-08,219.08
TELBOND60,Tel Bond-60 CPI Linked,2008-07-09,220.29
TELBOND60,Tel Bond-60 CPI Linked,2008-07-10,219.52
TELBOND60,Tel Bond-60 CPI Linked,2008-07-13,217.27
TELBOND60,Tel Bond-60 CPI Linked,2008-07-14,217.55
TELBOND60,Tel Bond-60 CPI Linked,2008-07-15,215.81
TELBOND60,Tel Bond-60 CPI Linked,2008-07-16,215.49
TELBOND60,Tel Bond-60 CPI Linked,2008-07-17,217.35
TELBOND60,Tel Bond-60 CPI Linked,2008-07-20,218.65
TELBOND60,Tel Bond-60 CPI Linked,2008-07-21,219.21
TELBOND60,Tel Bond-60 CPI Linked,2008-07-22,218.88
TELBOND60,Tel Bond-60 CPI Linked,2008-07-23,219.26
TELBOND60,Tel Bond-60 CPI Linked,2008-07-24,219.61
TELBOND60,Tel Bond-60 CPI Linked,2008-07-27,219.45
TELBOND60,Tel Bond-60 CPI Linked,2008-07-28,218.86
TELBOND60,Tel Bond-60 CPI Linked,2008-07-29,218.17
TELBOND60,Tel Bond-60 CPI Linked,2008-07-30,218.31
TELBOND60,Tel Bond-60 CPI Linked,2008-07-31,218.5
TELBOND60,Tel Bond-60 CPI Linked,2008-08-03,218.55
TELBOND60,Tel Bond-60 CPI Linked,2008-08-04,218.63
TELBOND60,Tel Bond-60 CPI Linked,2008-08-05,218.54
TELBOND60,Tel Bond-60 CPI Linked,2008-08-06,217.75
TELBOND60,Tel Bond-60 CPI Linked,2008-08-07,217.02
TELBOND60,Tel Bond-60 CPI Linked,2008-08-11,216.71
TELBOND60,Tel Bond-60 CPI Linked,2008-08-12,216.19
TELBOND60,Tel Bond-60 CPI Linked,2008-08-13,216.01
TELBOND60,Tel Bond-60 CPI Linked,2008-08-14,216.16
TELBOND60,Tel Bond-60 CPI Linked,2008-08-17,217.46
TELBOND60,Tel Bond-60 CPI Linked,2008-08-18,218.11
TELBOND60,Tel Bond-60 CPI Linked,2008-08-19,218.51
TELBOND60,Tel Bond-60 CPI Linked,2008-08-20,219.25
TELBOND60,Tel Bond-60 CPI Linked,2008-08-21,219.84
TELBOND60,Tel Bond-60 CPI Linked,2008-08-24,220.06
TELBOND60,Tel Bond-60 CPI Linked,2008-08-25,220.56
TELBOND60,Tel Bond-60 CPI Linked,2008-08-26,220.64
TELBOND60,Tel Bond-60 CPI Linked,2008-08-27,220.75
TELBOND60,Tel Bond-60 CPI Linked,2008-08-28,220.5
TELBOND60,Tel Bond-60 CPI Linked,2008-08-31,220.49
TELBOND60,Tel Bond-60 CPI Linked,2008-09-01,220.38
TELBOND60,Tel Bond-60 CPI Linked,2008-09-02,220.84
TELBOND60,Tel Bond-60 CPI Linked,2008-09-03,221.31
TELBOND60,Tel Bond-60 CPI Linked,2008-09-04,222.18
TELBOND60,Tel Bond-60 CPI Linked,2008-09-07,221.85
TELBOND60,Tel Bond-60 CPI Linked,2008-09-08,221.82
TELBOND60,Tel Bond-60 CPI Linked,2008-09-09,221.73
TELBOND60,Tel Bond-60 CPI Linked,2008-09-10,220.76
TELBOND60,Tel Bond-60 CPI Linked,2008-09-11,220.02
TELBOND60,Tel Bond-60 CPI Linked,2008-09-14,219.57
TELBOND60,Tel Bond-60 CPI Linked,2008-09-15,217.07
TELBOND60,Tel Bond-60 CPI Linked,2008-09-16,211.83
TELBOND60,Tel Bond-60 CPI Linked,2008-09-17,206.52
TELBOND60,Tel Bond-60 CPI Linked,2008-09-18,197.3
TELBOND60,Tel Bond-60 CPI Linked,2008-09-21,209.96
TELBOND60,Tel Bond-60 CPI Linked,2008-09-22,209.43
TELBOND60,Tel Bond-60 CPI Linked,2008-09-23,206.82
TELBOND60,Tel Bond-60 CPI Linked,2008-09-24,206.15
TELBOND60,Tel Bond-60 CPI Linked,2008-09-25,205.98
TELBOND60,Tel Bond-60 CPI Linked,2008-09-28,203.87
TELBOND60,Tel Bond-60 CPI Linked,2008-10-02,195.63
TELBOND60,Tel Bond-60 CPI Linked,2008-10-05,184.12
TELBOND60,Tel Bond-60 CPI Linked,2008-10-06,182.91
TELBOND60,Tel Bond-60 CPI Linked,2008-10-07,187.57
TELBOND60,Tel Bond-60 CPI Linked,2008-10-12,187.31
TELBOND60,Tel Bond-60 CPI Linked,2008-10-15,195.89
TELBOND60,Tel Bond-60 CPI Linked,2008-10-16,193.42
TELBOND60,Tel Bond-60 CPI Linked,2008-10-19,198.79
TELBOND60,Tel Bond-60 CPI Linked,2008-10-22,195.92
TELBOND60,Tel Bond-60 CPI Linked,2008-10-23,195.7
TELBOND60,Tel Bond-60 CPI Linked,2008-10-26,191.76
TELBOND60,Tel Bond-60 CPI Linked,2008-10-27,186.99
TELBOND60,Tel Bond-60 CPI Linked,2008-10-28,183.8
TELBOND60,Tel Bond-60 CPI Linked,2008-10-29,180.55
TELBOND60,Tel Bond-60 CPI Linked,2008-10-30,179.37
TELBOND60,Tel Bond-60 CPI Linked,2008-11-02,178.4
TELBOND60,Tel Bond-60 CPI Linked,2008-11-03,176.96
TELBOND60,Tel Bond-60 CPI Linked,2008-11-04,180.63
TELBOND60,Tel Bond-60 CPI Linked,2008-11-05,186.85
TELBOND60,Tel Bond-60 CPI Linked,2008-11-06,184.84
TELBOND60,Tel Bond-60 CPI Linked,2008-11-09,185.12
TELBOND60,Tel Bond-60 CPI Linked,2008-11-10,186.51
TELBOND60,Tel Bond-60 CPI Linked,2008-11-11,184.78
TELBOND60,Tel Bond-60 CPI Linked,2008-11-12,179.88
TELBOND60,Tel Bond-60 CPI Linked,2008-11-13,171.08
TELBOND60,Tel Bond-60 CPI Linked,2008-11-16,166.95
TELBOND60,Tel Bond-60 CPI Linked,2008-11-17,166.97
TELBOND60,Tel Bond-60 CPI Linked,2008-11-18,165.96
TELBOND60,Tel Bond-60 CPI Linked,2008-11-19,167.93
TELBOND60,Tel Bond-60 CPI Linked,2008-11-20,167.07
TELBOND60,Tel Bond-60 CPI Linked,2008-11-23,170.73
TELBOND60,Tel Bond-60 CPI Linked,2008-11-24,177.24
TELBOND60,Tel Bond-60 CPI Linked,2008-11-25,184.79
TELBOND60,Tel Bond-60 CPI Linked,2008-11-26,183.93
TELBOND60,Tel Bond-60 CPI Linked,2008-11-27,184.63
TELBOND60,Tel Bond-60 CPI Linked,2008-11-30,185.13
TELBOND60,Tel Bond-60 CPI Linked,2008-12-01,182.78
TELBOND60,Tel Bond-60 CPI Linked,2008-12-02,181.51
TELBOND60,Tel Bond-60 CPI Linked,2008-12-03,180.75
TELBOND60,Tel Bond-60 CPI Linked,2008-12-04,181.24
TELBOND60,Tel Bond-60 CPI Linked,2008-12-07,183.66
TELBOND60,Tel Bond-60 CPI Linked,2008-12-08,187.43
TELBOND60,Tel Bond-60 CPI Linked,2008-12-09,187.78
TELBOND60,Tel Bond-60 CPI Linked,2008-12-10,187.54
TELBOND60,Tel Bond-60 CPI Linked,2008-12-11,186.95
TELBOND60,Tel Bond-60 CPI Linked,2008-12-14,185.0
TELBOND60,Tel Bond-60 CPI Linked,2008-12-15,184.3
TELBOND60,Tel Bond-60 CPI Linked,2008-12-16,182.58
TELBOND60,Tel Bond-60 CPI Linked,2008-12-17,184.41
TELBOND60,Tel Bond-60 CPI Linked,2008-12-18,184.79
TELBOND60,Tel Bond-60 CPI Linked,2008-12-21,182.03
TELBOND60,Tel Bond-60 CPI Linked,2008-12-22,179.46
TELBOND60,Tel Bond-60 CPI Linked,2008-12-23,177.29
TELBOND60,Tel Bond-60 CPI Linked,2008-12-24,175.99
TELBOND60,Tel Bond-60 CPI Linked,2008-12-25,176.27
TELBOND60,Tel Bond-60 CPI Linked,2008-12-28,173.95
TELBOND60,Tel Bond-60 CPI Linked,2008-12-29,175.78
TELBOND60,Tel Bond-60 CPI Linked,2008-12-30,181.72
TELBOND60,Tel Bond-60 CPI Linked,2008-12-31,184.72
TELBOND60,Tel Bond-60 CPI Linked,2009-01-01,190.22
TELBOND60,Tel Bond-60 CPI Linked,2009-01-04,190.69
TELBOND60,Tel Bond-60 CPI Linked,2009-01-05,188.96
TELBOND60,Tel Bond-60 CPI Linked,2009-01-06,190.51
TELBOND60,Tel Bond-60 CPI Linked,2009-01-07,190.81
TELBOND60,Tel Bond-60 CPI Linked,2009-01-08,189.67
TELBOND60,Tel Bond-60 CPI Linked,2009-01-11,191.12
TELBOND60,Tel Bond-60 CPI Linked,2009-01-12,192.89
TELBOND60,Tel Bond-60 CPI Linked,2009-01-13,192.89
TELBOND60,Tel Bond-60 CPI Linked,2009-01-14,192.73
TELBOND60,Tel Bond-60 CPI Linked,2009-01-15,189.49
TELBOND60,Tel Bond-60 CPI Linked,2009-01-18,192.57
TELBOND60,Tel Bond-60 CPI Linked,2009-01-19,193.85
TELBOND60,Tel Bond-60 CPI Linked,2009-01-20,193.43
TELBOND60,Tel Bond-60 CPI Linked,2009-01-21,190.42
TELBOND60,Tel Bond-60 CPI Linked,2009-01-22,189.74
TELBOND60,Tel Bond-60 CPI Linked,2009-01-25,189.3
TELBOND60,Tel Bond-60 CPI Linked,2009-01-26,190.28
TELBOND60,Tel Bond-60 CPI Linked,2009-01-27,193.86
TELBOND60,Tel Bond-60 CPI Linked,2009-01-28,195.38
TELBOND60,Tel Bond-60 CPI Linked,2009-01-29,194.91
TELBOND60,Tel Bond-60 CPI Linked,2009-02-01,195.95
TELBOND60,Tel Bond-60 CPI Linked,2009-02-02,198.4
TELBOND60,Tel Bond-60 CPI Linked,2009-02-03,199.92
TELBOND60,Tel Bond-60 CPI Linked,2009-02-04,201.99
TELBOND60,Tel Bond-60 CPI Linked,2009-02-05,201.54
TELBOND60,Tel Bond-60 CPI Linked,2009-02-08,201.12
TELBOND60,Tel Bond-60 CPI Linked,2009-02-09,198.76
TELBOND60,Tel Bond-60 CPI Linked,2009-02-11,195.05
TELBOND60,Tel Bond-60 CPI Linked,2009-02-12,195.03
TELBOND60,Tel Bond-60 CPI Linked,2009-02-15,195.58
TELBOND60,Tel Bond-60 CPI Linked,2009-02-16,196.6
TELBOND60,Tel Bond-60 CPI Linked,2009-02-17,201.81
TELBOND60,Tel Bond-60 CPI Linked,2009-02-18,199.15
TELBOND60,Tel Bond-60 CPI Linked,2009-02-19,199.58
TELBOND60,Tel Bond-60 CPI Linked,2009-02-22,197.12
TELBOND60,Tel Bond-60 CPI Linked,2009-02-23,196.33
TELBOND60,Tel Bond-60 CPI Linked,2009-02-24,194.2
TELBOND60,Tel Bond-60 CPI Linked,2009-02-25,195.01
TELBOND60,Tel Bond-60 CPI Linked,2009-02-26,195.93
TELBOND60,Tel Bond-60 CPI Linked,2009-03-01,195.32
TELBOND60,Tel Bond-60 CPI Linked,2009-03-02,194.13
TELBOND60,Tel Bond-60 CPI Linked,2009-03-03,192.86
TELBOND60,Tel Bond-60 CPI Linked,2009-03-04,193.92
TELBOND60,Tel Bond-60 CPI Linked,2009-03-05,193.62
TELBOND60,Tel Bond-60 CPI Linked,2009-03-08,193.87
TELBOND60,Tel Bond-60 CPI Linked,2009-03-09,195.03
TELBOND60,Tel Bond-60 CPI Linked,2009-03-11,195.44
TELBOND60,Tel Bond-60 CPI Linked,2009-03-12,195.43
TELBOND60,Tel Bond-60 CPI Linked,2009-03-15,196.1
TELBOND60,Tel Bond-60 CPI Linked,2009-03-16,196.28
TELBOND60,Tel Bond-60 CPI Linked,2009-03-17,196.97
TELBOND60,Tel Bond-60 CPI Linked,2009-03-18,198.47
TELBOND60,Tel Bond-60 CPI Linked,2009-03-19,200.91
TELBOND60,Tel Bond-60 CPI Linked,2009-03-22,202.01
TELBOND60,Tel Bond-60 CPI Linked,2009-03-23,203.62
TELBOND60,Tel Bond-60 CPI Linked,2009-03-24,203.95
TELBOND60,Tel Bond-60 CPI Linked,2009-03-25,203.76
TELBOND60,Tel Bond-60 CPI Linked,2009-03-26,205.9
TELBOND60,Tel Bond-60 CPI Linked,2009-03-29,206.47
TELBOND60,Tel Bond-60 CPI Linked,2009-03-30,205.45
TELBOND60,Tel Bond-60 CPI Linked,2009-03-31,205.41
TELBOND60,Tel Bond-60 CPI Linked,2009-04-01,208.16
TELBOND60,Tel Bond-60 CPI Linked,2009-04-02,209.69
TELBOND60,Tel Bond-60 CPI Linked,2009-04-05,211.0
TELBOND60,Tel Bond-60 CPI Linked,2009-04-06,208.43
TELBOND60,Tel Bond-60 CPI Linked,2009-04-07,208.51
TELBOND60,Tel Bond-60 CPI Linked,2009-04-12,212.13
TELBOND60,Tel Bond-60 CPI Linked,2009-04-13,211.88
TELBOND60,Tel Bond-60 CPI Linked,2009-04-16,213.24
TELBOND60,Tel Bond-60 CPI Linked,2009-04-19,211.77
TELBOND60,Tel Bond-60 CPI Linked,2009-04-20,211.39
TELBOND60,Tel Bond-60 CPI Linked,2009-04-21,210.83
TELBOND60,Tel Bond-60 CPI Linked,2009-04-22,212.5
TELBOND60,Tel Bond-60 CPI Linked,2009-04-23,214.54
TELBOND60,Tel Bond-60 CPI Linked,2009-04-26,215.43
TELBOND60,Tel Bond-60 CPI Linked,2009-04-27,214.94
TELBOND60,Tel Bond-60 CPI Linked,2009-04-30,214.76
TELBOND60,Tel Bond-60 CPI Linked,2009-05-03,214.39
TELBOND60,Tel Bond-60 CPI Linked,2009-05-04,214.77
TELBOND60,Tel Bond-60 CPI Linked,2009-05-05,216.27
TELBOND60,Tel Bond-60 CPI Linked,2009-05-06,215.69
TELBOND60,Tel Bond-60 CPI Linked,2009-05-07,216.34
TELBOND60,Tel Bond-60 CPI Linked,2009-05-10,216.35
TELBOND60,Tel Bond-60 CPI Linked,2009-05-11,215.29
TELBOND60,Tel Bond-60 CPI Linked,2009-05-12,213.57
TELBOND60,Tel Bond-60 CPI Linked,2009-05-13,212.36
TELBOND60,Tel Bond-60 CPI Linked,2009-05-14,211.79
TELBOND60,Tel Bond-60 CPI Linked,2009-05-17,214.32
TELBOND60,Tel Bond-60 CPI Linked,2009-05-18,216.74
TELBOND60,Tel Bond-60 CPI Linked,2009-05-19,216.25
TELBOND60,Tel Bond-60 CPI Linked,2009-05-20,216.96
TELBOND60,Tel Bond-60 CPI Linked,2009-05-21,216.07
TELBOND60,Tel Bond-60 CPI Linked,2009-05-24,213.44
TELBOND60,Tel Bond-60 CPI Linked,2009-05-25,213.75
TELBOND60,Tel Bond-60 CPI Linked,2009-05-26,211.63
TELBOND60,Tel Bond-60 CPI Linked,2009-05-27,211.24
TELBOND60,Tel Bond-60 CPI Linked,2009-05-31,212.7
TELBOND60,Tel Bond-60 CPI Linked,2009-06-01,214.86
TELBOND60,Tel Bond-60 CPI Linked,2009-06-02,216.46
TELBOND60,Tel Bond-60 CPI Linked,2009-06-03,217.08
TELBOND60,Tel Bond-60 CPI Linked,2009-06-04,217.08
TELBOND60,Tel Bond-60 CPI Linked,2009-06-07,216.94
TELBOND60,Tel Bond-60 CPI Linked,2009-06-08,216.85
TELBOND60,Tel Bond-60 CPI Linked,2009-06-09,217.08
TELBOND60,Tel Bond-60 CPI Linked,2009-06-10,217.78
TELBOND60,Tel Bond-60 CPI Linked,2009-06-11,218.35
TELBOND60,Tel Bond-60 CPI Linked,2009-06-14,218.85
TELBOND60,Tel Bond-60 CPI Linked,2009-06-15,218.28
TELBOND60,Tel Bond-60 CPI Linked,2009-06-16,218.35
TELBOND60,Tel Bond-60 CPI Linked,2009-06-17,218.97
TELBOND60,Tel Bond-60 CPI Linked,2009-06-18,220.7
TELBOND60,Tel Bond-60 CPI Linked,2009-06-21,222.91
TELBOND60,Tel Bond-60 CPI Linked,2009-06-22,224.56
TELBOND60,Tel Bond-60 CPI Linked,2009-06-23,223.92
TELBOND60,Tel Bond-60 CPI Linked,2009-06-24,223.74
TELBOND60,Tel Bond-60 CPI Linked,2009-06-25,222.51
TELBOND60,Tel Bond-60 CPI Linked,2009-06-28,222.74
TELBOND60,Tel Bond-60 CPI Linked,2009-06-29,223.38
TELBOND60,Tel Bond-60 CPI Linked,2009-06-30,224.54
TELBOND60,Tel Bond-60 CPI Linked,2009-07-01,224.93
TELBOND60,Tel Bond-60 CPI Linked,2009-07-02,224.69
TELBOND60,Tel Bond-60 CPI Linked,2009-07-05,221.66
TELBOND60,Tel Bond-60 CPI Linked,2009-07-06,218.34
TELBOND60,Tel Bond-60 CPI Linked,2009-07-07,220.4
TELBOND60,Tel Bond-60 CPI Linked,2009-07-08,220.58
TELBOND60,Tel Bond-60 CPI Linked,2009-07-09,221.59
TELBOND60,Tel Bond-60 CPI Linked,2009-07-12,223.05
TELBOND60,Tel Bond-60 CPI Linked,2009-07-13,224.17
TELBOND60,Tel Bond-60 CPI Linked,2009-07-14,225.83
TELBOND60,Tel Bond-60 CPI Linked,2009-07-15,225.84
TELBOND60,Tel Bond-60 CPI Linked,2009-07-16,227.03
TELBOND60,Tel Bond-60 CPI Linked,2009-07-19,228.39
TELBOND60,Tel Bond-60 CPI Linked,2009-07-20,228.8
TELBOND60,Tel Bond-60 CPI Linked,2009-07-21,227.94
TELBOND60,Tel Bond-60 CPI Linked,2009-07-22,227.62
TELBOND60,Tel Bond-60 CPI Linked,2009-07-23,226.99
TELBOND60,Tel Bond-60 CPI Linked,2009-07-26,227.25
TELBOND60,Tel Bond-60 CPI Linked,2009-07-27,227.01
TELBOND60,Tel Bond-60 CPI Linked,2009-07-28,228.04
TELBOND60,Tel Bond-60 CPI Linked,2009-07-29,229.91
TELBOND60,Tel Bond-60 CPI Linked,2009-08-02,231.96
TELBOND60,Tel Bond-60 CPI Linked,2009-08-03,233.08
TELBOND60,Tel Bond-60 CPI Linked,2009-08-04,233.17
TELBOND60,Tel Bond-60 CPI Linked,2009-08-05,235.35
TELBOND60,Tel Bond-60 CPI Linked,2009-08-06,234.84
TELBOND60,Tel Bond-60 CPI Linked,2009-08-09,233.37
TELBOND60,Tel Bond-60 CPI Linked,2009-08-10,231.38
TELBOND60,Tel Bond-60 CPI Linked,2009-08-11,231.38
TELBOND60,Tel Bond-60 CPI Linked,2009-08-12,231.83
TELBOND60,Tel Bond-60 CPI Linked,2009-08-13,233.41
TELBOND60,Tel Bond-60 CPI Linked,2009-08-16,232.71
TELBOND60,Tel Bond-60 CPI Linked,2009-08-17,230.51
TELBOND60,Tel Bond-60 CPI Linked,2009-08-18,231.37
TELBOND60,Tel Bond-60 CPI Linked,2009-08-19,232.5
TELBOND60,Tel Bond-60 CPI Linked,2009-08-20,233.57
TELBOND60,Tel Bond-60 CPI Linked,2009-08-23,234.83
TELBOND60,Tel Bond-60 CPI Linked,2009-08-24,235.2
TELBOND60,Tel Bond-60 CPI Linked,2009-08-25,235.85
TELBOND60,Tel Bond-60 CPI Linked,2009-08-26,235.98
TELBOND60,Tel Bond-60 CPI Linked,2009-08-27,235.62
TELBOND60,Tel Bond-60 CPI Linked,2009-08-30,232.4
TELBOND60,Tel Bond-60 CPI Linked,2009-08-31,232.75
TELBOND60,Tel Bond-60 CPI Linked,2009-09-01,233.91
TELBOND60,Tel Bond-60 CPI Linked,2009-09-02,233.14
TELBOND60,Tel Bond-60 CPI Linked,2009-09-03,233.4
TELBOND60,Tel Bond-60 CPI Linked,2009-09-06,233.07
TELBOND60,Tel Bond-60 CPI Linked,2009-09-07,231.1
TELBOND60,Tel Bond-60 CPI Linked,2009-09-08,230.99
TELBOND60,Tel Bond-60 CPI Linked,2009-09-09,231.96
TELBOND60,Tel Bond-60 CPI Linked,2009-09-10,231.1
TELBOND60,Tel Bond-60 CPI Linked,2009-09-13,230.12
TELBOND60,Tel Bond-60 CPI Linked,2009-09-14,227.84
TELBOND60,Tel Bond-60 CPI Linked,2009-09-15,229.86
TELBOND60,Tel Bond-60 CPI Linked,2009-09-16,232.02
TELBOND60,Tel Bond-60 CPI Linked,2009-09-17,233.12
TELBOND60,Tel Bond-60 CPI Linked,2009-09-21,233.97
TELBOND60,Tel Bond-60 CPI Linked,2009-09-22,234.21
TELBOND60,Tel Bond-60 CPI Linked,2009-09-23,234.66
TELBOND60,Tel Bond-60 CPI Linked,2009-09-24,235.26
TELBOND60,Tel Bond-60 CPI Linked,2009-09-29,236.96
TELBOND60,Tel Bond-60 CPI Linked,2009-09-30,238.78
TELBOND60,Tel Bond-60 CPI Linked,2009-10-01,238.42
TELBOND60,Tel Bond-60 CPI Linked,2009-10-04,238.42
TELBOND60,Tel Bond-60 CPI Linked,2009-10-05,238.66
TELBOND60,Tel Bond-60 CPI Linked,2009-10-06,238.68
TELBOND60,Tel Bond-60 CPI Linked,2009-10-07,238.56
TELBOND60,Tel Bond-60 CPI Linked,2009-10-08,239.21
TELBOND60,Tel Bond-60 CPI Linked,2009-10-11,239.27
TELBOND60,Tel Bond-60 CPI Linked,2009-10-12,239.48
TELBOND60,Tel Bond-60 CPI Linked,2009-10-13,239.96
TELBOND60,Tel Bond-60 CPI Linked,2009-10-14,239.92
TELBOND60,Tel Bond-60 CPI Linked,2009-10-15,239.76
TELBOND60,Tel Bond-60 CPI Linked,2009-10-18,240.6
TELBOND60,Tel Bond-60 CPI Linked,2009-10-19,241.33
TELBOND60,Tel Bond-60 CPI Linked,2009-10-20,241.43
TELBOND60,Tel Bond-60 CPI Linked,2009-10-21,240.66
TELBOND60,Tel Bond-60 CPI Linked,2009-10-22,240.38
TELBOND60,Tel Bond-60 CPI Linked,2009-10-25,240.48
TELBOND60,Tel Bond-60 CPI Linked,2009-10-26,240.72
TELBOND60,Tel Bond-60 CPI Linked,2009-10-27,241.1
TELBOND60,Tel Bond-60 CPI Linked,2009-10-28,240.97
TELBOND60,Tel Bond-60 CPI Linked,2009-10-29,240.08
TELBOND60,Tel Bond-60 CPI Linked,2009-11-01,239.8
TELBOND60,Tel Bond-60 CPI Linked,2009-11-02,240.24
TELBOND60,Tel Bond-60 CPI Linked,2009-11-03,239.87
TELBOND60,Tel Bond-60 CPI Linked,2009-11-04,241.24
TELBOND60,Tel Bond-60 CPI Linked,2009-11-05,241.67
TELBOND60,Tel Bond-60 CPI Linked,2009-11-08,242.55
TELBOND60,Tel Bond-60 CPI Linked,2009-11-09,243.44
TELBOND60,Tel Bond-60 CPI Linked,2009-11-10,243.53
TELBOND60,Tel Bond-60 CPI Linked,2009-11-11,244.7
TELBOND60,Tel Bond-60 CPI Linked,2009-11-12,244.99
TELBOND60,Tel Bond-60 CPI Linked,2009-11-15,245.19
TELBOND60,Tel Bond-60 CPI Linked,2009-11-16,246.2
TELBOND60,Tel Bond-60 CPI Linked,2009-11-17,246.24
TELBOND60,Tel Bond-60 CPI Linked,2009-11-18,246.6
TELBOND60,Tel Bond-60 CPI Linked,2009-11-19,245.64
TELBOND60,Tel Bond-60 CPI Linked,2009-11-22,245.04
TELBOND60,Tel Bond-60 CPI Linked,2009-11-23,244.88
TELBOND60,Tel Bond-60 CPI Linked,2009-11-24,243.73
TELBOND60,Tel Bond-60 CPI Linked,2009-11-25,243.95
TELBOND60,Tel Bond-60 CPI Linked,2009-11-26,243.85
TELBOND60,Tel Bond-60 CPI Linked,2009-11-29,242.88
TELBOND60,Tel Bond-60 CPI Linked,2009-11-30,243.46
TELBOND60,Tel Bond-60 CPI Linked,2009-12-01,243.66
TELBOND60,Tel Bond-60 CPI Linked,2009-12-02,245.17
TELBOND60,Tel Bond-60 CPI Linked,2009-12-03,246.03
TELBOND60,Tel Bond-60 CPI Linked,2009-12-06,246.03
TELBOND60,Tel Bond-60 CPI Linked,2009-12-07,245.11
TELBOND60,Tel Bond-60 CPI Linked,2009-12-08,244.44
TELBOND60,Tel Bond-60 CPI Linked,2009-12-09,243.79
TELBOND60,Tel Bond-60 CPI Linked,2009-12-10,243.43
TELBOND60,Tel Bond-60 CPI Linked,2009-12-13,242.64
TELBOND60,Tel Bond-60 CPI Linked,2009-12-14,241.17
TELBOND60,Tel Bond-60 CPI Linked,2009-12-15,237.6
TELBOND60,Tel Bond-60 CPI Linked,2009-12-16,238.92
TELBOND60,Tel Bond-60 CPI Linked,2009-12-17,240.33
TELBOND60,Tel Bond-60 CPI Linked,2009-12-20,240.91
TELBOND60,Tel Bond-60 CPI Linked,2009-12-21,241.43
TELBOND60,Tel Bond-60 CPI Linked,2009-12-22,241.16
TELBOND60,Tel Bond-60 CPI Linked,2009-12-23,241.15
TELBOND60,Tel Bond-60 CPI Linked,2009-12-24,241.18
TELBOND60,Tel Bond-60 CPI Linked,2009-12-27,240.27
TELBOND60,Tel Bond-60 CPI Linked,2009-12-28,239.86
TELBOND60,Tel Bond-60 CPI Linked,2009-12-29,239.47
TELBOND60,Tel Bond-60 CPI Linked,2009-12-30,239.56
TELBOND60,Tel Bond-60 CPI Linked,2009-12-31,241.07
TELBOND60,Tel Bond-60 CPI Linked,2010-01-03,242.66
TELBOND60,Tel Bond-60 CPI Linked,2010-01-04,242.99
TELBOND60,Tel Bond-60 CPI Linked,2010-01-05,243.49
TELBOND60,Tel Bond-60 CPI Linked,2010-01-06,243.11
TELBOND60,Tel Bond-60 CPI Linked,2010-01-07,242.96
TELBOND60,Tel Bond-60 CPI Linked,2010-01-10,243.86
TELBOND60,Tel Bond-60 CPI Linked,2010-01-11,244.6
TELBOND60,Tel Bond-60 CPI Linked,2010-01-12,244.01
TELBOND60,Tel Bond-60 CPI Linked,2010-01-13,244.43
TELBOND60,Tel Bond-60 CPI Linked,2010-01-14,244.9
TELBOND60,Tel Bond-60 CPI Linked,2010-01-17,245.57
TELBOND60,Tel Bond-60 CPI Linked,2010-01-18,246.13
TELBOND60,Tel Bond-60 CPI Linked,2010-01-19,246.37
TELBOND60,Tel Bond-60 CPI Linked,2010-01-20,246.93
TELBOND60,Tel Bond-60 CPI Linked,2010-01-21,247.0
TELBOND60,Tel Bond-60 CPI Linked,2010-01-24,246.39
TELBOND60,Tel Bond-60 CPI Linked,2010-01-25,246.87
TELBOND60,Tel Bond-60 CPI Linked,2010-01-26,246.57
TELBOND60,Tel Bond-60 CPI Linked,2010-01-27,246.82
TELBOND60,Tel Bond-60 CPI Linked,2010-01-28,247.29
TELBOND60,Tel Bond-60 CPI Linked,2010-01-31,246.75
TELBOND60,Tel Bond-60 CPI Linked,2010-02-01,247.22
TELBOND60,Tel Bond-60 CPI Linked,2010-02-02,248.1
TELBOND60,Tel Bond-60 CPI Linked,2010-02-03,249.0
TELBOND60,Tel Bond-60 CPI Linked,2010-02-04,249.06
TELBOND60,Tel Bond-60 CPI Linked,2010-02-07,248.82
TELBOND60,Tel Bond-60 CPI Linked,2010-02-08,248.91
TELBOND60,Tel Bond-60 CPI Linked,2010-02-09,248.75
TELBOND60,Tel Bond-60 CPI Linked,2010-02-10,248.81
TELBOND60,Tel Bond-60 CPI Linked,2010-02-11,248.84
TELBOND60,Tel Bond-60 CPI Linked,2010-02-14,249.5
TELBOND60,Tel Bond-60 CPI Linked,2010-02-15,249.98
TELBOND60,Tel Bond-60 CPI Linked,2010-02-16,249.96
TELBOND60,Tel Bond-60 CPI Linked,2010-02-17,250.13
TELBOND60,Tel Bond-60 CPI Linked,2010-02-18,249.96
TELBOND60,Tel Bond-60 CPI Linked,2010-02-21,250.04
TELBOND60,Tel Bond-60 CPI Linked,2010-02-22,249.37
TELBOND60,Tel Bond-60 CPI Linked,2010-02-23,248.97
TELBOND60,Tel Bond-60 CPI Linked,2010-02-24,248.79
TELBOND60,Tel Bond-60 CPI Linked,2010-02-25,248.64
TELBOND60,Tel Bond-60 CPI Linked,2010-03-01,249.36
TELBOND60,Tel Bond-60 CPI Linked,2010-03-02,250.31
TELBOND60,Tel Bond-60 CPI Linked,2010-03-03,250.66
TELBOND60,Tel Bond-60 CPI Linked,2010-03-04,251.18
TELBOND60,Tel Bond-60 CPI Linked,2010-03-07,251.46
TELBOND60,Tel Bond-60 CPI Linked,2010-03-08,251.75
TELBOND60,Tel Bond-60 CPI Linked,2010-03-09,251.65
TELBOND60,Tel Bond-60 CPI Linked,2010-03-10,251.93
TELBOND60,Tel Bond-60 CPI Linked,2010-03-11,251.92
TELBOND60,Tel Bond-60 CPI Linked,2010-03-14,252.22
TELBOND60,Tel Bond-60 CPI Linked,2010-03-15,251.97
TELBOND60,Tel Bond-60 CPI Linked,2010-03-16,252.62
TELBOND60,Tel Bond-60 CPI Linked,2010-03-17,253.39
TELBOND60,Tel Bond-60 CPI Linked,2010-03-18,254.02
TELBOND60,Tel Bond-60 CPI Linked,2010-03-21,253.04
TELBOND60,Tel Bond-60 CPI Linked,2010-03-22,252.35
TELBOND60,Tel Bond-60 CPI Linked,2010-03-23,252.59
TELBOND60,Tel Bond-60 CPI Linked,2010-03-24,252.63
TELBOND60,Tel Bond-60 CPI Linked,2010-03-25,252.34
TELBOND60,Tel Bond-60 CPI Linked,2010-03-28,252.26
TELBOND60,Tel Bond-60 CPI Linked,2010-03-31,252.19
TELBOND60,Tel Bond-60 CPI Linked,2010-04-01,252.25
TELBOND60,Tel Bond-60 CPI Linked,2010-04-06,250.85
TELBOND60,Tel Bond-60 CPI Linked,2010-04-07,250.3
TELBOND60,Tel Bond-60 CPI Linked,2010-04-08,249.73
TELBOND60,Tel Bond-60 CPI Linked,2010-04-11,250.6
TELBOND60,Tel Bond-60 CPI Linked,2010-04-12,250.96
TELBOND60,Tel Bond-60 CPI Linked,2010-04-13,250.91
TELBOND60,Tel Bond-60 CPI Linked,2010-04-14,250.5
TELBOND60,Tel Bond-60 CPI Linked,2010-04-15,250.19
TELBOND60,Tel Bond-60 CPI Linked,2010-04-18,250.6
TELBOND60,Tel Bond-60 CPI Linked,2010-04-21,251.28
TELBOND60,Tel Bond-60 CPI Linked,2010-04-22,252.05
TELBOND60,Tel Bond-60 CPI Linked,2010-04-25,252.25
TELBOND60,Tel Bond-60 CPI Linked,2010-04-26,252.01
TELBOND60,Tel Bond-60 CPI Linked,2010-04-27,252.33
TELBOND60,Tel Bond-60 CPI Linked,2010-04-28,251.83
TELBOND60,Tel Bond-60 CPI Linked,2010-04-29,251.29
TELBOND60,Tel Bond-60 CPI Linked,2010-05-02,252.06
TELBOND60,Tel Bond-60 CPI Linked,2010-05-03,253.01
TELBOND60,Tel Bond-60 CPI Linked,2010-05-04,253.04
TELBOND60,Tel Bond-60 CPI Linked,2010-05-05,251.59
TELBOND60,Tel Bond-60 CPI Linked,2010-05-06,250.35
TELBOND60,Tel Bond-60 CPI Linked,2010-05-09,248.92
TELBOND60,Tel Bond-60 CPI Linked,2010-05-10,250.93
TELBOND60,Tel Bond-60 CPI Linked,2010-05-11,251.2
TELBOND60,Tel Bond-60 CPI Linked,2010-05-12,252.43
TELBOND60,Tel Bond-60 CPI Linked,2010-05-13,252.85
TELBOND60,Tel Bond-60 CPI Linked,2010-05-16,252.44
TELBOND60,Tel Bond-60 CPI Linked,2010-05-17,253.34
TELBOND60,Tel Bond-60 CPI Linked,2010-05-20,252.22
TELBOND60,Tel Bond-60 CPI Linked,2010-05-23,252.04
TELBOND60,Tel Bond-60 CPI Linked,2010-05-24,251.06
TELBOND60,Tel Bond-60 CPI Linked,2010-05-25,249.64
TELBOND60,Tel Bond-60 CPI Linked,2010-05-26,250.05
TELBOND60,Tel Bond-60 CPI Linked,2010-05-27,251.69
TELBOND60,Tel Bond-60 CPI Linked,2010-05-30,252.44
TELBOND60,Tel Bond-60 CPI Linked,2010-05-31,252.74
TELBOND60,Tel Bond-60 CPI Linked,2010-06-01,253.07
TELBOND60,Tel Bond-60 CPI Linked,2010-06-02,253.48
TELBOND60,Tel Bond-60 CPI Linked,2010-06-03,254.05
TELBOND60,Tel Bond-60 CPI Linked,2010-06-06,254.63
TELBOND60,Tel Bond-60 CPI Linked,2010-06-07,254.08
TELBOND60,Tel Bond-60 CPI Linked,2010-06-08,253.95
TELBOND60,Tel Bond-60 CPI Linked,2010-06-09,254.34
TELBOND60,Tel Bond-60 CPI Linked,2010-06-10,254.49
TELBOND60,Tel Bond-60 CPI Linked,2010-06-13,254.15
TELBOND60,Tel Bond-60 CPI Linked,2010-06-14,253.42
TELBOND60,Tel Bond-60 CPI Linked,2010-06-15,253.86
TELBOND60,Tel Bond-60 CPI Linked,2010-06-16,254.55
TELBOND60,Tel Bond-60 CPI Linked,2010-06-17,255.77
TELBOND60,Tel Bond-60 CPI Linked,2010-06-20,256.44
TELBOND60,Tel Bond-60 CPI Linked,2010-06-21,256.54
TELBOND60,Tel Bond-60 CPI Linked,2010-06-22,256.99
TELBOND60,Tel Bond-60 CPI Linked,2010-06-23,257.28
TELBOND60,Tel Bond-60 CPI Linked,2010-06-24,256.92
TELBOND60,Tel Bond-60 CPI Linked,2010-06-27,257.2
TELBOND60,Tel Bond-60 CPI Linked,2010-06-28,257.37
TELBOND60,Tel Bond-60 CPI Linked,2010-06-29,257.26
TELBOND60,Tel Bond-60 CPI Linked,2010-06-30,256.95
TELBOND60,Tel Bond-60 CPI Linked,2010-07-01,256.73
TELBOND60,Tel Bond-60 CPI Linked,2010-07-04,256.79
TELBOND60,Tel Bond-60 CPI Linked,2010-07-05,257.65
TELBOND60,Tel Bond-60 CPI Linked,2010-07-06,258.95
TELBOND60,Tel Bond-60 CPI Linked,2010-07-07,258.92
TELBOND60,Tel Bond-60 CPI Linked,2010-07-08,259.39
TELBOND60,Tel Bond-60 CPI Linked,2010-07-11,258.89
TELBOND60,Tel Bond-60 CPI Linked,2010-07-12,258.11
TELBOND60,Tel Bond-60 CPI Linked,2010-07-13,258.2
TELBOND60,Tel Bond-60 CPI Linked,2010-07-14,258.08
TELBOND60,Tel Bond-60 CPI Linked,2010-07-15,258.8
TELBOND60,Tel Bond-60 CPI Linked,2010-07-18,259.3
TELBOND60,Tel Bond-60 CPI Linked,2010-07-19,259.47
TELBOND60,Tel Bond-60 CPI Linked,2010-07-21,259.65
TELBOND60,Tel Bond-60 CPI Linked,2010-07-22,260.3
TELBOND60,Tel Bond-60 CPI Linked,2010-07-25,260.84
TELBOND60,Tel Bond-60 CPI Linked,2010-07-26,261.25
TELBOND60,Tel Bond-60 CPI Linked,2010-07-27,261.0
TELBOND60,Tel Bond-60 CPI Linked,2010-07-28,260.52
TELBOND60,Tel Bond-60 CPI Linked,2010-07-29,260.38
TELBOND60,Tel Bond-60 CPI Linked,2010-08-01,261.13
TELBOND60,Tel Bond-60 CPI Linked,2010-08-02,261.42
TELBOND60,Tel Bond-60 CPI Linked,2010-08-03,261.63
TELBOND60,Tel Bond-60 CPI Linked,2010-08-04,262.21
TELBOND60,Tel Bond-60 CPI Linked,2010-08-05,262.63
TELBOND60,Tel Bond-60 CPI Linked,2010-08-08,263.52
TELBOND60,Tel Bond-60 CPI Linked,2010-08-09,262.9
TELBOND60,Tel Bond-60 CPI Linked,2010-08-10,262.57
TELBOND60,Tel Bond-60 CPI Linked,2010-08-11,262.78
TELBOND60,Tel Bond-60 CPI Linked,2010-08-12,262.96
TELBOND60,Tel Bond-60 CPI Linked,2010-08-15,263.62
TELBOND60,Tel Bond-60 CPI Linked,2010-08-16,263.4
TELBOND60,Tel Bond-60 CPI Linked,2010-08-17,263.55
TELBOND60,Tel Bond-60 CPI Linked,2010-08-18,263.56
TELBOND60,Tel Bond-60 CPI Linked,2010-08-19,263.43
TELBOND60,Tel Bond-60 CPI Linked,2010-08-22,263.59
TELBOND60,Tel Bond-60 CPI Linked,2010-08-23,263.97
TELBOND60,Tel Bond-60 CPI Linked,2010-08-24,264.0
TELBOND60,Tel Bond-60 CPI Linked,2010-08-25,264.04
TELBOND60,Tel Bond-60 CPI Linked,2010-08-26,264.44
TELBOND60,Tel Bond-60 CPI Linked,2010-08-29,264.42
TELBOND60,Tel Bond-60 CPI Linked,2010-08-30,264.41
TELBOND60,Tel Bond-60 CPI Linked,2010-08-31,264.78
TELBOND60,Tel Bond-60 CPI Linked,2010-09-01,265.43
TELBOND60,Tel Bond-60 CPI Linked,2010-09-02,265.9
TELBOND60,Tel Bond-60 CPI Linked,2010-09-05,265.58
TELBOND60,Tel Bond-60 CPI Linked,2010-09-06,265.58
TELBOND60,Tel Bond-60 CPI Linked,2010-09-07,264.92
TELBOND60,Tel Bond-60 CPI Linked,2010-09-12,263.92
TELBOND60,Tel Bond-60 CPI Linked,2010-09-13,263.29
TELBOND60,Tel Bond-60 CPI Linked,2010-09-14,262.03
TELBOND60,Tel Bond-60 CPI Linked,2010-09-15,262.66
TELBOND60,Tel Bond-60 CPI Linked,2010-09-16,262.87
TELBOND60,Tel Bond-60 CPI Linked,2010-09-19,262.89
TELBOND60,Tel Bond-60 CPI Linked,2010-09-20,262.72
TELBOND60,Tel Bond-60 CPI Linked,2010-09-21,262.58
TELBOND60,Tel Bond-60 CPI Linked,2010-09-26,263.14
TELBOND60,Tel Bond-60 CPI Linked,2010-09-27,264.28
TELBOND60,Tel Bond-60 CPI Linked,2010-09-28,264.93
TELBOND60,Tel Bond-60 CPI Linked,2010-10-03,265.0
TELBOND60,Tel Bond-60 CPI Linked,2010-10-04,265.35
TELBOND60,Tel Bond-60 CPI Linked,2010-10-05,265.99
TELBOND60,Tel Bond-60 CPI Linked,2010-10-06,266.2
TELBOND60,Tel Bond-60 CPI Linked,2010-10-07,266.38
TELBOND60,Tel Bond-60 CPI Linked,2010-10-10,267.92
TELBOND60,Tel Bond-60 CPI Linked,2010-10-11,268.64
TELBOND60,Tel Bond-60 CPI Linked,2010-10-12,269.28
TELBOND60,Tel Bond-60 CPI Linked,2010-10-13,268.57
TELBOND60,Tel Bond-60 CPI Linked,2010-10-14,268.78
TELBOND60,Tel Bond-60 CPI Linked,2010-10-17,268.95
TELBOND60,Tel Bond-60 CPI Linked,2010-10-18,269.86
TELBOND60,Tel Bond-60 CPI Linked,2010-10-19,270.45
TELBOND60,Tel Bond-60 CPI Linked,2010-10-20,270.74
TELBOND60,Tel Bond-60 CPI Linked,2010-10-21,271.15
TELBOND60,Tel Bond-60 CPI Linked,2010-10-24,270.67
TELBOND60,Tel Bond-60 CPI Linked,2010-10-25,270.82
TELBOND60,Tel Bond-60 CPI Linked,2010-10-26,270.5
TELBOND60,Tel Bond-60 CPI Linked,2010-10-27,270.22
TELBOND60,Tel Bond-60 CPI Linked,2010-10-28,270.88
TELBOND60,Tel Bond-60 CPI Linked,2010-10-31,272.05
TELBOND60,Tel Bond-60 CPI Linked,2010-11-01,272.47
TELBOND60,Tel Bond-60 CPI Linked,2010-11-02,272.84
TELBOND60,Tel Bond-60 CPI Linked,2010-11-03,272.49
TELBOND60,Tel Bond-60 CPI Linked,2010-11-04,272.48
TELBOND60,Tel Bond-60 CPI Linked,2010-11-07,272.12
TELBOND60,Tel Bond-60 CPI Linked,2010-11-08,270.78
TELBOND60,Tel Bond-60 CPI Linked,2010-11-09,270.72
TELBOND60,Tel Bond-60 CPI Linked,2010-11-10,269.38
TELBOND60,Tel Bond-60 CPI Linked,2010-11-11,269.01
TELBOND60,Tel Bond-60 CPI Linked,2010-11-14,267.46
TELBOND60,Tel Bond-60 CPI Linked,2010-11-15,267.74
TELBOND60,Tel Bond-60 CPI Linked,2010-11-16,268.64
TELBOND60,Tel Bond-60 CPI Linked,2010-11-17,269.49
TELBOND60,Tel Bond-60 CPI Linked,2010-11-18,269.77
TELBOND60,Tel Bond-60 CPI Linked,2010-11-21,270.18
TELBOND60,Tel Bond-60 CPI Linked,2010-11-22,269.85
TELBOND60,Tel Bond-60 CPI Linked,2010-11-23,270.73
TELBOND60,Tel Bond-60 CPI Linked,2010-11-24,270.85
TELBOND60,Tel Bond-60 CPI Linked,2010-11-25,270.66
TELBOND60,Tel Bond-60 CPI Linked,2010-11-28,270.08
TELBOND60,Tel Bond-60 CPI Linked,2010-11-29,270.06
TELBOND60,Tel Bond-60 CPI Linked,2010-11-30,269.31
TELBOND60,Tel Bond-60 CPI Linked,2010-12-01,268.32
TELBOND60,Tel Bond-60 CPI Linked,2010-12-02,268.15
TELBOND60,Tel Bond-60 CPI Linked,2010-12-05,268.79
TELBOND60,Tel Bond-60 CPI Linked,2010-12-06,269.22
TELBOND60,Tel Bond-60 CPI Linked,2010-12-07,268.93
TELBOND60,Tel Bond-60 CPI Linked,2010-12-08,268.28
TELBOND60,Tel Bond-60 CPI Linked,2010-12-09,268.98
TELBOND60,Tel Bond-60 CPI Linked,2010-12-12,268.31
TELBOND60,Tel Bond-60 CPI Linked,2010-12-13,268.21
TELBOND60,Tel Bond-60 CPI Linked,2010-12-14,268.33
TELBOND60,Tel Bond-60 CPI Linked,2010-12-15,267.75
TELBOND60,Tel Bond-60 CPI Linked,2010-12-16,267.47
TELBOND60,Tel Bond-60 CPI Linked,2010-12-19,267.78
TELBOND60,Tel Bond-60 CPI Linked,2010-12-20,267.75
TELBOND60,Tel Bond-60 CPI Linked,2010-12-21,267.52
TELBOND60,Tel Bond-60 CPI Linked,2010-12-22,266.78
TELBOND60,Tel Bond-60 CPI Linked,2010-12-23,266.21
TELBOND60,Tel Bond-60 CPI Linked,2010-12-26,264.92
TELBOND60,Tel Bond-60 CPI Linked,2010-12-27,265.39
TELBOND60,Tel Bond-60 CPI Linked,2010-12-28,265.57
TELBOND60,Tel Bond-60 CPI Linked,2010-12-29,266.11
TELBOND60,Tel Bond-60 CPI Linked,2010-12-30,267.1
TELBOND60,Tel Bond-60 CPI Linked,2011-01-02,268.13
TELBOND60,Tel Bond-60 CPI Linked,2011-01-03,268.26
TELBOND60,Tel Bond-60 CPI Linked,2011-01-04,268.26
TELBOND60,Tel Bond-60 CPI Linked,2011-01-05,268.06
TELBOND60,Tel Bond-60 CPI Linked,2011-01-06,268.56
TELBOND60,Tel Bond-60 CPI Linked,2011-01-09,269.01
TELBOND60,Tel Bond-60 CPI Linked,2011-01-10,269.41
TELBOND60,Tel Bond-60 CPI Linked,2011-01-11,269.9
TELBOND60,Tel Bond-60 CPI Linked,2011-01-12,270.09
TELBOND60,Tel Bond-60 CPI Linked,2011-01-13,270.14
TELBOND60,Tel Bond-60 CPI Linked,2011-01-16,270.99
TELBOND60,Tel Bond-60 CPI Linked,2011-01-17,271.07
TELBOND60,Tel Bond-60 CPI Linked,2011-01-18,271.43
TELBOND60,Tel Bond-60 CPI Linked,2011-01-19,271.26
TELBOND60,Tel Bond-60 CPI Linked,2011-01-20,271.09
TELBOND60,Tel Bond-60 CPI Linked,2011-01-23,270.54
TELBOND60,Tel Bond-60 CPI Linked,2011-01-24,270.32
TELBOND60,Tel Bond-60 CPI Linked,2011-01-25,271.15
TELBOND60,Tel Bond-60 CPI Linked,2011-01-26,271.26
TELBOND60,Tel Bond-60 CPI Linked,2011-01-27,270.94
TELBOND60,Tel Bond-60 CPI Linked,2011-01-30,268.7
TELBOND60,Tel Bond-60 CPI Linked,2011-01-31,269.32
TELBOND60,Tel Bond-60 CPI Linked,2011-02-01,269.27
TELBOND60,Tel Bond-60 CPI Linked,2011-02-02,270.12
TELBOND60,Tel Bond-60 CPI Linked,2011-02-03,269.28
TELBOND60,Tel Bond-60 CPI Linked,2011-02-06,269.48
TELBOND60,Tel Bond-60 CPI Linked,2011-02-07,270.1
TELBOND60,Tel Bond-60 CPI Linked,2011-02-08,270.19
TELBOND60,Tel Bond-60 CPI Linked,2011-02-09,270.7
TELBOND60,Tel Bond-60 CPI Linked,2011-02-10,270.39
TELBOND60,Tel Bond-60 CPI Linked,2011-02-13,270.66
TELBOND60,Tel Bond-60 CPI Linked,2011-02-14,270.49
TELBOND60,Tel Bond-60 CPI Linked,2011-02-15,270.78
TELBOND60,Tel Bond-60 CPI Linked,2011-02-16,271.39
TELBOND60,Tel Bond-60 CPI Linked,2011-02-17,271.39
TELBOND60,Tel Bond-60 CPI Linked,2011-02-20,271.29
TELBOND60,Tel Bond-60 CPI Linked,2011-02-21,270.8
TELBOND60,Tel Bond-60 CPI Linked,2011-02-22,270.58
TELBOND60,Tel Bond-60 CPI Linked,2011-02-23,270.71
TELBOND60,Tel Bond-60 CPI Linked,2011-02-24,270.24
TELBOND60,Tel Bond-60 CPI Linked,2011-02-27,271.44
TELBOND60,Tel Bond-60 CPI Linked,2011-02-28,271.74
TELBOND60,Tel Bond-60 CPI Linked,2011-03-01,271.62
TELBOND60,Tel Bond-60 CPI Linked,2011-03-02,270.7
TELBOND60,Tel Bond-60 CPI Linked,2011-03-03,271.0
TELBOND60,Tel Bond-60 CPI Linked,2011-03-06,271.07
TELBOND60,Tel Bond-60 CPI Linked,2011-03-07,271.02
TELBOND60,Tel Bond-60 CPI Linked,2011-03-08,270.39
TELBOND60,Tel Bond-60 CPI Linked,2011-03-09,270.17
TELBOND60,Tel Bond-60 CPI Linked,2011-03-10,270.31
TELBOND60,Tel Bond-60 CPI Linked,2011-03-13,270.37
TELBOND60,Tel Bond-60 CPI Linked,2011-03-14,269.99
TELBOND60,Tel Bond-60 CPI Linked,2011-03-15,269.23
TELBOND60,Tel Bond-60 CPI Linked,2011-03-16,269.71
TELBOND60,Tel Bond-60 CPI Linked,2011-03-17,270.51
TELBOND60,Tel Bond-60 CPI Linked,2011-03-21,270.8
TELBOND60,Tel Bond-60 CPI Linked,2011-03-22,270.96
TELBOND60,Tel Bond-60 CPI Linked,2011-03-23,270.96
TELBOND60,Tel Bond-60 CPI Linked,2011-03-24,270.97
TELBOND60,Tel Bond-60 CPI Linked,2011-03-27,270.73
TELBOND60,Tel Bond-60 CPI Linked,2011-03-28,270.61
TELBOND60,Tel Bond-60 CPI Linked,2011-03-29,269.29
TELBOND60,Tel Bond-60 CPI Linked,2011-03-30,267.97
TELBOND60,Tel Bond-60 CPI Linked,2011-03-31,269.19
TELBOND60,Tel Bond-60 CPI Linked,2011-04-03,268.7
TELBOND60,Tel Bond-60 CPI Linked,2011-04-04,268.19
TELBOND60,Tel Bond-60 CPI Linked,2011-04-05,268.18
TELBOND60,Tel Bond-60 CPI Linked,2011-04-06,268.27
TELBOND60,Tel Bond-60 CPI Linked,2011-04-07,267.63
TELBOND60,Tel Bond-60 CPI Linked,2011-04-10,267.64
TELBOND60,Tel Bond-60 CPI Linked,2011-04-11,267.24
TELBOND60,Tel Bond-60 CPI Linked,2011-04-12,267.56
TELBOND60,Tel Bond-60 CPI Linked,2011-04-13,267.49
TELBOND60,Tel Bond-60 CPI Linked,2011-04-14,266.9
TELBOND60,Tel Bond-60 CPI Linked,2011-04-17,266.91
TELBOND60,Tel Bond-60 CPI Linked,2011-04-20,266.88
TELBOND60,Tel Bond-60 CPI Linked,2011-04-21,266.52
TELBOND60,Tel Bond-60 CPI Linked,2011-04-26,267.67
TELBOND60,Tel Bond-60 CPI Linked,2011-04-27,268.63
TELBOND60,Tel Bond-60 CPI Linked,2011-04-28,268.69
TELBOND60,Tel Bond-60 CPI Linked,2011-05-01,268.14
TELBOND60,Tel Bond-60 CPI Linked,2011-05-02,268.44
TELBOND60,Tel Bond-60 CPI Linked,2011-05-03,268.77
TELBOND60,Tel Bond-60 CPI Linked,2011-05-04,269.02
TELBOND60,Tel Bond-60 CPI Linked,2011-05-05,269.24
TELBOND60,Tel Bond-60 CPI Linked,2011-05-08,269.26
TELBOND60,Tel Bond-60 CPI Linked,2011-05-11,269.38
TELBOND60,Tel Bond-60 CPI Linked,2011-05-12,269.12
TELBOND60,Tel Bond-60 CPI Linked,2011-05-15,269.07
TELBOND60,Tel Bond-60 CPI Linked,2011-05-16,269.3
TELBOND60,Tel Bond-60 CPI Linked,2011-05-17,269.69
TELBOND60,Tel Bond-60 CPI Linked,2011-05-18,269.98
TELBOND60,Tel Bond-60 CPI Linked,2011-05-19,269.85
TELBOND60,Tel Bond-60 CPI Linked,2011-05-22,269.48
TELBOND60,Tel Bond-60 CPI Linked,2011-05-23,268.37
TELBOND60,Tel Bond-60 CPI Linked,2011-05-24,267.72
TELBOND60,Tel Bond-60 CPI Linked,2011-05-25,267.31
TELBOND60,Tel Bond-60 CPI Linked,2011-05-26,268.35
TELBOND60,Tel Bond-60 CPI Linked,2011-05-29,269.54
TELBOND60,Tel Bond-60 CPI Linked,2011-05-30,269.73
TELBOND60,Tel Bond-60 CPI Linked,2011-05-31,270.62
TELBOND60,Tel Bond-60 CPI Linked,2011-06-01,270.65
TELBOND60,Tel Bond-60 CPI Linked,2011-06-02,270.94
TELBOND60,Tel Bond-60 CPI Linked,2011-06-05,270.72
TELBOND60,Tel Bond-60 CPI Linked,2011-06-06,270.65
TELBOND60,Tel Bond-60 CPI Linked,2011-06-09,270.01
TELBOND60,Tel Bond-60 CPI Linked,2011-06-12,269.8
TELBOND60,Tel Bond-60 CPI Linked,2011-06-13,269.27
TELBOND60,Tel Bond-60 CPI Linked,2011-06-14,269.9
TELBOND60,Tel Bond-60 CPI Linked,2011-06-15,269.29
TELBOND60,Tel Bond-60 CPI Linked,2011-06-16,268.87
TELBOND60,Tel Bond-60 CPI Linked,2011-06-19,268.24
TELBOND60,Tel Bond-60 CPI Linked,2011-06-20,267.54
TELBOND60,Tel Bond-60 CPI Linked,2011-06-21,268.27
TELBOND60,Tel Bond-60 CPI Linked,2011-06-22,269.17
TELBOND60,Tel Bond-60 CPI Linked,2011-06-23,268.84
TELBOND60,Tel Bond-60 CPI Linked,2011-06-26,268.77
TELBOND60,Tel Bond-60 CPI Linked,2011-06-27,268.8
TELBOND60,Tel Bond-60 CPI Linked,2011-06-28,269.25
TELBOND60,Tel Bond-60 CPI Linked,2011-06-29,269.18
TELBOND60,Tel Bond-60 CPI Linked,2011-06-30,269.5
TELBOND60,Tel Bond-60 CPI Linked,2011-07-03,270.66
TELBOND60,Tel Bond-60 CPI Linked,2011-07-04,271.07
TELBOND60,Tel Bond-60 CPI Linked,2011-07-05,271.43
TELBOND60,Tel Bond-60 CPI Linked,2011-07-06,271.55
TELBOND60,Tel Bond-60 CPI Linked,2011-07-07,271.45
TELBOND60,Tel Bond-60 CPI Linked,2011-07-10,272.22
TELBOND60,Tel Bond-60 CPI Linked,2011-07-11,271.73
TELBOND60,Tel Bond-60 CPI Linked,2011-07-12,271.59
TELBOND60,Tel Bond-60 CPI Linked,2011-07-13,271.84
TELBOND60,Tel Bond-60 CPI Linked,2011-07-14,272.23
TELBOND60,Tel Bond-60 CPI Linked,2011-07-17,272.19
TELBOND60,Tel Bond-60 CPI Linked,2011-07-18,271.43
TELBOND60,Tel Bond-60 CPI Linked,2011-07-19,271.77
TELBOND60,Tel Bond-60 CPI Linked,2011-07-20,272.14
TELBOND60,Tel Bond-60 CPI Linked,2011-07-21,271.77
TELBOND60,Tel Bond-60 CPI Linked,2011-07-24,272.3
TELBOND60,Tel Bond-60 CPI Linked,2011-07-25,272.35
TELBOND60,Tel Bond-60 CPI Linked,2011-07-26,272.32
TELBOND60,Tel Bond-60 CPI Linked,2011-07-27,271.92
TELBOND60,Tel Bond-60 CPI Linked,2011-07-28,271.82
TELBOND60,Tel Bond-60 CPI Linked,2011-07-31,270.45
TELBOND60,Tel Bond-60 CPI Linked,2011-08-01,270.17
TELBOND60,Tel Bond-60 CPI Linked,2011-08-02,270.47
TELBOND60,Tel Bond-60 CPI Linked,2011-08-03,269.83
TELBOND60,Tel Bond-60 CPI Linked,2011-08-04,269.61
TELBOND60,Tel Bond-60 CPI Linked,2011-08-07,262.49
TELBOND60,Tel Bond-60 CPI Linked,2011-08-08,263.02
TELBOND60,Tel Bond-60 CPI Linked,2011-08-10,260.49
TELBOND60,Tel Bond-60 CPI Linked,2011-08-11,257.96
TELBOND60,Tel Bond-60 CPI Linked,2011-08-14,262.69
TELBOND60,Tel Bond-60 CPI Linked,2011-08-15,265.14
TELBOND60,Tel Bond-60 CPI Linked,2011-08-16,263.91
TELBOND60,Tel Bond-60 CPI Linked,2011-08-17,265.62
TELBOND60,Tel Bond-60 CPI Linked,2011-08-18,264.01
TELBOND60,Tel Bond-60 CPI Linked,2011-08-21,261.73
TELBOND60,Tel Bond-60 CPI Linked,2011-08-22,264.05
TELBOND60,Tel Bond-60 CPI Linked,2011-08-23,263.9
TELBOND60,Tel Bond-60 CPI Linked,2011-08-24,264.13
TELBOND60,Tel Bond-60 CPI Linked,2011-08-25,262.87
TELBOND60,Tel Bond-60 CPI Linked,2011-08-28,263.42
TELBOND60,Tel Bond-60 CPI Linked,2011-08-29,264.26
TELBOND60,Tel Bond-60 CPI Linked,2011-08-30,265.92
TELBOND60,Tel Bond-60 CPI Linked,2011-08-31,266.77
TELBOND60,Tel Bond-60 CPI Linked,2011-09-01,266.59
TELBOND60,Tel Bond-60 CPI Linked,2011-09-04,265.29
TELBOND60,Tel Bond-60 CPI Linked,2011-09-05,264.12
TELBOND60,Tel Bond-60 CPI Linked,2011-09-06,262.2
TELBOND60,Tel Bond-60 CPI Linked,2011-09-07,261.81
TELBOND60,Tel Bond-60 CPI Linked,2011-09-08,260.25
TELBOND60,Tel Bond-60 CPI Linked,2011-09-11,258.82
TELBOND60,Tel Bond-60 CPI Linked,2011-09-12,254.74
TELBOND60,Tel Bond-60 CPI Linked,2011-09-13,256.77
TELBOND60,Tel Bond-60 CPI Linked,2011-09-14,258.58
TELBOND60,Tel Bond-60 CPI Linked,2011-09-15,261.07
TELBOND60,Tel Bond-60 CPI Linked,2011-09-18,263.02
TELBOND60,Tel Bond-60 CPI Linked,2011-09-19,261.12
TELBOND60,Tel Bond-60 CPI Linked,2011-09-20,262.68
TELBOND60,Tel Bond-60 CPI Linked,2011-09-21,263.63
TELBOND60,Tel Bond-60 CPI Linked,2011-09-22,261.72
TELBOND60,Tel Bond-60 CPI Linked,2011-09-25,263.24
TELBOND60,Tel Bond-60 CPI Linked,2011-09-26,264.33
TELBOND60,Tel Bond-60 CPI Linked,2011-09-27,266.46
TELBOND60,Tel Bond-60 CPI Linked,2011-10-02,265.23
TELBOND60,Tel Bond-60 CPI Linked,2011-10-03,264.46
TELBOND60,Tel Bond-60 CPI Linked,2011-10-04,262.79
TELBOND60,Tel Bond-60 CPI Linked,2011-10-05,263.71
TELBOND60,Tel Bond-60 CPI Linked,2011-10-06,263.4
TELBOND60,Tel Bond-60 CPI Linked,2011-10-09,262.7
TELBOND60,Tel Bond-60 CPI Linked,2011-10-10,263.63
TELBOND60,Tel Bond-60 CPI Linked,2011-10-11,264.55
TELBOND60,Tel Bond-60 CPI Linked,2011-10-16,266.55
TELBOND60,Tel Bond-60 CPI Linked,2011-10-17,267.4
TELBOND60,Tel Bond-60 CPI Linked,2011-10-18,267.91
TELBOND60,Tel Bond-60 CPI Linked,2011-10-23,268.57
TELBOND60,Tel Bond-60 CPI Linked,2011-10-24,268.73
TELBOND60,Tel Bond-60 CPI Linked,2011-10-25,269.11
TELBOND60,Tel Bond-60 CPI Linked,2011-10-26,269.72
TELBOND60,Tel Bond-60 CPI Linked,2011-10-27,270.91
TELBOND60,Tel Bond-60 CPI Linked,2011-10-30,269.5
TELBOND60,Tel Bond-60 CPI Linked,2011-10-31,268.66
TELBOND60,Tel Bond-60 CPI Linked,2011-11-01,267.66
TELBOND60,Tel Bond-60 CPI Linked,2011-11-02,268.4
TELBOND60,Tel Bond-60 CPI Linked,2011-11-03,268.7
TELBOND60,Tel Bond-60 CPI Linked,2011-11-06,268.4
TELBOND60,Tel Bond-60 CPI Linked,2011-11-07,267.73
TELBOND60,Tel Bond-60 CPI Linked,2011-11-08,268.53
TELBOND60,Tel Bond-60 CPI Linked,2011-11-09,267.94
TELBOND60,Tel Bond-60 CPI Linked,2011-11-10,267.39
TELBOND60,Tel Bond-60 CPI Linked,2011-11-13,268.0
TELBOND60,Tel Bond-60 CPI Linked,2011-11-14,267.31
TELBOND60,Tel Bond-60 CPI Linked,2011-11-15,267.58
TELBOND60,Tel Bond-60 CPI Linked,2011-11-16,267.35
TELBOND60,Tel Bond-60 CPI Linked,2011-11-17,267.76
TELBOND60,Tel Bond-60 CPI Linked,2011-11-20,266.99
TELBOND60,Tel Bond-60 CPI Linked,2011-11-21,266.16
TELBOND60,Tel Bond-60 CPI Linked,2011-11-22,265.83
TELBOND60,Tel Bond-60 CPI Linked,2011-11-23,265.56
TELBOND60,Tel Bond-60 CPI Linked,2011-11-24,264.05
TELBOND60,Tel Bond-60 CPI Linked,2011-11-27,262.63
TELBOND60,Tel Bond-60 CPI Linked,2011-11-28,264.0
TELBOND60,Tel Bond-60 CPI Linked,2011-11-29,262.95
TELBOND60,Tel Bond-60 CPI Linked,2011-11-30,263.72
TELBOND60,Tel Bond-60 CPI Linked,2011-12-01,263.43
TELBOND60,Tel Bond-60 CPI Linked,2011-12-04,263.41
TELBOND60,Tel Bond-60 CPI Linked,2011-12-05,263.9
TELBOND60,Tel Bond-60 CPI Linked,2011-12-06,264.83
TELBOND60,Tel Bond-60 CPI Linked,2011-12-07,265.64
TELBOND60,Tel Bond-60 CPI Linked,2011-12-08,266.48
TELBOND60,Tel Bond-60 CPI Linked,2011-12-11,266.98
TELBOND60,Tel Bond-60 CPI Linked,2011-12-12,266.18
TELBOND60,Tel Bond-60 CPI Linked,2011-12-13,265.85
TELBOND60,Tel Bond-60 CPI Linked,2011-12-14,265.1
TELBOND60,Tel Bond-60 CPI Linked,2011-12-15,264.97
TELBOND60,Tel Bond-60 CPI Linked,2011-12-18,264.71
TELBOND60,Tel Bond-60 CPI Linked,2011-12-19,264.38
TELBOND60,Tel Bond-60 CPI Linked,2011-12-20,263.55
TELBOND60,Tel Bond-60 CPI Linked,2011-12-21,263.45
TELBOND60,Tel Bond-60 CPI Linked,2011-12-22,263.33
TELBOND60,Tel Bond-60 CPI Linked,2011-12-25,265.65
TELBOND60,Tel Bond-60 CPI Linked,2011-12-26,265.81
TELBOND60,Tel Bond-60 CPI Linked,2011-12-27,266.24
TELBOND60,Tel Bond-60 CPI Linked,2011-12-28,266.29
TELBOND60,Tel Bond-60 CPI Linked,2011-12-29,266.29
TELBOND60,Tel Bond-60 CPI Linked,2012-01-01,267.74
TELBOND60,Tel Bond-60 CPI Linked,2012-01-02,269.01
TELBOND60,Tel Bond-60 CPI Linked,2012-01-03,269.6
TELBOND60,Tel Bond-60 CPI Linked,2012-01-04,269.55
TELBOND60,Tel Bond-60 CPI Linked,2012-01-05,269.83
TELBOND60,Tel Bond-60 CPI Linked,2012-01-08,270.08
TELBOND60,Tel Bond-60 CPI Linked,2012-01-09,270.4
TELBOND60,Tel Bond-60 CPI Linked,2012-01-10,271.26
TELBOND60,Tel Bond-60 CPI Linked,2012-01-11,271.31
TELBOND60,Tel Bond-60 CPI Linked,2012-01-12,271.49
TELBOND60,Tel Bond-60 CPI Linked,2012-01-15,271.23
TELBOND60,Tel Bond-60 CPI Linked,2012-01-16,272.04
TELBOND60,Tel Bond-60 CPI Linked,2012-01-17,272.06
TELBOND60,Tel Bond-60 CPI Linked,2012-01-18,271.45
TELBOND60,Tel Bond-60 CPI Linked,2012-01-19,270.81
TELBOND60,Tel Bond-60 CPI Linked,2012-01-22,270.17
TELBOND60,Tel Bond-60 CPI Linked,2012-01-23,270.19
TELBOND60,Tel Bond-60 CPI Linked,2012-01-24,269.76
TELBOND60,Tel Bond-60 CPI Linked,2012-01-25,269.65
TELBOND60,Tel Bond-60 CPI Linked,2012-01-26,270.63
TELBOND60,Tel Bond-60 CPI Linked,2012-01-29,270.2
TELBOND60,Tel Bond-60 CPI Linked,2012-01-30,269.71
TELBOND60,Tel Bond-60 CPI Linked,2012-01-31,270.9
TELBOND60,Tel Bond-60 CPI Linked,2012-02-01,271.93
TELBOND60,Tel Bond-60 CPI Linked,2012-02-02,272.02
TELBOND60,Tel Bond-60 CPI Linked,2012-02-05,272.39
TELBOND60,Tel Bond-60 CPI Linked,2012-02-06,272.49
TELBOND60,Tel Bond-60 CPI Linked,2012-02-07,271.5
TELBOND60,Tel Bond-60 CPI Linked,2012-02-12,271.08
TELBOND60,Tel Bond-60 CPI Linked,2012-02-13,270.89
TELBOND60,Tel Bond-60 CPI Linked,2012-02-14,271.08
TELBOND60,Tel Bond-60 CPI Linked,2012-02-15,271.1
TELBOND60,Tel Bond-60 CPI Linked,2012-02-16,271.57
TELBOND60,Tel Bond-60 CPI Linked,2012-02-19,271.9
TELBOND60,Tel Bond-60 CPI Linked,2012-02-20,271.87
TELBOND60,Tel Bond-60 CPI Linked,2012-02-21,272.36
TELBOND60,Tel Bond-60 CPI Linked,2012-02-22,272.13
TELBOND60,Tel Bond-60 CPI Linked,2012-02-23,272.07
TELBOND60,Tel Bond-60 CPI Linked,2012-02-26,271.29
TELBOND60,Tel Bond-60 CPI Linked,2012-02-27,270.81
TELBOND60,Tel Bond-60 CPI Linked,2012-02-28,271.33
TELBOND60,Tel Bond-60 CPI Linked,2012-02-29,271.7
TELBOND60,Tel Bond-60 CPI Linked,2012-03-01,271.58
TELBOND60,Tel Bond-60 CPI Linked,2012-03-04,272.17
TELBOND60,Tel Bond-60 CPI Linked,2012-03-05,272.22
TELBOND60,Tel Bond-60 CPI Linked,2012-03-06,270.79
TELBOND60,Tel Bond-60 CPI Linked,2012-03-07,270.84
TELBOND60,Tel Bond-60 CPI Linked,2012-03-11,270.75
TELBOND60,Tel Bond-60 CPI Linked,2012-03-12,271.06
TELBOND60,Tel Bond-60 CPI Linked,2012-03-13,271.43
TELBOND60,Tel Bond-60 CPI Linked,2012-03-14,272.32
TELBOND60,Tel Bond-60 CPI Linked,2012-03-15,273.15
TELBOND60,Tel Bond-60 CPI Linked,2012-03-18,273.94
TELBOND60,Tel Bond-60 CPI Linked,2012-03-19,273.58
TELBOND60,Tel Bond-60 CPI Linked,2012-03-20,273.5
TELBOND60,Tel Bond-60 CPI Linked,2012-03-21,273.01
TELBOND60,Tel Bond-60 CPI Linked,2012-03-22,273.01
TELBOND60,Tel Bond-60 CPI Linked,2012-03-25,273.52
TELBOND60,Tel Bond-60 CPI Linked,2012-03-26,274.07
TELBOND60,Tel Bond-60 CPI Linked,2012-03-27,274.29
TELBOND60,Tel Bond-60 CPI Linked,2012-03-28,274.29
TELBOND60,Tel Bond-60 CPI Linked,2012-03-29,271.43
TELBOND60,Tel Bond-60 CPI Linked,2012-04-01,272.48
TELBOND60,Tel Bond-60 CPI Linked,2012-04-02,273.15
TELBOND60,Tel Bond-60 CPI Linked,2012-04-03,274.0
TELBOND60,Tel Bond-60 CPI Linked,2012-04-04,273.97
TELBOND60,Tel Bond-60 CPI Linked,2012-04-05,274.57
TELBOND60,Tel Bond-60 CPI Linked,2012-04-08,275.06
TELBOND60,Tel Bond-60 CPI Linked,2012-04-09,274.94
TELBOND60,Tel Bond-60 CPI Linked,2012-04-10,275.13
TELBOND60,Tel Bond-60 CPI Linked,2012-04-11,275.09
TELBOND60,Tel Bond-60 CPI Linked,2012-04-15,275.42
TELBOND60,Tel Bond-60 CPI Linked,2012-04-16,275.76
TELBOND60,Tel Bond-60 CPI Linked,2012-04-17,276.34
TELBOND60,Tel Bond-60 CPI Linked,2012-04-18,276.55
TELBOND60,Tel Bond-60 CPI Linked,2012-04-19,276.86
TELBOND60,Tel Bond-60 CPI Linked,2012-04-22,277.2
TELBOND60,Tel Bond-60 CPI Linked,2012-04-23,276.47
TELBOND60,Tel Bond-60 CPI Linked,2012-04-24,276.88
TELBOND60,Tel Bond-60 CPI Linked,2012-04-29,277.12
TELBOND60,Tel Bond-60 CPI Linked,2012-04-30,276.64
TELBOND60,Tel Bond-60 CPI Linked,2012-05-01,276.68
TELBOND60,Tel Bond-60 CPI Linked,2012-05-02,276.13
TELBOND60,Tel Bond-60 CPI Linked,2012-05-03,276.53
TELBOND60,Tel Bond-60 CPI Linked,2012-05-06,275.34
TELBOND60,Tel Bond-60 CPI Linked,2012-05-07,275.0
TELBOND60,Tel Bond-60 CPI Linked,2012-05-08,275.16
TELBOND60,Tel Bond-60 CPI Linked,2012-05-09,274.4
TELBOND60,Tel Bond-60 CPI Linked,2012-05-10,274.92
TELBOND60,Tel Bond-60 CPI Linked,2012-05-13,274.96
TELBOND60,Tel Bond-60 CPI Linked,2012-05-14,274.3
TELBOND60,Tel Bond-60 CPI Linked,2012-05-15,272.58
TELBOND60,Tel Bond-60 CPI Linked,2012-05-16,271.5
TELBOND60,Tel Bond-60 CPI Linked,2012-05-17,270.19
TELBOND60,Tel Bond-60 CPI Linked,2012-05-20,271.23
TELBOND60,Tel Bond-60 CPI Linked,2012-05-21,273.4
TELBOND60,Tel Bond-60 CPI Linked,2012-05-22,274.02
TELBOND60,Tel Bond-60 CPI Linked,2012-05-23,273.01
TELBOND60,Tel Bond-60 CPI Linked,2012-05-24,273.31
TELBOND60,Tel Bond-60 CPI Linked,2012-05-28,274.44
TELBOND60,Tel Bond-60 CPI Linked,2012-05-29,274.02
TELBOND60,Tel Bond-60 CPI Linked,2012-05-30,273.0
TELBOND60,Tel Bond-60 CPI Linked,2012-05-31,273.0
TELBOND60,Tel Bond-60 CPI Linked,2012-06-03,272.66
TELBOND60,Tel Bond-60 CPI Linked,2012-06-04,272.92
TELBOND60,Tel Bond-60 CPI Linked,2012-06-05,272.82
TELBOND60,Tel Bond-60 CPI Linked,2012-06-06,273.71
TELBOND60,Tel Bond-60 CPI Linked,2012-06-07,274.59
TELBOND60,Tel Bond-60 CPI Linked,2012-06-10,274.9
TELBOND60,Tel Bond-60 CPI Linked,2012-06-11,274.65
TELBOND60,Tel Bond-60 CPI Linked,2012-06-12,274.08
TELBOND60,Tel Bond-60 CPI Linked,2012-06-13,273.38
TELBOND60,Tel Bond-60 CPI Linked,2012-06-14,272.18
TELBOND60,Tel Bond-60 CPI Linked,2012-06-17,272.94
TELBOND60,Tel Bond-60 CPI Linked,2012-06-18,273.43
TELBOND60,Tel Bond-60 CPI Linked,2012-06-19,272.4
TELBOND60,Tel Bond-60 CPI Linked,2012-06-20,271.04
TELBOND60,Tel Bond-60 CPI Linked,2012-06-21,270.19
TELBOND60,Tel Bond-60 CPI Linked,2012-06-24,269.09
TELBOND60,Tel Bond-60 CPI Linked,2012-06-25,269.25
TELBOND60,Tel Bond-60 CPI Linked,2012-06-26,269.55
TELBOND60,Tel Bond-60 CPI Linked,2012-06-27,268.78
TELBOND60,Tel Bond-60 CPI Linked,2012-06-28,268.76
TELBOND60,Tel Bond-60 CPI Linked,2012-07-01,270.24
TELBOND60,Tel Bond-60 CPI Linked,2012-07-02,271.25
TELBOND60,Tel Bond-60 CPI Linked,2012-07-03,271.73
TELBOND60,Tel Bond-60 CPI Linked,2012-07-04,271.61
TELBOND60,Tel Bond-60 CPI Linked,2012-07-05,271.41
TELBOND60,Tel Bond-60 CPI Linked,2012-07-08,271.86
TELBOND60,Tel Bond-60 CPI Linked,2012-07-09,271.77
TELBOND60,Tel Bond-60 CPI Linked,2012-07-10,272.23
TELBOND60,Tel Bond-60 CPI Linked,2012-07-11,272.72
TELBOND60,Tel Bond-60 CPI Linked,2012-07-12,273.3
TELBOND60,Tel Bond-60 CPI Linked,2012-07-15,273.77
TELBOND60,Tel Bond-60 CPI Linked,2012-07-16,273.49
TELBOND60,Tel Bond-60 CPI Linked,2012-07-17,273.66
TELBOND60,Tel Bond-60 CPI Linked,2012-07-18,274.04
TELBOND60,Tel Bond-60 CPI Linked,2012-07-19,275.41
TELBOND60,Tel Bond-60 CPI Linked,2012-07-22,274.84
TELBOND60,Tel Bond-60 CPI Linked,2012-07-23,273.7
TELBOND60,Tel Bond-60 CPI Linked,2012-07-24,272.82
TELBOND60,Tel Bond-60 CPI Linked,2012-07-25,273.22
TELBOND60,Tel Bond-60 CPI Linked,2012-07-26,273.71
TELBOND60,Tel Bond-60 CPI Linked,2012-07-30,275.03
TELBOND60,Tel Bond-60 CPI Linked,2012-07-31,275.79
TELBOND60,Tel Bond-60 CPI Linked,2012-08-01,276.1
TELBOND60,Tel Bond-60 CPI Linked,2012-08-02,276.37
TELBOND60,Tel Bond-60 CPI Linked,2012-08-05,276.68
TELBOND60,Tel Bond-60 CPI Linked,2012-08-06,277.23
TELBOND60,Tel Bond-60 CPI Linked,2012-08-07,277.78
TELBOND60,Tel Bond-60 CPI Linked,2012-08-08,277.78
TELBOND60,Tel Bond-60 CPI Linked,2012-08-09,277.24
TELBOND60,Tel Bond-60 CPI Linked,2012-08-12,275.06
TELBOND60,Tel Bond-60 CPI Linked,2012-08-13,272.98
TELBOND60,Tel Bond-60 CPI Linked,2012-08-14,273.51
TELBOND60,Tel Bond-60 CPI Linked,2012-08-15,273.54
TELBOND60,Tel Bond-60 CPI Linked,2012-08-16,275.15
TELBOND60,Tel Bond-60 CPI Linked,2012-08-19,276.15
TELBOND60,Tel Bond-60 CPI Linked,2012-08-20,276.09
TELBOND60,Tel Bond-60 CPI Linked,2012-08-21,276.17
TELBOND60,Tel Bond-60 CPI Linked,2012-08-22,276.05
TELBOND60,Tel Bond-60 CPI Linked,2012-08-23,275.5
TELBOND60,Tel Bond-60 CPI Linked,2012-08-26,275.41
TELBOND60,Tel Bond-60 CPI Linked,2012-08-27,275.44
TELBOND60,Tel Bond-60 CPI Linked,2012-08-28,275.13
TELBOND60,Tel Bond-60 CPI Linked,2012-08-29,274.85
TELBOND60,Tel Bond-60 CPI Linked,2012-08-30,274.56
TELBOND60,Tel Bond-60 CPI Linked,2012-09-02,274.68
TELBOND60,Tel Bond-60 CPI Linked,2012-09-03,274.58
TELBOND60,Tel Bond-60 CPI Linked,2012-09-04,274.19
TELBOND60,Tel Bond-60 CPI Linked,2012-09-05,274.15
TELBOND60,Tel Bond-60 CPI Linked,2012-09-06,273.23
TELBOND60,Tel Bond-60 CPI Linked,2012-09-09,275.5
TELBOND60,Tel Bond-60 CPI Linked,2012-09-10,275.72
TELBOND60,Tel Bond-60 CPI Linked,2012-09-11,275.8
TELBOND60,Tel Bond-60 CPI Linked,2012-09-12,276.32
TELBOND60,Tel Bond-60 CPI Linked,2012-09-13,276.72
TELBOND60,Tel Bond-60 CPI Linked,2012-09-19,278.21
TELBOND60,Tel Bond-60 CPI Linked,2012-09-20,278.22
TELBOND60,Tel Bond-60 CPI Linked,2012-09-23,280.0
TELBOND60,Tel Bond-60 CPI Linked,2012-09-24,280.81
TELBOND60,Tel Bond-60 CPI Linked,2012-09-27,281.27
TELBOND60,Tel Bond-60 CPI Linked,2012-10-02,282.0
TELBOND60,Tel Bond-60 CPI Linked,2012-10-03,282.57
TELBOND60,Tel Bond-60 CPI Linked,2012-10-04,282.3
TELBOND60,Tel Bond-60 CPI Linked,2012-10-09,281.22
TELBOND60,Tel Bond-60 CPI Linked,2012-10-10,281.72
TELBOND60,Tel Bond-60 CPI Linked,2012-10-11,282.75
TELBOND60,Tel Bond-60 CPI Linked,2012-10-14,283.4
TELBOND60,Tel Bond-60 CPI Linked,2012-10-15,283.91
TELBOND60,Tel Bond-60 CPI Linked,2012-10-16,283.88
TELBOND60,Tel Bond-60 CPI Linked,2012-10-17,283.82
TELBOND60,Tel Bond-60 CPI Linked,2012-10-18,283.49
TELBOND60,Tel Bond-60 CPI Linked,2012-10-21,283.43
TELBOND60,Tel Bond-60 CPI Linked,2012-10-22,283.66
TELBOND60,Tel Bond-60 CPI Linked,2012-10-23,283.92
TELBOND60,Tel Bond-60 CPI Linked,2012-10-24,284.39
TELBOND60,Tel Bond-60 CPI Linked,2012-10-25,284.53
TELBOND60,Tel Bond-60 CPI Linked,2012-10-28,284.77
TELBOND60,Tel Bond-60 CPI Linked,2012-10-29,284.68
TELBOND60,Tel Bond-60 CPI Linked,2012-10-30,286.08
TELBOND60,Tel Bond-60 CPI Linked,2012-10-31,286.66
TELBOND60,Tel Bond-60 CPI Linked,2012-11-01,287.01
TELBOND60,Tel Bond-60 CPI Linked,2012-11-04,287.0
TELBOND60,Tel Bond-60 CPI Linked,2012-11-05,286.88
TELBOND60,Tel Bond-60 CPI Linked,2012-11-06,286.95
TELBOND60,Tel Bond-60 CPI Linked,2012-11-07,286.84
TELBOND60,Tel Bond-60 CPI Linked,2012-11-08,286.38
TELBOND60,Tel Bond-60 CPI Linked,2012-11-11,287.11
TELBOND60,Tel Bond-60 CPI Linked,2012-11-12,287.31
TELBOND60,Tel Bond-60 CPI Linked,2012-11-13,287.53
TELBOND60,Tel Bond-60 CPI Linked,2012-11-14,287.32
TELBOND60,Tel Bond-60 CPI Linked,2012-11-15,287.14
TELBOND60,Tel Bond-60 CPI Linked,2012-11-18,286.74
TELBOND60,Tel Bond-60 CPI Linked,2012-11-19,286.51
TELBOND60,Tel Bond-60 CPI Linked,2012-11-20,286.58
TELBOND60,Tel Bond-60 CPI Linked,2012-11-21,286.65
TELBOND60,Tel Bond-60 CPI Linked,2012-11-22,286.64
TELBOND60,Tel Bond-60 CPI Linked,2012-11-25,287.26
TELBOND60,Tel Bond-60 CPI Linked,2012-11-26,287.46
TELBOND60,Tel Bond-60 CPI Linked,2012-11-27,287.78
TELBOND60,Tel Bond-60 CPI Linked,2012-11-28,287.62
TELBOND60,Tel Bond-60 CPI Linked,2012-11-29,287.58
TELBOND60,Tel Bond-60 CPI Linked,2012-12-02,287.94
TELBOND60,Tel Bond-60 CPI Linked,2012-12-03,287.55
TELBOND60,Tel Bond-60 CPI Linked,2012-12-04,287.5
TELBOND60,Tel Bond-60 CPI Linked,2012-12-05,287.75
TELBOND60,Tel Bond-60 CPI Linked,2012-12-06,288.67
TELBOND60,Tel Bond-60 CPI Linked,2012-12-09,289.15
TELBOND60,Tel Bond-60 CPI Linked,2012-12-10,289.36
TELBOND60,Tel Bond-60 CPI Linked,2012-12-11,289.34
TELBOND60,Tel Bond-60 CPI Linked,2012-12-12,289.03
TELBOND60,Tel Bond-60 CPI Linked,2012-12-13,288.54
TELBOND60,Tel Bond-60 CPI Linked,2012-12-16,288.28
TELBOND60,Tel Bond-60 CPI Linked,2012-12-17,287.93
TELBOND60,Tel Bond-60 CPI Linked,2012-12-18,287.76
TELBOND60,Tel Bond-60 CPI Linked,2012-12-19,287.39
TELBOND60,Tel Bond-60 CPI Linked,2012-12-20,287.38
TELBOND60,Tel Bond-60 CPI Linked,2012-12-23,287.94
TELBOND60,Tel Bond-60 CPI Linked,2012-12-24,288.14
TELBOND60,Tel Bond-60 CPI Linked,2012-12-25,288.69
TELBOND60,Tel Bond-60 CPI Linked,2012-12-26,289.04
TELBOND60,Tel Bond-60 CPI Linked,2012-12-27,288.84
TELBOND60,Tel Bond-60 CPI Linked,2012-12-30,288.81
TELBOND60,Tel Bond-60 CPI Linked,2012-12-31,288.95
TELBOND60,Tel Bond-60 CPI Linked,2013-01-01,290.02
TELBOND60,Tel Bond-60 CPI Linked,2013-01-02,290.08
TELBOND60,Tel Bond-60 CPI Linked,2013-01-03,290.28
TELBOND60,Tel Bond-60 CPI Linked,2013-01-06,289.95
TELBOND60,Tel Bond-60 CPI Linked,2013-01-07,289.32
TELBOND60,Tel Bond-60 CPI Linked,2013-01-08,289.49
TELBOND60,Tel Bond-60 CPI Linked,2013-01-09,289.95
TELBOND60,Tel Bond-60 CPI Linked,2013-01-10,289.52
TELBOND60,Tel Bond-60 CPI Linked,2013-01-13,289.48
TELBOND60,Tel Bond-60 CPI Linked,2013-01-14,289.27
TELBOND60,Tel Bond-60 CPI Linked,2013-01-15,289.62
TELBOND60,Tel Bond-60 CPI Linked,2013-01-16,289.8
TELBOND60,Tel Bond-60 CPI Linked,2013-01-17,289.83
TELBOND60,Tel Bond-60 CPI Linked,2013-01-20,289.61
TELBOND60,Tel Bond-60 CPI Linked,2013-01-21,289.72
TELBOND60,Tel Bond-60 CPI Linked,2013-01-23,289.56
TELBOND60,Tel Bond-60 CPI Linked,2013-01-24,290.03
TELBOND60,Tel Bond-60 CPI Linked,2013-01-27,289.82
TELBOND60,Tel Bond-60 CPI Linked,2013-01-28,289.8
TELBOND60,Tel Bond-60 CPI Linked,2013-01-29,289.16
TELBOND60,Tel Bond-60 CPI Linked,2013-01-30,288.92
TELBOND60,Tel Bond-60 CPI Linked,2013-01-31,289.35
TELBOND60,Tel Bond-60 CPI Linked,2013-02-03,289.81
TELBOND60,Tel Bond-60 CPI Linked,2013-02-04,290.2
TELBOND60,Tel Bond-60 CPI Linked,2013-02-05,290.57
TELBOND60,Tel Bond-60 CPI Linked,2013-02-06,290.51
TELBOND60,Tel Bond-60 CPI Linked,2013-02-07,290.66
TELBOND60,Tel Bond-60 CPI Linked,2013-02-10,291.11
TELBOND60,Tel Bond-60 CPI Linked,2013-02-11,291.02
TELBOND60,Tel Bond-60 CPI Linked,2013-02-12,290.79
TELBOND60,Tel Bond-60 CPI Linked,2013-02-13,290.18
TELBOND60,Tel Bond-60 CPI Linked,2013-02-14,290.19
TELBOND60,Tel Bond-60 CPI Linked,2013-02-17,290.16
TELBOND60,Tel Bond-60 CPI Linked,2013-02-18,290.18
TELBOND60,Tel Bond-60 CPI Linked,2013-02-19,290.58
TELBOND60,Tel Bond-60 CPI Linked,2013-02-20,290.87
TELBOND60,Tel Bond-60 CPI Linked,2013-02-21,291.19
TELBOND60,Tel Bond-60 CPI Linked,2013-02-25,291.2
TELBOND60,Tel Bond-60 CPI Linked,2013-02-26,290.99
TELBOND60,Tel Bond-60 CPI Linked,2013-02-27,291.28
TELBOND60,Tel Bond-60 CPI Linked,2013-02-28,291.2
TELBOND60,Tel Bond-60 CPI Linked,2013-03-03,291.47
TELBOND60,Tel Bond-60 CPI Linked,2013-03-04,291.7
TELBOND60,Tel Bond-60 CPI Linked,2013-03-05,292.15
TELBOND60,Tel Bond-60 CPI Linked,2013-03-06,292.62
TELBOND60,Tel Bond-60 CPI Linked,2013-03-07,292.92
TELBOND60,Tel Bond-60 CPI Linked,2013-03-10,293.03
TELBOND60,Tel Bond-60 CPI Linked,2013-03-11,291.74
TELBOND60,Tel Bond-60 CPI Linked,2013-03-12,291.64
TELBOND60,Tel Bond-60 CPI Linked,2013-03-13,291.59
TELBOND60,Tel Bond-60 CPI Linked,2013-03-14,291.73
TELBOND60,Tel Bond-60 CPI Linked,2013-03-17,291.35
TELBOND60,Tel Bond-60 CPI Linked,2013-03-18,291.3
TELBOND60,Tel Bond-60 CPI Linked,2013-03-19,291.4
TELBOND60,Tel Bond-60 CPI Linked,2013-03-20,291.59
TELBOND60,Tel Bond-60 CPI Linked,2013-03-21,291.29
TELBOND60,Tel Bond-60 CPI Linked,2013-03-24,291.89
TELBOND60,Tel Bond-60 CPI Linked,2013-03-27,292.38
TELBOND60,Tel Bond-60 CPI Linked,2013-03-28,292.82
TELBOND60,Tel Bond-60 CPI Linked,2013-04-02,293.15
TELBOND60,Tel Bond-60 CPI Linked,2013-04-03,293.37
TELBOND60,Tel Bond-60 CPI Linked,2013-04-04,293.34
TELBOND60,Tel Bond-60 CPI Linked,2013-04-07,293.68
TELBOND60,Tel Bond-60 CPI Linked,2013-04-08,293.5
TELBOND60,Tel Bond-60 CPI Linked,2013-04-09,293.44
TELBOND60,Tel Bond-60 CPI Linked,2013-04-10,293.44
TELBOND60,Tel Bond-60 CPI Linked,2013-04-11,293.69
TELBOND60,Tel Bond-60 CPI Linked,2013-04-14,293.85
TELBOND60,Tel Bond-60 CPI Linked,2013-04-17,294.37
TELBOND60,Tel Bond-60 CPI Linked,2013-04-18,294.53
TELBOND60,Tel Bond-60 CPI Linked,2013-04-21,294.92
TELBOND60,Tel Bond-60 CPI Linked,2013-04-22,294.58
TELBOND60,Tel Bond-60 CPI Linked,2013-04-23,294.98
TELBOND60,Tel Bond-60 CPI Linked,2013-04-24,294.8
TELBOND60,Tel Bond-60 CPI Linked,2013-04-25,294.89
TELBOND60,Tel Bond-60 CPI Linked,2013-04-28,295.48
TELBOND60,Tel Bond-60 CPI Linked,2013-04-29,295.72
TELBOND60,Tel Bond-60 CPI Linked,2013-04-30,296.17
TELBOND60,Tel Bond-60 CPI Linked,2013-05-01,296.66
TELBOND60,Tel Bond-60 CPI Linked,2013-05-02,297.06
TELBOND60,Tel Bond-60 CPI Linked,2013-05-05,295.91
TELBOND60,Tel Bond-60 CPI Linked,2013-05-06,295.72
TELBOND60,Tel Bond-60 CPI Linked,2013-05-07,295.95
TELBOND60,Tel Bond-60 CPI Linked,2013-05-08,296.31
TELBOND60,Tel Bond-60 CPI Linked,2013-05-09,297.02
TELBOND60,Tel Bond-60 CPI Linked,2013-05-12,296.49
TELBOND60,Tel Bond-60 CPI Linked,2013-05-13,297.3
TELBOND60,Tel Bond-60 CPI Linked,2013-05-16,299.37
TELBOND60,Tel Bond-60 CPI Linked,2013-05-19,299.85
TELBOND60,Tel Bond-60 CPI Linked,2013-05-20,301.03
TELBOND60,Tel Bond-60 CPI Linked,2013-05-21,301.17
TELBOND60,Tel Bond-60 CPI Linked,2013-05-22,301.58
TELBOND60,Tel Bond-60 CPI Linked,2013-05-23,300.65
TELBOND60,Tel Bond-60 CPI Linked,2013-05-26,300.65
TELBOND60,Tel Bond-60 CPI Linked,2013-05-27,300.31
TELBOND60,Tel Bond-60 CPI Linked,2013-05-28,300.97
TELBOND60,Tel Bond-60 CPI Linked,2013-05-29,299.45
TELBOND60,Tel Bond-60 CPI Linked,2013-05-30,298.44
TELBOND60,Tel Bond-60 CPI Linked,2013-06-02,298.49
TELBOND60,Tel Bond-60 CPI Linked,2013-06-03,298.2
TELBOND60,Tel Bond-60 CPI Linked,2013-06-04,298.46
TELBOND60,Tel Bond-60 CPI Linked,2013-06-05,298.98
TELBOND60,Tel Bond-60 CPI Linked,2013-06-06,299.3
TELBOND60,Tel Bond-60 CPI Linked,2013-06-09,298.74
TELBOND60,Tel Bond-60 CPI Linked,2013-06-10,298.9
TELBOND60,Tel Bond-60 CPI Linked,2013-06-11,297.89
TELBOND60,Tel Bond-60 CPI Linked,2013-06-12,297.19
TELBOND60,Tel Bond-60 CPI Linked,2013-06-13,297.21
TELBOND60,Tel Bond-60 CPI Linked,2013-06-16,298.45
TELBOND60,Tel Bond-60 CPI Linked,2013-06-17,299.54
TELBOND60,Tel Bond-60 CPI Linked,2013-06-18,299.73
TELBOND60,Tel Bond-60 CPI Linked,2013-06-19,298.94
TELBOND60,Tel Bond-60 CPI Linked,2013-06-20,297.36
TELBOND60,Tel Bond-60 CPI Linked,2013-06-23,296.77
TELBOND60,Tel Bond-60 CPI Linked,2013-06-24,294.66
TELBOND60,Tel Bond-60 CPI Linked,2013-06-25,295.03
TELBOND60,Tel Bond-60 CPI Linked,2013-06-26,295.06
TELBOND60,Tel Bond-60 CPI Linked,2013-06-27,295.94
TELBOND60,Tel Bond-60 CPI Linked,2013-06-30,296.74
TELBOND60,Tel Bond-60 CPI Linked,2013-07-01,297.0
TELBOND60,Tel Bond-60 CPI Linked,2013-07-02,297.68
TELBOND60,Tel Bond-60 CPI Linked,2013-07-03,298.21
TELBOND60,Tel Bond-60 CPI Linked,2013-07-04,298.87
TELBOND60,Tel Bond-60 CPI Linked,2013-07-07,298.11
TELBOND60,Tel Bond-60 CPI Linked,2013-07-08,297.97
TELBOND60,Tel Bond-60 CPI Linked,2013-07-09,298.23
TELBOND60,Tel Bond-60 CPI Linked,2013-07-10,297.96
TELBOND60,Tel Bond-60 CPI Linked,2013-07-11,298.6
TELBOND60,Tel Bond-60 CPI Linked,2013-07-14,299.32
TELBOND60,Tel Bond-60 CPI Linked,2013-07-15,299.84
TELBOND60,Tel Bond-60 CPI Linked,2013-07-17,300.89
TELBOND60,Tel Bond-60 CPI Linked,2013-07-18,301.5
TELBOND60,Tel Bond-60 CPI Linked,2013-07-21,301.71
TELBOND60,Tel Bond-60 CPI Linked,2013-07-22,302.07
TELBOND60,Tel Bond-60 CPI Linked,2013-07-23,302.13
TELBOND60,Tel Bond-60 CPI Linked,2013-07-24,301.6
TELBOND60,Tel Bond-60 CPI Linked,2013-07-25,301.3
TELBOND60,Tel Bond-60 CPI Linked,2013-07-28,301.66
TELBOND60,Tel Bond-60 CPI Linked,2013-07-29,301.68
TELBOND60,Tel Bond-60 CPI Linked,2013-07-30,301.73
TELBOND60,Tel Bond-60 CPI Linked,2013-07-31,301.85
TELBOND60,Tel Bond-60 CPI Linked,2013-08-01,302.17
TELBOND60,Tel Bond-60 CPI Linked,2013-08-04,303.15
TELBOND60,Tel Bond-60 CPI Linked,2013-08-05,302.63
TELBOND60,Tel Bond-60 CPI Linked,2013-08-06,302.53
TELBOND60,Tel Bond-60 CPI Linked,2013-08-07,302.42
TELBOND60,Tel Bond-60 CPI Linked,2013-08-08,302.66
TELBOND60,Tel Bond-60 CPI Linked,2013-08-11,302.92
TELBOND60,Tel Bond-60 CPI Linked,2013-08-12,303.13
TELBOND60,Tel Bond-60 CPI Linked,2013-08-13,302.87
TELBOND60,Tel Bond-60 CPI Linked,2013-08-14,302.58
TELBOND60,Tel Bond-60 CPI Linked,2013-08-15,302.1
TELBOND60,Tel Bond-60 CPI Linked,2013-08-18,301.71
TELBOND60,Tel Bond-60 CPI Linked,2013-08-19,301.28
TELBOND60,Tel Bond-60 CPI Linked,2013-08-20,301.01
TELBOND60,Tel Bond-60 CPI Linked,2013-08-21,300.52
TELBOND60,Tel Bond-60 CPI Linked,2013-08-22,300.28
TELBOND60,Tel Bond-60 CPI Linked,2013-08-25,301.17
TELBOND60,Tel Bond-60 CPI Linked,2013-08-26,300.63
TELBOND60,Tel Bond-60 CPI Linked,2013-08-27,299.12
TELBOND60,Tel Bond-60 CPI Linked,2013-08-28,298.43
TELBOND60,Tel Bond-60 CPI Linked,2013-08-29,299.01
TELBOND60,Tel Bond-60 CPI Linked,2013-09-01,300.06
TELBOND60,Tel Bond-60 CPI Linked,2013-09-02,299.78
TELBOND60,Tel Bond-60 CPI Linked,2013-09-03,299.38
TELBOND60,Tel Bond-60 CPI Linked,2013-09-08,298.2
TELBOND60,Tel Bond-60 CPI Linked,2013-09-09,298.99
TELBOND60,Tel Bond-60 CPI Linked,2013-09-10,299.76
TELBOND60,Tel Bond-60 CPI Linked,2013-09-11,300.56
TELBOND60,Tel Bond-60 CPI Linked,2013-09-12,301.2
TELBOND60,Tel Bond-60 CPI Linked,2013-09-15,301.87
TELBOND60,Tel Bond-60 CPI Linked,2013-09-16,302.15
TELBOND60,Tel Bond-60 CPI Linked,2013-09-17,301.91
TELBOND60,Tel Bond-60 CPI Linked,2013-09-22,302.74
TELBOND60,Tel Bond-60 CPI Linked,2013-09-23,303.24
TELBOND60,Tel Bond-60 CPI Linked,2013-09-24,304.14
TELBOND60,Tel Bond-60 CPI Linked,2013-09-29,304.27
TELBOND60,Tel Bond-60 CPI Linked,2013-09-30,303.98
TELBOND60,Tel Bond-60 CPI Linked,2013-10-01,303.65
TELBOND60,Tel Bond-60 CPI Linked,2013-10-02,303.86
TELBOND60,Tel Bond-60 CPI Linked,2013-10-03,303.9
TELBOND60,Tel Bond-60 CPI Linked,2013-10-06,304.38
TELBOND60,Tel Bond-60 CPI Linked,2013-10-07,304.6
TELBOND60,Tel Bond-60 CPI Linked,2013-10-08,304.4
TELBOND60,Tel Bond-60 CPI Linked,2013-10-09,304.32
TELBOND60,Tel Bond-60 CPI Linked,2013-10-10,304.22
TELBOND60,Tel Bond-60 CPI Linked,2013-10-13,304.45
TELBOND60,Tel Bond-60 CPI Linked,2013-10-14,304.64
TELBOND60,Tel Bond-60 CPI Linked,2013-10-15,304.28
TELBOND60,Tel Bond-60 CPI Linked,2013-10-16,303.99
TELBOND60,Tel Bond-60 CPI Linked,2013-10-17,304.72
TELBOND60,Tel Bond-60 CPI Linked,2013-10-20,305.47
TELBOND60,Tel Bond-60 CPI Linked,2013-10-21,305.69
TELBOND60,Tel Bond-60 CPI Linked,2013-10-22,305.96
TELBOND60,Tel Bond-60 CPI Linked,2013-10-23,305.65
TELBOND60,Tel Bond-60 CPI Linked,2013-10-24,305.76
TELBOND60,Tel Bond-60 CPI Linked,2013-10-27,306.09
TELBOND60,Tel Bond-60 CPI Linked,2013-10-28,306.01
TELBOND60,Tel Bond-60 CPI Linked,2013-10-29,306.03
TELBOND60,Tel Bond-60 CPI Linked,2013-10-30,306.28
TELBOND60,Tel Bond-60 CPI Linked,2013-10-31,305.72
TELBOND60,Tel Bond-60 CPI Linked,2013-11-03,305.32
TELBOND60,Tel Bond-60 CPI Linked,2013-11-04,305.87
TELBOND60,Tel Bond-60 CPI Linked,2013-11-05,305.5
TELBOND60,Tel Bond-60 CPI Linked,2013-11-06,305.89
TELBOND60,Tel Bond-60 CPI Linked,2013-11-07,306.69
TELBOND60,Tel Bond-60 CPI Linked,2013-11-10,306.29
TELBOND60,Tel Bond-60 CPI Linked,2013-11-11,306.42
TELBOND60,Tel Bond-60 CPI Linked,2013-11-12,306.71
TELBOND60,Tel Bond-60 CPI Linked,2013-11-13,307.1
TELBOND60,Tel Bond-60 CPI Linked,2013-11-14,307.24
TELBOND60,Tel Bond-60 CPI Linked,2013-11-17,308.65
TELBOND60,Tel Bond-60 CPI Linked,2013-11-18,308.78
TELBOND60,Tel Bond-60 CPI Linked,2013-11-19,308.81
TELBOND60,Tel Bond-60 CPI Linked,2013-11-20,308.59
TELBOND60,Tel Bond-60 CPI Linked,2013-11-21,308.07
TELBOND60,Tel Bond-60 CPI Linked,2013-11-24,308.59
TELBOND60,Tel Bond-60 CPI Linked,2013-11-25,308.45
TELBOND60,Tel Bond-60 CPI Linked,2013-11-26,308.76
TELBOND60,Tel Bond-60 CPI Linked,2013-11-27,309.01
TELBOND60,Tel Bond-60 CPI Linked,2013-11-28,309.29
TELBOND60,Tel Bond-60 CPI Linked,2013-12-01,309.78
TELBOND60,Tel Bond-60 CPI Linked,2013-12-02,309.78
TELBOND60,Tel Bond-60 CPI Linked,2013-12-03,310.22
TELBOND60,Tel Bond-60 CPI Linked,2013-12-04,310.09
TELBOND60,Tel Bond-60 CPI Linked,2013-12-05,309.76
TELBOND60,Tel Bond-60 CPI Linked,2013-12-08,309.89
TELBOND60,Tel Bond-60 CPI Linked,2013-12-09,310.28
TELBOND60,Tel Bond-60 CPI Linked,2013-12-10,310.54
TELBOND60,Tel Bond-60 CPI Linked,2013-12-11,310.53
TELBOND60,Tel Bond-60 CPI Linked,2013-12-12,309.99
TELBOND60,Tel Bond-60 CPI Linked,2013-12-15,309.51
TELBOND60,Tel Bond-60 CPI Linked,2013-12-16,309.11
TELBOND60,Tel Bond-60 CPI Linked,2013-12-17,308.66
TELBOND60,Tel Bond-60 CPI Linked,2013-12-18,308.44
TELBOND60,Tel Bond-60 CPI Linked,2013-12-19,307.93
TELBOND60,Tel Bond-60 CPI Linked,2013-12-22,308.21
TELBOND60,Tel Bond-60 CPI Linked,2013-12-23,307.66
TELBOND60,Tel Bond-60 CPI Linked,2013-12-24,306.65
TELBOND60,Tel Bond-60 CPI Linked,2013-12-25,306.36
TELBOND60,Tel Bond-60 CPI Linked,2013-12-26,306.41
TELBOND60,Tel Bond-60 CPI Linked,2013-12-29,305.95
TELBOND60,Tel Bond-60 CPI Linked,2013-12-30,307.35
TELBOND60,Tel Bond-60 CPI Linked,2013-12-31,307.29
TELBOND60,Tel Bond-60 CPI Linked,2014-01-01,306.8
TELBOND60,Tel Bond-60 CPI Linked,2014-01-02,306.6
TELBOND60,Tel Bond-60 CPI Linked,2014-01-05,307.17
TELBOND60,Tel Bond-60 CPI Linked,2014-01-06,307.28
TELBOND60,Tel Bond-60 CPI Linked,2014-01-07,307.35
TELBOND60,Tel Bond-60 CPI Linked,2014-01-08,307.18
TELBOND60,Tel Bond-60 CPI Linked,2014-01-09,307.21
TELBOND60,Tel Bond-60 CPI Linked,2014-01-12,307.8
TELBOND60,Tel Bond-60 CPI Linked,2014-01-13,308.12
TELBOND60,Tel Bond-60 CPI Linked,2014-01-14,308.44
TELBOND60,Tel Bond-60 CPI Linked,2014-01-15,308.52
TELBOND60,Tel Bond-60 CPI Linked,2014-01-16,308.82
TELBOND60,Tel Bond-60 CPI Linked,2014-01-19,308.97
TELBOND60,Tel Bond-60 CPI Linked,2014-01-20,308.59
TELBOND60,Tel Bond-60 CPI Linked,2014-01-21,308.46
TELBOND60,Tel Bond-60 CPI Linked,2014-01-22,308.4
TELBOND60,Tel Bond-60 CPI Linked,2014-01-23,308.95
TELBOND60,Tel Bond-60 CPI Linked,2014-01-26,308.85
TELBOND60,Tel Bond-60 CPI Linked,2014-01-27,308.47
TELBOND60,Tel Bond-60 CPI Linked,2014-01-28,308.34
TELBOND60,Tel Bond-60 CPI Linked,2014-01-29,308.29
TELBOND60,Tel Bond-60 CPI Linked,2014-01-30,308.43
TELBOND60,Tel Bond-60 CPI Linked,2014-02-02,308.55
TELBOND60,Tel Bond-60 CPI Linked,2014-02-03,308.71
TELBOND60,Tel Bond-60 CPI Linked,2014-02-04,309.33
TELBOND60,Tel Bond-60 CPI Linked,2014-02-05,309.4
TELBOND60,Tel Bond-60 CPI Linked,2014-02-06,309.11
TELBOND60,Tel Bond-60 CPI Linked,2014-02-09,309.36
TELBOND60,Tel Bond-60 CPI Linked,2014-02-10,309.45
TELBOND60,Tel Bond-60 CPI Linked,2014-02-11,309.7
TELBOND60,Tel Bond-60 CPI Linked,2014-02-12,309.63
TELBOND60,Tel Bond-60 CPI Linked,2014-02-13,310.07
TELBOND60,Tel Bond-60 CPI Linked,2014-02-16,310.08
TELBOND60,Tel Bond-60 CPI Linked,2014-02-17,310.15
TELBOND60,Tel Bond-60 CPI Linked,2014-02-18,309.73
TELBOND60,Tel Bond-60 CPI Linked,2014-02-19,309.66
TELBOND60,Tel Bond-60 CPI Linked,2014-02-20,309.38
TELBOND60,Tel Bond-60 CPI Linked,2014-02-23,309.53
TELBOND60,Tel Bond-60 CPI Linked,2014-02-24,309.77
TELBOND60,Tel Bond-60 CPI Linked,2014-02-25,310.25
TELBOND60,Tel Bond-60 CPI Linked,2014-02-26,310.21
TELBOND60,Tel Bond-60 CPI Linked,2014-02-27,310.54
TELBOND60,Tel Bond-60 CPI Linked,2014-03-02,311.07
TELBOND60,Tel Bond-60 CPI Linked,2014-03-03,311.71
TELBOND60,Tel Bond-60 CPI Linked,2014-03-04,312.04
TELBOND60,Tel Bond-60 CPI Linked,2014-03-05,312.02
TELBOND60,Tel Bond-60 CPI Linked,2014-03-06,312.53
TELBOND60,Tel Bond-60 CPI Linked,2014-03-09,312.85
TELBOND60,Tel Bond-60 CPI Linked,2014-03-10,313.41
TELBOND60,Tel Bond-60 CPI Linked,2014-03-11,313.68
TELBOND60,Tel Bond-60 CPI Linked,2014-03-12,314.43
TELBOND60,Tel Bond-60 CPI Linked,2014-03-13,314.9
TELBOND60,Tel Bond-60 CPI Linked,2014-03-17,315.11
TELBOND60,Tel Bond-60 CPI Linked,2014-03-18,315.18
TELBOND60,Tel Bond-60 CPI Linked,2014-03-19,315.09
TELBOND60,Tel Bond-60 CPI Linked,2014-03-20,314.31
TELBOND60,Tel Bond-60 CPI Linked,2014-03-23,314.49
TELBOND60,Tel Bond-60 CPI Linked,2014-03-24,314.61
TELBOND60,Tel Bond-60 CPI Linked,2014-03-25,314.79
TELBOND60,Tel Bond-60 CPI Linked,2014-03-26,314.3
TELBOND60,Tel Bond-60 CPI Linked,2014-03-27,313.41
TELBOND60,Tel Bond-60 CPI Linked,2014-03-30,313.37
TELBOND60,Tel Bond-60 CPI Linked,2014-03-31,313.05
TELBOND60,Tel Bond-60 CPI Linked,2014-04-01,313.08
TELBOND60,Tel Bond-60 CPI Linked,2014-04-02,312.46
TELBOND60,Tel Bond-60 CPI Linked,2014-04-03,312.79
TELBOND60,Tel Bond-60 CPI Linked,2014-04-06,313.34
TELBOND60,Tel Bond-60 CPI Linked,2014-04-07,313.43
TELBOND60,Tel Bond-60 CPI Linked,2014-04-08,313.73
TELBOND60,Tel Bond-60 CPI Linked,2014-04-09,314.16
TELBOND60,Tel Bond-60 CPI Linked,2014-04-10,314.39
TELBOND60,Tel Bond-60 CPI Linked,2014-04-13,314.07
TELBOND60,Tel Bond-60 CPI Linked,2014-04-16,314.63
TELBOND60,Tel Bond-60 CPI Linked,2014-04-17,315.0
TELBOND60,Tel Bond-60 CPI Linked,2014-04-22,314.73
TELBOND60,Tel Bond-60 CPI Linked,2014-04-23,314.93
TELBOND60,Tel Bond-60 CPI Linked,2014-04-24,314.95
TELBOND60,Tel Bond-60 CPI Linked,2014-04-27,315.09
TELBOND60,Tel Bond-60 CPI Linked,2014-04-28,315.05
TELBOND60,Tel Bond-60 CPI Linked,2014-04-29,314.9
TELBOND60,Tel Bond-60 CPI Linked,2014-04-30,314.92
TELBOND60,Tel Bond-60 CPI Linked,2014-05-01,315.59
TELBOND60,Tel Bond-60 CPI Linked,2014-05-04,316.1
TELBOND60,Tel Bond-60 CPI Linked,2014-05-07,316.2
TELBOND60,Tel Bond-60 CPI Linked,2014-05-08,316.86
TELBOND60,Tel Bond-60 CPI Linked,2014-05-11,316.98
TELBOND60,Tel Bond-60 CPI Linked,2014-05-12,316.77
TELBOND60,Tel Bond-60 CPI Linked,2014-05-13,316.86
TELBOND60,Tel Bond-60 CPI Linked,2014-05-14,317.32
TELBOND60,Tel Bond-60 CPI Linked,2014-05-15,318.34
TELBOND60,Tel Bond-60 CPI Linked,2014-05-18,318.44
TELBOND60,Tel Bond-60 CPI Linked,2014-05-19,318.52
TELBOND60,Tel Bond-60 CPI Linked,2014-05-20,318.03
TELBOND60,Tel Bond-60 CPI Linked,2014-05-21,317.9
TELBOND60,Tel Bond-60 CPI Linked,2014-05-22,317.56
TELBOND60,Tel Bond-60 CPI Linked,2014-05-25,317.35
TELBOND60,Tel Bond-60 CPI Linked,2014-05-26,316.53
TELBOND60,Tel Bond-60 CPI Linked,2014-05-27,316.23
TELBOND60,Tel Bond-60 CPI Linked,2014-05-28,316.71
TELBOND60,Tel Bond-60 CPI Linked,2014-05-29,317.0
TELBOND60,Tel Bond-60 CPI Linked,2014-06-01,316.4
TELBOND60,Tel Bond-60 CPI Linked,2014-06-02,316.07
TELBOND60,Tel Bond-60 CPI Linked,2014-06-05,315.58
TELBOND60,Tel Bond-60 CPI Linked,2014-06-08,315.76
TELBOND60,Tel Bond-60 CPI Linked,2014-06-09,315.81
TELBOND60,Tel Bond-60 CPI Linked,2014-06-10,315.77
TELBOND60,Tel Bond-60 CPI Linked,2014-06-11,315.92
TELBOND60,Tel Bond-60 CPI Linked,2014-06-12,316.05
TELBOND60,Tel Bond-60 CPI Linked,2014-06-15,316.17
TELBOND60,Tel Bond-60 CPI Linked,2014-06-16,315.46
TELBOND60,Tel Bond-60 CPI Linked,2014-06-17,315.16
TELBOND60,Tel Bond-60 CPI Linked,2014-06-18,315.71
TELBOND60,Tel Bond-60 CPI Linked,2014-06-19,316.36
TELBOND60,Tel Bond-60 CPI Linked,2014-06-22,316.12
TELBOND60,Tel Bond-60 CPI Linked,2014-06-23,315.65
TELBOND60,Tel Bond-60 CPI Linked,2014-06-24,315.46
TELBOND60,Tel Bond-60 CPI Linked,2014-06-25,315.38
TELBOND60,Tel Bond-60 CPI Linked,2014-06-26,315.16
TELBOND60,Tel Bond-60 CPI Linked,2014-06-29,314.67
TELBOND60,Tel Bond-60 CPI Linked,2014-06-30,313.98
TELBOND60,Tel Bond-60 CPI Linked,2014-07-01,314.05
TELBOND60,Tel Bond-60 CPI Linked,2014-07-02,314.26
TELBOND60,Tel Bond-60 CPI Linked,2014-07-03,313.63
TELBOND60,Tel Bond-60 CPI Linked,2014-07-06,313.76
TELBOND60,Tel Bond-60 CPI Linked,2014-07-07,312.63
TELBOND60,Tel Bond-60 CPI Linked,2014-07-08,311.42
TELBOND60,Tel Bond-60 CPI Linked,2014-07-09,312.33
TELBOND60,Tel Bond-60 CPI Linked,2014-07-10,313.53
TELBOND60,Tel Bond-60 CPI Linked,2014-07-13,314.05
TELBOND60,Tel Bond-60 CPI Linked,2014-07-14,314.11
TELBOND60,Tel Bond-60 CPI Linked,2014-07-15,314.39
TELBOND60,Tel Bond-60 CPI Linked,2014-07-16,314.43
TELBOND60,Tel Bond-60 CPI Linked,2014-07-17,314.82
TELBOND60,Tel Bond-60 CPI Linked,2014-07-20,314.1
TELBOND60,Tel Bond-60 CPI Linked,2014-07-21,314.29
TELBOND60,Tel Bond-60 CPI Linked,2014-07-22,314.7
TELBOND60,Tel Bond-60 CPI Linked,2014-07-23,315.58
TELBOND60,Tel Bond-60 CPI Linked,2014-07-24,315.7
TELBOND60,Tel Bond-60 CPI Linked,2014-07-27,315.69
TELBOND60,Tel Bond-60 CPI Linked,2014-07-28,316.4
TELBOND60,Tel Bond-60 CPI Linked,2014-07-29,316.62
TELBOND60,Tel Bond-60 CPI Linked,2014-07-30,316.01
TELBOND60,Tel Bond-60 CPI Linked,2014-07-31,315.32
TELBOND60,Tel Bond-60 CPI Linked,2014-08-03,316.2
TELBOND60,Tel Bond-60 CPI Linked,2014-08-04,315.88
TELBOND60,Tel Bond-60 CPI Linked,2014-08-06,315.19
TELBOND60,Tel Bond-60 CPI Linked,2014-08-07,314.82
TELBOND60,Tel Bond-60 CPI Linked,2014-08-10,314.92
TELBOND60,Tel Bond-60 CPI Linked,2014-08-11,314.76
TELBOND60,Tel Bond-60 CPI Linked,2014-08-12,314.69
TELBOND60,Tel Bond-60 CPI Linked,2014-08-13,314.57
TELBOND60,Tel Bond-60 CPI Linked,2014-08-14,315.0
TELBOND60,Tel Bond-60 CPI Linked,2014-08-17,315.27
TELBOND60,Tel Bond-60 CPI Linked,2014-08-18,315.07
TELBOND60,Tel Bond-60 CPI Linked,2014-08-19,315.18
TELBOND60,Tel Bond-60 CPI Linked,2014-08-20,315.67
TELBOND60,Tel Bond-60 CPI Linked,2014-08-21,316.02
TELBOND60,Tel Bond-60 CPI Linked,2014-08-24,316.12
TELBOND60,Tel Bond-60 CPI Linked,2014-08-25,317.03
TELBOND60,Tel Bond-60 CPI Linked,2014-08-26,317.85
TELBOND60,Tel Bond-60 CPI Linked,2014-08-27,318.37
TELBOND60,Tel Bond-60 CPI Linked,2014-08-28,318.97
TELBOND60,Tel Bond-60 CPI Linked,2014-08-31,319.41
TELBOND60,Tel Bond-60 CPI Linked,2014-09-01,319.21
TELBOND60,Tel Bond-60 CPI Linked,2014-09-02,318.55
TELBOND60,Tel Bond-60 CPI Linked,2014-09-03,318.04
TELBOND60,Tel Bond-60 CPI Linked,2014-09-04,318.0
TELBOND60,Tel Bond-60 CPI Linked,2014-09-07,317.89
TELBOND60,Tel Bond-60 CPI Linked,2014-09-08,318.04
TELBOND60,Tel Bond-60 CPI Linked,2014-09-09,317.62
TELBOND60,Tel Bond-60 CPI Linked,2014-09-10,317.22
TELBOND60,Tel Bond-60 CPI Linked,2014-09-11,317.6
TELBOND60,Tel Bond-60 CPI Linked,2014-09-14,316.98
TELBOND60,Tel Bond-60 CPI Linked,2014-09-15,316.87
TELBOND60,Tel Bond-60 CPI Linked,2014-09-16,317.03
TELBOND60,Tel Bond-60 CPI Linked,2014-09-17,317.17
TELBOND60,Tel Bond-60 CPI Linked,2014-09-18,317.06
TELBOND60,Tel Bond-60 CPI Linked,2014-09-21,317.06
TELBOND60,Tel Bond-60 CPI Linked,2014-09-22,317.3
TELBOND60,Tel Bond-60 CPI Linked,2014-09-23,317.72
TELBOND60,Tel Bond-60 CPI Linked,2014-09-28,318.09
TELBOND60,Tel Bond-60 CPI Linked,2014-09-29,318.07
TELBOND60,Tel Bond-60 CPI Linked,2014-09-30,317.92
TELBOND60,Tel Bond-60 CPI Linked,2014-10-01,318.05
TELBOND60,Tel Bond-60 CPI Linked,2014-10-02,318.34
TELBOND60,Tel Bond-60 CPI Linked,2014-10-05,318.71
TELBOND60,Tel Bond-60 CPI Linked,2014-10-06,319.09
TELBOND60,Tel Bond-60 CPI Linked,2014-10-07,319.47
TELBOND60,Tel Bond-60 CPI Linked,2014-10-12,319.93
TELBOND60,Tel Bond-60 CPI Linked,2014-10-13,319.79
TELBOND60,Tel Bond-60 CPI Linked,2014-10-14,319.71
TELBOND60,Tel Bond-60 CPI Linked,2014-10-19,319.37
TELBOND60,Tel Bond-60 CPI Linked,2014-10-20,318.87
TELBOND60,Tel Bond-60 CPI Linked,2014-10-21,318.2
TELBOND60,Tel Bond-60 CPI Linked,2014-10-22,317.77
TELBOND60,Tel Bond-60 CPI Linked,2014-10-23,317.56
TELBOND60,Tel Bond-60 CPI Linked,2014-10-26,318.44
TELBOND60,Tel Bond-60 CPI Linked,2014-10-27,318.23
TELBOND60,Tel Bond-60 CPI Linked,2014-10-28,317.74
TELBOND60,Tel Bond-60 CPI Linked,2014-10-29,317.45
TELBOND60,Tel Bond-60 CPI Linked,2014-10-30,317.33
TELBOND60,Tel Bond-60 CPI Linked,2014-11-02,318.02
TELBOND60,Tel Bond-60 CPI Linked,2014-11-03,318.55
TELBOND60,Tel Bond-60 CPI Linked,2014-11-04,318.72
TELBOND60,Tel Bond-60 CPI Linked,2014-11-05,318.24
TELBOND60,Tel Bond-60 CPI Linked,2014-11-06,318.04
TELBOND60,Tel Bond-60 CPI Linked,2014-11-09,318.6
TELBOND60,Tel Bond-60 CPI Linked,2014-11-10,317.97
TELBOND60,Tel Bond-60 CPI Linked,2014-11-11,317.46
TELBOND60,Tel Bond-60 CPI Linked,2014-11-12,317.47
TELBOND60,Tel Bond-60 CPI Linked,2014-11-13,317.39
TELBOND60,Tel Bond-60 CPI Linked,2014-11-16,318.33
TELBOND60,Tel Bond-60 CPI Linked,2014-11-17,318.37
TELBOND60,Tel Bond-60 CPI Linked,2014-11-18,318.1
TELBOND60,Tel Bond-60 CPI Linked,2014-11-19,317.73
TELBOND60,Tel Bond-60 CPI Linked,2014-11-20,317.2
TELBOND60,Tel Bond-60 CPI Linked,2014-11-23,314.77
TELBOND60,Tel Bond-60 CPI Linked,2014-11-24,314.56
TELBOND60,Tel Bond-60 CPI Linked,2014-11-25,314.61
TELBOND60,Tel Bond-60 CPI Linked,2014-11-26,315.53
TELBOND60,Tel Bond-60 CPI Linked,2014-11-27,316.43
TELBOND60,Tel Bond-60 CPI Linked,2014-11-30,316.19
TELBOND60,Tel Bond-60 CPI Linked,2014-12-01,314.73
TELBOND60,Tel Bond-60 CPI Linked,2014-12-02,314.69
TELBOND60,Tel Bond-60 CPI Linked,2014-12-03,314.69
TELBOND60,Tel Bond-60 CPI Linked,2014-12-04,315.22
TELBOND60,Tel Bond-60 CPI Linked,2014-12-07,313.92
TELBOND60,Tel Bond-60 CPI Linked,2014-12-08,312.78
TELBOND60,Tel Bond-60 CPI Linked,2014-12-09,312.87
TELBOND60,Tel Bond-60 CPI Linked,2014-12-10,313.29
TELBOND60,Tel Bond-60 CPI Linked,2014-12-11,312.53
TELBOND60,Tel Bond-60 CPI Linked,2014-12-14,310.25
TELBOND60,Tel Bond-60 CPI Linked,2014-12-15,308.8
TELBOND60,Tel Bond-60 CPI Linked,2014-12-16,304.18
TELBOND60,Tel Bond-60 CPI Linked,2014-12-17,307.92
TELBOND60,Tel Bond-60 CPI Linked,2014-12-18,310.61
TELBOND60,Tel Bond-60 CPI Linked,2014-12-21,309.44
TELBOND60,Tel Bond-60 CPI Linked,2014-12-22,311.46
TELBOND60,Tel Bond-60 CPI Linked,2014-12-23,310.9
TELBOND60,Tel Bond-60 CPI Linked,2014-12-24,309.92
TELBOND60,Tel Bond-60 CPI Linked,2014-12-25,309.01
TELBOND60,Tel Bond-60 CPI Linked,2014-12-28,308.23
TELBOND60,Tel Bond-60 CPI Linked,2014-12-29,308.18
TELBOND60,Tel Bond-60 CPI Linked,2014-12-30,308.29
TELBOND60,Tel Bond-60 CPI Linked,2014-12-31,309.81
TELBOND60,Tel Bond-60 CPI Linked,2015-01-01,311.19
TELBOND60,Tel Bond-60 CPI Linked,2015-01-04,311.89
TELBOND60,Tel Bond-60 CPI Linked,2015-01-05,311.52
TELBOND60,Tel Bond-60 CPI Linked,2015-01-06,311.09
TELBOND60,Tel Bond-60 CPI Linked,2015-01-07,310.74
TELBOND60,Tel Bond-60 CPI Linked,2015-01-08,311.47
TELBOND60,Tel Bond-60 CPI Linked,2015-01-11,311.96
TELBOND60,Tel Bond-60 CPI Linked,2015-01-12,313.09
TELBOND60,Tel Bond-60 CPI Linked,2015-01-13,312.49
TELBOND60,Tel Bond-60 CPI Linked,2015-01-14,312.19
TELBOND60,Tel Bond-60 CPI Linked,2015-01-15,312.43
TELBOND60,Tel Bond-60 CPI Linked,2015-01-18,312.25
TELBOND60,Tel Bond-60 CPI Linked,2015-01-19,311.58
TELBOND60,Tel Bond-60 CPI Linked,2015-01-20,311.02
TELBOND60,Tel Bond-60 CPI Linked,2015-01-21,311.99
TELBOND60,Tel Bond-60 CPI Linked,2015-01-22,312.95
TELBOND60,Tel Bond-60 CPI Linked,2015-01-25,312.63
TELBOND60,Tel Bond-60 CPI Linked,2015-01-26,312.48
TELBOND60,Tel Bond-60 CPI Linked,2015-01-27,311.8
TELBOND60,Tel Bond-60 CPI Linked,2015-01-28,310.5
TELBOND60,Tel Bond-60 CPI Linked,2015-01-29,310.97
TELBOND60,Tel Bond-60 CPI Linked,2015-02-01,311.8
TELBOND60,Tel Bond-60 CPI Linked,2015-02-02,312.28
TELBOND60,Tel Bond-60 CPI Linked,2015-02-03,311.54
TELBOND60,Tel Bond-60 CPI Linked,2015-02-04,312.07
TELBOND60,Tel Bond-60 CPI Linked,2015-02-05,312.11
TELBOND60,Tel Bond-60 CPI Linked,2015-02-08,311.53
TELBOND60,Tel Bond-60 CPI Linked,2015-02-09,311.68
TELBOND60,Tel Bond-60 CPI Linked,2015-02-10,311.58
TELBOND60,Tel Bond-60 CPI Linked,2015-02-11,312.33
TELBOND60,Tel Bond-60 CPI Linked,2015-02-12,313.47
TELBOND60,Tel Bond-60 CPI Linked,2015-02-15,315.29
TELBOND60,Tel Bond-60 CPI Linked,2015-02-16,315.78
TELBOND60,Tel Bond-60 CPI Linked,2015-02-17,315.58
TELBOND60,Tel Bond-60 CPI Linked,2015-02-18,314.87
TELBOND60,Tel Bond-60 CPI Linked,2015-02-19,314.59
TELBOND60,Tel Bond-60 CPI Linked,2015-02-22,314.85
TELBOND60,Tel Bond-60 CPI Linked,2015-02-23,316.21
TELBOND60,Tel Bond-60 CPI Linked,2015-02-24,316.78
TELBOND60,Tel Bond-60 CPI Linked,2015-02-25,318.42
TELBOND60,Tel Bond-60 CPI Linked,2015-02-26,317.9
TELBOND60,Tel Bond-60 CPI Linked,2015-03-01,318.38
TELBOND60,Tel Bond-60 CPI Linked,2015-03-02,318.21
TELBOND60,Tel Bond-60 CPI Linked,2015-03-03,317.82
TELBOND60,Tel Bond-60 CPI Linked,2015-03-04,318.13
TELBOND60,Tel Bond-60 CPI Linked,2015-03-08,317.01
TELBOND60,Tel Bond-60 CPI Linked,2015-03-09,316.97
TELBOND60,Tel Bond-60 CPI Linked,2015-03-10,317.24
TELBOND60,Tel Bond-60 CPI Linked,2015-03-11,316.99
TELBOND60,Tel Bond-60 CPI Linked,2015-03-12,315.97
TELBOND60,Tel Bond-60 CPI Linked,2015-03-15,315.22
TELBOND60,Tel Bond-60 CPI Linked,2015-03-16,315.51
TELBOND60,Tel Bond-60 CPI Linked,2015-03-18,316.71
TELBOND60,Tel Bond-60 CPI Linked,2015-03-19,317.63
TELBOND60,Tel Bond-60 CPI Linked,2015-03-22,317.68
TELBOND60,Tel Bond-60 CPI Linked,2015-03-23,316.41
TELBOND60,Tel Bond-60 CPI Linked,2015-03-24,316.15
TELBOND60,Tel Bond-60 CPI Linked,2015-03-25,315.54
TELBOND60,Tel Bond-60 CPI Linked,2015-03-26,315.2
TELBOND60,Tel Bond-60 CPI Linked,2015-03-29,315.23
TELBOND60,Tel Bond-60 CPI Linked,2015-03-30,314.41
TELBOND60,Tel Bond-60 CPI Linked,2015-03-31,314.79
TELBOND60,Tel Bond-60 CPI Linked,2015-04-01,314.82
TELBOND60,Tel Bond-60 CPI Linked,2015-04-02,314.3
TELBOND60,Tel Bond-60 CPI Linked,2015-04-05,315.67
TELBOND60,Tel Bond-60 CPI Linked,2015-04-06,315.98
TELBOND60,Tel Bond-60 CPI Linked,2015-04-07,315.98
TELBOND60,Tel Bond-60 CPI Linked,2015-04-08,315.94
TELBOND60,Tel Bond-60 CPI Linked,2015-04-12,316.18
TELBOND60,Tel Bond-60 CPI Linked,2015-04-13,316.42
TELBOND60,Tel Bond-60 CPI Linked,2015-04-14,316.63
TELBOND60,Tel Bond-60 CPI Linked,2015-04-15,317.71
TELBOND60,Tel Bond-60 CPI Linked,2015-04-16,318.67
TELBOND60,Tel Bond-60 CPI Linked,2015-04-19,318.56
TELBOND60,Tel Bond-60 CPI Linked,2015-04-20,318.95
TELBOND60,Tel Bond-60 CPI Linked,2015-04-21,319.35
TELBOND60,Tel Bond-60 CPI Linked,2015-04-26,320.67
TELBOND60,Tel Bond-60 CPI Linked,2015-04-27,320.31
TELBOND60,Tel Bond-60 CPI Linked,2015-04-28,319.88
TELBOND60,Tel Bond-60 CPI Linked,2015-04-29,319.0
TELBOND60,Tel Bond-60 CPI Linked,2015-04-30,318.57
TELBOND60,Tel Bond-60 CPI Linked,2015-05-03,318.24
TELBOND60,Tel Bond-60 CPI Linked,2015-05-04,319.01
TELBOND60,Tel Bond-60 CPI Linked,2015-05-05,318.32
TELBOND60,Tel Bond-60 CPI Linked,2015-05-06,317.29
TELBOND60,Tel Bond-60 CPI Linked,2015-05-07,316.98
TELBOND60,Tel Bond-60 CPI Linked,2015-05-10,318.29
TELBOND60,Tel Bond-60 CPI Linked,2015-05-11,317.86
TELBOND60,Tel Bond-60 CPI Linked,2015-05-12,316.46
TELBOND60,Tel Bond-60 CPI Linked,2015-05-13,316.6
TELBOND60,Tel Bond-60 CPI Linked,2015-05-14,316.46
TELBOND60,Tel Bond-60 CPI Linked,2015-05-17,318.69
TELBOND60,Tel Bond-60 CPI Linked,2015-05-18,318.07
TELBOND60,Tel Bond-60 CPI Linked,2015-05-19,317.81
TELBOND60,Tel Bond-60 CPI Linked,2015-05-20,317.76
TELBOND60,Tel Bond-60 CPI Linked,2015-05-21,318.77
TELBOND60,Tel Bond-60 CPI Linked,2015-05-25,318.58
TELBOND60,Tel Bond-60 CPI Linked,2015-05-26,318.15
TELBOND60,Tel Bond-60 CPI Linked,2015-05-27,318.01
TELBOND60,Tel Bond-60 CPI Linked,2015-05-28,317.98
TELBOND60,Tel Bond-60 CPI Linked,2015-05-31,318.27
TELBOND60,Tel Bond-60 CPI Linked,2015-06-01,318.01
TELBOND60,Tel Bond-60 CPI Linked,2015-06-02,316.49
TELBOND60,Tel Bond-60 CPI Linked,2015-06-03,314.18
TELBOND60,Tel Bond-60 CPI Linked,2015-06-04,312.79
TELBOND60,Tel Bond-60 CPI Linked,2015-06-07,311.7
TELBOND60,Tel Bond-60 CPI Linked,2015-06-08,312.19
TELBOND60,Tel Bond-60 CPI Linked,2015-06-09,310.6
TELBOND60,Tel Bond-60 CPI Linked,2015-06-10,309.39
TELBOND60,Tel Bond-60 CPI Linked,2015-06-11,310.58
TELBOND60,Tel Bond-60 CPI Linked,2015-06-14,311.35
TELBOND60,Tel Bond-60 CPI Linked,2015-06-15,312.98
TELBOND60,Tel Bond-60 CPI Linked,2015-06-16,313.46
TELBOND60,Tel Bond-60 CPI Linked,2015-06-17,313.85
TELBOND60,Tel Bond-60 CPI Linked,2015-06-18,314.52
TELBOND60,Tel Bond-60 CPI Linked,2015-06-21,314.94
TELBOND60,Tel Bond-60 CPI Linked,2015-06-22,313.49
TELBOND60,Tel Bond-60 CPI Linked,2015-06-23,311.56
TELBOND60,Tel Bond-60 CPI Linked,2015-06-24,310.74
TELBOND60,Tel Bond-60 CPI Linked,2015-06-25,310.33
TELBOND60,Tel Bond-60 CPI Linked,2015-06-28,308.06
TELBOND60,Tel Bond-60 CPI Linked,2015-06-29,307.88
TELBOND60,Tel Bond-60 CPI Linked,2015-06-30,309.31
TELBOND60,Tel Bond-60 CPI Linked,2015-07-01,310.32
TELBOND60,Tel Bond-60 CPI Linked,2015-07-02,311.07
TELBOND60,Tel Bond-60 CPI Linked,2015-07-05,311.55
TELBOND60,Tel Bond-60 CPI Linked,2015-07-06,312.14
TELBOND60,Tel Bond-60 CPI Linked,2015-07-07,313.39
TELBOND60,Tel Bond-60 CPI Linked,2015-07-08,312.94
TELBOND60,Tel Bond-60 CPI Linked,2015-07-09,312.55
TELBOND60,Tel Bond-60 CPI Linked,2015-07-12,311.89
TELBOND60,Tel Bond-60 CPI Linked,2015-07-13,311.59
TELBOND60,Tel Bond-60 CPI Linked,2015-07-14,312.26
TELBOND60,Tel Bond-60 CPI Linked,2015-07-15,313.5
TELBOND60,Tel Bond-60 CPI Linked,2015-07-16,314.03
TELBOND60,Tel Bond-60 CPI Linked,2015-07-19,315.03
TELBOND60,Tel Bond-60 CPI Linked,2015-07-20,315.32
TELBOND60,Tel Bond-60 CPI Linked,2015-07-21,315.61
TELBOND60,Tel Bond-60 CPI Linked,2015-07-22,315.22
TELBOND60,Tel Bond-60 CPI Linked,2015-07-23,315.17
TELBOND60,Tel Bond-60 CPI Linked,2015-07-27,315.56
TELBOND60,Tel Bond-60 CPI Linked,2015-07-28,314.83
TELBOND60,Tel Bond-60 CPI Linked,2015-07-29,313.64
TELBOND60,Tel Bond-60 CPI Linked,2015-07-30,313.78
TELBOND60,Tel Bond-60 CPI Linked,2015-08-02,314.3
TELBOND60,Tel Bond-60 CPI Linked,2015-08-03,314.39
TELBOND60,Tel Bond-60 CPI Linked,2015-08-04,313.84
TELBOND60,Tel Bond-60 CPI Linked,2015-08-05,312.96
TELBOND60,Tel Bond-60 CPI Linked,2015-08-06,313.11
TELBOND60,Tel Bond-60 CPI Linked,2015-08-09,312.93
TELBOND60,Tel Bond-60 CPI Linked,2015-08-10,312.68
TELBOND60,Tel Bond-60 CPI Linked,2015-08-11,313.3
TELBOND60,Tel Bond-60 CPI Linked,2015-08-12,313.74
TELBOND60,Tel Bond-60 CPI Linked,2015-08-13,314.41
TELBOND60,Tel Bond-60 CPI Linked,2015-08-16,314.6
TELBOND60,Tel Bond-60 CPI Linked,2015-08-17,314.22
TELBOND60,Tel Bond-60 CPI Linked,2015-08-18,314.53
TELBOND60,Tel Bond-60 CPI Linked,2015-08-19,314.09
TELBOND60,Tel Bond-60 CPI Linked,2015-08-20,313.2
TELBOND60,Tel Bond-60 CPI Linked,2015-08-23,311.32
TELBOND60,Tel Bond-60 CPI Linked,2015-08-24,309.06
TELBOND60,Tel Bond-60 CPI Linked,2015-08-25,310.18
TELBOND60,Tel Bond-60 CPI Linked,2015-08-26,310.1
TELBOND60,Tel Bond-60 CPI Linked,2015-08-27,311.3
TELBOND60,Tel Bond-60 CPI Linked,2015-08-30,312.82
TELBOND60,Tel Bond-60 CPI Linked,2015-08-31,311.86
TELBOND60,Tel Bond-60 CPI Linked,2015-09-01,311.4
TELBOND60,Tel Bond-60 CPI Linked,2015-09-02,310.9
TELBOND60,Tel Bond-60 CPI Linked,2015-09-03,310.73
TELBOND60,Tel Bond-60 CPI Linked,2015-09-06,310.32
TELBOND60,Tel Bond-60 CPI Linked,2015-09-07,310.57
TELBOND60,Tel Bond-60 CPI Linked,2015-09-08,310.25
TELBOND60,Tel Bond-60 CPI Linked,2015-09-09,309.58
TELBOND60,Tel Bond-60 CPI Linked,2015-09-10,309.33
TELBOND60,Tel Bond-60 CPI Linked,2015-09-16,307.85
TELBOND60,Tel Bond-60 CPI Linked,2015-09-17,308.3
TELBOND60,Tel Bond-60 CPI Linked,2015-09-20,309.2
TELBOND60,Tel Bond-60 CPI Linked,2015-09-21,309.78
TELBOND60,Tel Bond-60 CPI Linked,2015-09-24,309.94
TELBOND60,Tel Bond-60 CPI Linked,2015-09-29,308.98
TELBOND60,Tel Bond-60 CPI Linked,2015-09-30,308.78
TELBOND60,Tel Bond-60 CPI Linked,2015-10-01,308.9
TELBOND60,Tel Bond-60 CPI Linked,2015-10-06,308.96
TELBOND60,Tel Bond-60 CPI Linked,2015-10-07,309.64
TELBOND60,Tel Bond-60 CPI Linked,2015-10-08,309.99
TELBOND60,Tel Bond-60 CPI Linked,2015-10-11,309.95
TELBOND60,Tel Bond-60 CPI Linked,2015-10-12,310.61
TELBOND60,Tel Bond-60 CPI Linked,2015-10-13,310.76
TELBOND60,Tel Bond-60 CPI Linked,2015-10-14,311.45
TELBOND60,Tel Bond-60 CPI Linked,2015-10-15,311.58
TELBOND60,Tel Bond-60 CPI Linked,2015-10-18,312.05
TELBOND60,Tel Bond-60 CPI Linked,2015-10-19,311.75
TELBOND60,Tel Bond-60 CPI Linked,2015-10-20,311.53
TELBOND60,Tel Bond-60 CPI Linked,2015-10-21,311.44
TELBOND60,Tel Bond-60 CPI Linked,2015-10-22,312.03
TELBOND60,Tel Bond-60 CPI Linked,2015-10-25,311.63
TELBOND60,Tel Bond-60 CPI Linked,2015-10-26,312.19
TELBOND60,Tel Bond-60 CPI Linked,2015-10-27,313.11
TELBOND60,Tel Bond-60 CPI Linked,2015-10-28,312.34
TELBOND60,Tel Bond-60 CPI Linked,2015-10-29,311.08
TELBOND60,Tel Bond-60 CPI Linked,2015-11-01,311.24
TELBOND60,Tel Bond-60 CPI Linked,2015-11-02,310.78
TELBOND60,Tel Bond-60 CPI Linked,2015-11-03,310.29
TELBOND60,Tel Bond-60 CPI Linked,2015-11-04,310.41
TELBOND60,Tel Bond-60 CPI Linked,2015-11-05,310.48
TELBOND60,Tel Bond-60 CPI Linked,2015-11-08,309.71
TELBOND60,Tel Bond-60 CPI Linked,2015-11-09,309.4
TELBOND60,Tel Bond-60 CPI Linked,2015-11-10,309.85
TELBOND60,Tel Bond-60 CPI Linked,2015-11-11,310.55
TELBOND60,Tel Bond-60 CPI Linked,2015-11-12,310.32
TELBOND60,Tel Bond-60 CPI Linked,2015-11-15,310.56
TELBOND60,Tel Bond-60 CPI Linked,2015-11-16,310.89
TELBOND60,Tel Bond-60 CPI Linked,2015-11-17,311.06
TELBOND60,Tel Bond-60 CPI Linked,2015-11-18,311.19
TELBOND60,Tel Bond-60 CPI Linked,2015-11-19,311.22
TELBOND60,Tel Bond-60 CPI Linked,2015-11-22,310.77
TELBOND60,Tel Bond-60 CPI Linked,2015-11-23,310.3
TELBOND60,Tel Bond-60 CPI Linked,2015-11-24,310.43
TELBOND60,Tel Bond-60 CPI Linked,2015-11-25,311.07
TELBOND60,Tel Bond-60 CPI Linked,2015-11-26,311.2
TELBOND60,Tel Bond-60 CPI Linked,2015-11-29,310.72
TELBOND60,Tel Bond-60 CPI Linked,2015-11-30,310.18
TELBOND60,Tel Bond-60 CPI Linked,2015-12-01,310.69
TELBOND60,Tel Bond-60 CPI Linked,2015-12-02,310.46
TELBOND60,Tel Bond-60 CPI Linked,2015-12-03,310.07
TELBOND60,Tel Bond-60 CPI Linked,2015-12-06,309.77
TELBOND60,Tel Bond-60 CPI Linked,2015-12-07,309.6
TELBOND60,Tel Bond-60 CPI Linked,2015-12-08,309.21
TELBOND60,Tel Bond-60 CPI Linked,2015-12-09,309.03
TELBOND60,Tel Bond-60 CPI Linked,2015-12-10,309.15
TELBOND60,Tel Bond-60 CPI Linked,2015-12-13,308.53
TELBOND60,Tel Bond-60 CPI Linked,2015-12-14,307.71
TELBOND60,Tel Bond-60 CPI Linked,2015-12-15,307.44
TELBOND60,Tel Bond-60 CPI Linked,2015-12-16,307.3
TELBOND60,Tel Bond-60 CPI Linked,2015-12-17,308.82
TELBOND60,Tel Bond-60 CPI Linked,2015-12-20,308.32
TELBOND60,Tel Bond-60 CPI Linked,2015-12-21,307.84
TELBOND60,Tel Bond-60 CPI Linked,2015-12-22,307.66
TELBOND60,Tel Bond-60 CPI Linked,2015-12-23,307.79
TELBOND60,Tel Bond-60 CPI Linked,2015-12-24,308.16
TELBOND60,Tel Bond-60 CPI Linked,2015-12-27,308.04
TELBOND60,Tel Bond-60 CPI Linked,2015-12-28,307.87
TELBOND60,Tel Bond-60 CPI Linked,2015-12-29,307.82
TELBOND60,Tel Bond-60 CPI Linked,2015-12-30,307.85
TELBOND60,Tel Bond-60 CPI Linked,2015-12-31,308.48
TELBOND60,Tel Bond-60 CPI Linked,2016-01-03,309.24
TELBOND60,Tel Bond-60 CPI Linked,2016-01-04,309.01
TELBOND60,Tel Bond-60 CPI Linked,2016-01-05,308.95
TELBOND60,Tel Bond-60 CPI Linked,2016-01-06,308.58
TELBOND60,Tel Bond-60 CPI Linked,2016-01-07,307.76
TELBOND60,Tel Bond-60 CPI Linked,2016-01-10,307.58
TELBOND60,Tel Bond-60 CPI Linked,2016-01-11,306.99
TELBOND60,Tel Bond-60 CPI Linked,2016-01-12,306.32
TELBOND60,Tel Bond-60 CPI Linked,2016-01-13,306.1
TELBOND60,Tel Bond-60 CPI Linked,2016-01-14,304.8
TELBOND60,Tel Bond-60 CPI Linked,2016-01-17,304.64
TELBOND60,Tel Bond-60 CPI Linked,2016-01-18,304.05
TELBOND60,Tel Bond-60 CPI Linked,2016-01-19,303.91
TELBOND60,Tel Bond-60 CPI Linked,2016-01-20,302.8
TELBOND60,Tel Bond-60 CPI Linked,2016-01-21,303.41
TELBOND60,Tel Bond-60 CPI Linked,2016-01-24,303.96
TELBOND60,Tel Bond-60 CPI Linked,2016-01-25,304.69
TELBOND60,Tel Bond-60 CPI Linked,2016-01-26,304.71
TELBOND60,Tel Bond-60 CPI Linked,2016-01-27,305.61
TELBOND60,Tel Bond-60 CPI Linked,2016-01-28,306.49
TELBOND60,Tel Bond-60 CPI Linked,2016-01-31,307.5
TELBOND60,Tel Bond-60 CPI Linked,2016-02-01,306.5
TELBOND60,Tel Bond-60 CPI Linked,2016-02-02,306.59
TELBOND60,Tel Bond-60 CPI Linked,2016-02-03,306.37
TELBOND60,Tel Bond-60 CPI Linked,2016-02-04,306.08
TELBOND60,Tel Bond-60 CPI Linked,2016-02-07,305.67
TELBOND60,Tel Bond-60 CPI Linked,2016-02-08,304.6
TELBOND60,Tel Bond-60 CPI Linked,2016-02-09,303.07
TELBOND60,Tel Bond-60 CPI Linked,2016-02-10,302.88
TELBOND60,Tel Bond-60 CPI Linked,2016-02-11,301.27
TELBOND60,Tel Bond-60 CPI Linked,2016-02-14,302.54
TELBOND60,Tel Bond-60 CPI Linked,2016-02-15,304.33
TELBOND60,Tel Bond-60 CPI Linked,2016-02-16,304.81
TELBOND60,Tel Bond-60 CPI Linked,2016-02-17,305.23
TELBOND60,Tel Bond-60 CPI Linked,2016-02-18,305.3
TELBOND60,Tel Bond-60 CPI Linked,2016-02-21,304.61
TELBOND60,Tel Bond-60 CPI Linked,2016-02-22,304.65
TELBOND60,Tel Bond-60 CPI Linked,2016-02-23,304.89
TELBOND60,Tel Bond-60 CPI Linked,2016-02-24,305.02
TELBOND60,Tel Bond-60 CPI Linked,2016-02-25,305.55
TELBOND60,Tel Bond-60 CPI Linked,2016-02-28,306.39
TELBOND60,Tel Bond-60 CPI Linked,2016-02-29,307.39
TELBOND60,Tel Bond-60 CPI Linked,2016-03-01,308.19
TELBOND60,Tel Bond-60 CPI Linked,2016-03-02,308.64
TELBOND60,Tel Bond-60 CPI Linked,2016-03-03,308.67
TELBOND60,Tel Bond-60 CPI Linked,2016-03-06,308.78
TELBOND60,Tel Bond-60 CPI Linked,2016-03-07,307.78
TELBOND60,Tel Bond-60 CPI Linked,2016-03-08,308.06
TELBOND60,Tel Bond-60 CPI Linked,2016-03-09,307.95
TELBOND60,Tel Bond-60 CPI Linked,2016-03-10,308.3
TELBOND60,Tel Bond-60 CPI Linked,2016-03-13,307.74
TELBOND60,Tel Bond-60 CPI Linked,2016-03-14,308.15
TELBOND60,Tel Bond-60 CPI Linked,2016-03-15,308.7
TELBOND60,Tel Bond-60 CPI Linked,2016-03-16,309.19
TELBOND60,Tel Bond-60 CPI Linked,2016-03-17,310.57
TELBOND60,Tel Bond-60 CPI Linked,2016-03-20,310.54
TELBOND60,Tel Bond-60 CPI Linked,2016-03-21,309.98
TELBOND60,Tel Bond-60 CPI Linked,2016-03-22,310.25
TELBOND60,Tel Bond-60 CPI Linked,2016-03-23,310.45
TELBOND60,Tel Bond-60 CPI Linked,2016-03-27,310.15
TELBOND60,Tel Bond-60 CPI Linked,2016-03-28,310.16
TELBOND60,Tel Bond-60 CPI Linked,2016-03-29,310.28
TELBOND60,Tel Bond-60 CPI Linked,2016-03-30,310.32
TELBOND60,Tel Bond-60 CPI Linked,2016-03-31,310.83
TELBOND60,Tel Bond-60 CPI Linked,2016-04-03,310.74
TELBOND60,Tel Bond-60 CPI Linked,2016-04-04,310.62
TELBOND60,Tel Bond-60 CPI Linked,2016-04-05,310.86
TELBOND60,Tel Bond-60 CPI Linked,2016-04-06,311.11
TELBOND60,Tel Bond-60 CPI Linked,2016-04-07,311.56
TELBOND60,Tel Bond-60 CPI Linked,2016-04-10,311.5
TELBOND60,Tel Bond-60 CPI Linked,2016-04-11,311.52
TELBOND60,Tel Bond-60 CPI Linked,2016-04-12,311.55
TELBOND60,Tel Bond-60 CPI Linked,2016-04-13,311.99
TELBOND60,Tel Bond-60 CPI Linked,2016-04-14,312.37
TELBOND60,Tel Bond-60 CPI Linked,2016-04-17,312.85
TELBOND60,Tel Bond-60 CPI Linked,2016-04-18,312.67
TELBOND60,Tel Bond-60 CPI Linked,2016-04-19,312.66
TELBOND60,Tel Bond-60 CPI Linked,2016-04-20,312.66
TELBOND60,Tel Bond-60 CPI Linked,2016-04-21,312.99
TELBOND60,Tel Bond-60 CPI Linked,2016-04-24,313.28
TELBOND60,Tel Bond-60 CPI Linked,2016-04-25,313.58
TELBOND60,Tel Bond-60 CPI Linked,2016-04-26,313.49
TELBOND60,Tel Bond-60 CPI Linked,2016-04-27,313.54
TELBOND60,Tel Bond-60 CPI Linked,2016-05-01,313.81
TELBOND60,Tel Bond-60 CPI Linked,2016-05-02,313.42
TELBOND60,Tel Bond-60 CPI Linked,2016-05-03,313.62
TELBOND60,Tel Bond-60 CPI Linked,2016-05-04,313.39
TELBOND60,Tel Bond-60 CPI Linked,2016-05-05,313.52
TELBOND60,Tel Bond-60 CPI Linked,2016-05-08,313.35
TELBOND60,Tel Bond-60 CPI Linked,2016-05-09,313.31
TELBOND60,Tel Bond-60 CPI Linked,2016-05-10,313.08
TELBOND60,Tel Bond-60 CPI Linked,2016-05-15,313.37
TELBOND60,Tel Bond-60 CPI Linked,2016-05-16,313.31
TELBOND60,Tel Bond-60 CPI Linked,2016-05-17,313.32
TELBOND60,Tel Bond-60 CPI Linked,2016-05-18,313.04
TELBOND60,Tel Bond-60 CPI Linked,2016-05-19,312.48
TELBOND60,Tel Bond-60 CPI Linked,2016-05-22,312.83
TELBOND60,Tel Bond-60 CPI Linked,2016-05-23,313.11
TELBOND60,Tel Bond-60 CPI Linked,2016-05-24,312.96
TELBOND60,Tel Bond-60 CPI Linked,2016-05-25,312.81
TELBOND60,Tel Bond-60 CPI Linked,2016-05-26,313.13
TELBOND60,Tel Bond-60 CPI Linked,2016-05-29,313.21
TELBOND60,Tel Bond-60 CPI Linked,2016-05-30,313.13
TELBOND60,Tel Bond-60 CPI Linked,2016-05-31,313.09
TELBOND60,Tel Bond-60 CPI Linked,2016-06-01,313.53
TELBOND60,Tel Bond-60 CPI Linked,2016-06-02,313.35
TELBOND60,Tel Bond-60 CPI Linked,2016-06-05,313.73
TELBOND60,Tel Bond-60 CPI Linked,2016-06-06,313.54
TELBOND60,Tel Bond-60 CPI Linked,2016-06-07,313.79
TELBOND60,Tel Bond-60 CPI Linked,2016-06-08,314.17
TELBOND60,Tel Bond-60 CPI Linked,2016-06-09,314.59
TELBOND60,Tel Bond-60 CPI Linked,2016-06-13,314.3
TELBOND60,Tel Bond-60 CPI Linked,2016-06-14,313.83
TELBOND60,Tel Bond-60 CPI Linked,2016-06-15,313.71
TELBOND60,Tel Bond-60 CPI Linked,2016-06-16,314.27
TELBOND60,Tel Bond-60 CPI Linked,2016-06-19,314.24
TELBOND60,Tel Bond-60 CPI Linked,2016-06-20,313.96
TELBOND60,Tel Bond-60 CPI Linked,2016-06-21,313.96
TELBOND60,Tel Bond-60 CPI Linked,2016-06-22,314.21
TELBOND60,Tel Bond-60 CPI Linked,2016-06-23,314.43
TELBOND60,Tel Bond-60 CPI Linked,2016-06-26,313.09
TELBOND60,Tel Bond-60 CPI Linked,2016-06-27,313.02
TELBOND60,Tel Bond-60 CPI Linked,2016-06-28,313.7
TELBOND60,Tel Bond-60 CPI Linked,2016-06-29,314.4
TELBOND60,Tel Bond-60 CPI Linked,2016-06-30,314.96
TELBOND60,Tel Bond-60 CPI Linked,2016-07-03,315.87
TELBOND60,Tel Bond-60 CPI Linked,2016-07-04,316.21
TELBOND60,Tel Bond-60 CPI Linked,2016-07-05,316.55
TELBOND60,Tel Bond-60 CPI Linked,2016-07-06,316.12
TELBOND60,Tel Bond-60 CPI Linked,2016-07-07,316.08
TELBOND60,Tel Bond-60 CPI Linked,2016-07-10,316.84
TELBOND60,Tel Bond-60 CPI Linked,2016-07-11,317.56
TELBOND60,Tel Bond-60 CPI Linked,2016-07-12,317.62
TELBOND60,Tel Bond-60 CPI Linked,2016-07-13,317.64
TELBOND60,Tel Bond-60 CPI Linked,2016-07-14,317.37
TELBOND60,Tel Bond-60 CPI Linked,2016-07-17,317.21
TELBOND60,Tel Bond-60 CPI Linked,2016-07-18,317.25
TELBOND60,Tel Bond-60 CPI Linked,2016-07-19,317.71
TELBOND60,Tel Bond-60 CPI Linked,2016-07-20,317.67
TELBOND60,Tel Bond-60 CPI Linked,2016-07-21,317.45
TELBOND60,Tel Bond-60 CPI Linked,2016-07-24,317.93
TELBOND60,Tel Bond-60 CPI Linked,2016-07-25,318.31
TELBOND60,Tel Bond-60 CPI Linked,2016-07-26,317.67
TELBOND60,Tel Bond-60 CPI Linked,2016-07-27,317.67
TELBOND60,Tel Bond-60 CPI Linked,2016-07-28,317.9
TELBOND60,Tel Bond-60 CPI Linked,2016-07-31,318.28
TELBOND60,Tel Bond-60 CPI Linked,2016-08-01,317.59
TELBOND60,Tel Bond-60 CPI Linked,2016-08-02,316.72
TELBOND60,Tel Bond-60 CPI Linked,2016-08-03,316.36
TELBOND60,Tel Bond-60 CPI Linked,2016-08-04,316.43
TELBOND60,Tel Bond-60 CPI Linked,2016-08-07,316.38
TELBOND60,Tel Bond-60 CPI Linked,2016-08-08,316.27
TELBOND60,Tel Bond-60 CPI Linked,2016-08-09,316.32
TELBOND60,Tel Bond-60 CPI Linked,2016-08-10,316.54
TELBOND60,Tel Bond-60 CPI Linked,2016-08-11,316.27
TELBOND60,Tel Bond-60 CPI Linked,2016-08-15,315.95
TELBOND60,Tel Bond-60 CPI Linked,2016-08-16,316.4
TELBOND60,Tel Bond-60 CPI Linked,2016-08-17,316.48
TELBOND60,Tel Bond-60 CPI Linked,2016-08-18,317.01
TELBOND60,Tel Bond-60 CPI Linked,2016-08-21,317.14
TELBOND60,Tel Bond-60 CPI Linked,2016-08-22,317.01
TELBOND60,Tel Bond-60 CPI Linked,2016-08-23,316.89
TELBOND60,Tel Bond-60 CPI Linked,2016-08-24,317.39
TELBOND60,Tel Bond-60 CPI Linked,2016-08-25,317.6
TELBOND60,Tel Bond-60 CPI Linked,2016-08-28,317.46
TELBOND60,Tel Bond-60 CPI Linked,2016-08-29,317.57
TELBOND60,Tel Bond-60 CPI Linked,2016-08-30,318.19
TELBOND60,Tel Bond-60 CPI Linked,2016-08-31,317.9
TELBOND60,Tel Bond-60 CPI Linked,2016-09-01,317.44
TELBOND60,Tel Bond-60 CPI Linked,2016-09-04,317.27
TELBOND60,Tel Bond-60 CPI Linked,2016-09-05,317.65
TELBOND60,Tel Bond-60 CPI Linked,2016-09-06,317.6
TELBOND60,Tel Bond-60 CPI Linked,2016-09-07,317.84
TELBOND60,Tel Bond-60 CPI Linked,2016-09-08,317.54
TELBOND60,Tel Bond-60 CPI Linked,2016-09-11,316.78
TELBOND60,Tel Bond-60 CPI Linked,2016-09-12,316.05
TELBOND60,Tel Bond-60 CPI Linked,2016-09-13,316.48
TELBOND60,Tel Bond-60 CPI Linked,2016-09-14,316.06
TELBOND60,Tel Bond-60 CPI Linked,2016-09-15,315.95
TELBOND60,Tel Bond-60 CPI Linked,2016-09-18,315.79
TELBOND60,Tel Bond-60 CPI Linked,2016-09-19,315.41
TELBOND60,Tel Bond-60 CPI Linked,2016-09-20,314.96
TELBOND60,Tel Bond-60 CPI Linked,2016-09-21,314.52
TELBOND60,Tel Bond-60 CPI Linked,2016-09-22,315.45
TELBOND60,Tel Bond-60 CPI Linked,2016-09-25,315.56
TELBOND60,Tel Bond-60 CPI Linked,2016-09-26,315.4
TELBOND60,Tel Bond-60 CPI Linked,2016-09-27,315.07
TELBOND60,Tel Bond-60 CPI Linked,2016-09-28,314.84
TELBOND60,Tel Bond-60 CPI Linked,2016-09-29,314.89
TELBOND60,Tel Bond-60 CPI Linked,2016-10-05,314.64
TELBOND60,Tel Bond-60 CPI Linked,2016-10-06,314.72
TELBOND60,Tel Bond-60 CPI Linked,2016-10-09,314.96
TELBOND60,Tel Bond-60 CPI Linked,2016-10-10,315.11
TELBOND60,Tel Bond-60 CPI Linked,2016-10-13,314.73
TELBOND60,Tel Bond-60 CPI Linked,2016-10-18,314.88
TELBOND60,Tel Bond-60 CPI Linked,2016-10-19,315.28
TELBOND60,Tel Bond-60 CPI Linked,2016-10-20,315.72
TELBOND60,Tel Bond-60 CPI Linked,2016-10-25,315.52
TELBOND60,Tel Bond-60 CPI Linked,2016-10-26,315.32
TELBOND60,Tel Bond-60 CPI Linked,2016-10-27,314.86
TELBOND60,Tel Bond-60 CPI Linked,2016-10-30,314.95
TELBOND60,Tel Bond-60 CPI Linked,2016-10-31,315.53
TELBOND60,Tel Bond-60 CPI Linked,2016-11-01,315.58
TELBOND60,Tel Bond-60 CPI Linked,2016-11-02,315.6
TELBOND60,Tel Bond-60 CPI Linked,2016-11-03,315.5
TELBOND60,Tel Bond-60 CPI Linked,2016-11-06,315.44
TELBOND60,Tel Bond-60 CPI Linked,2016-11-07,315.45
TELBOND60,Tel Bond-60 CPI Linked,2016-11-08,315.51
TELBOND60,Tel Bond-60 CPI Linked,2016-11-09,314.93
TELBOND60,Tel Bond-60 CPI Linked,2016-11-10,314.78
TELBOND60,Tel Bond-60 CPI Linked,2016-11-13,314.28
TELBOND60,Tel Bond-60 CPI Linked,2016-11-14,313.79
TELBOND60,Tel Bond-60 CPI Linked,2016-11-15,314.24
TELBOND60,Tel Bond-60 CPI Linked,2016-11-16,314.72
TELBOND60,Tel Bond-60 CPI Linked,2016-11-17,315.09
TELBOND60,Tel Bond-60 CPI Linked,2016-11-20,314.97
TELBOND60,Tel Bond-60 CPI Linked,2016-11-21,315.31
TELBOND60,Tel Bond-60 CPI Linked,2016-11-22,315.27
TELBOND60,Tel Bond-60 CPI Linked,2016-11-23,315.15
TELBOND60,Tel Bond-60 CPI Linked,2016-11-24,315.12
TELBOND60,Tel Bond-60 CPI Linked,2016-11-27,315.08
TELBOND60,Tel Bond-60 CPI Linked,2016-11-28,315.1
TELBOND60,Tel Bond-60 CPI Linked,2016-11-29,314.86
TELBOND60,Tel Bond-60 CPI Linked,2016-11-30,314.82
TELBOND60,Tel Bond-60 CPI Linked,2016-12-01,315.09
TELBOND60,Tel Bond-60 CPI Linked,2016-12-04,315.77
TELBOND60,Tel Bond-60 CPI Linked,2016-12-05,315.67
TELBOND60,Tel Bond-60 CPI Linked,2016-12-06,315.93
TELBOND60,Tel Bond-60 CPI Linked,2016-12-07,316.14
TELBOND60,Tel Bond-60 CPI Linked,2016-12-08,316.18
TELBOND60,Tel Bond-60 CPI Linked,2016-12-11,316.05
TELBOND60,Tel Bond-60 CPI Linked,2016-12-12,316.36
TELBOND60,Tel Bond-60 CPI Linked,2016-12-13,316.61
TELBOND60,Tel Bond-60 CPI Linked,2016-12-14,316.52
TELBOND60,Tel Bond-60 CPI Linked,2016-12-15,315.85
TELBOND60,Tel Bond-60 CPI Linked,2016-12-18,315.43
TELBOND60,Tel Bond-60 CPI Linked,2016-12-19,315.48
TELBOND60,Tel Bond-60 CPI Linked,2016-12-20,315.26
TELBOND60,Tel Bond-60 CPI Linked,2016-12-21,314.89
TELBOND60,Tel Bond-60 CPI Linked,2016-12-22,314.88
TELBOND60,Tel Bond-60 CPI Linked,2016-12-25,314.41
TELBOND60,Tel Bond-60 CPI Linked,2016-12-26,314.23
TELBOND60,Tel Bond-60 CPI Linked,2016-12-27,314.62
TELBOND60,Tel Bond-60 CPI Linked,2016-12-28,315.19
TELBOND60,Tel Bond-60 CPI Linked,2016-12-29,315.68
TELBOND60,Tel Bond-60 CPI Linked,2017-01-01,316.16
TELBOND60,Tel Bond-60 CPI Linked,2017-01-02,316.79
TELBOND60,Tel Bond-60 CPI Linked,2017-01-03,316.89
TELBOND60,Tel Bond-60 CPI Linked,2017-01-04,317.26
TELBOND60,Tel Bond-60 CPI Linked,2017-01-05,317.73
TELBOND60,Tel Bond-60 CPI Linked,2017-01-08,317.55
TELBOND60,Tel Bond-60 CPI Linked,2017-01-09,317.77
TELBOND60,Tel Bond-60 CPI Linked,2017-01-10,318.1
TELBOND60,Tel Bond-60 CPI Linked,2017-01-11,318.11
TELBOND60,Tel Bond-60 CPI Linked,2017-01-12,318.21
TELBOND60,Tel Bond-60 CPI Linked,2017-01-15,317.8
TELBOND60,Tel Bond-60 CPI Linked,2017-01-16,317.27
TELBOND60,Tel Bond-60 CPI Linked,2017-01-17,317.31
TELBOND60,Tel Bond-60 CPI Linked,2017-01-18,316.84
TELBOND60,Tel Bond-60 CPI Linked,2017-01-19,316.31
TELBOND60,Tel Bond-60 CPI Linked,2017-01-22,316.45
TELBOND60,Tel Bond-60 CPI Linked,2017-01-23,316.7
TELBOND60,Tel Bond-60 CPI Linked,2017-01-24,316.95
TELBOND60,Tel Bond-60 CPI Linked,2017-01-25,316.87
TELBOND60,Tel Bond-60 CPI Linked,2017-01-26,317.03
TELBOND60,Tel Bond-60 CPI Linked,2017-01-29,317.2
TELBOND60,Tel Bond-60 CPI Linked,2017-01-30,317.62
TELBOND60,Tel Bond-60 CPI Linked,2017-01-31,317.89
TELBOND60,Tel Bond-60 CPI Linked,2017-02-01,318.32
TELBOND60,Tel Bond-60 CPI Linked,2017-02-02,318.82
TELBOND60,Tel Bond-60 CPI Linked,2017-02-05,318.59
TELBOND60,Tel Bond-60 CPI Linked,2017-02-06,318.56
TELBOND60,Tel Bond-60 CPI Linked,2017-02-07,318.63
TELBOND60,Tel Bond-60 CPI Linked,2017-02-08,318.59
TELBOND60,Tel Bond-60 CPI Linked,2017-02-09,318.54
TELBOND60,Tel Bond-60 CPI Linked,2017-02-12,318.26
TELBOND60,Tel Bond-60 CPI Linked,2017-02-13,318.19
TELBOND60,Tel Bond-60 CPI Linked,2017-02-14,318.11
TELBOND60,Tel Bond-60 CPI Linked,2017-02-15,318.19
TELBOND60,Tel Bond-60 CPI Linked,2017-02-16,318.59
TELBOND60,Tel Bond-60 CPI Linked,2017-02-19,318.78
TELBOND60,Tel Bond-60 CPI Linked,2017-02-20,318.52
TELBOND60,Tel Bond-60 CPI Linked,2017-02-21,318.44
TELBOND60,Tel Bond-60 CPI Linked,2017-02-22,318.7
TELBOND60,Tel Bond-60 CPI Linked,2017-02-23,318.49
TELBOND60,Tel Bond-60 CPI Linked,2017-02-26,318.7
TELBOND60,Tel Bond-60 CPI Linked,2017-02-27,318.79
TELBOND60,Tel Bond-60 CPI Linked,2017-02-28,318.64
TELBOND60,Tel Bond-60 CPI Linked,2017-03-01,318.24
TELBOND60,Tel Bond-60 CPI Linked,2017-03-02,318.1
TELBOND60,Tel Bond-60 CPI Linked,2017-03-05,318.05
TELBOND60,Tel Bond-60 CPI Linked,2017-03-06,318.18
TELBOND60,Tel Bond-60 CPI Linked,2017-03-07,318.07
TELBOND60,Tel Bond-60 CPI Linked,2017-03-08,317.68
TELBOND60,Tel Bond-60 CPI Linked,2017-03-09,317.94
TELBOND60,Tel Bond-60 CPI Linked,2017-03-13,318.04
TELBOND60,Tel Bond-60 CPI Linked,2017-03-14,318.09
TELBOND60,Tel Bond-60 CPI Linked,2017-03-15,318.38
TELBOND60,Tel Bond-60 CPI Linked,2017-03-16,319.57
TELBOND60,Tel Bond-60 CPI Linked,2017-03-19,320.24
TELBOND60,Tel Bond-60 CPI Linked,2017-03-20,320.35
TELBOND60,Tel Bond-60 CPI Linked,2017-03-21,320.63
TELBOND60,Tel Bond-60 CPI Linked,2017-03-22,319.98
TELBOND60,Tel Bond-60 CPI Linked,2017-03-23,319.56
TELBOND60,Tel Bond-60 CPI Linked,2017-03-26,319.7
TELBOND60,Tel Bond-60 CPI Linked,2017-03-27,319.02
TELBOND60,Tel Bond-60 CPI Linked,2017-03-28,318.59
TELBOND60,Tel Bond-60 CPI Linked,2017-03-29,318.81
TELBOND60,Tel Bond-60 CPI Linked,2017-03-30,319.3
TELBOND60,Tel Bond-60 CPI Linked,2017-04-02,319.28
TELBOND60,Tel Bond-60 CPI Linked,2017-04-03,319.38
TELBOND60,Tel Bond-60 CPI Linked,2017-04-04,319.67
TELBOND60,Tel Bond-60 CPI Linked,2017-04-05,319.81
TELBOND60,Tel Bond-60 CPI Linked,2017-04-06,319.93
TELBOND60,Tel Bond-60 CPI Linked,2017-04-09,319.92
TELBOND60,Tel Bond-60 CPI Linked,2017-04-12,320.3
TELBOND60,Tel Bond-60 CPI Linked,2017-04-13,320.48
TELBOND60,Tel Bond-60 CPI Linked,2017-04-18,321.48
TELBOND60,Tel Bond-60 CPI Linked,2017-04-19,322.21
TELBOND60,Tel Bond-60 CPI Linked,2017-04-20,322.46
TELBOND60,Tel Bond-60 CPI Linked,2017-04-23,322.64
TELBOND60,Tel Bond-60 CPI Linked,2017-04-24,322.73
TELBOND60,Tel Bond-60 CPI Linked,2017-04-25,322.75
TELBOND60,Tel Bond-60 CPI Linked,2017-04-26,323.09
TELBOND60,Tel Bond-60 CPI Linked,2017-04-27,323.44
TELBOND60,Tel Bond-60 CPI Linked,2017-04-30,323.62
TELBOND60,Tel Bond-60 CPI Linked,2017-05-03,323.58
TELBOND60,Tel Bond-60 CPI Linked,2017-05-04,323.45
TELBOND60,Tel Bond-60 CPI Linked,2017-05-07,323.42
TELBOND60,Tel Bond-60 CPI Linked,2017-05-08,323.89
TELBOND60,Tel Bond-60 CPI Linked,2017-05-09,324.34
TELBOND60,Tel Bond-60 CPI Linked,2017-05-10,324.93
TELBOND60,Tel Bond-60 CPI Linked,2017-05-11,325.12
TELBOND60,Tel Bond-60 CPI Linked,2017-05-14,325.54
TELBOND60,Tel Bond-60 CPI Linked,2017-05-15,325.63
TELBOND60,Tel Bond-60 CPI Linked,2017-05-16,325.48
TELBOND60,Tel Bond-60 CPI Linked,2017-05-17,325.48
TELBOND60,Tel Bond-60 CPI Linked,2017-05-18,325.52
TELBOND60,Tel Bond-60 CPI Linked,2017-05-21,326.27
TELBOND60,Tel Bond-60 CPI Linked,2017-05-22,326.24
TELBOND60,Tel Bond-60 CPI Linked,2017-05-23,326.41
TELBOND60,Tel Bond-60 CPI Linked,2017-05-24,326.37
TELBOND60,Tel Bond-60 CPI Linked,2017-05-25,326.72
TELBOND60,Tel Bond-60 CPI Linked,2017-05-28,326.8
TELBOND60,Tel Bond-60 CPI Linked,2017-05-29,326.65
TELBOND60,Tel Bond-60 CPI Linked,2017-06-01,326.36
TELBOND60,Tel Bond-60 CPI Linked,2017-06-04,326.62
TELBOND60,Tel Bond-60 CPI Linked,2017-06-05,326.49
TELBOND60,Tel Bond-60 CPI Linked,2017-06-06,326.47
TELBOND60,Tel Bond-60 CPI Linked,2017-06-07,326.41
TELBOND60,Tel Bond-60 CPI Linked,2017-06-08,325.64
TELBOND60,Tel Bond-60 CPI Linked,2017-06-11,325.55
TELBOND60,Tel Bond-60 CPI Linked,2017-06-12,325.27
TELBOND60,Tel Bond-60 CPI Linked,2017-06-13,325.16
TELBOND60,Tel Bond-60 CPI Linked,2017-06-14,325.27
TELBOND60,Tel Bond-60 CPI Linked,2017-06-15,324.97
TELBOND60,Tel Bond-60 CPI Linked,2017-06-18,325.48
TELBOND60,Tel Bond-60 CPI Linked,2017-06-19,325.54
TELBOND60,Tel Bond-60 CPI Linked,2017-06-20,325.07
TELBOND60,Tel Bond-60 CPI Linked,2017-06-21,324.89
TELBOND60,Tel Bond-60 CPI Linked,2017-06-22,324.91
TELBOND60,Tel Bond-60 CPI Linked,2017-06-25,325.07
TELBOND60,Tel Bond-60 CPI Linked,2017-06-26,325.61
TELBOND60,Tel Bond-60 CPI Linked,2017-06-27,325.45
TELBOND60,Tel Bond-60 CPI Linked,2017-06-28,324.54
TELBOND60,Tel Bond-60 CPI Linked,2017-06-29,324.35
TELBOND60,Tel Bond-60 CPI Linked,2017-07-02,324.84
TELBOND60,Tel Bond-60 CPI Linked,2017-07-03,324.82
TELBOND60,Tel Bond-60 CPI Linked,2017-07-04,324.95
TELBOND60,Tel Bond-60 CPI Linked,2017-07-05,325.08
TELBOND60,Tel Bond-60 CPI Linked,2017-07-06,324.99
TELBOND60,Tel Bond-60 CPI Linked,2017-07-09,325.0
TELBOND60,Tel Bond-60 CPI Linked,2017-07-10,325.04
TELBOND60,Tel Bond-60 CPI Linked,2017-07-11,325.31
TELBOND60,Tel Bond-60 CPI Linked,2017-07-12,325.58
TELBOND60,Tel Bond-60 CPI Linked,2017-07-13,325.59
TELBOND60,Tel Bond-60 CPI Linked,2017-07-16,325.11
TELBOND60,Tel Bond-60 CPI Linked,2017-07-17,325.12
TELBOND60,Tel Bond-60 CPI Linked,2017-07-18,325.15
TELBOND60,Tel Bond-60 CPI Linked,2017-07-19,325.39
TELBOND60,Tel Bond-60 CPI Linked,2017-07-20,325.25
TELBOND60,Tel Bond-60 CPI Linked,2017-07-23,325.58
TELBOND60,Tel Bond-60 CPI Linked,2017-07-24,325.51
TELBOND60,Tel Bond-60 CPI Linked,2017-07-25,325.3
TELBOND60,Tel Bond-60 CPI Linked,2017-07-26,325.37
TELBOND60,Tel Bond-60 CPI Linked,2017-07-27,325.56
TELBOND60,Tel Bond-60 CPI Linked,2017-07-30,325.74
TELBOND60,Tel Bond-60 CPI Linked,2017-07-31,325.57
TELBOND60,Tel Bond-60 CPI Linked,2017-08-02,325.93
TELBOND60,Tel Bond-60 CPI Linked,2017-08-03,326.43
TELBOND60,Tel Bond-60 CPI Linked,2017-08-06,326.68
TELBOND60,Tel Bond-60 CPI Linked,2017-08-07,327.0
TELBOND60,Tel Bond-60 CPI Linked,2017-08-08,326.97
TELBOND60,Tel Bond-60 CPI Linked,2017-08-09,326.86
TELBOND60,Tel Bond-60 CPI Linked,2017-08-10,326.53
TELBOND60,Tel Bond-60 CPI Linked,2017-08-13,326.55
TELBOND60,Tel Bond-60 CPI Linked,2017-08-14,326.43
TELBOND60,Tel Bond-60 CPI Linked,2017-08-15,326.74
TELBOND60,Tel Bond-60 CPI Linked,2017-08-16,326.96
TELBOND60,Tel Bond-60 CPI Linked,2017-08-17,327.5
TELBOND60,Tel Bond-60 CPI Linked,2017-08-20,327.91
TELBOND60,Tel Bond-60 CPI Linked,2017-08-21,328.25
TELBOND60,Tel Bond-60 CPI Linked,2017-08-22,328.32
TELBOND60,Tel Bond-60 CPI Linked,2017-08-23,328.14
TELBOND60,Tel Bond-60 CPI Linked,2017-08-24,328.16
TELBOND60,Tel Bond-60 CPI Linked,2017-08-27,328.05
TELBOND60,Tel Bond-60 CPI Linked,2017-08-28,327.94
TELBOND60,Tel Bond-60 CPI Linked,2017-08-29,328.01
TELBOND60,Tel Bond-60 CPI Linked,2017-08-30,328.1
TELBOND60,Tel Bond-60 CPI Linked,2017-08-31,327.88
TELBOND60,Tel Bond-60 CPI Linked,2017-09-03,327.81
TELBOND60,Tel Bond-60 CPI Linked,2017-09-04,328.18
TELBOND60,Tel Bond-60 CPI Linked,2017-09-05,328.56
TELBOND60,Tel Bond-60 CPI Linked,2017-09-06,328.61
TELBOND60,Tel Bond-60 CPI Linked,2017-09-07,328.84
TELBOND60,Tel Bond-60 CPI Linked,2017-09-10,328.61
TELBOND60,Tel Bond-60 CPI Linked,2017-09-11,328.68
TELBOND60,Tel Bond-60 CPI Linked,2017-09-12,328.78
TELBOND60,Tel Bond-60 CPI Linked,2017-09-13,329.02
TELBOND60,Tel Bond-60 CPI Linked,2017-09-14,329.17
TELBOND60,Tel Bond-60 CPI Linked,2017-09-17,329.27
TELBOND60,Tel Bond-60 CPI Linked,2017-09-18,329.37
TELBOND60,Tel Bond-60 CPI Linked,2017-09-19,329.64
TELBOND60,Tel Bond-60 CPI Linked,2017-09-24,329.2
TELBOND60,Tel Bond-60 CPI Linked,2017-09-25,329.06
TELBOND60,Tel Bond-60 CPI Linked,2017-09-26,328.84
TELBOND60,Tel Bond-60 CPI Linked,2017-09-27,328.73
TELBOND60,Tel Bond-60 CPI Linked,2017-09-28,328.81
TELBOND60,Tel Bond-60 CPI Linked,2017-10-01,328.95
TELBOND60,Tel Bond-60 CPI Linked,2017-10-02,328.83
TELBOND60,Tel Bond-60 CPI Linked,2017-10-03,329.12
TELBOND60,Tel Bond-60 CPI Linked,2017-10-08,329.18
TELBOND60,Tel Bond-60 CPI Linked,2017-10-09,329.52
TELBOND60,Tel Bond-60 CPI Linked,2017-10-10,329.44
TELBOND60,Tel Bond-60 CPI Linked,2017-10-15,329.54
TELBOND60,Tel Bond-60 CPI Linked,2017-10-16,330.27
TELBOND60,Tel Bond-60 CPI Linked,2017-10-17,330.37
TELBOND60,Tel Bond-60 CPI Linked,2017-10-18,330.93
TELBOND60,Tel Bond-60 CPI Linked,2017-10-19,330.43
TELBOND60,Tel Bond-60 CPI Linked,2017-10-22,330.14
TELBOND60,Tel Bond-60 CPI Linked,2017-10-23,330.02
TELBOND60,Tel Bond-60 CPI Linked,2017-10-24,329.51
TELBOND60,Tel Bond-60 CPI Linked,2017-10-25,329.11
TELBOND60,Tel Bond-60 CPI Linked,2017-10-26,328.87
TELBOND60,Tel Bond-60 CPI Linked,2017-10-29,329.15
TELBOND60,Tel Bond-60 CPI Linked,2017-10-30,329.44
TELBOND60,Tel Bond-60 CPI Linked,2017-10-31,329.87
TELBOND60,Tel Bond-60 CPI Linked,2017-11-01,330.09
TELBOND60,Tel Bond-60 CPI Linked,2017-11-02,329.95
TELBOND60,Tel Bond-60 CPI Linked,2017-11-05,330.19
TELBOND60,Tel Bond-60 CPI Linked,2017-11-06,330.27
TELBOND60,Tel Bond-60 CPI Linked,2017-11-07,330.65
TELBOND60,Tel Bond-60 CPI Linked,2017-11-08,330.62
TELBOND60,Tel Bond-60 CPI Linked,2017-11-09,330.32
TELBOND60,Tel Bond-60 CPI Linked,2017-11-12,330.33
TELBOND60,Tel Bond-60 CPI Linked,2017-11-13,330.62
TELBOND60,Tel Bond-60 CPI Linked,2017-11-14,331.17
TELBOND60,Tel Bond-60 CPI Linked,2017-11-15,331.34
TELBOND60,Tel Bond-60 CPI Linked,2017-11-16,331.91
TELBOND60,Tel Bond-60 CPI Linked,2017-11-19,332.15
TELBOND60,Tel Bond-60 CPI Linked,2017-11-20,332.32
TELBOND60,Tel Bond-60 CPI Linked,2017-11-21,332.54
TELBOND60,Tel Bond-60 CPI Linked,2017-11-22,332.42
TELBOND60,Tel Bond-60 CPI Linked,2017-11-23,332.8
TELBOND60,Tel Bond-60 CPI Linked,2017-11-26,332.73
TELBOND60,Tel Bond-60 CPI Linked,2017-11-27,332.92
TELBOND60,Tel Bond-60 CPI Linked,2017-11-28,333.26
TELBOND60,Tel Bond-60 CPI Linked,2017-11-29,333.13
TELBOND60,Tel Bond-60 CPI Linked,2017-11-30,333.23
TELBOND60,Tel Bond-60 CPI Linked,2017-12-03,333.39
TELBOND60,Tel Bond-60 CPI Linked,2017-12-04,333.65
TELBOND60,Tel Bond-60 CPI Linked,2017-12-05,334.02
TELBOND60,Tel Bond-60 CPI Linked,2017-12-06,334.03
TELBOND60,Tel Bond-60 CPI Linked,2017-12-07,333.64
TELBOND60,Tel Bond-60 CPI Linked,2017-12-10,333.49
TELBOND60,Tel Bond-60 CPI Linked,2017-12-11,333.29
TELBOND60,Tel Bond-60 CPI Linked,2017-12-12,333.21
TELBOND60,Tel Bond-60 CPI Linked,2017-12-13,332.91
TELBOND60,Tel Bond-60 CPI Linked,2017-12-14,332.6
TELBOND60,Tel Bond-60 CPI Linked,2017-12-17,332.36
TELBOND60,Tel Bond-60 CPI Linked,2017-12-18,333.3
TELBOND60,Tel Bond-60 CPI Linked,2017-12-19,332.87
TELBOND60,Tel Bond-60 CPI Linked,2017-12-20,332.22
TELBOND60,Tel Bond-60 CPI Linked,2017-12-21,332.18
TELBOND60,Tel Bond-60 CPI Linked,2017-12-24,332.32
TELBOND60,Tel Bond-60 CPI Linked,2017-12-25,332.32
TELBOND60,Tel Bond-60 CPI Linked,2017-12-26,332.62
TELBOND60,Tel Bond-60 CPI Linked,2017-12-27,333.06
TELBOND60,Tel Bond-60 CPI Linked,2017-12-28,333.51
TELBOND60,Tel Bond-60 CPI Linked,2017-12-31,333.97
TELBOND60,Tel Bond-60 CPI Linked,2018-01-01,333.67
TELBOND60,Tel Bond-60 CPI Linked,2018-01-02,333.62
TELBOND60,Tel Bond-60 CPI Linked,2018-01-03,333.92
TELBOND60,Tel Bond-60 CPI Linked,2018-01-04,334.35
TELBOND60,Tel Bond-60 CPI Linked,2018-01-07,334.45
TELBOND60,Tel Bond-60 CPI Linked,2018-01-08,334.89
TELBOND60,Tel Bond-60 CPI Linked,2018-01-09,334.76
TELBOND60,Tel Bond-60 CPI Linked,2018-01-10,334.43
TELBOND60,Tel Bond-60 CPI Linked,2018-01-11,334.76
TELBOND60,Tel Bond-60 CPI Linked,2018-01-14,335.4
TELBOND60,Tel Bond-60 CPI Linked,2018-01-15,335.87
TELBOND60,Tel Bond-60 CPI Linked,2018-01-16,336.83
TELBOND60,Tel Bond-60 CPI Linked,2018-01-17,336.88
TELBOND60,Tel Bond-60 CPI Linked,2018-01-18,336.61
TELBOND60,Tel Bond-60 CPI Linked,2018-01-21,336.46
TELBOND60,Tel Bond-60 CPI Linked,2018-01-22,336.69
TELBOND60,Tel Bond-60 CPI Linked,2018-01-23,337.01
TELBOND60,Tel Bond-60 CPI Linked,2018-01-24,336.77
TELBOND60,Tel Bond-60 CPI Linked,2018-01-25,336.5
TELBOND60,Tel Bond-60 CPI Linked,2018-01-28,336.51
TELBOND60,Tel Bond-60 CPI Linked,2018-01-29,335.57
TELBOND60,Tel Bond-60 CPI Linked,2018-01-30,335.49
TELBOND60,Tel Bond-60 CPI Linked,2018-01-31,335.26
TELBOND60,Tel Bond-60 CPI Linked,2018-02-01,335.09
TELBOND60,Tel Bond-60 CPI Linked,2018-02-04,334.05
TELBOND60,Tel Bond-60 CPI Linked,2018-02-05,333.19
TELBOND60,Tel Bond-60 CPI Linked,2018-02-06,332.39
TELBOND60,Tel Bond-60 CPI Linked,2018-02-07,333.15
TELBOND60,Tel Bond-60 CPI Linked,2018-02-08,332.27
TELBOND60,Tel Bond-60 CPI Linked,2018-02-11,330.98
TELBOND60,Tel Bond-60 CPI Linked,2018-02-12,330.84
TELBOND60,Tel Bond-60 CPI Linked,2018-02-13,331.21
TELBOND60,Tel Bond-60 CPI Linked,2018-02-14,331.22
TELBOND60,Tel Bond-60 CPI Linked,2018-02-15,332.27
TELBOND60,Tel Bond-60 CPI Linked,2018-02-18,333.02
TELBOND60,Tel Bond-60 CPI Linked,2018-02-19,333.16
TELBOND60,Tel Bond-60 CPI Linked,2018-02-20,332.46
TELBOND60,Tel Bond-60 CPI Linked,2018-02-21,332.28
TELBOND60,Tel Bond-60 CPI Linked,2018-02-22,331.77
TELBOND60,Tel Bond-60 CPI Linked,2018-02-25,332.28
TELBOND60,Tel Bond-60 CPI Linked,2018-02-26,332.55
TELBOND60,Tel Bond-60 CPI Linked,2018-02-27,333.14
TELBOND60,Tel Bond-60 CPI Linked,2018-02-28,332.44
TELBOND60,Tel Bond-60 CPI Linked,2018-03-04,332.32
TELBOND60,Tel Bond-60 CPI Linked,2018-03-05,332.33
TELBOND60,Tel Bond-60 CPI Linked,2018-03-06,332.63
TELBOND60,Tel Bond-60 CPI Linked,2018-03-07,331.95
TELBOND60,Tel Bond-60 CPI Linked,2018-03-08,331.19
TELBOND60,Tel Bond-60 CPI Linked,2018-03-11,331.55
TELBOND60,Tel Bond-60 CPI Linked,2018-03-12,331.17
TELBOND60,Tel Bond-60 CPI Linked,2018-03-13,332.2
TELBOND60,Tel Bond-60 CPI Linked,2018-03-14,332.52
TELBOND60,Tel Bond-60 CPI Linked,2018-03-15,333.05
TELBOND60,Tel Bond-60 CPI Linked,2018-03-18,333.46
TELBOND60,Tel Bond-60 CPI Linked,2018-03-19,333.34
TELBOND60,Tel Bond-60 CPI Linked,2018-03-20,332.83
TELBOND60,Tel Bond-60 CPI Linked,2018-03-21,332.81
TELBOND60,Tel Bond-60 CPI Linked,2018-03-22,332.87
TELBOND60,Tel Bond-60 CPI Linked,2018-03-25,332.39
TELBOND60,Tel Bond-60 CPI Linked,2018-03-26,332.33
TELBOND60,Tel Bond-60 CPI Linked,2018-03-27,332.59
TELBOND60,Tel Bond-60 CPI Linked,2018-03-28,332.36
TELBOND60,Tel Bond-60 CPI Linked,2018-03-29,332.66
TELBOND60,Tel Bond-60 CPI Linked,2018-04-01,333.16
TELBOND60,Tel Bond-60 CPI Linked,2018-04-02,332.71
TELBOND60,Tel Bond-60 CPI Linked,2018-04-03,332.21
TELBOND60,Tel Bond-60 CPI Linked,2018-04-04,331.71
TELBOND60,Tel Bond-60 CPI Linked,2018-04-08,331.69
TELBOND60,Tel Bond-60 CPI Linked,2018-04-09,332.13
TELBOND60,Tel Bond-60 CPI Linked,2018-04-10,332.7
TELBOND60,Tel Bond-60 CPI Linked,2018-04-11,332.72
TELBOND60,Tel Bond-60 CPI Linked,2018-04-12,332.98
TELBOND60,Tel Bond-60 CPI Linked,2018-04-15,333.32
TELBOND60,Tel Bond-60 CPI Linked,2018-04-16,334.25
TELBOND60,Tel Bond-60 CPI Linked,2018-04-17,334.86
TELBOND60,Tel Bond-60 CPI Linked,2018-04-22,334.62
TELBOND60,Tel Bond-60 CPI Linked,2018-04-23,334.15
TELBOND60,Tel Bond-60 CPI Linked,2018-04-24,334.16
TELBOND60,Tel Bond-60 CPI Linked,2018-04-25,333.94
TELBOND60,Tel Bond-60 CPI Linked,2018-04-26,334.31
TELBOND60,Tel Bond-60 CPI Linked,2018-04-29,334.69
TELBOND60,Tel Bond-60 CPI Linked,2018-04-30,334.38
TELBOND60,Tel Bond-60 CPI Linked,2018-05-01,334.48
TELBOND60,Tel Bond-60 CPI Linked,2018-05-02,334.29
TELBOND60,Tel Bond-60 CPI Linked,2018-05-03,334.39
TELBOND60,Tel Bond-60 CPI Linked,2018-05-06,334.63
TELBOND60,Tel Bond-60 CPI Linked,2018-05-07,334.91
TELBOND60,Tel Bond-60 CPI Linked,2018-05-08,334.45
TELBOND60,Tel Bond-60 CPI Linked,2018-05-09,333.95
TELBOND60,Tel Bond-60 CPI Linked,2018-05-10,333.67
TELBOND60,Tel Bond-60 CPI Linked,2018-05-13,333.53
TELBOND60,Tel Bond-60 CPI Linked,2018-05-14,333.72
TELBOND60,Tel Bond-60 CPI Linked,2018-05-15,333.66
TELBOND60,Tel Bond-60 CPI Linked,2018-05-16,333.47
TELBOND60,Tel Bond-60 CPI Linked,2018-05-17,332.97
TELBOND60,Tel Bond-60 CPI Linked,2018-05-21,333.55
TELBOND60,Tel Bond-60 CPI Linked,2018-05-22,333.78
TELBOND60,Tel Bond-60 CPI Linked,2018-05-23,333.77
TELBOND60,Tel Bond-60 CPI Linked,2018-05-24,334.01
TELBOND60,Tel Bond-60 CPI Linked,2018-05-27,334.45
TELBOND60,Tel Bond-60 CPI Linked,2018-05-28,334.09
TELBOND60,Tel Bond-60 CPI Linked,2018-05-29,333.51
TELBOND60,Tel Bond-60 CPI Linked,2018-05-30,333.66
TELBOND60,Tel Bond-60 CPI Linked,2018-05-31,333.8
TELBOND60,Tel Bond-60 CPI Linked,2018-06-03,333.78
TELBOND60,Tel Bond-60 CPI Linked,2018-06-04,333.82
TELBOND60,Tel Bond-60 CPI Linked,2018-06-05,333.65
TELBOND60,Tel Bond-60 CPI Linked,2018-06-06,333.65
TELBOND60,Tel Bond-60 CPI Linked,2018-06-07,333.72
TELBOND60,Tel Bond-60 CPI Linked,2018-06-10,333.86
TELBOND60,Tel Bond-60 CPI Linked,2018-06-11,334.02
TELBOND60,Tel Bond-60 CPI Linked,2018-06-12,334.17
TELBOND60,Tel Bond-60 CPI Linked,2018-06-13,334.42
TELBOND60,Tel Bond-60 CPI Linked,2018-06-14,334.78
TELBOND60,Tel Bond-60 CPI Linked,2018-06-17,335.47
TELBOND60,Tel Bond-60 CPI Linked,2018-06-18,335.67
TELBOND60,Tel Bond-60 CPI Linked,2018-06-19,335.99
TELBOND60,Tel Bond-60 CPI Linked,2018-06-20,336.0
TELBOND60,Tel Bond-60 CPI Linked,2018-06-21,336.26
TELBOND60,Tel Bond-60 CPI Linked,2018-06-24,336.53
TELBOND60,Tel Bond-60 CPI Linked,2018-06-25,336.23
TELBOND60,Tel Bond-60 CPI Linked,2018-06-26,335.69
TELBOND60,Tel Bond-60 CPI Linked,2018-06-27,335.46
TELBOND60,Tel Bond-60 CPI Linked,2018-06-28,334.88
TELBOND60,Tel Bond-60 CPI Linked,2018-07-01,335.05
TELBOND60,Tel Bond-60 CPI Linked,2018-07-02,334.7
TELBOND60,Tel Bond-60 CPI Linked,2018-07-03,334.42
TELBOND60,Tel Bond-60 CPI Linked,2018-07-04,333.52
TELBOND60,Tel Bond-60 CPI Linked,2018-07-05,333.07
TELBOND60,Tel Bond-60 CPI Linked,2018-07-08,333.06
TELBOND60,Tel Bond-60 CPI Linked,2018-07-09,333.72
TELBOND60,Tel Bond-60 CPI Linked,2018-07-10,334.3
TELBOND60,Tel Bond-60 CPI Linked,2018-07-11,334.58
TELBOND60,Tel Bond-60 CPI Linked,2018-07-12,334.67
TELBOND60,Tel Bond-60 CPI Linked,2018-07-15,334.84
TELBOND60,Tel Bond-60 CPI Linked,2018-07-16,335.32
TELBOND60,Tel Bond-60 CPI Linked,2018-07-17,335.69
TELBOND60,Tel Bond-60 CPI Linked,2018-07-18,336.16
TELBOND60,Tel Bond-60 CPI Linked,2018-07-19,336.14
TELBOND60,Tel Bond-60 CPI Linked,2018-07-23,335.7
TELBOND60,Tel Bond-60 CPI Linked,2018-07-24,335.45
TELBOND60,Tel Bond-60 CPI Linked,2018-07-25,335.13
TELBOND60,Tel Bond-60 CPI Linked,2018-07-26,335.52
TELBOND60,Tel Bond-60 CPI Linked,2018-07-29,335.59
TELBOND60,Tel Bond-60 CPI Linked,2018-07-30,335.49
TELBOND60,Tel Bond-60 CPI Linked,2018-07-31,335.53
TELBOND60,Tel Bond-60 CPI Linked,2018-08-01,335.48
TELBOND60,Tel Bond-60 CPI Linked,2018-08-02,335.82
TELBOND60,Tel Bond-60 CPI Linked,2018-08-05,336.54
TELBOND60,Tel Bond-60 CPI Linked,2018-08-06,336.73
TELBOND60,Tel Bond-60 CPI Linked,2018-08-07,336.96
TELBOND60,Tel Bond-60 CPI Linked,2018-08-08,337.29
TELBOND60,Tel Bond-60 CPI Linked,2018-08-09,337.55
TELBOND60,Tel Bond-60 CPI Linked,2018-08-12,337.92
TELBOND60,Tel Bond-60 CPI Linked,2018-08-13,337.6
TELBOND60,Tel Bond-60 CPI Linked,2018-08-14,337.89
TELBOND60,Tel Bond-60 CPI Linked,2018-08-15,338.0
TELBOND60,Tel Bond-60 CPI Linked,2018-08-16,337.92
TELBOND60,Tel Bond-60 CPI Linked,2018-08-19,338.08
TELBOND60,Tel Bond-60 CPI Linked,2018-08-20,338.46
TELBOND60,Tel Bond-60 CPI Linked,2018-08-21,338.75
TELBOND60,Tel Bond-60 CPI Linked,2018-08-22,338.84
TELBOND60,Tel Bond-60 CPI Linked,2018-08-23,338.99
TELBOND60,Tel Bond-60 CPI Linked,2018-08-26,339.0
TELBOND60,Tel Bond-60 CPI Linked,2018-08-27,339.2
TELBOND60,Tel Bond-60 CPI Linked,2018-08-28,339.09
TELBOND60,Tel Bond-60 CPI Linked,2018-08-29,339.05
TELBOND60,Tel Bond-60 CPI Linked,2018-08-30,338.8
TELBOND60,Tel Bond-60 CPI Linked,2018-09-02,338.67
TELBOND60,Tel Bond-60 CPI Linked,2018-09-03,338.67
TELBOND60,Tel Bond-60 CPI Linked,2018-09-04,338.07
TELBOND60,Tel Bond-60 CPI Linked,2018-09-05,337.57
TELBOND60,Tel Bond-60 CPI Linked,2018-09-06,337.41
TELBOND60,Tel Bond-60 CPI Linked,2018-09-12,337.08
TELBOND60,Tel Bond-60 CPI Linked,2018-09-13,337.49
TELBOND60,Tel Bond-60 CPI Linked,2018-09-16,337.74
TELBOND60,Tel Bond-60 CPI Linked,2018-09-17,337.86
TELBOND60,Tel Bond-60 CPI Linked,2018-09-20,337.66
TELBOND60,Tel Bond-60 CPI Linked,2018-09-25,338.07
TELBOND60,Tel Bond-60 CPI Linked,2018-09-26,338.38
TELBOND60,Tel Bond-60 CPI Linked,2018-09-27,338.6
TELBOND60,Tel Bond-60 CPI Linked,2018-10-02,338.91
TELBOND60,Tel Bond-60 CPI Linked,2018-10-03,339.21
TELBOND60,Tel Bond-60 CPI Linked,2018-10-04,338.46
TELBOND60,Tel Bond-60 CPI Linked,2018-10-07,337.82
TELBOND60,Tel Bond-60 CPI Linked,2018-10-08,338.26
TELBOND60,Tel Bond-60 CPI Linked,2018-10-09,338.26
TELBOND60,Tel Bond-60 CPI Linked,2018-10-10,337.76
TELBOND60,Tel Bond-60 CPI Linked,2018-10-11,336.79
TELBOND60,Tel Bond-60 CPI Linked,2018-10-14,336.89
TELBOND60,Tel Bond-60 CPI Linked,2018-10-15,336.85
TELBOND60,Tel Bond-60 CPI Linked,2018-10-16,337.11
TELBOND60,Tel Bond-60 CPI Linked,2018-10-17,337.02
TELBOND60,Tel Bond-60 CPI Linked,2018-10-18,337.12
TELBOND60,Tel Bond-60 CPI Linked,2018-10-21,336.83
TELBOND60,Tel Bond-60 CPI Linked,2018-10-22,336.63
TELBOND60,Tel Bond-60 CPI Linked,2018-10-23,336.44
TELBOND60,Tel Bond-60 CPI Linked,2018-10-24,336.58
TELBOND60,Tel Bond-60 CPI Linked,2018-10-25,335.87
TELBOND60,Tel Bond-60 CPI Linked,2018-10-28,335.97
TELBOND60,Tel Bond-60 CPI Linked,2018-10-29,335.89
TELBOND60,Tel Bond-60 CPI Linked,2018-10-31,335.87
TELBOND60,Tel Bond-60 CPI Linked,2018-11-01,336.3
TELBOND60,Tel Bond-60 CPI Linked,2018-11-04,336.01
TELBOND60,Tel Bond-60 CPI Linked,2018-11-05,336.11
TELBOND60,Tel Bond-60 CPI Linked,2018-11-06,335.96
TELBOND60,Tel Bond-60 CPI Linked,2018-11-07,336.05
TELBOND60,Tel Bond-60 CPI Linked,2018-11-08,336.28
TELBOND60,Tel Bond-60 CPI Linked,2018-11-11,336.09
TELBOND60,Tel Bond-60 CPI Linked,2018-11-12,335.97
TELBOND60,Tel Bond-60 CPI Linked,2018-11-13,336.08
TELBOND60,Tel Bond-60 CPI Linked,2018-11-14,335.94
TELBOND60,Tel Bond-60 CPI Linked,2018-11-15,336.06
TELBOND60,Tel Bond-60 CPI Linked,2018-11-18,337.01
TELBOND60,Tel Bond-60 CPI Linked,2018-11-19,336.32
TELBOND60,Tel Bond-60 CPI Linked,2018-11-20,335.85
TELBOND60,Tel Bond-60 CPI Linked,2018-11-21,335.73
TELBOND60,Tel Bond-60 CPI Linked,2018-11-22,336.14
TELBOND60,Tel Bond-60 CPI Linked,2018-11-25,335.6
TELBOND60,Tel Bond-60 CPI Linked,2018-11-26,334.63
TELBOND60,Tel Bond-60 CPI Linked,2018-11-27,333.16
TELBOND60,Tel Bond-60 CPI Linked,2018-11-28,333.35
TELBOND60,Tel Bond-60 CPI Linked,2018-11-29,333.56
TELBOND60,Tel Bond-60 CPI Linked,2018-12-02,333.56
TELBOND60,Tel Bond-60 CPI Linked,2018-12-03,333.94
TELBOND60,Tel Bond-60 CPI Linked,2018-12-04,334.34
TELBOND60,Tel Bond-60 CPI Linked,2018-12-05,334.27
TELBOND60,Tel Bond-60 CPI Linked,2018-12-06,333.88
TELBOND60,Tel Bond-60 CPI Linked,2018-12-09,333.29
TELBOND60,Tel Bond-60 CPI Linked,2018-12-10,332.28
TELBOND60,Tel Bond-60 CPI Linked,2018-12-11,332.61
TELBOND60,Tel Bond-60 CPI Linked,2018-12-12,333.15
TELBOND60,Tel Bond-60 CPI Linked,2018-12-13,333.42
TELBOND60,Tel Bond-60 CPI Linked,2018-12-16,331.46
TELBOND60,Tel Bond-60 CPI Linked,2018-12-17,331.27
TELBOND60,Tel Bond-60 CPI Linked,2018-12-18,331.08
TELBOND60,Tel Bond-60 CPI Linked,2018-12-19,331.22
TELBOND60,Tel Bond-60 CPI Linked,2018-12-20,330.19
TELBOND60,Tel Bond-60 CPI Linked,2018-12-23,326.3
TELBOND60,Tel Bond-60 CPI Linked,2018-12-24,325.26
TELBOND60,Tel Bond-60 CPI Linked,2018-12-25,327.51
TELBOND60,Tel Bond-60 CPI Linked,2018-12-26,329.26
TELBOND60,Tel Bond-60 CPI Linked,2018-12-27,330.44
TELBOND60,Tel Bond-60 CPI Linked,2018-12-30,331.05
TELBOND60,Tel Bond-60 CPI Linked,2018-12-31,331.42
TELBOND60,Tel Bond-60 CPI Linked,2019-01-01,332.61
TELBOND60,Tel Bond-60 CPI Linked,2019-01-02,331.95
TELBOND60,Tel Bond-60 CPI Linked,2019-01-03,331.58
TELBOND60,Tel Bond-60 CPI Linked,2019-01-06,331.73
TELBOND60,Tel Bond-60 CPI Linked,2019-01-07,332.15
TELBOND60,Tel Bond-60 CPI Linked,2019-01-08,333.0
TELBOND60,Tel Bond-60 CPI Linked,2019-01-09,333.11
TELBOND60,Tel Bond-60 CPI Linked,2019-01-10,332.67
TELBOND60,Tel Bond-60 CPI Linked,2019-01-13,332.21
TELBOND60,Tel Bond-60 CPI Linked,2019-01-14,332.39
TELBOND60,Tel Bond-60 CPI Linked,2019-01-15,333.05
TELBOND60,Tel Bond-60 CPI Linked,2019-01-16,333.38
TELBOND60,Tel Bond-60 CPI Linked,2019-01-17,333.85
TELBOND60,Tel Bond-60 CPI Linked,2019-01-20,334.28
TELBOND60,Tel Bond-60 CPI Linked,2019-01-21,333.88
TELBOND60,Tel Bond-60 CPI Linked,2019-01-22,333.55
TELBOND60,Tel Bond-60 CPI Linked,2019-01-23,333.53
TELBOND60,Tel Bond-60 CPI Linked,2019-01-24,334.15
TELBOND60,Tel Bond-60 CPI Linked,2019-01-27,334.34
TELBOND60,Tel Bond-60 CPI Linked,2019-01-28,334.55
TELBOND60,Tel Bond-60 CPI Linked,2019-01-29,335.04
TELBOND60,Tel Bond-60 CPI Linked,2019-01-30,335.45
TELBOND60,Tel Bond-60 CPI Linked,2019-01-31,336.29
TELBOND60,Tel Bond-60 CPI Linked,2019-02-03,336.52
TELBOND60,Tel Bond-60 CPI Linked,2019-02-04,336.32
TELBOND60,Tel Bond-60 CPI Linked,2019-02-05,336.86
TELBOND60,Tel Bond-60 CPI Linked,2019-02-06,336.9
TELBOND60,Tel Bond-60 CPI Linked,2019-02-07,336.46
TELBOND60,Tel Bond-60 CPI Linked,2019-02-10,336.64
TELBOND60,Tel Bond-60 CPI Linked,2019-02-11,336.61
TELBOND60,Tel Bond-60 CPI Linked,2019-02-12,336.75
TELBOND60,Tel Bond-60 CPI Linked,2019-02-13,336.84
TELBOND60,Tel Bond-60 CPI Linked,2019-02-14,337.63
TELBOND60,Tel Bond-60 CPI Linked,2019-02-17,338.32
TELBOND60,Tel Bond-60 CPI Linked,2019-02-18,338.99
TELBOND60,Tel Bond-60 CPI Linked,2019-02-19,339.23
TELBOND60,Tel Bond-60 CPI Linked,2019-02-20,339.23
TELBOND60,Tel Bond-60 CPI Linked,2019-02-21,338.94
TELBOND60,Tel Bond-60 CPI Linked,2019-02-24,339.38
TELBOND60,Tel Bond-60 CPI Linked,2019-02-25,339.45
TELBOND60,Tel Bond-60 CPI Linked,2019-02-26,339.78
TELBOND60,Tel Bond-60 CPI Linked,2019-02-27,340.24
TELBOND60,Tel Bond-60 CPI Linked,2019-02-28,340.35
TELBOND60,Tel Bond-60 CPI Linked,2019-03-03,341.0
TELBOND60,Tel Bond-60 CPI Linked,2019-03-04,341.49
TELBOND60,Tel Bond-60 CPI Linked,2019-03-05,340.87
TELBOND60,Tel Bond-60 CPI Linked,2019-03-06,340.98
TELBOND60,Tel Bond-60 CPI Linked,2019-03-07,341.5
TELBOND60,Tel Bond-60 CPI Linked,2019-03-10,341.91
TELBOND60,Tel Bond-60 CPI Linked,2019-03-11,341.88
TELBOND60,Tel Bond-60 CPI Linked,2019-03-12,341.81
TELBOND60,Tel Bond-60 CPI Linked,2019-03-13,342.36
TELBOND60,Tel Bond-60 CPI Linked,2019-03-14,342.64
TELBOND60,Tel Bond-60 CPI Linked,2019-03-17,343.69
TELBOND60,Tel Bond-60 CPI Linked,2019-03-18,344.06
TELBOND60,Tel Bond-60 CPI Linked,2019-03-19,343.84
TELBOND60,Tel Bond-60 CPI Linked,2019-03-20,343.69
TELBOND60,Tel Bond-60 CPI Linked,2019-03-24,343.98
TELBOND60,Tel Bond-60 CPI Linked,2019-03-25,342.99
TELBOND60,Tel Bond-60 CPI Linked,2019-03-26,343.55
TELBOND60,Tel Bond-60 CPI Linked,2019-03-27,344.23
TELBOND60,Tel Bond-60 CPI Linked,2019-03-28,344.4
TELBOND60,Tel Bond-60 CPI Linked,2019-03-31,343.91
TELBOND60,Tel Bond-60 CPI Linked,2019-04-01,343.99
TELBOND60,Tel Bond-60 CPI Linked,2019-04-02,343.87
TELBOND60,Tel Bond-60 CPI Linked,2019-04-03,343.54
TELBOND60,Tel Bond-60 CPI Linked,2019-04-04,343.34
TELBOND60,Tel Bond-60 CPI Linked,2019-04-07,343.4
TELBOND60,Tel Bond-60 CPI Linked,2019-04-08,343.67
TELBOND60,Tel Bond-60 CPI Linked,2019-04-10,344.35
TELBOND60,Tel Bond-60 CPI Linked,2019-04-11,344.74
TELBOND60,Tel Bond-60 CPI Linked,2019-04-14,344.6
TELBOND60,Tel Bond-60 CPI Linked,2019-04-15,344.83
TELBOND60,Tel Bond-60 CPI Linked,2019-04-16,345.93
TELBOND60,Tel Bond-60 CPI Linked,2019-04-17,345.84
TELBOND60,Tel Bond-60 CPI Linked,2019-04-18,346.19
TELBOND60,Tel Bond-60 CPI Linked,2019-04-21,346.5
TELBOND60,Tel Bond-60 CPI Linked,2019-04-22,346.26
TELBOND60,Tel Bond-60 CPI Linked,2019-04-23,346.64
TELBOND60,Tel Bond-60 CPI Linked,2019-04-24,347.02
TELBOND60,Tel Bond-60 CPI Linked,2019-04-28,347.13
TELBOND60,Tel Bond-60 CPI Linked,2019-04-29,347.27
TELBOND60,Tel Bond-60 CPI Linked,2019-04-30,346.93
TELBOND60,Tel Bond-60 CPI Linked,2019-05-01,346.6
TELBOND60,Tel Bond-60 CPI Linked,2019-05-02,346.2
TELBOND60,Tel Bond-60 CPI Linked,2019-05-05,346.0
TELBOND60,Tel Bond-60 CPI Linked,2019-05-06,345.42
TELBOND60,Tel Bond-60 CPI Linked,2019-05-07,345.12
TELBOND60,Tel Bond-60 CPI Linked,2019-05-12,344.95
TELBOND60,Tel Bond-60 CPI Linked,2019-05-13,344.22
TELBOND60,Tel Bond-60 CPI Linked,2019-05-14,344.63
TELBOND60,Tel Bond-60 CPI Linked,2019-05-15,344.98
TELBOND60,Tel Bond-60 CPI Linked,2019-05-16,345.23
TELBOND60,Tel Bond-60 CPI Linked,2019-05-19,345.96
TELBOND60,Tel Bond-60 CPI Linked,2019-05-20,345.82
TELBOND60,Tel Bond-60 CPI Linked,2019-05-21,345.84
TELBOND60,Tel Bond-60 CPI Linked,2019-05-22,346.08
TELBOND60,Tel Bond-60 CPI Linked,2019-05-23,346.76
TELBOND60,Tel Bond-60 CPI Linked,2019-05-26,347.24
TELBOND60,Tel Bond-60 CPI Linked,2019-05-27,347.03
TELBOND60,Tel Bond-60 CPI Linked,2019-05-28,347.41
TELBOND60,Tel Bond-60 CPI Linked,2019-05-29,347.08
TELBOND60,Tel Bond-60 CPI Linked,2019-05-30,347.34
TELBOND60,Tel Bond-60 CPI Linked,2019-06-02,347.71
TELBOND60,Tel Bond-60 CPI Linked,2019-06-03,348.22
TELBOND60,Tel Bond-60 CPI Linked,2019-06-04,348.62
TELBOND60,Tel Bond-60 CPI Linked,2019-06-05,349.16
TELBOND60,Tel Bond-60 CPI Linked,2019-06-06,349.95
TELBOND60,Tel Bond-60 CPI Linked,2019-06-10,349.87
TELBOND60,Tel Bond-60 CPI Linked,2019-06-11,349.75
TELBOND60,Tel Bond-60 CPI Linked,2019-06-12,350.16
TELBOND60,Tel Bond-60 CPI Linked,2019-06-13,350.48
TELBOND60,Tel Bond-60 CPI Linked,2019-06-16,350.98
TELBOND60,Tel Bond-60 CPI Linked,2019-06-17,351.12
TELBOND60,Tel Bond-60 CPI Linked,2019-06-18,351.54
TELBOND60,Tel Bond-60 CPI Linked,2019-06-19,351.56
TELBOND60,Tel Bond-60 CPI Linked,2019-06-20,352.2
TELBOND60,Tel Bond-60 CPI Linked,2019-06-23,352.14
TELBOND60,Tel Bond-60 CPI Linked,2019-06-24,351.89
TELBOND60,Tel Bond-60 CPI Linked,2019-06-25,351.64
TELBOND60,Tel Bond-60 CPI Linked,2019-06-26,351.25
TELBOND60,Tel Bond-60 CPI Linked,2019-06-27,350.64
TELBOND60,Tel Bond-60 CPI Linked,2019-06-30,350.72
TELBOND60,Tel Bond-60 CPI Linked,2019-07-01,350.96
TELBOND60,Tel Bond-60 CPI Linked,2019-07-02,351.32
TELBOND60,Tel Bond-60 CPI Linked,2019-07-03,352.06
TELBOND60,Tel Bond-60 CPI Linked,2019-07-04,352.49
TELBOND60,Tel Bond-60 CPI Linked,2019-07-07,352.42
TELBOND60,Tel Bond-60 CPI Linked,2019-07-08,352.68
TELBOND60,Tel Bond-60 CPI Linked,2019-07-09,352.75
TELBOND60,Tel Bond-60 CPI Linked,2019-07-10,352.76
TELBOND60,Tel Bond-60 CPI Linked,2019-07-11,353.0
TELBOND60,Tel Bond-60 CPI Linked,2019-07-14,353.0
TELBOND60,Tel Bond-60 CPI Linked,2019-07-15,353.79
TELBOND60,Tel Bond-60 CPI Linked,2019-07-16,353.31
TELBOND60,Tel Bond-60 CPI Linked,2019-07-17,353.1
TELBOND60,Tel Bond-60 CPI Linked,2019-07-18,352.57
TELBOND60,Tel Bond-60 CPI Linked,2019-07-21,352.21
TELBOND60,Tel Bond-60 CPI Linked,2019-07-22,352.45
TELBOND60,Tel Bond-60 CPI Linked,2019-07-23,352.58
TELBOND60,Tel Bond-60 CPI Linked,2019-07-24,353.11
TELBOND60,Tel Bond-60 CPI Linked,2019-07-25,353.23
TELBOND60,Tel Bond-60 CPI Linked,2019-07-28,353.36
TELBOND60,Tel Bond-60 CPI Linked,2019-07-29,353.66
TELBOND60,Tel Bond-60 CPI Linked,2019-07-30,353.9
TELBOND60,Tel Bond-60 CPI Linked,2019-07-31,354.3
TELBOND60,Tel Bond-60 CPI Linked,2019-08-01,354.81
TELBOND60,Tel Bond-60 CPI Linked,2019-08-04,355.51
TELBOND60,Tel Bond-60 CPI Linked,2019-08-05,354.64
TELBOND60,Tel Bond-60 CPI Linked,2019-08-06,353.79
TELBOND60,Tel Bond-60 CPI Linked,2019-08-07,353.66
TELBOND60,Tel Bond-60 CPI Linked,2019-08-08,353.55
TELBOND60,Tel Bond-60 CPI Linked,2019-08-12,354.47
TELBOND60,Tel Bond-60 CPI Linked,2019-08-13,354.21
TELBOND60,Tel Bond-60 CPI Linked,2019-08-14,354.01
TELBOND60,Tel Bond-60 CPI Linked,2019-08-15,353.34
TELBOND60,Tel Bond-60 CPI Linked,2019-08-18,352.88
TELBOND60,Tel Bond-60 CPI Linked,2019-08-19,352.54
TELBOND60,Tel Bond-60 CPI Linked,2019-08-20,352.69
TELBOND60,Tel Bond-60 CPI Linked,2019-08-21,353.23
TELBOND60,Tel Bond-60 CPI Linked,2019-08-22,352.9
TELBOND60,Tel Bond-60 CPI Linked,2019-08-25,352.4
TELBOND60,Tel Bond-60 CPI Linked,2019-08-26,352.08
TELBOND60,Tel Bond-60 CPI Linked,2019-08-27,352.22
TELBOND60,Tel Bond-60 CPI Linked,2019-08-28,352.7
TELBOND60,Tel Bond-60 CPI Linked,2019-08-29,353.32
TELBOND60,Tel Bond-60 CPI Linked,2019-09-01,353.43
TELBOND60,Tel Bond-60 CPI Linked,2019-09-02,353.89
TELBOND60,Tel Bond-60 CPI Linked,2019-09-03,353.55
TELBOND60,Tel Bond-60 CPI Linked,2019-09-04,353.46
TELBOND60,Tel Bond-60 CPI Linked,2019-09-05,352.84
TELBOND60,Tel Bond-60 CPI Linked,2019-09-08,352.23
TELBOND60,Tel Bond-60 CPI Linked,2019-09-09,351.58
TELBOND60,Tel Bond-60 CPI Linked,2019-09-10,351.74
TELBOND60,Tel Bond-60 CPI Linked,2019-09-11,351.73
TELBOND60,Tel Bond-60 CPI Linked,2019-09-12,352.83
TELBOND60,Tel Bond-60 CPI Linked,2019-09-15,352.63
TELBOND60,Tel Bond-60 CPI Linked,2019-09-16,353.32
TELBOND60,Tel Bond-60 CPI Linked,2019-09-18,353.95
TELBOND60,Tel Bond-60 CPI Linked,2019-09-19,354.09
TELBOND60,Tel Bond-60 CPI Linked,2019-09-22,354.45
TELBOND60,Tel Bond-60 CPI Linked,2019-09-23,355.33
TELBOND60,Tel Bond-60 CPI Linked,2019-09-24,355.88
TELBOND60,Tel Bond-60 CPI Linked,2019-09-25,356.07
TELBOND60,Tel Bond-60 CPI Linked,2019-09-26,356.12
TELBOND60,Tel Bond-60 CPI Linked,2019-10-02,356.13
TELBOND60,Tel Bond-60 CPI Linked,2019-10-03,355.92
TELBOND60,Tel Bond-60 CPI Linked,2019-10-06,356.02
TELBOND60,Tel Bond-60 CPI Linked,2019-10-07,355.95
TELBOND60,Tel Bond-60 CPI Linked,2019-10-10,355.56
TELBOND60,Tel Bond-60 CPI Linked,2019-10-15,355.9
TELBOND60,Tel Bond-60 CPI Linked,2019-10-16,355.94
TELBOND60,Tel Bond-60 CPI Linked,2019-10-17,356.57
TELBOND60,Tel Bond-60 CPI Linked,2019-10-22,356.69
TELBOND60,Tel Bond-60 CPI Linked,2019-10-23,357.01
TELBOND60,Tel Bond-60 CPI Linked,2019-10-24,356.91
TELBOND60,Tel Bond-60 CPI Linked,2019-10-27,356.67
TELBOND60,Tel Bond-60 CPI Linked,2019-10-28,356.35
TELBOND60,Tel Bond-60 CPI Linked,2019-10-29,355.89
TELBOND60,Tel Bond-60 CPI Linked,2019-10-30,355.66
TELBOND60,Tel Bond-60 CPI Linked,2019-10-31,355.89
TELBOND60,Tel Bond-60 CPI Linked,2019-11-03,356.28
TELBOND60,Tel Bond-60 CPI Linked,2019-11-04,356.36
TELBOND60,Tel Bond-60 CPI Linked,2019-11-05,356.24
TELBOND60,Tel Bond-60 CPI Linked,2019-11-06,356.48
TELBOND60,Tel Bond-60 CPI Linked,2019-11-07,356.34
TELBOND60,Tel Bond-60 CPI Linked,2019-11-10,356.03
TELBOND60,Tel Bond-60 CPI Linked,2019-11-11,355.71
TELBOND60,Tel Bond-60 CPI Linked,2019-11-12,355.35
TELBOND60,Tel Bond-60 CPI Linked,2019-11-13,355.51
TELBOND60,Tel Bond-60 CPI Linked,2019-11-14,355.7
TELBOND60,Tel Bond-60 CPI Linked,2019-11-17,356.22
TELBOND60,Tel Bond-60 CPI Linked,2019-11-18,356.86
TELBOND60,Tel Bond-60 CPI Linked,2019-11-19,356.8
TELBOND60,Tel Bond-60 CPI Linked,2019-11-20,356.4
TELBOND60,Tel Bond-60 CPI Linked,2019-11-21,356.37
TELBOND60,Tel Bond-60 CPI Linked,2019-11-24,356.48
TELBOND60,Tel Bond-60 CPI Linked,2019-11-25,356.73
TELBOND60,Tel Bond-60 CPI Linked,2019-11-26,356.21
TELBOND60,Tel Bond-60 CPI Linked,2019-11-27,355.91
TELBOND60,Tel Bond-60 CPI Linked,2019-11-28,356.24
TELBOND60,Tel Bond-60 CPI Linked,2019-12-01,356.03
TELBOND60,Tel Bond-60 CPI Linked,2019-12-02,355.86
TELBOND60,Tel Bond-60 CPI Linked,2019-12-03,356.27
TELBOND60,Tel Bond-60 CPI Linked,2019-12-04,356.9
TELBOND60,Tel Bond-60 CPI Linked,2019-12-05,356.31
TELBOND60,Tel Bond-60 CPI Linked,2019-12-08,356.49
TELBOND60,Tel Bond-60 CPI Linked,2019-12-09,356.57
TELBOND60,Tel Bond-60 CPI Linked,2019-12-10,356.97
TELBOND60,Tel Bond-60 CPI Linked,2019-12-11,356.74
TELBOND60,Tel Bond-60 CPI Linked,2019-12-12,356.57
TELBOND60,Tel Bond-60 CPI Linked,2019-12-15,356.6
TELBOND60,Tel Bond-60 CPI Linked,2019-12-16,355.76
TELBOND60,Tel Bond-60 CPI Linked,2019-12-17,355.83
TELBOND60,Tel Bond-60 CPI Linked,2019-12-18,355.27
TELBOND60,Tel Bond-60 CPI Linked,2019-12-19,353.74
TELBOND60,Tel Bond-60 CPI Linked,2019-12-22,353.88
TELBOND60,Tel Bond-60 CPI Linked,2019-12-23,354.58
TELBOND60,Tel Bond-60 CPI Linked,2019-12-24,354.33
TELBOND60,Tel Bond-60 CPI Linked,2019-12-25,355.03
TELBOND60,Tel Bond-60 CPI Linked,2019-12-26,355.4
TELBOND60,Tel Bond-60 CPI Linked,2019-12-29,355.5
TELBOND60,Tel Bond-60 CPI Linked,2019-12-30,355.33
TELBOND60,Tel Bond-60 CPI Linked,2019-12-31,355.87
TELBOND60,Tel Bond-60 CPI Linked,2020-01-01,356.13
TELBOND60,Tel Bond-60 CPI Linked,2020-01-02,356.72
TELBOND60,Tel Bond-60 CPI Linked,2020-01-05,357.47
TELBOND60,Tel Bond-60 CPI Linked,2020-01-06,357.49
TELBOND60,Tel Bond-60 CPI Linked,2020-01-07,357.57
TELBOND60,Tel Bond-60 CPI Linked,2020-01-08,357.47
TELBOND60,Tel Bond-60 CPI Linked,2020-01-09,357.35
TELBOND60,Tel Bond-60 CPI Linked,2020-01-12,357.12
TELBOND60,Tel Bond-60 CPI Linked,2020-01-13,357.11
TELBOND60,Tel Bond-60 CPI Linked,2020-01-14,357.32
TELBOND60,Tel Bond-60 CPI Linked,2020-01-15,357.28
TELBOND60,Tel Bond-60 CPI Linked,2020-01-16,357.42
TELBOND60,Tel Bond-60 CPI Linked,2020-01-19,357.3
TELBOND60,Tel Bond-60 CPI Linked,2020-01-20,357.52
TELBOND60,Tel Bond-60 CPI Linked,2020-01-21,357.43
TELBOND60,Tel Bond-60 CPI Linked,2020-01-22,357.38
TELBOND60,Tel Bond-60 CPI Linked,2020-01-23,357.29
TELBOND60,Tel Bond-60 CPI Linked,2020-01-26,357.18
TELBOND60,Tel Bond-60 CPI Linked,2020-01-27,355.97
TELBOND60,Tel Bond-60 CPI Linked,2020-01-28,355.57
TELBOND60,Tel Bond-60 CPI Linked,2020-01-29,355.52
TELBOND60,Tel Bond-60 CPI Linked,2020-01-30,354.72
TELBOND60,Tel Bond-60 CPI Linked,2020-02-02,353.44
TELBOND60,Tel Bond-60 CPI Linked,2020-02-03,353.67
TELBOND60,Tel Bond-60 CPI Linked,2020-02-04,354.31
TELBOND60,Tel Bond-60 CPI Linked,2020-02-05,354.81
TELBOND60,Tel Bond-60 CPI Linked,2020-02-06,355.45
TELBOND60,Tel Bond-60 CPI Linked,2020-02-09,354.81
TELBOND60,Tel Bond-60 CPI Linked,2020-02-10,354.63
TELBOND60,Tel Bond-60 CPI Linked,2020-02-11,355.59
TELBOND60,Tel Bond-60 CPI Linked,2020-02-12,356.45
TELBOND60,Tel Bond-60 CPI Linked,2020-02-13,356.57
TELBOND60,Tel Bond-60 CPI Linked,2020-02-16,357.3
TELBOND60,Tel Bond-60 CPI Linked,2020-02-17,356.97
TELBOND60,Tel Bond-60 CPI Linked,2020-02-18,356.49
TELBOND60,Tel Bond-60 CPI Linked,2020-02-19,356.9
TELBOND60,Tel Bond-60 CPI Linked,2020-02-20,357.01
TELBOND60,Tel Bond-60 CPI Linked,2020-02-23,355.7
TELBOND60,Tel Bond-60 CPI Linked,2020-02-24,355.11
TELBOND60,Tel Bond-60 CPI Linked,2020-02-25,355.42
TELBOND60,Tel Bond-60 CPI Linked,2020-02-26,355.44
TELBOND60,Tel Bond-60 CPI Linked,2020-02-27,354.5
TELBOND60,Tel Bond-60 CPI Linked,2020-03-01,351.92
TELBOND60,Tel Bond-60 CPI Linked,2020-03-03,353.83
TELBOND60,Tel Bond-60 CPI Linked,2020-03-04,352.33
TELBOND60,Tel Bond-60 CPI Linked,2020-03-05,349.06
TELBOND60,Tel Bond-60 CPI Linked,2020-03-08,341.88
TELBOND60,Tel Bond-60 CPI Linked,2020-03-09,333.98
TELBOND60,Tel Bond-60 CPI Linked,2020-03-11,334.45
TELBOND60,Tel Bond-60 CPI Linked,2020-03-12,326.98
TELBOND60,Tel Bond-60 CPI Linked,2020-03-15,323.53
TELBOND60,Tel Bond-60 CPI Linked,2020-03-16,319.37
TELBOND60,Tel Bond-60 CPI Linked,2020-03-17,313.89
TELBOND60,Tel Bond-60 CPI Linked,2020-03-18,310.73
TELBOND60,Tel Bond-60 CPI Linked,2020-03-19,320.57
TELBOND60,Tel Bond-60 CPI Linked,2020-03-22,314.16
TELBOND60,Tel Bond-60 CPI Linked,2020-03-23,315.59
TELBOND60,Tel Bond-60 CPI Linked,2020-03-24,325.21
TELBOND60,Tel Bond-60 CPI Linked,2020-03-25,328.58
TELBOND60,Tel Bond-60 CPI Linked,2020-03-26,330.99
TELBOND60,Tel Bond-60 CPI Linked,2020-03-29,329.32
TELBOND60,Tel Bond-60 CPI Linked,2020-03-30,331.16
TELBOND60,Tel Bond-60 CPI Linked,2020-03-31,331.64
TELBOND60,Tel Bond-60 CPI Linked,2020-04-01,330.41
TELBOND60,Tel Bond-60 CPI Linked,2020-04-02,331.05
TELBOND60,Tel Bond-60 CPI Linked,2020-04-05,329.95
TELBOND60,Tel Bond-60 CPI Linked,2020-04-06,336.81
TELBOND60,Tel Bond-60 CPI Linked,2020-04-07,338.37
TELBOND60,Tel Bond-60 CPI Linked,2020-04-12,340.42
TELBOND60,Tel Bond-60 CPI Linked,2020-04-13,340.27
TELBOND60,Tel Bond-60 CPI Linked,2020-04-16,339.61
TELBOND60,Tel Bond-60 CPI Linked,2020-04-19,341.51
TELBOND60,Tel Bond-60 CPI Linked,2020-04-20,341.83
TELBOND60,Tel Bond-60 CPI Linked,2020-04-21,340.62
TELBOND60,Tel Bond-60 CPI Linked,2020-04-22,338.83
TELBOND60,Tel Bond-60 CPI Linked,2020-04-23,339.79
TELBOND60,Tel Bond-60 CPI Linked,2020-04-26,340.73
TELBOND60,Tel Bond-60 CPI Linked,2020-04-27,341.64
TELBOND60,Tel Bond-60 CPI Linked,2020-04-30,343.43
TELBOND60,Tel Bond-60 CPI Linked,2020-05-03,341.96
TELBOND60,Tel Bond-60 CPI Linked,2020-05-04,340.43
TELBOND60,Tel Bond-60 CPI Linked,2020-05-05,340.84
TELBOND60,Tel Bond-60 CPI Linked,2020-05-06,340.59
TELBOND60,Tel Bond-60 CPI Linked,2020-05-07,341.98
TELBOND60,Tel Bond-60 CPI Linked,2020-05-10,343.28
TELBOND60,Tel Bond-60 CPI Linked,2020-05-11,343.72
TELBOND60,Tel Bond-60 CPI Linked,2020-05-12,344.34
TELBOND60,Tel Bond-60 CPI Linked,2020-05-13,343.38
TELBOND60,Tel Bond-60 CPI Linked,2020-05-14,341.5
TELBOND60,Tel Bond-60 CPI Linked,2020-05-17,343.4
TELBOND60,Tel Bond-60 CPI Linked,2020-05-18,344.92
TELBOND60,Tel Bond-60 CPI Linked,2020-05-19,345.25
TELBOND60,Tel Bond-60 CPI Linked,2020-05-20,346.08
TELBOND60,Tel Bond-60 CPI Linked,2020-05-21,346.62
TELBOND60,Tel Bond-60 CPI Linked,2020-05-24,346.57
TELBOND60,Tel Bond-60 CPI Linked,2020-05-25,347.81
TELBOND60,Tel Bond-60 CPI Linked,2020-05-26,348.83
TELBOND60,Tel Bond-60 CPI Linked,2020-05-27,346.93
TELBOND60,Tel Bond-60 CPI Linked,2020-05-31,346.04
TELBOND60,Tel Bond-60 CPI Linked,2020-06-01,345.75
TELBOND60,Tel Bond-60 CPI Linked,2020-06-02,345.1
TELBOND60,Tel Bond-60 CPI Linked,2020-06-03,344.15
TELBOND60,Tel Bond-60 CPI Linked,2020-06-04,345.85
TELBOND60,Tel Bond-60 CPI Linked,2020-06-08,346.54
TELBOND60,Tel Bond-60 CPI Linked,2020-06-09,346.92
TELBOND60,Tel Bond-60 CPI Linked,2020-06-10,347.0
TELBOND60,Tel Bond-60 CPI Linked,2020-06-11,345.86
TELBOND60,Tel Bond-60 CPI Linked,2020-06-14,344.94
TELBOND60,Tel Bond-60 CPI Linked,2020-06-15,344.07
TELBOND60,Tel Bond-60 CPI Linked,2020-06-16,344.43
TELBOND60,Tel Bond-60 CPI Linked,2020-06-17,344.06
TELBOND60,Tel Bond-60 CPI Linked,2020-06-18,344.04
TELBOND60,Tel Bond-60 CPI Linked,2020-06-21,342.08
TELBOND60,Tel Bond-60 CPI Linked,2020-06-22,342.47
TELBOND60,Tel Bond-60 CPI Linked,2020-06-23,343.12
TELBOND60,Tel Bond-60 CPI Linked,2020-06-24,341.54
TELBOND60,Tel Bond-60 CPI Linked,2020-06-25,340.65
TELBOND60,Tel Bond-60 CPI Linked,2020-06-28,338.15
TELBOND60,Tel Bond-60 CPI Linked,2020-06-29,336.69
TELBOND60,Tel Bond-60 CPI Linked,2020-06-30,336.28
TELBOND60,Tel Bond-60 CPI Linked,2020-07-01,338.52
TELBOND60,Tel Bond-60 CPI Linked,2020-07-02,340.26
TELBOND60,Tel Bond-60 CPI Linked,2020-07-05,338.53
TELBOND60,Tel Bond-60 CPI Linked,2020-07-06,344.33
TELBOND60,Tel Bond-60 CPI Linked,2020-07-07,347.21
TELBOND60,Tel Bond-60 CPI Linked,2020-07-08,344.2
TELBOND60,Tel Bond-60 CPI Linked,2020-07-09,341.58
TELBOND60,Tel Bond-60 CPI Linked,2020-07-12,342.06
TELBOND60,Tel Bond-60 CPI Linked,2020-07-13,341.79
TELBOND60,Tel Bond-60 CPI Linked,2020-07-14,340.84
TELBOND60,Tel Bond-60 CPI Linked,2020-07-15,340.83
TELBOND60,Tel Bond-60 CPI Linked,2020-07-16,339.77
TELBOND60,Tel Bond-60 CPI Linked,2020-07-19,338.94
TELBOND60,Tel Bond-60 CPI Linked,2020-07-20,338.74
TELBOND60,Tel Bond-60 CPI Linked,2020-07-21,340.57
TELBOND60,Tel Bond-60 CPI Linked,2020-07-22,341.22
TELBOND60,Tel Bond-60 CPI Linked,2020-07-23,341.89
TELBOND60,Tel Bond-60 CPI Linked,2020-07-26,342.22
TELBOND60,Tel Bond-60 CPI Linked,2020-07-27,342.21
TELBOND60,Tel Bond-60 CPI Linked,2020-07-28,342.12
TELBOND60,Tel Bond-60 CPI Linked,2020-07-29,342.77
TELBOND60,Tel Bond-60 CPI Linked,2020-08-02,343.48
TELBOND60,Tel Bond-60 CPI Linked,2020-08-03,343.6
TELBOND60,Tel Bond-60 CPI Linked,2020-08-04,344.05
TELBOND60,Tel Bond-60 CPI Linked,2020-08-05,344.63
TELBOND60,Tel Bond-60 CPI Linked,2020-08-06,344.71
TELBOND60,Tel Bond-60 CPI Linked,2020-08-09,344.64
TELBOND60,Tel Bond-60 CPI Linked,2020-08-10,345.35
TELBOND60,Tel Bond-60 CPI Linked,2020-08-11,345.65
TELBOND60,Tel Bond-60 CPI Linked,2020-08-12,346.33
TELBOND60,Tel Bond-60 CPI Linked,2020-08-13,346.75
TELBOND60,Tel Bond-60 CPI Linked,2020-08-16,348.31
TELBOND60,Tel Bond-60 CPI Linked,2020-08-17,348.58
TELBOND60,Tel Bond-60 CPI Linked,2020-08-18,348.48
TELBOND60,Tel Bond-60 CPI Linked,2020-08-19,347.86
TELBOND60,Tel Bond-60 CPI Linked,2020-08-20,347.48
TELBOND60,Tel Bond-60 CPI Linked,2020-08-23,347.99
TELBOND60,Tel Bond-60 CPI Linked,2020-08-24,348.85
TELBOND60,Tel Bond-60 CPI Linked,2020-08-25,349.08
TELBOND60,Tel Bond-60 CPI Linked,2020-08-26,349.61
TELBOND60,Tel Bond-60 CPI Linked,2020-08-27,350.0
TELBOND60,Tel Bond-60 CPI Linked,2020-08-30,350.25
TELBOND60,Tel Bond-60 CPI Linked,2020-08-31,350.05
TELBOND60,Tel Bond-60 CPI Linked,2020-09-01,350.0
TELBOND60,Tel Bond-60 CPI Linked,2020-09-02,349.61
TELBOND60,Tel Bond-60 CPI Linked,2020-09-03,347.83
TELBOND60,Tel Bond-60 CPI Linked,2020-09-06,348.0
TELBOND60,Tel Bond-60 CPI Linked,2020-09-07,348.32
TELBOND60,Tel Bond-60 CPI Linked,2020-09-08,347.17
TELBOND60,Tel Bond-60 CPI Linked,2020-09-09,347.48
TELBOND60,Tel Bond-60 CPI Linked,2020-09-10,346.07
TELBOND60,Tel Bond-60 CPI Linked,2020-09-13,344.63
TELBOND60,Tel Bond-60 CPI Linked,2020-09-14,345.15
TELBOND60,Tel Bond-60 CPI Linked,2020-09-15,345.69
TELBOND60,Tel Bond-60 CPI Linked,2020-09-16,346.05
TELBOND60,Tel Bond-60 CPI Linked,2020-09-17,347.02
TELBOND60,Tel Bond-60 CPI Linked,2020-09-21,346.37
TELBOND60,Tel Bond-60 CPI Linked,2020-09-22,346.03
TELBOND60,Tel Bond-60 CPI Linked,2020-09-23,345.14
TELBOND60,Tel Bond-60 CPI Linked,2020-09-24,344.07
TELBOND60,Tel Bond-60 CPI Linked,2020-09-29,344.3
TELBOND60,Tel Bond-60 CPI Linked,2020-09-30,344.8
TELBOND60,Tel Bond-60 CPI Linked,2020-10-01,344.98
TELBOND60,Tel Bond-60 CPI Linked,2020-10-04,345.34
TELBOND60,Tel Bond-60 CPI Linked,2020-10-05,344.89
TELBOND60,Tel Bond-60 CPI Linked,2020-10-06,344.9
TELBOND60,Tel Bond-60 CPI Linked,2020-10-07,344.45
TELBOND60,Tel Bond-60 CPI Linked,2020-10-08,345.25
TELBOND60,Tel Bond-60 CPI Linked,2020-10-11,345.51
TELBOND60,Tel Bond-60 CPI Linked,2020-10-12,345.41
TELBOND60,Tel Bond-60 CPI Linked,2020-10-13,345.93
TELBOND60,Tel Bond-60 CPI Linked,2020-10-14,346.62
TELBOND60,Tel Bond-60 CPI Linked,2020-10-15,346.63
TELBOND60,Tel Bond-60 CPI Linked,2020-10-18,347.32
TELBOND60,Tel Bond-60 CPI Linked,2020-10-19,347.84
TELBOND60,Tel Bond-60 CPI Linked,2020-10-20,346.82
TELBOND60,Tel Bond-60 CPI Linked,2020-10-21,346.9
TELBOND60,Tel Bond-60 CPI Linked,2020-10-22,346.87
TELBOND60,Tel Bond-60 CPI Linked,2020-10-25,346.03
TELBOND60,Tel Bond-60 CPI Linked,2020-10-26,345.56
TELBOND60,Tel Bond-60 CPI Linked,2020-10-27,345.58
TELBOND60,Tel Bond-60 CPI Linked,2020-10-28,344.74
TELBOND60,Tel Bond-60 CPI Linked,2020-10-29,344.82
TELBOND60,Tel Bond-60 CPI Linked,2020-11-01,344.35
TELBOND60,Tel Bond-60 CPI Linked,2020-11-02,344.73
TELBOND60,Tel Bond-60 CPI Linked,2020-11-03,344.09
TELBOND60,Tel Bond-60 CPI Linked,2020-11-04,344.5
TELBOND60,Tel Bond-60 CPI Linked,2020-11-05,345.39
TELBOND60,Tel Bond-60 CPI Linked,2020-11-08,345.85
TELBOND60,Tel Bond-60 CPI Linked,2020-11-09,347.03
TELBOND60,Tel Bond-60 CPI Linked,2020-11-10,347.51
TELBOND60,Tel Bond-60 CPI Linked,2020-11-11,348.05
TELBOND60,Tel Bond-60 CPI Linked,2020-11-12,348.24
TELBOND60,Tel Bond-60 CPI Linked,2020-11-15,348.42
TELBOND60,Tel Bond-60 CPI Linked,2020-11-16,349.31
TELBOND60,Tel Bond-60 CPI Linked,2020-11-17,350.39
TELBOND60,Tel Bond-60 CPI Linked,2020-11-18,350.56
TELBOND60,Tel Bond-60 CPI Linked,2020-11-19,350.42
TELBOND60,Tel Bond-60 CPI Linked,2020-11-22,351.06
TELBOND60,Tel Bond-60 CPI Linked,2020-11-23,352.19
TELBOND60,Tel Bond-60 CPI Linked,2020-11-24,352.52
TELBOND60,Tel Bond-60 CPI Linked,2020-11-25,352.62
TELBOND60,Tel Bond-60 CPI Linked,2020-11-26,353.19
TELBOND60,Tel Bond-60 CPI Linked,2020-11-29,352.6
TELBOND60,Tel Bond-60 CPI Linked,2020-11-30,351.95
TELBOND60,Tel Bond-60 CPI Linked,2020-12-01,351.76
TELBOND60,Tel Bond-60 CPI Linked,2020-12-02,351.28
TELBOND60,Tel Bond-60 CPI Linked,2020-12-03,351.25
TELBOND60,Tel Bond-60 CPI Linked,2020-12-06,351.54
TELBOND60,Tel Bond-60 CPI Linked,2020-12-07,351.84
TELBOND60,Tel Bond-60 CPI Linked,2020-12-08,351.76
TELBOND60,Tel Bond-60 CPI Linked,2020-12-09,351.86
TELBOND60,Tel Bond-60 CPI Linked,2020-12-10,351.9
TELBOND60,Tel Bond-60 CPI Linked,2020-12-13,352.14
TELBOND60,Tel Bond-60 CPI Linked,2020-12-14,351.8
TELBOND60,Tel Bond-60 CPI Linked,2020-12-15,352.53
TELBOND60,Tel Bond-60 CPI Linked,2020-12-16,352.87
TELBOND60,Tel Bond-60 CPI Linked,2020-12-17,353.43
TELBOND60,Tel Bond-60 CPI Linked,2020-12-20,352.67
TELBOND60,Tel Bond-60 CPI Linked,2020-12-21,351.55
TELBOND60,Tel Bond-60 CPI Linked,2020-12-22,352.39
TELBOND60,Tel Bond-60 CPI Linked,2020-12-23,352.95
TELBOND60,Tel Bond-60 CPI Linked,2020-12-24,354.0
TELBOND60,Tel Bond-60 CPI Linked,2020-12-27,354.37
TELBOND60,Tel Bond-60 CPI Linked,2020-12-28,355.01
TELBOND60,Tel Bond-60 CPI Linked,2020-12-29,354.86
TELBOND60,Tel Bond-60 CPI Linked,2020-12-30,355.09
TELBOND60,Tel Bond-60 CPI Linked,2020-12-31,355.58
TELBOND60,Tel Bond-60 CPI Linked,2021-01-03,355.76
TELBOND60,Tel Bond-60 CPI Linked,2021-01-04,356.21
TELBOND60,Tel Bond-60 CPI Linked,2021-01-05,356.3
TELBOND60,Tel Bond-60 CPI Linked,2021-01-06,356.51
TELBOND60,Tel Bond-60 CPI Linked,2021-01-07,356.73
TELBOND60,Tel Bond-60 CPI Linked,2021-01-10,356.59
TELBOND60,Tel Bond-60 CPI Linked,2021-01-11,356.59
TELBOND60,Tel Bond-60 CPI Linked,2021-01-12,356.67
TELBOND60,Tel Bond-60 CPI Linked,2021-01-13,357.31
TELBOND60,Tel Bond-60 CPI Linked,2021-01-14,357.92
TELBOND60,Tel Bond-60 CPI Linked,2021-01-17,357.8
TELBOND60,Tel Bond-60 CPI Linked,2021-01-18,358.76
TELBOND60,Tel Bond-60 CPI Linked,2021-01-19,359.38
TELBOND60,Tel Bond-60 CPI Linked,2021-01-20,359.7
TELBOND60,Tel Bond-60 CPI Linked,2021-01-21,359.2
TELBOND60,Tel Bond-60 CPI Linked,2021-01-24,359.25
TELBOND60,Tel Bond-60 CPI Linked,2021-01-25,359.45
TELBOND60,Tel Bond-60 CPI Linked,2021-01-26,359.11
TELBOND60,Tel Bond-60 CPI Linked,2021-01-27,358.5
TELBOND60,Tel Bond-60 CPI Linked,2021-01-28,358.34
TELBOND60,Tel Bond-60 CPI Linked,2021-01-31,357.5
TELBOND60,Tel Bond-60 CPI Linked,2021-02-01,357.44
TELBOND60,Tel Bond-60 CPI Linked,2021-02-02,357.39
TELBOND60,Tel Bond-60 CPI Linked,2021-02-03,357.86
TELBOND60,Tel Bond-60 CPI Linked,2021-02-04,358.43
TELBOND60,Tel Bond-60 CPI Linked,2021-02-07,358.26
TELBOND60,Tel Bond-60 CPI Linked,2021-02-08,357.99
TELBOND60,Tel Bond-60 CPI Linked,2021-02-09,358.36
TELBOND60,Tel Bond-60 CPI Linked,2021-02-10,358.96
TELBOND60,Tel Bond-60 CPI Linked,2021-02-11,358.21
TELBOND60,Tel Bond-60 CPI Linked,2021-02-14,358.18
TELBOND60,Tel Bond-60 CPI Linked,2021-02-15,357.84
TELBOND60,Tel Bond-60 CPI Linked,2021-02-16,358.43
TELBOND60,Tel Bond-60 CPI Linked,2021-02-17,357.95
TELBOND60,Tel Bond-60 CPI Linked,2021-02-18,357.66
TELBOND60,Tel Bond-60 CPI Linked,2021-02-21,357.79
TELBOND60,Tel Bond-60 CPI Linked,2021-02-22,357.56
TELBOND60,Tel Bond-60 CPI Linked,2021-02-23,357.93
TELBOND60,Tel Bond-60 CPI Linked,2021-02-24,358.21
TELBOND60,Tel Bond-60 CPI Linked,2021-02-25,358.06
TELBOND60,Tel Bond-60 CPI Linked,2021-02-28,358.12
TELBOND60,Tel Bond-60 CPI Linked,2021-03-01,358.52
TELBOND60,Tel Bond-60 CPI Linked,2021-03-02,359.33
TELBOND60,Tel Bond-60 CPI Linked,2021-03-03,358.83
TELBOND60,Tel Bond-60 CPI Linked,2021-03-04,358.51
TELBOND60,Tel Bond-60 CPI Linked,2021-03-07,358.11
TELBOND60,Tel Bond-60 CPI Linked,2021-03-08,357.86
TELBOND60,Tel Bond-60 CPI Linked,2021-03-09,358.79
TELBOND60,Tel Bond-60 CPI Linked,2021-03-10,358.34
TELBOND60,Tel Bond-60 CPI Linked,2021-03-11,358.38
TELBOND60,Tel Bond-60 CPI Linked,2021-03-14,358.04
TELBOND60,Tel Bond-60 CPI Linked,2021-03-15,358.44
TELBOND60,Tel Bond-60 CPI Linked,2021-03-16,359.73
TELBOND60,Tel Bond-60 CPI Linked,2021-03-17,359.62
TELBOND60,Tel Bond-60 CPI Linked,2021-03-18,359.74
TELBOND60,Tel Bond-60 CPI Linked,2021-03-21,359.77
TELBOND60,Tel Bond-60 CPI Linked,2021-03-22,360.93
TELBOND60,Tel Bond-60 CPI Linked,2021-03-24,361.26
TELBOND60,Tel Bond-60 CPI Linked,2021-03-25,360.97
TELBOND60,Tel Bond-60 CPI Linked,2021-03-29,361.62
TELBOND60,Tel Bond-60 CPI Linked,2021-03-30,361.49
TELBOND60,Tel Bond-60 CPI Linked,2021-03-31,361.8
TELBOND60,Tel Bond-60 CPI Linked,2021-04-01,362.26
TELBOND60,Tel Bond-60 CPI Linked,2021-04-04,362.75
TELBOND60,Tel Bond-60 CPI Linked,2021-04-05,362.79
TELBOND60,Tel Bond-60 CPI Linked,2021-04-06,363.38
TELBOND60,Tel Bond-60 CPI Linked,2021-04-07,363.57
TELBOND60,Tel Bond-60 CPI Linked,2021-04-08,363.39
TELBOND60,Tel Bond-60 CPI Linked,2021-04-11,363.64
TELBOND60,Tel Bond-60 CPI Linked,2021-04-12,363.49
TELBOND60,Tel Bond-60 CPI Linked,2021-04-13,363.51
TELBOND60,Tel Bond-60 CPI Linked,2021-04-18,364.56
TELBOND60,Tel Bond-60 CPI Linked,2021-04-19,364.58
TELBOND60,Tel Bond-60 CPI Linked,2021-04-20,364.45
TELBOND60,Tel Bond-60 CPI Linked,2021-04-21,363.86
TELBOND60,Tel Bond-60 CPI Linked,2021-04-22,363.91
TELBOND60,Tel Bond-60 CPI Linked,2021-04-25,364.05
TELBOND60,Tel Bond-60 CPI Linked,2021-04-26,364.14
TELBOND60,Tel Bond-60 CPI Linked,2021-04-27,364.03
TELBOND60,Tel Bond-60 CPI Linked,2021-04-28,364.11
TELBOND60,Tel Bond-60 CPI Linked,2021-04-29,364.5
TELBOND60,Tel Bond-60 CPI Linked,2021-05-02,365.34
TELBOND60,Tel Bond-60 CPI Linked,2021-05-03,367.21
TELBOND60,Tel Bond-60 CPI Linked,2021-05-04,367.87
TELBOND60,Tel Bond-60 CPI Linked,2021-05-05,368.9
TELBOND60,Tel Bond-60 CPI Linked,2021-05-06,368.89
TELBOND60,Tel Bond-60 CPI Linked,2021-05-09,370.01
TELBOND60,Tel Bond-60 CPI Linked,2021-05-10,371.89
TELBOND60,Tel Bond-60 CPI Linked,2021-05-11,370.6
TELBOND60,Tel Bond-60 CPI Linked,2021-05-12,371.19
TELBOND60,Tel Bond-60 CPI Linked,2021-05-13,372.73
TELBOND60,Tel Bond-60 CPI Linked,2021-05-18,371.86
TELBOND60,Tel Bond-60 CPI Linked,2021-05-19,371.3
TELBOND60,Tel Bond-60 CPI Linked,2021-05-20,370.24
TELBOND60,Tel Bond-60 CPI Linked,2021-05-23,370.32
TELBOND60,Tel Bond-60 CPI Linked,2021-05-24,370.07
TELBOND60,Tel Bond-60 CPI Linked,2021-05-25,370.11
TELBOND60,Tel Bond-60 CPI Linked,2021-05-26,369.78
TELBOND60,Tel Bond-60 CPI Linked,2021-05-27,369.4
TELBOND60,Tel Bond-60 CPI Linked,2021-05-30,369.48
TELBOND60,Tel Bond-60 CPI Linked,2021-05-31,369.19
TELBOND60,Tel Bond-60 CPI Linked,2021-06-01,370.06
TELBOND60,Tel Bond-60 CPI Linked,2021-06-02,370.64
TELBOND60,Tel Bond-60 CPI Linked,2021-06-03,370.37
TELBOND60,Tel Bond-60 CPI Linked,2021-06-06,370.57
TELBOND60,Tel Bond-60 CPI Linked,2021-06-07,369.85
TELBOND60,Tel Bond-60 CPI Linked,2021-06-08,369.95
TELBOND60,Tel Bond-60 CPI Linked,2021-06-09,370.61
TELBOND60,Tel Bond-60 CPI Linked,2021-06-10,370.75
TELBOND60,Tel Bond-60 CPI Linked,2021-06-13,371.31
TELBOND60,Tel Bond-60 CPI Linked,2021-06-14,371.79
TELBOND60,Tel Bond-60 CPI Linked,2021-06-15,371.96
TELBOND60,Tel Bond-60 CPI Linked,2021-06-16,371.07
TELBOND60,Tel Bond-60 CPI Linked,2021-06-17,370.86
TELBOND60,Tel Bond-60 CPI Linked,2021-06-20,369.62
TELBOND60,Tel Bond-60 CPI Linked,2021-06-21,369.0
TELBOND60,Tel Bond-60 CPI Linked,2021-06-22,369.29
TELBOND60,Tel Bond-60 CPI Linked,2021-06-23,369.9
TELBOND60,Tel Bond-60 CPI Linked,2021-06-24,369.32
TELBOND60,Tel Bond-60 CPI Linked,2021-06-27,368.91
TELBOND60,Tel Bond-60 CPI Linked,2021-06-28,369.06
TELBOND60,Tel Bond-60 CPI Linked,2021-06-29,368.51
TELBOND60,Tel Bond-60 CPI Linked,2021-06-30,369.17
TELBOND60,Tel Bond-60 CPI Linked,2021-07-01,369.36
TELBOND60,Tel Bond-60 CPI Linked,2021-07-04,369.96
TELBOND60,Tel Bond-60 CPI Linked,2021-07-05,370.21
TELBOND60,Tel Bond-60 CPI Linked,2021-07-06,370.57
TELBOND60,Tel Bond-60 CPI Linked,2021-07-07,370.62
TELBOND60,Tel Bond-60 CPI Linked,2021-07-08,369.35
TELBOND60,Tel Bond-60 CPI Linked,2021-07-11,369.51
TELBOND60,Tel Bond-60 CPI Linked,2021-07-12,369.41
TELBOND60,Tel Bond-60 CPI Linked,2021-07-13,369.75
TELBOND60,Tel Bond-60 CPI Linked,2021-07-14,370.2
TELBOND60,Tel Bond-60 CPI Linked,2021-07-15,370.59
TELBOND60,Tel Bond-60 CPI Linked,2021-07-19,368.18
TELBOND60,Tel Bond-60 CPI Linked,2021-07-20,367.54
TELBOND60,Tel Bond-60 CPI Linked,2021-07-21,367.98
TELBOND60,Tel Bond-60 CPI Linked,2021-07-22,368.97
TELBOND60,Tel Bond-60 CPI Linked,2021-07-25,370.19
TELBOND60,Tel Bond-60 CPI Linked,2021-07-26,370.74
TELBOND60,Tel Bond-60 CPI Linked,2021-07-27,370.31
TELBOND60,Tel Bond-60 CPI Linked,2021-07-28,370.35
TELBOND60,Tel Bond-60 CPI Linked,2021-07-29,370.22
TELBOND60,Tel Bond-60 CPI Linked,2021-08-01,371.33
TELBOND60,Tel Bond-60 CPI Linked,2021-08-02,372.11
TELBOND60,Tel Bond-60 CPI Linked,2021-08-03,372.22
TELBOND60,Tel Bond-60 CPI Linked,2021-08-04,372.66
TELBOND60,Tel Bond-60 CPI Linked,2021-08-05,372.54
TELBOND60,Tel Bond-60 CPI Linked,2021-08-08,372.41
TELBOND60,Tel Bond-60 CPI Linked,2021-08-09,372.12
TELBOND60,Tel Bond-60 CPI Linked,2021-08-10,371.86
TELBOND60,Tel Bond-60 CPI Linked,2021-08-11,371.66
TELBOND60,Tel Bond-60 CPI Linked,2021-08-12,371.62
TELBOND60,Tel Bond-60 CPI Linked,2021-08-15,372.32
TELBOND60,Tel Bond-60 CPI Linked,2021-08-16,373.18
TELBOND60,Tel Bond-60 CPI Linked,2021-08-17,373.44
TELBOND60,Tel Bond-60 CPI Linked,2021-08-18,373.46
TELBOND60,Tel Bond-60 CPI Linked,2021-08-19,373.27
TELBOND60,Tel Bond-60 CPI Linked,2021-08-22,373.56
TELBOND60,Tel Bond-60 CPI Linked,2021-08-23,373.79
TELBOND60,Tel Bond-60 CPI Linked,2021-08-24,373.88
TELBOND60,Tel Bond-60 CPI Linked,2021-08-25,374.02
TELBOND60,Tel Bond-60 CPI Linked,2021-08-26,373.86
TELBOND60,Tel Bond-60 CPI Linked,2021-08-29,375.01
TELBOND60,Tel Bond-60 CPI Linked,2021-08-30,375.49
TELBOND60,Tel Bond-60 CPI Linked,2021-08-31,376.61
TELBOND60,Tel Bond-60 CPI Linked,2021-09-01,376.64
TELBOND60,Tel Bond-60 CPI Linked,2021-09-02,376.61
TELBOND60,Tel Bond-60 CPI Linked,2021-09-05,376.45
TELBOND60,Tel Bond-60 CPI Linked,2021-09-09,376.02
TELBOND60,Tel Bond-60 CPI Linked,2021-09-12,375.88
TELBOND60,Tel Bond-60 CPI Linked,2021-09-13,376.68
TELBOND60,Tel Bond-60 CPI Linked,2021-09-14,377.44
TELBOND60,Tel Bond-60 CPI Linked,2021-09-19,377.2
TELBOND60,Tel Bond-60 CPI Linked,2021-09-22,377.9
TELBOND60,Tel Bond-60 CPI Linked,2021-09-23,378.5
TELBOND60,Tel Bond-60 CPI Linked,2021-09-26,378.25
TELBOND60,Tel Bond-60 CPI Linked,2021-09-29,378.78
TELBOND60,Tel Bond-60 CPI Linked,2021-09-30,378.68
TELBOND60,Tel Bond-60 CPI Linked,2021-10-03,379.53
TELBOND60,Tel Bond-60 CPI Linked,2021-10-04,379.68
TELBOND60,Tel Bond-60 CPI Linked,2021-10-05,379.93
TELBOND60,Tel Bond-60 CPI Linked,2021-10-06,380.12
TELBOND60,Tel Bond-60 CPI Linked,2021-10-07,379.68
TELBOND60,Tel Bond-60 CPI Linked,2021-10-10,379.38
TELBOND60,Tel Bond-60 CPI Linked,2021-10-11,380.59
TELBOND60,Tel Bond-60 CPI Linked,2021-10-12,381.97
TELBOND60,Tel Bond-60 CPI Linked,2021-10-13,383.62
TELBOND60,Tel Bond-60 CPI Linked,2021-10-14,384.57
TELBOND60,Tel Bond-60 CPI Linked,2021-10-17,384.27
TELBOND60,Tel Bond-60 CPI Linked,2021-10-18,383.51
TELBOND60,Tel Bond-60 CPI Linked,2021-10-19,383.18
TELBOND60,Tel Bond-60 CPI Linked,2021-10-20,383.16
TELBOND60,Tel Bond-60 CPI Linked,2021-10-21,382.75
TELBOND60,Tel Bond-60 CPI Linked,2021-10-24,382.45
TELBOND60,Tel Bond-60 CPI Linked,2021-10-25,383.61
TELBOND60,Tel Bond-60 CPI Linked,2021-10-26,384.69
TELBOND60,Tel Bond-60 CPI Linked,2021-10-27,384.62
TELBOND60,Tel Bond-60 CPI Linked,2021-10-28,383.73
TELBOND60,Tel Bond-60 CPI Linked,2021-10-31,383.88
TELBOND60,Tel Bond-60 CPI Linked,2021-11-01,383.44
TELBOND60,Tel Bond-60 CPI Linked,2021-11-02,383.13
TELBOND60,Tel Bond-60 CPI Linked,2021-11-03,381.62
TELBOND60,Tel Bond-60 CPI Linked,2021-11-04,382.64
TELBOND60,Tel Bond-60 CPI Linked,2021-11-07,383.12
TELBOND60,Tel Bond-60 CPI Linked,2021-11-08,382.82
TELBOND60,Tel Bond-60 CPI Linked,2021-11-09,382.88
TELBOND60,Tel Bond-60 CPI Linked,2021-11-10,382.99
TELBOND60,Tel Bond-60 CPI Linked,2021-11-11,383.11
TELBOND60,Tel Bond-60 CPI Linked,2021-11-14,383.49
TELBOND60,Tel Bond-60 CPI Linked,2021-11-15,384.24
TELBOND60,Tel Bond-60 CPI Linked,2021-11-16,384.23
TELBOND60,Tel Bond-60 CPI Linked,2021-11-17,384.19
TELBOND60,Tel Bond-60 CPI Linked,2021-11-18,383.98
TELBOND60,Tel Bond-60 CPI Linked,2021-11-21,383.32
TELBOND60,Tel Bond-60 CPI Linked,2021-11-22,382.02
TELBOND60,Tel Bond-60 CPI Linked,2021-11-23,382.37
TELBOND60,Tel Bond-60 CPI Linked,2021-11-24,383.16
TELBOND60,Tel Bond-60 CPI Linked,2021-11-25,384.72
TELBOND60,Tel Bond-60 CPI Linked,2021-11-28,383.26
TELBOND60,Tel Bond-60 CPI Linked,2021-11-29,383.33
TELBOND60,Tel Bond-60 CPI Linked,2021-11-30,382.37
TELBOND60,Tel Bond-60 CPI Linked,2021-12-01,381.54
TELBOND60,Tel Bond-60 CPI Linked,2021-12-02,380.04
TELBOND60,Tel Bond-60 CPI Linked,2021-12-05,379.93
TELBOND60,Tel Bond-60 CPI Linked,2021-12-06,381.35
TELBOND60,Tel Bond-60 CPI Linked,2021-12-07,382.24
TELBOND60,Tel Bond-60 CPI Linked,2021-12-08,382.37
TELBOND60,Tel Bond-60 CPI Linked,2021-12-09,383.68
TELBOND60,Tel Bond-60 CPI Linked,2021-12-12,383.53
TELBOND60,Tel Bond-60 CPI Linked,2021-12-13,383.64
TELBOND60,Tel Bond-60 CPI Linked,2021-12-14,383.39
TELBOND60,Tel Bond-60 CPI Linked,2021-12-15,383.45
TELBOND60,Tel Bond-60 CPI Linked,2021-12-16,383.45
TELBOND60,Tel Bond-60 CPI Linked,2021-12-19,382.75
TELBOND60,Tel Bond-60 CPI Linked,2021-12-20,380.7
TELBOND60,Tel Bond-60 CPI Linked,2021-12-21,380.4
TELBOND60,Tel Bond-60 CPI Linked,2021-12-22,380.45
TELBOND60,Tel Bond-60 CPI Linked,2021-12-23,380.52
TELBOND60,Tel Bond-60 CPI Linked,2021-12-26,381.44
TELBOND60,Tel Bond-60 CPI Linked,2021-12-27,382.15
TELBOND60,Tel Bond-60 CPI Linked,2021-12-28,383.15
TELBOND60,Tel Bond-60 CPI Linked,2021-12-29,383.51
TELBOND60,Tel Bond-60 CPI Linked,2021-12-30,383.47
TELBOND60,Tel Bond-60 CPI Linked,2022-01-02,384.6
TELBOND60,Tel Bond-60 CPI Linked,2022-01-03,385.5
TELBOND60,Tel Bond-60 CPI Linked,2022-01-04,386.33
TELBOND60,Tel Bond-60 CPI Linked,2022-01-05,386.14
TELBOND60,Tel Bond-60 CPI Linked,2022-01-06,384.95
TELBOND60,Tel Bond-60 CPI Linked,2022-01-09,383.98
TELBOND60,Tel Bond-60 CPI Linked,2022-01-10,383.28
TELBOND60,Tel Bond-60 CPI Linked,2022-01-11,382.46
TELBOND60,Tel Bond-60 CPI Linked,2022-01-12,383.0
TELBOND60,Tel Bond-60 CPI Linked,2022-01-13,382.87
TELBOND60,Tel Bond-60 CPI Linked,2022-01-16,381.99
TELBOND60,Tel Bond-60 CPI Linked,2022-01-17,381.73
TELBOND60,Tel Bond-60 CPI Linked,2022-01-18,380.77
TELBOND60,Tel Bond-60 CPI Linked,2022-01-19,380.51
TELBOND60,Tel Bond-60 CPI Linked,2022-01-20,380.64
TELBOND60,Tel Bond-60 CPI Linked,2022-01-23,378.73
TELBOND60,Tel Bond-60 CPI Linked,2022-01-24,376.62
TELBOND60,Tel Bond-60 CPI Linked,2022-01-25,376.36
TELBOND60,Tel Bond-60 CPI Linked,2022-01-26,378.01
TELBOND60,Tel Bond-60 CPI Linked,2022-01-27,376.95
TELBOND60,Tel Bond-60 CPI Linked,2022-01-30,377.82
TELBOND60,Tel Bond-60 CPI Linked,2022-01-31,376.5
TELBOND60,Tel Bond-60 CPI Linked,2022-02-01,375.19
TELBOND60,Tel Bond-60 CPI Linked,2022-02-02,374.82
TELBOND60,Tel Bond-60 CPI Linked,2022-02-03,373.24
TELBOND60,Tel Bond-60 CPI Linked,2022-02-06,371.52
TELBOND60,Tel Bond-60 CPI Linked,2022-02-07,371.93
TELBOND60,Tel Bond-60 CPI Linked,2022-02-08,372.38
TELBOND60,Tel Bond-60 CPI Linked,2022-02-09,374.31
TELBOND60,Tel Bond-60 CPI Linked,2022-02-10,374.81
TELBOND60,Tel Bond-60 CPI Linked,2022-02-13,373.97
TELBOND60,Tel Bond-60 CPI Linked,2022-02-14,373.87
TELBOND60,Tel Bond-60 CPI Linked,2022-02-15,375.02
TELBOND60,Tel Bond-60 CPI Linked,2022-02-16,374.88
TELBOND60,Tel Bond-60 CPI Linked,2022-02-17,375.05
TELBOND60,Tel Bond-60 CPI Linked,2022-02-20,374.6
TELBOND60,Tel Bond-60 CPI Linked,2022-02-21,374.34
TELBOND60,Tel Bond-60 CPI Linked,2022-02-22,372.69
TELBOND60,Tel Bond-60 CPI Linked,2022-02-23,370.62
TELBOND60,Tel Bond-60 CPI Linked,2022-02-24,369.93
TELBOND60,Tel Bond-60 CPI Linked,2022-02-27,370.43
TELBOND60,Tel Bond-60 CPI Linked,2022-02-28,372.14
TELBOND60,Tel Bond-60 CPI Linked,2022-03-01,374.38
TELBOND60,Tel Bond-60 CPI Linked,2022-03-02,375.38
TELBOND60,Tel Bond-60 CPI Linked,2022-03-03,377.23
TELBOND60,Tel Bond-60 CPI Linked,2022-03-06,378.24
TELBOND60,Tel Bond-60 CPI Linked,2022-03-07,378.5
TELBOND60,Tel Bond-60 CPI Linked,2022-03-08,378.1
TELBOND60,Tel Bond-60 CPI Linked,2022-03-09,376.47
TELBOND60,Tel Bond-60 CPI Linked,2022-03-10,374.39
TELBOND60,Tel Bond-60 CPI Linked,2022-03-13,373.97
TELBOND60,Tel Bond-60 CPI Linked,2022-03-14,373.4
TELBOND60,Tel Bond-60 CPI Linked,2022-03-15,374.34
TELBOND60,Tel Bond-60 CPI Linked,2022-03-16,376.81
TELBOND60,Tel Bond-60 CPI Linked,2022-03-20,378.08
TELBOND60,Tel Bond-60 CPI Linked,2022-03-21,377.1
TELBOND60,Tel Bond-60 CPI Linked,2022-03-22,376.51
TELBOND60,Tel Bond-60 CPI Linked,2022-03-23,376.52
TELBOND60,Tel Bond-60 CPI Linked,2022-03-24,373.82
TELBOND60,Tel Bond-60 CPI Linked,2022-03-27,371.64
TELBOND60,Tel Bond-60 CPI Linked,2022-03-28,371.5
TELBOND60,Tel Bond-60 CPI Linked,2022-03-29,370.64
TELBOND60,Tel Bond-60 CPI Linked,2022-03-30,372.02
TELBOND60,Tel Bond-60 CPI Linked,2022-03-31,373.07
TELBOND60,Tel Bond-60 CPI Linked,2022-04-03,372.91
TELBOND60,Tel Bond-60 CPI Linked,2022-04-04,373.42
TELBOND60,Tel Bond-60 CPI Linked,2022-04-05,373.23
TELBOND60,Tel Bond-60 CPI Linked,2022-04-06,372.26
TELBOND60,Tel Bond-60 CPI Linked,2022-04-07,372.45
TELBOND60,Tel Bond-60 CPI Linked,2022-04-10,372.22
TELBOND60,Tel Bond-60 CPI Linked,2022-04-11,370.95
TELBOND60,Tel Bond-60 CPI Linked,2022-04-12,369.7
TELBOND60,Tel Bond-60 CPI Linked,2022-04-13,369.18
TELBOND60,Tel Bond-60 CPI Linked,2022-04-14,369.44
TELBOND60,Tel Bond-60 CPI Linked,2022-04-17,369.88
TELBOND60,Tel Bond-60 CPI Linked,2022-04-18,370.41
TELBOND60,Tel Bond-60 CPI Linked,2022-04-19,370.81
TELBOND60,Tel Bond-60 CPI Linked,2022-04-20,371.55
TELBOND60,Tel Bond-60 CPI Linked,2022-04-24,370.32
TELBOND60,Tel Bond-60 CPI Linked,2022-04-25,369.52
TELBOND60,Tel Bond-60 CPI Linked,2022-04-26,369.66
TELBOND60,Tel Bond-60 CPI Linked,2022-04-27,368.34
TELBOND60,Tel Bond-60 CPI Linked,2022-04-28,368.56
TELBOND60,Tel Bond-60 CPI Linked,2022-05-01,366.45
TELBOND60,Tel Bond-60 CPI Linked,2022-05-02,364.23
TELBOND60,Tel Bond-60 CPI Linked,2022-05-03,364.93
TELBOND60,Tel Bond-60 CPI Linked,2022-05-08,363.07
TELBOND60,Tel Bond-60 CPI Linked,2022-05-09,361.81
TELBOND60,Tel Bond-60 CPI Linked,2022-05-10,361.99
TELBOND60,Tel Bond-60 CPI Linked,2022-05-11,362.49
TELBOND60,Tel Bond-60 CPI Linked,2022-05-12,361.08
TELBOND60,Tel Bond-60 CPI Linked,2022-05-15,360.91
TELBOND60,Tel Bond-60 CPI Linked,2022-05-16,359.45
TELBOND60,Tel Bond-60 CPI Linked,2022-05-17,359.51
TELBOND60,Tel Bond-60 CPI Linked,2022-05-18,360.29
TELBOND60,Tel Bond-60 CPI Linked,2022-05-19,360.29
TELBOND60,Tel Bond-60 CPI Linked,2022-05-22,359.34
TELBOND60,Tel Bond-60 CPI Linked,2022-05-23,356.67
TELBOND60,Tel Bond-60 CPI Linked,2022-05-24,353.26
TELBOND60,Tel Bond-60 CPI Linked,2022-05-25,352.16
TELBOND60,Tel Bond-60 CPI Linked,2022-05-26,353.98
TELBOND60,Tel Bond-60 CPI Linked,2022-05-29,356.41
TELBOND60,Tel Bond-60 CPI Linked,2022-05-30,357.35
TELBOND60,Tel Bond-60 CPI Linked,2022-05-31,357.19
TELBOND60,Tel Bond-60 CPI Linked,2022-06-01,358.55
TELBOND60,Tel Bond-60 CPI Linked,2022-06-02,358.79
TELBOND60,Tel Bond-60 CPI Linked,2022-06-06,358.69
TELBOND60,Tel Bond-60 CPI Linked,2022-06-07,357.84
TELBOND60,Tel Bond-60 CPI Linked,2022-06-08,357.01
TELBOND60,Tel Bond-60 CPI Linked,2022-06-09,356.57
TELBOND60,Tel Bond-60 CPI Linked,2022-06-12,353.53
TELBOND60,Tel Bond-60 CPI Linked,2022-06-13,351.89
TELBOND60,Tel Bond-60 CPI Linked,2022-06-14,351.88
TELBOND60,Tel Bond-60 CPI Linked,2022-06-15,351.46
TELBOND60,Tel Bond-60 CPI Linked,2022-06-16,349.78
TELBOND60,Tel Bond-60 CPI Linked,2022-06-19,349.79
TELBOND60,Tel Bond-60 CPI Linked,2022-06-20,351.59
TELBOND60,Tel Bond-60 CPI Linked,2022-06-21,352.56
TELBOND60,Tel Bond-60 CPI Linked,2022-06-22,354.89
TELBOND60,Tel Bond-60 CPI Linked,2022-06-23,358.26
TELBOND60,Tel Bond-60 CPI Linked,2022-06-26,357.41
TELBOND60,Tel Bond-60 CPI Linked,2022-06-27,356.77
TELBOND60,Tel Bond-60 CPI Linked,2022-06-28,358.17
TELBOND60,Tel Bond-60 CPI Linked,2022-06-29,359.14
TELBOND60,Tel Bond-60 CPI Linked,2022-06-30,361.01
TELBOND60,Tel Bond-60 CPI Linked,2022-07-03,364.17
TELBOND60,Tel Bond-60 CPI Linked,2022-07-04,362.66
TELBOND60,Tel Bond-60 CPI Linked,2022-07-05,362.75
TELBOND60,Tel Bond-60 CPI Linked,2022-07-06,359.64
TELBOND60,Tel Bond-60 CPI Linked,2022-07-07,358.08
TELBOND60,Tel Bond-60 CPI Linked,2022-07-10,356.15
TELBOND60,Tel Bond-60 CPI Linked,2022-07-11,355.82
TELBOND60,Tel Bond-60 CPI Linked,2022-07-12,356.54
TELBOND60,Tel Bond-60 CPI Linked,2022-07-13,357.13
TELBOND60,Tel Bond-60 CPI Linked,2022-07-14,357.79
TELBOND60,Tel Bond-60 CPI Linked,2022-07-17,359.71
TELBOND60,Tel Bond-60 CPI Linked,2022-07-18,359.71
TELBOND60,Tel Bond-60 CPI Linked,2022-07-19,359.8
TELBOND60,Tel Bond-60 CPI Linked,2022-07-20,360.09
TELBOND60,Tel Bond-60 CPI Linked,2022-07-21,360.18
TELBOND60,Tel Bond-60 CPI Linked,2022-07-24,361.95
TELBOND60,Tel Bond-60 CPI Linked,2022-07-25,362.19
TELBOND60,Tel Bond-60 CPI Linked,2022-07-26,363.01
TELBOND60,Tel Bond-60 CPI Linked,2022-07-27,362.95
TELBOND60,Tel Bond-60 CPI Linked,2022-07-28,364.15
TELBOND60,Tel Bond-60 CPI Linked,2022-07-31,365.26
TELBOND60,Tel Bond-60 CPI Linked,2022-08-01,365.75
TELBOND60,Tel Bond-60 CPI Linked,2022-08-02,365.91
TELBOND60,Tel Bond-60 CPI Linked,2022-08-03,365.1
TELBOND60,Tel Bond-60 CPI Linked,2022-08-04,365.26
TELBOND60,Tel Bond-60 CPI Linked,2022-08-08,365.0
TELBOND60,Tel Bond-60 CPI Linked,2022-08-09,364.59
TELBOND60,Tel Bond-60 CPI Linked,2022-08-10,364.08
TELBOND60,Tel Bond-60 CPI Linked,2022-08-11,364.65
TELBOND60,Tel Bond-60 CPI Linked,2022-08-14,364.97
TELBOND60,Tel Bond-60 CPI Linked,2022-08-15,366.0
TELBOND60,Tel Bond-60 CPI Linked,2022-08-16,365.87
TELBOND60,Tel Bond-60 CPI Linked,2022-08-17,364.73
TELBOND60,Tel Bond-60 CPI Linked,2022-08-18,366.12
TELBOND60,Tel Bond-60 CPI Linked,2022-08-21,365.27
TELBOND60,Tel Bond-60 CPI Linked,2022-08-22,364.67
TELBOND60,Tel Bond-60 CPI Linked,2022-08-23,363.83
TELBOND60,Tel Bond-60 CPI Linked,2022-08-24,362.39
TELBOND60,Tel Bond-60 CPI Linked,2022-08-25,362.73
TELBOND60,Tel Bond-60 CPI Linked,2022-08-28,361.94
TELBOND60,Tel Bond-60 CPI Linked,2022-08-29,361.3
TELBOND60,Tel Bond-60 CPI Linked,2022-08-30,361.29
TELBOND60,Tel Bond-60 CPI Linked,2022-08-31,360.91
TELBOND60,Tel Bond-60 CPI Linked,2022-09-01,359.7
TELBOND60,Tel Bond-60 CPI Linked,2022-09-04,359.97
TELBOND60,Tel Bond-60 CPI Linked,2022-09-05,359.77
TELBOND60,Tel Bond-60 CPI Linked,2022-09-06,357.93
TELBOND60,Tel Bond-60 CPI Linked,2022-09-07,358.06
TELBOND60,Tel Bond-60 CPI Linked,2022-09-08,357.99
TELBOND60,Tel Bond-60 CPI Linked,2022-09-11,357.5
TELBOND60,Tel Bond-60 CPI Linked,2022-09-12,358.27
TELBOND60,Tel Bond-60 CPI Linked,2022-09-13,358.27
TELBOND60,Tel Bond-60 CPI Linked,2022-09-14,358.03
TELBOND60,Tel Bond-60 CPI Linked,2022-09-15,358.92
TELBOND60,Tel Bond-60 CPI Linked,2022-09-18,358.01
TELBOND60,Tel Bond-60 CPI Linked,2022-09-19,358.18
TELBOND60,Tel Bond-60 CPI Linked,2022-09-20,357.98
TELBOND60,Tel Bond-60 CPI Linked,2022-09-21,358.01
TELBOND60,Tel Bond-60 CPI Linked,2022-09-22,358.04
TELBOND60,Tel Bond-60 CPI Linked,2022-09-28,353.95
TELBOND60,Tel Bond-60 CPI Linked,2022-09-29,352.92
TELBOND60,Tel Bond-60 CPI Linked,2022-10-02,349.17
TELBOND60,Tel Bond-60 CPI Linked,2022-10-03,348.82
TELBOND60,Tel Bond-60 CPI Linked,2022-10-06,349.79
TELBOND60,Tel Bond-60 CPI Linked,2022-10-11,349.18
TELBOND60,Tel Bond-60 CPI Linked,2022-10-12,349.3
TELBOND60,Tel Bond-60 CPI Linked,2022-10-13,350.04
TELBOND60,Tel Bond-60 CPI Linked,2022-10-18,350.74
TELBOND60,Tel Bond-60 CPI Linked,2022-10-19,350.12
TELBOND60,Tel Bond-60 CPI Linked,2022-10-20,349.69
TELBOND60,Tel Bond-60 CPI Linked,2022-10-23,350.74
TELBOND60,Tel Bond-60 CPI Linked,2022-10-24,350.94
TELBOND60,Tel Bond-60 CPI Linked,2022-10-25,351.95
TELBOND60,Tel Bond-60 CPI Linked,2022-10-26,353.66
TELBOND60,Tel Bond-60 CPI Linked,2022-10-27,353.54
TELBOND60,Tel Bond-60 CPI Linked,2022-10-30,353.47
TELBOND60,Tel Bond-60 CPI Linked,2022-10-31,351.66
TELBOND60,Tel Bond-60 CPI Linked,2022-11-02,352.57
TELBOND60,Tel Bond-60 CPI Linked,2022-11-03,351.75
TELBOND60,Tel Bond-60 CPI Linked,2022-11-06,351.75
TELBOND60,Tel Bond-60 CPI Linked,2022-11-07,351.56
TELBOND60,Tel Bond-60 CPI Linked,2022-11-08,351.13
TELBOND60,Tel Bond-60 CPI Linked,2022-11-09,350.94
TELBOND60,Tel Bond-60 CPI Linked,2022-11-10,352.02
TELBOND60,Tel Bond-60 CPI Linked,2022-11-13,353.0
TELBOND60,Tel Bond-60 CPI Linked,2022-11-14,352.57
TELBOND60,Tel Bond-60 CPI Linked,2022-11-15,354.26
TELBOND60,Tel Bond-60 CPI Linked,2022-11-16,355.66
TELBOND60,Tel Bond-60 CPI Linked,2022-11-17,355.73
TELBOND60,Tel Bond-60 CPI Linked,2022-11-20,353.72
TELBOND60,Tel Bond-60 CPI Linked,2022-11-21,353.67
TELBOND60,Tel Bond-60 CPI Linked,2022-11-22,354.21
TELBOND60,Tel Bond-60 CPI Linked,2022-11-23,355.19
TELBOND60,Tel Bond-60 CPI Linked,2022-11-24,355.0
TELBOND60,Tel Bond-60 CPI Linked,2022-11-27,353.07
TELBOND60,Tel Bond-60 CPI Linked,2022-11-28,351.89
TELBOND60,Tel Bond-60 CPI Linked,2022-11-29,351.73
TELBOND60,Tel Bond-60 CPI Linked,2022-11-30,351.36
TELBOND60,Tel Bond-60 CPI Linked,2022-12-01,352.73
TELBOND60,Tel Bond-60 CPI Linked,2022-12-04,351.25
TELBOND60,Tel Bond-60 CPI Linked,2022-12-05,350.03
TELBOND60,Tel Bond-60 CPI Linked,2022-12-06,349.78
TELBOND60,Tel Bond-60 CPI Linked,2022-12-07,349.59
TELBOND60,Tel Bond-60 CPI Linked,2022-12-08,350.68
TELBOND60,Tel Bond-60 CPI Linked,2022-12-11,349.7
TELBOND60,Tel Bond-60 CPI Linked,2022-12-12,350.03
TELBOND60,Tel Bond-60 CPI Linked,2022-12-13,350.67
TELBOND60,Tel Bond-60 CPI Linked,2022-12-14,350.2
TELBOND60,Tel Bond-60 CPI Linked,2022-12-15,350.18
TELBOND60,Tel Bond-60 CPI Linked,2022-12-18,350.4
TELBOND60,Tel Bond-60 CPI Linked,2022-12-19,350.23
TELBOND60,Tel Bond-60 CPI Linked,2022-12-20,349.88
TELBOND60,Tel Bond-60 CPI Linked,2022-12-21,350.74
TELBOND60,Tel Bond-60 CPI Linked,2022-12-22,351.57
TELBOND60,Tel Bond-60 CPI Linked,2022-12-25,350.5
TELBOND60,Tel Bond-60 CPI Linked,2022-12-26,350.03
TELBOND60,Tel Bond-60 CPI Linked,2022-12-27,349.6
TELBOND60,Tel Bond-60 CPI Linked,2022-12-28,349.15
TELBOND60,Tel Bond-60 CPI Linked,2022-12-29,349.22
TELBOND60,Tel Bond-60 CPI Linked,2023-01-01,349.73
TELBOND60,Tel Bond-60 CPI Linked,2023-01-02,350.48
TELBOND60,Tel Bond-60 CPI Linked,2023-01-03,350.6
TELBOND60,Tel Bond-60 CPI Linked,2023-01-04,350.41
TELBOND60,Tel Bond-60 CPI Linked,2023-01-05,350.52
TELBOND60,Tel Bond-60 CPI Linked,2023-01-08,352.28
TELBOND60,Tel Bond-60 CPI Linked,2023-01-09,353.66
TELBOND60,Tel Bond-60 CPI Linked,2023-01-10,353.61
TELBOND60,Tel Bond-60 CPI Linked,2023-01-11,354.69
TELBOND60,Tel Bond-60 CPI Linked,2023-01-12,355.34
TELBOND60,Tel Bond-60 CPI Linked,2023-01-15,355.17
TELBOND60,Tel Bond-60 CPI Linked,2023-01-16,355.7
TELBOND60,Tel Bond-60 CPI Linked,2023-01-17,355.4
TELBOND60,Tel Bond-60 CPI Linked,2023-01-18,356.3
TELBOND60,Tel Bond-60 CPI Linked,2023-01-19,356.51
TELBOND60,Tel Bond-60 CPI Linked,2023-01-22,356.3
TELBOND60,Tel Bond-60 CPI Linked,2023-01-23,356.07
TELBOND60,Tel Bond-60 CPI Linked,2023-01-24,356.77
TELBOND60,Tel Bond-60 CPI Linked,2023-01-25,355.24
TELBOND60,Tel Bond-60 CPI Linked,2023-01-26,353.97
TELBOND60,Tel Bond-60 CPI Linked,2023-01-29,352.35
TELBOND60,Tel Bond-60 CPI Linked,2023-01-30,353.21
TELBOND60,Tel Bond-60 CPI Linked,2023-01-31,354.79
TELBOND60,Tel Bond-60 CPI Linked,2023-02-01,355.65
TELBOND60,Tel Bond-60 CPI Linked,2023-02-02,356.83
TELBOND60,Tel Bond-60 CPI Linked,2023-02-05,355.38
TELBOND60,Tel Bond-60 CPI Linked,2023-02-06,355.37
TELBOND60,Tel Bond-60 CPI Linked,2023-02-07,355.47
TELBOND60,Tel Bond-60 CPI Linked,2023-02-08,355.86
TELBOND60,Tel Bond-60 CPI Linked,2023-02-09,356.14
TELBOND60,Tel Bond-60 CPI Linked,2023-02-12,354.44
TELBOND60,Tel Bond-60 CPI Linked,2023-02-13,354.19
TELBOND60,Tel Bond-60 CPI Linked,2023-02-14,354.09
TELBOND60,Tel Bond-60 CPI Linked,2023-02-15,353.6
TELBOND60,Tel Bond-60 CPI Linked,2023-02-16,352.46
TELBOND60,Tel Bond-60 CPI Linked,2023-02-19,351.71
TELBOND60,Tel Bond-60 CPI Linked,2023-02-20,351.59
TELBOND60,Tel Bond-60 CPI Linked,2023-02-21,350.64
TELBOND60,Tel Bond-60 CPI Linked,2023-02-22,350.28
TELBOND60,Tel Bond-60 CPI Linked,2023-02-23,350.45
TELBOND60,Tel Bond-60 CPI Linked,2023-02-26,347.56
TELBOND60,Tel Bond-60 CPI Linked,2023-02-27,346.65
TELBOND60,Tel Bond-60 CPI Linked,2023-02-28,345.97
TELBOND60,Tel Bond-60 CPI Linked,2023-03-01,347.22
TELBOND60,Tel Bond-60 CPI Linked,2023-03-02,345.98
TELBOND60,Tel Bond-60 CPI Linked,2023-03-05,346.32
TELBOND60,Tel Bond-60 CPI Linked,2023-03-06,347.14
TELBOND60,Tel Bond-60 CPI Linked,2023-03-08,347.69
TELBOND60,Tel Bond-60 CPI Linked,2023-03-09,348.51
TELBOND60,Tel Bond-60 CPI Linked,2023-03-12,347.61
TELBOND60,Tel Bond-60 CPI Linked,2023-03-13,348.91
TELBOND60,Tel Bond-60 CPI Linked,2023-03-14,348.79
TELBOND60,Tel Bond-60 CPI Linked,2023-03-15,348.76
TELBOND60,Tel Bond-60 CPI Linked,2023-03-16,349.13
TELBOND60,Tel Bond-60 CPI Linked,2023-03-19,349.05
TELBOND60,Tel Bond-60 CPI Linked,2023-03-20,349.37
TELBOND60,Tel Bond-60 CPI Linked,2023-03-21,348.75
TELBOND60,Tel Bond-60 CPI Linked,2023-03-22,347.93
TELBOND60,Tel Bond-60 CPI Linked,2023-03-23,350.1
TELBOND60,Tel Bond-60 CPI Linked,2023-03-26,348.4
TELBOND60,Tel Bond-60 CPI Linked,2023-03-27,349.27
TELBOND60,Tel Bond-60 CPI Linked,2023-03-28,351.21
TELBOND60,Tel Bond-60 CPI Linked,2023-03-29,350.5
TELBOND60,Tel Bond-60 CPI Linked,2023-03-30,350.71
TELBOND60,Tel Bond-60 CPI Linked,2023-04-02,352.49
TELBOND60,Tel Bond-60 CPI Linked,2023-04-03,352.87
TELBOND60,Tel Bond-60 CPI Linked,2023-04-04,353.37
TELBOND60,Tel Bond-60 CPI Linked,2023-04-09,353.33
TELBOND60,Tel Bond-60 CPI Linked,2023-04-10,353.38
TELBOND60,Tel Bond-60 CPI Linked,2023-04-13,353.08
TELBOND60,Tel Bond-60 CPI Linked,2023-04-16,351.95
TELBOND60,Tel Bond-60 CPI Linked,2023-04-17,350.92
TELBOND60,Tel Bond-60 CPI Linked,2023-04-18,350.92
TELBOND60,Tel Bond-60 CPI Linked,2023-04-19,351.4
TELBOND60,Tel Bond-60 CPI Linked,2023-04-20,351.84
TELBOND60,Tel Bond-60 CPI Linked,2023-04-23,351.67
TELBOND60,Tel Bond-60 CPI Linked,2023-04-24,351.76
TELBOND60,Tel Bond-60 CPI Linked,2023-04-27,352.6
TELBOND60,Tel Bond-60 CPI Linked,2023-04-30,353.47
TELBOND60,Tel Bond-60 CPI Linked,2023-05-01,353.83
TELBOND60,Tel Bond-60 CPI Linked,2023-05-02,353.85
TELBOND60,Tel Bond-60 CPI Linked,2023-05-03,355.26
TELBOND60,Tel Bond-60 CPI Linked,2023-05-04,356.19
TELBOND60,Tel Bond-60 CPI Linked,2023-05-07,356.24
TELBOND60,Tel Bond-60 CPI Linked,2023-05-08,356.28
TELBOND60,Tel Bond-60 CPI Linked,2023-05-09,356.81
TELBOND60,Tel Bond-60 CPI Linked,2023-05-10,358.25
TELBOND60,Tel Bond-60 CPI Linked,2023-05-11,359.38
TELBOND60,Tel Bond-60 CPI Linked,2023-05-14,359.29
TELBOND60,Tel Bond-60 CPI Linked,2023-05-15,359.28
TELBOND60,Tel Bond-60 CPI Linked,2023-05-16,359.88
TELBOND60,Tel Bond-60 CPI Linked,2023-05-17,358.67
TELBOND60,Tel Bond-60 CPI Linked,2023-05-18,358.62
TELBOND60,Tel Bond-60 CPI Linked,2023-05-21,357.86
TELBOND60,Tel Bond-60 CPI Linked,2023-05-22,357.59
TELBOND60,Tel Bond-60 CPI Linked,2023-05-23,356.87
TELBOND60,Tel Bond-60 CPI Linked,2023-05-24,357.43
TELBOND60,Tel Bond-60 CPI Linked,2023-05-28,357.72
TELBOND60,Tel Bond-60 CPI Linked,2023-05-29,357.62
TELBOND60,Tel Bond-60 CPI Linked,2023-05-30,358.1
TELBOND60,Tel Bond-60 CPI Linked,2023-05-31,358.96
TELBOND60,Tel Bond-60 CPI Linked,2023-06-01,359.67
TELBOND60,Tel Bond-60 CPI Linked,2023-06-04,359.4
TELBOND60,Tel Bond-60 CPI Linked,2023-06-05,359.3
TELBOND60,Tel Bond-60 CPI Linked,2023-06-06,358.05
TELBOND60,Tel Bond-60 CPI Linked,2023-06-07,357.89
TELBOND60,Tel Bond-60 CPI Linked,2023-06-08,357.14
TELBOND60,Tel Bond-60 CPI Linked,2023-06-11,357.15
TELBOND60,Tel Bond-60 CPI Linked,2023-06-12,356.99
TELBOND60,Tel Bond-60 CPI Linked,2023-06-13,356.93
TELBOND60,Tel Bond-60 CPI Linked,2023-06-14,356.96
TELBOND60,Tel Bond-60 CPI Linked,2023-06-15,357.88
TELBOND60,Tel Bond-60 CPI Linked,2023-06-18,358.77
TELBOND60,Tel Bond-60 CPI Linked,2023-06-19,358.93
TELBOND60,Tel Bond-60 CPI Linked,2023-06-20,359.84
TELBOND60,Tel Bond-60 CPI Linked,2023-06-21,360.37
TELBOND60,Tel Bond-60 CPI Linked,2023-06-22,361.15
TELBOND60,Tel Bond-60 CPI Linked,2023-06-25,360.53
TELBOND60,Tel Bond-60 CPI Linked,2023-06-26,360.11
TELBOND60,Tel Bond-60 CPI Linked,2023-06-27,359.47
TELBOND60,Tel Bond-60 CPI Linked,2023-06-28,359.24
TELBOND60,Tel Bond-60 CPI Linked,2023-06-29,359.37
TELBOND60,Tel Bond-60 CPI Linked,2023-07-02,360.46
TELBOND60,Tel Bond-60 CPI Linked,2023-07-03,360.89
TELBOND60,Tel Bond-60 CPI Linked,2023-07-04,361.36
TELBOND60,Tel Bond-60 CPI Linked,2023-07-05,361.47
TELBOND60,Tel Bond-60 CPI Linked,2023-07-06,361.11
TELBOND60,Tel Bond-60 CPI Linked,2023-07-09,360.22
TELBOND60,Tel Bond-60 CPI Linked,2023-07-10,359.51
TELBOND60,Tel Bond-60 CPI Linked,2023-07-11,359.65
TELBOND60,Tel Bond-60 CPI Linked,2023-07-12,360.77
TELBOND60,Tel Bond-60 CPI Linked,2023-07-13,361.21
TELBOND60,Tel Bond-60 CPI Linked,2023-07-16,361.62
TELBOND60,Tel Bond-60 CPI Linked,2023-07-17,361.63
TELBOND60,Tel Bond-60 CPI Linked,2023-07-18,362.16
TELBOND60,Tel Bond-60 CPI Linked,2023-07-19,362.8
TELBOND60,Tel Bond-60 CPI Linked,2023-07-20,362.71
TELBOND60,Tel Bond-60 CPI Linked,2023-07-23,362.47
TELBOND60,Tel Bond-60 CPI Linked,2023-07-24,361.09
TELBOND60,Tel Bond-60 CPI Linked,2023-07-25,359.65
TELBOND60,Tel Bond-60 CPI Linked,2023-07-26,360.51
TELBOND60,Tel Bond-60 CPI Linked,2023-07-30,360.92
TELBOND60,Tel Bond-60 CPI Linked,2023-07-31,361.25
TELBOND60,Tel Bond-60 CPI Linked,2023-08-01,361.62
TELBOND60,Tel Bond-60 CPI Linked,2023-08-02,361.18
TELBOND60,Tel Bond-60 CPI Linked,2023-08-03,360.89
TELBOND60,Tel Bond-60 CPI Linked,2023-08-06,361.47
TELBOND60,Tel Bond-60 CPI Linked,2023-08-07,361.22
TELBOND60,Tel Bond-60 CPI Linked,2023-08-08,361.42
TELBOND60,Tel Bond-60 CPI Linked,2023-08-09,361.52
TELBOND60,Tel Bond-60 CPI Linked,2023-08-10,361.49
TELBOND60,Tel Bond-60 CPI Linked,2023-08-13,360.36
TELBOND60,Tel Bond-60 CPI Linked,2023-08-14,360.02
TELBOND60,Tel Bond-60 CPI Linked,2023-08-15,360.33
TELBOND60,Tel Bond-60 CPI Linked,2023-08-16,360.51
TELBOND60,Tel Bond-60 CPI Linked,2023-08-17,360.18
TELBOND60,Tel Bond-60 CPI Linked,2023-08-20,360.51
TELBOND60,Tel Bond-60 CPI Linked,2023-08-21,360.56
TELBOND60,Tel Bond-60 CPI Linked,2023-08-22,360.6
TELBOND60,Tel Bond-60 CPI Linked,2023-08-23,361.61
TELBOND60,Tel Bond-60 CPI Linked,2023-08-24,361.98
TELBOND60,Tel Bond-60 CPI Linked,2023-08-27,361.77
TELBOND60,Tel Bond-60 CPI Linked,2023-08-28,361.55
TELBOND60,Tel Bond-60 CPI Linked,2023-08-29,361.43
TELBOND60,Tel Bond-60 CPI Linked,2023-08-30,361.84
TELBOND60,Tel Bond-60 CPI Linked,2023-08-31,362.26
TELBOND60,Tel Bond-60 CPI Linked,2023-09-03,361.53
TELBOND60,Tel Bond-60 CPI Linked,2023-09-04,361.15
TELBOND60,Tel Bond-60 CPI Linked,2023-09-05,361.73
TELBOND60,Tel Bond-60 CPI Linked,2023-09-06,361.56
TELBOND60,Tel Bond-60 CPI Linked,2023-09-07,361.01
TELBOND60,Tel Bond-60 CPI Linked,2023-09-10,360.6
TELBOND60,Tel Bond-60 CPI Linked,2023-09-11,361.03
TELBOND60,Tel Bond-60 CPI Linked,2023-09-12,361.6
TELBOND60,Tel Bond-60 CPI Linked,2023-09-13,361.83
TELBOND60,Tel Bond-60 CPI Linked,2023-09-14,361.82
TELBOND60,Tel Bond-60 CPI Linked,2023-09-18,361.53
TELBOND60,Tel Bond-60 CPI Linked,2023-09-19,361.53
TELBOND60,Tel Bond-60 CPI Linked,2023-09-20,361.85
TELBOND60,Tel Bond-60 CPI Linked,2023-09-21,361.29
TELBOND60,Tel Bond-60 CPI Linked,2023-09-26,360.28
TELBOND60,Tel Bond-60 CPI Linked,2023-09-27,359.87
TELBOND60,Tel Bond-60 CPI Linked,2023-09-28,359.75
TELBOND60,Tel Bond-60 CPI Linked,2023-10-01,361.18
TELBOND60,Tel Bond-60 CPI Linked,2023-10-02,361.27
TELBOND60,Tel Bond-60 CPI Linked,2023-10-03,361.06
TELBOND60,Tel Bond-60 CPI Linked,2023-10-04,360.27
TELBOND60,Tel Bond-60 CPI Linked,2023-10-05,360.61
TELBOND60,Tel Bond-60 CPI Linked,2023-10-08,353.48
TELBOND60,Tel Bond-60 CPI Linked,2023-10-09,354.78
TELBOND60,Tel Bond-60 CPI Linked,2023-10-10,356.59
TELBOND60,Tel Bond-60 CPI Linked,2023-10-11,357.88
TELBOND60,Tel Bond-60 CPI Linked,2023-10-12,361.63
TELBOND60,Tel Bond-60 CPI Linked,2023-10-15,359.91
TELBOND60,Tel Bond-60 CPI Linked,2023-10-16,360.91
TELBOND60,Tel Bond-60 CPI Linked,2023-10-17,358.97
TELBOND60,Tel Bond-60 CPI Linked,2023-10-18,358.4
TELBOND60,Tel Bond-60 CPI Linked,2023-10-19,355.55
TELBOND60,Tel Bond-60 CPI Linked,2023-10-22,352.95
TELBOND60,Tel Bond-60 CPI Linked,2023-10-23,351.48
TELBOND60,Tel Bond-60 CPI Linked,2023-10-24,350.63
TELBOND60,Tel Bond-60 CPI Linked,2023-10-25,351.02
TELBOND60,Tel Bond-60 CPI Linked,2023-10-26,349.17
TELBOND60,Tel Bond-60 CPI Linked,2023-10-29,348.76
TELBOND60,Tel Bond-60 CPI Linked,2023-10-30,348.51
TELBOND60,Tel Bond-60 CPI Linked,2023-10-31,349.78
TELBOND60,Tel Bond-60 CPI Linked,2023-11-01,351.25
TELBOND60,Tel Bond-60 CPI Linked,2023-11-02,354.09
TELBOND60,Tel Bond-60 CPI Linked,2023-11-05,357.15
TELBOND60,Tel Bond-60 CPI Linked,2023-11-06,357.01
TELBOND60,Tel Bond-60 CPI Linked,2023-11-07,357.95
TELBOND60,Tel Bond-60 CPI Linked,2023-11-08,358.94
TELBOND60,Tel Bond-60 CPI Linked,2023-11-09,358.58
TELBOND60,Tel Bond-60 CPI Linked,2023-11-12,355.91
TELBOND60,Tel Bond-60 CPI Linked,2023-11-13,355.19
TELBOND60,Tel Bond-60 CPI Linked,2023-11-14,358.09
TELBOND60,Tel Bond-60 CPI Linked,2023-11-15,357.87
TELBOND60,Tel Bond-60 CPI Linked,2023-11-16,358.86
TELBOND60,Tel Bond-60 CPI Linked,2023-11-19,358.32
TELBOND60,Tel Bond-60 CPI Linked,2023-11-20,358.66
TELBOND60,Tel Bond-60 CPI Linked,2023-11-21,359.55
TELBOND60,Tel Bond-60 CPI Linked,2023-11-22,361.08
TELBOND60,Tel Bond-60 CPI Linked,2023-11-23,361.12
TELBOND60,Tel Bond-60 CPI Linked,2023-11-26,359.86
TELBOND60,Tel Bond-60 CPI Linked,2023-11-27,360.84
TELBOND60,Tel Bond-60 CPI Linked,2023-11-28,361.91
TELBOND60,Tel Bond-60 CPI Linked,2023-11-29,362.83
TELBOND60,Tel Bond-60 CPI Linked,2023-11-30,362.77
TELBOND60,Tel Bond-60 CPI Linked,2023-12-03,363.48
TELBOND60,Tel Bond-60 CPI Linked,2023-12-04,364.09
TELBOND60,Tel Bond-60 CPI Linked,2023-12-05,365.12
TELBOND60,Tel Bond-60 CPI Linked,2023-12-06,366.5
TELBOND60,Tel Bond-60 CPI Linked,2023-12-07,365.84
TELBOND60,Tel Bond-60 CPI Linked,2023-12-10,364.32
TELBOND60,Tel Bond-60 CPI Linked,2023-12-11,363.84
TELBOND60,Tel Bond-60 CPI Linked,2023-12-12,364.45
TELBOND60,Tel Bond-60 CPI Linked,2023-12-13,365.16
TELBOND60,Tel Bond-60 CPI Linked,2023-12-14,367.86
TELBOND60,Tel Bond-60 CPI Linked,2023-12-17,368.75
TELBOND60,Tel Bond-60 CPI Linked,2023-12-18,368.99
TELBOND60,Tel Bond-60 CPI Linked,2023-12-19,369.93
TELBOND60,Tel Bond-60 CPI Linked,2023-12-20,370.4
TELBOND60,Tel Bond-60 CPI Linked,2023-12-21,368.65
TELBOND60,Tel Bond-60 CPI Linked,2023-12-24,368.88
TELBOND60,Tel Bond-60 CPI Linked,2023-12-25,368.03
TELBOND60,Tel Bond-60 CPI Linked,2023-12-26,367.19
TELBOND60,Tel Bond-60 CPI Linked,2023-12-27,367.37
TELBOND60,Tel Bond-60 CPI Linked,2023-12-28,366.36
TELBOND60,Tel Bond-60 CPI Linked,2023-12-31,367.83
TELBOND60,Tel Bond-60 CPI Linked,2024-01-01,369.65
TELBOND60,Tel Bond-60 CPI Linked,2024-01-02,368.88
TELBOND60,Tel Bond-60 CPI Linked,2024-01-03,368.51
TELBOND60,Tel Bond-60 CPI Linked,2024-01-04,368.93
TELBOND60,Tel Bond-60 CPI Linked,2024-01-07,369.05
TELBOND60,Tel Bond-60 CPI Linked,2024-01-08,368.55
TELBOND60,Tel Bond-60 CPI Linked,2024-01-09,368.53
TELBOND60,Tel Bond-60 CPI Linked,2024-01-10,368.52
TELBOND60,Tel Bond-60 CPI Linked,2024-01-11,368.45
TELBOND60,Tel Bond-60 CPI Linked,2024-01-14,368.81
TELBOND60,Tel Bond-60 CPI Linked,2024-01-15,368.52
TELBOND60,Tel Bond-60 CPI Linked,2024-01-16,367.57
TELBOND60,Tel Bond-60 CPI Linked,2024-01-17,366.51
TELBOND60,Tel Bond-60 CPI Linked,2024-01-18,367.02
TELBOND60,Tel Bond-60 CPI Linked,2024-01-21,365.96
TELBOND60,Tel Bond-60 CPI Linked,2024-01-22,365.46
TELBOND60,Tel Bond-60 CPI Linked,2024-01-23,365.34
TELBOND60,Tel Bond-60 CPI Linked,2024-01-24,366.28
TELBOND60,Tel Bond-60 CPI Linked,2024-01-25,366.16
TELBOND60,Tel Bond-60 CPI Linked,2024-01-28,366.28
TELBOND60,Tel Bond-60 CPI Linked,2024-01-29,367.18
TELBOND60,Tel Bond-60 CPI Linked,2024-01-30,367.13
TELBOND60,Tel Bond-60 CPI Linked,2024-01-31,368.58
TELBOND60,Tel Bond-60 CPI Linked,2024-02-01,369.62
TELBOND60,Tel Bond-60 CPI Linked,2024-02-04,369.14
TELBOND60,Tel Bond-60 CPI Linked,2024-02-05,369.19
TELBOND60,Tel Bond-60 CPI Linked,2024-02-06,370.19
TELBOND60,Tel Bond-60 CPI Linked,2024-02-07,370.64
TELBOND60,Tel Bond-60 CPI Linked,2024-02-08,370.43
TELBOND60,Tel Bond-60 CPI Linked,2024-02-11,369.43
TELBOND60,Tel Bond-60 CPI Linked,2024-02-12,370.12
TELBOND60,Tel Bond-60 CPI Linked,2024-02-13,370.18
TELBOND60,Tel Bond-60 CPI Linked,2024-02-14,369.58
TELBOND60,Tel Bond-60 CPI Linked,2024-02-15,370.27
TELBOND60,Tel Bond-60 CPI Linked,2024-02-18,369.85
TELBOND60,Tel Bond-60 CPI Linked,2024-02-19,369.94
TELBOND60,Tel Bond-60 CPI Linked,2024-02-20,370.08
TELBOND60,Tel Bond-60 CPI Linked,2024-02-21,370.32
TELBOND60,Tel Bond-60 CPI Linked,2024-02-22,370.18
TELBOND60,Tel Bond-60 CPI Linked,2024-02-25,370.19
TELBOND60,Tel Bond-60 CPI Linked,2024-02-26,370.15
TELBOND60,Tel Bond-60 CPI Linked,2024-02-28,370.19
TELBOND60,Tel Bond-60 CPI Linked,2024-02-29,370.63
TELBOND60,Tel Bond-60 CPI Linked,2024-03-03,371.77
TELBOND60,Tel Bond-60 CPI Linked,2024-03-04,371.95
TELBOND60,Tel Bond-60 CPI Linked,2024-03-05,372.1
TELBOND60,Tel Bond-60 CPI Linked,2024-03-06,372.48
TELBOND60,Tel Bond-60 CPI Linked,2024-03-07,372.62
TELBOND60,Tel Bond-60 CPI Linked,2024-03-10,372.04
TELBOND60,Tel Bond-60 CPI Linked,2024-03-11,372.02
TELBOND60,Tel Bond-60 CPI Linked,2024-03-12,371.84
TELBOND60,Tel Bond-60 CPI Linked,2024-03-13,372.04
TELBOND60,Tel Bond-60 CPI Linked,2024-03-14,372.05
TELBOND60,Tel Bond-60 CPI Linked,2024-03-17,372.85
TELBOND60,Tel Bond-60 CPI Linked,2024-03-18,373.11
TELBOND60,Tel Bond-60 CPI Linked,2024-03-19,373.7
TELBOND60,Tel Bond-60 CPI Linked,2024-03-20,374.47
TELBOND60,Tel Bond-60 CPI Linked,2024-03-21,375.62
TELBOND60,Tel Bond-60 CPI Linked,2024-03-25,374.2
TELBOND60,Tel Bond-60 CPI Linked,2024-03-26,372.42
TELBOND60,Tel Bond-60 CPI Linked,2024-03-27,372.54
TELBOND60,Tel Bond-60 CPI Linked,2024-03-28,372.41
TELBOND60,Tel Bond-60 CPI Linked,2024-03-31,373.56
TELBOND60,Tel Bond-60 CPI Linked,2024-04-01,373.76
TELBOND60,Tel Bond-60 CPI Linked,2024-04-02,373.05
TELBOND60,Tel Bond-60 CPI Linked,2024-04-03,373.08
TELBOND60,Tel Bond-60 CPI Linked,2024-04-04,372.86
TELBOND60,Tel Bond-60 CPI Linked,2024-04-07,373.24
TELBOND60,Tel Bond-60 CPI Linked,2024-04-08,374.46
TELBOND60,Tel Bond-60 CPI Linked,2024-04-09,374.39
TELBOND60,Tel Bond-60 CPI Linked,2024-04-10,373.78
TELBOND60,Tel Bond-60 CPI Linked,2024-04-11,372.49
TELBOND60,Tel Bond-60 CPI Linked,2024-04-14,371.52
TELBOND60,Tel Bond-60 CPI Linked,2024-04-15,370.54
TELBOND60,Tel Bond-60 CPI Linked,2024-04-16,370.67
TELBOND60,Tel Bond-60 CPI Linked,2024-04-17,370.39
TELBOND60,Tel Bond-60 CPI Linked,2024-04-18,371.36
TELBOND60,Tel Bond-60 CPI Linked,2024-04-21,372.61
TELBOND60,Tel Bond-60 CPI Linked,2024-04-24,373.28
TELBOND60,Tel Bond-60 CPI Linked,2024-04-25,373.19
TELBOND60,Tel Bond-60 CPI Linked,2024-04-30,373.09
TELBOND60,Tel Bond-60 CPI Linked,2024-05-01,373.14
TELBOND60,Tel Bond-60 CPI Linked,2024-05-02,373.98
TELBOND60,Tel Bond-60 CPI Linked,2024-05-05,375.21
TELBOND60,Tel Bond-60 CPI Linked,2024-05-06,374.52
TELBOND60,Tel Bond-60 CPI Linked,2024-05-07,375.52
TELBOND60,Tel Bond-60 CPI Linked,2024-05-08,375.37
TELBOND60,Tel Bond-60 CPI Linked,2024-05-09,375.27
TELBOND60,Tel Bond-60 CPI Linked,2024-05-12,375.53
TELBOND60,Tel Bond-60 CPI Linked,2024-05-15,376.36
TELBOND60,Tel Bond-60 CPI Linked,2024-05-16,376.78
TELBOND60,Tel Bond-60 CPI Linked,2024-05-19,376.3
TELBOND60,Tel Bond-60 CPI Linked,2024-05-20,376.45
TELBOND60,Tel Bond-60 CPI Linked,2024-05-21,376.95
TELBOND60,Tel Bond-60 CPI Linked,2024-05-22,376.44
TELBOND60,Tel Bond-60 CPI Linked,2024-05-23,376.11
TELBOND60,Tel Bond-60 CPI Linked,2024-05-26,375.92
TELBOND60,Tel Bond-60 CPI Linked,2024-05-27,375.16
TELBOND60,Tel Bond-60 CPI Linked,2024-05-28,374.87
TELBOND60,Tel Bond-60 CPI Linked,2024-05-29,373.68
TELBOND60,Tel Bond-60 CPI Linked,2024-05-30,373.09
TELBOND60,Tel Bond-60 CPI Linked,2024-06-02,373.15
TELBOND60,Tel Bond-60 CPI Linked,2024-06-03,373.78
TELBOND60,Tel Bond-60 CPI Linked,2024-06-04,373.35
TELBOND60,Tel Bond-60 CPI Linked,2024-06-05,372.88
TELBOND60,Tel Bond-60 CPI Linked,2024-06-06,372.23
TELBOND60,Tel Bond-60 CPI Linked,2024-06-09,371.22
TELBOND60,Tel Bond-60 CPI Linked,2024-06-10,371.06
TELBOND60,Tel Bond-60 CPI Linked,2024-06-13,372.09
TELBOND60,Tel Bond-60 CPI Linked,2024-06-16,372.27
TELBOND60,Tel Bond-60 CPI Linked,2024-06-17,372.93
TELBOND60,Tel Bond-60 CPI Linked,2024-06-18,373.72
TELBOND60,Tel Bond-60 CPI Linked,2024-06-19,374.32
TELBOND60,Tel Bond-60 CPI Linked,2024-06-20,373.8
TELBOND60,Tel Bond-60 CPI Linked,2024-06-23,373.93
TELBOND60,Tel Bond-60 CPI Linked,2024-06-24,374.0
TELBOND60,Tel Bond-60 CPI Linked,2024-06-25,373.62
TELBOND60,Tel Bond-60 CPI Linked,2024-06-26,372.94
TELBOND60,Tel Bond-60 CPI Linked,2024-06-27,371.83
TELBOND60,Tel Bond-60 CPI Linked,2024-06-30,371.71
TELBOND60,Tel Bond-60 CPI Linked,2024-07-01,371.53
TELBOND60,Tel Bond-60 CPI Linked,2024-07-02,371.38
TELBOND60,Tel Bond-60 CPI Linked,2024-07-03,371.44
TELBOND60,Tel Bond-60 CPI Linked,2024-07-04,371.92
TELBOND60,Tel Bond-60 CPI Linked,2024-07-07,373.57
TELBOND60,Tel Bond-60 CPI Linked,2024-07-08,372.67
TELBOND60,Tel Bond-60 CPI Linked,2024-07-09,372.58
TELBOND60,Tel Bond-60 CPI Linked,2024-07-10,372.56
TELBOND60,Tel Bond-60 CPI Linked,2024-07-11,373.36
TELBOND60,Tel Bond-60 CPI Linked,2024-07-14,373.36
TELBOND60,Tel Bond-60 CPI Linked,2024-07-15,373.86
TELBOND60,Tel Bond-60 CPI Linked,2024-07-16,375.49
TELBOND60,Tel Bond-60 CPI Linked,2024-07-17,375.61
TELBOND60,Tel Bond-60 CPI Linked,2024-07-18,375.74
TELBOND60,Tel Bond-60 CPI Linked,2024-07-21,374.68
TELBOND60,Tel Bond-60 CPI Linked,2024-07-22,374.33
TELBOND60,Tel Bond-60 CPI Linked,2024-07-23,374.73
TELBOND60,Tel Bond-60 CPI Linked,2024-07-24,375.25
TELBOND60,Tel Bond-60 CPI Linked,2024-07-25,375.68
TELBOND60,Tel Bond-60 CPI Linked,2024-07-28,374.17
TELBOND60,Tel Bond-60 CPI Linked,2024-07-29,374.03
TELBOND60,Tel Bond-60 CPI Linked,2024-07-30,373.52
TELBOND60,Tel Bond-60 CPI Linked,2024-07-31,373.32
TELBOND60,Tel Bond-60 CPI Linked,2024-08-01,373.1
TELBOND60,Tel Bond-60 CPI Linked,2024-08-04,374.07
TELBOND60,Tel Bond-60 CPI Linked,2024-08-05,375.61
TELBOND60,Tel Bond-60 CPI Linked,2024-08-06,375.82
TELBOND60,Tel Bond-60 CPI Linked,2024-08-07,376.12
TELBOND60,Tel Bond-60 CPI Linked,2024-08-08,376.74
TELBOND60,Tel Bond-60 CPI Linked,2024-08-11,377.57
TELBOND60,Tel Bond-60 CPI Linked,2024-08-12,376.26
TELBOND60,Tel Bond-60 CPI Linked,2024-08-14,377.03
TELBOND60,Tel Bond-60 CPI Linked,2024-08-15,376.81
TELBOND60,Tel Bond-60 CPI Linked,2024-08-18,378.04
TELBOND60,Tel Bond-60 CPI Linked,2024-08-19,378.7
TELBOND60,Tel Bond-60 CPI Linked,2024-08-20,379.45
TELBOND60,Tel Bond-60 CPI Linked,2024-08-21,378.95
TELBOND60,Tel Bond-60 CPI Linked,2024-08-22,379.46
TELBOND60,Tel Bond-60 CPI Linked,2024-08-25,379.75
TELBOND60,Tel Bond-60 CPI Linked,2024-08-26,380.09
TELBOND60,Tel Bond-60 CPI Linked,2024-08-27,380.27
TELBOND60,Tel Bond-60 CPI Linked,2024-08-28,379.9
TELBOND60,Tel Bond-60 CPI Linked,2024-08-29,379.78
TELBOND60,Tel Bond-60 CPI Linked,2024-09-01,379.16
TELBOND60,Tel Bond-60 CPI Linked,2024-09-02,379.33
TELBOND60,Tel Bond-60 CPI Linked,2024-09-03,379.22
TELBOND60,Tel Bond-60 CPI Linked,2024-09-04,378.78
TELBOND60,Tel Bond-60 CPI Linked,2024-09-05,379.55
TELBOND60,Tel Bond-60 CPI Linked,2024-09-08,379.54
TELBOND60,Tel Bond-60 CPI Linked,2024-09-10,378.4
TELBOND60,Tel Bond-60 CPI Linked,2024-09-11,378.56
TELBOND60,Tel Bond-60 CPI Linked,2024-09-12,378.91
TELBOND60,Tel Bond-60 CPI Linked,2024-09-15,378.13
TELBOND60,Tel Bond-60 CPI Linked,2024-09-16,378.21
TELBOND60,Tel Bond-60 CPI Linked,2024-09-17,377.83
TELBOND60,Tel Bond-60 CPI Linked,2024-09-18,378.89
TELBOND60,Tel Bond-60 CPI Linked,2024-09-19,378.96
TELBOND60,Tel Bond-60 CPI Linked,2024-09-22,378.59
TELBOND60,Tel Bond-60 CPI Linked,2024-09-23,378.55
TELBOND60,Tel Bond-60 CPI Linked,2024-09-24,378.79
TELBOND60,Tel Bond-60 CPI Linked,2024-09-25,379.63
TELBOND60,Tel Bond-60 CPI Linked,2024-09-26,380.87
TELBOND60,Tel Bond-60 CPI Linked,2024-09-29,380.6
TELBOND60,Tel Bond-60 CPI Linked,2024-09-30,381.26
TELBOND60,Tel Bond-60 CPI Linked,2024-10-01,381.87
TELBOND60,Tel Bond-60 CPI Linked,2024-10-06,382.19
TELBOND60,Tel Bond-60 CPI Linked,2024-10-07,382.46
TELBOND60,Tel Bond-60 CPI Linked,2024-10-08,382.48
TELBOND60,Tel Bond-60 CPI Linked,2024-10-09,382.66
TELBOND60,Tel Bond-60 CPI Linked,2024-10-10,382.47
TELBOND60,Tel Bond-60 CPI Linked,2024-10-13,382.31
TELBOND60,Tel Bond-60 CPI Linked,2024-10-14,382.39
TELBOND60,Tel Bond-60 CPI Linked,2024-10-15,382.8
TELBOND60,Tel Bond-60 CPI Linked,2024-10-20,383.55
TELBOND60,Tel Bond-60 CPI Linked,2024-10-21,383.4
TELBOND60,Tel Bond-60 CPI Linked,2024-10-22,382.98
TELBOND60,Tel Bond-60 CPI Linked,2024-10-27,383.02
TELBOND60,Tel Bond-60 CPI Linked,2024-10-28,382.41
TELBOND60,Tel Bond-60 CPI Linked,2024-10-29,382.61
TELBOND60,Tel Bond-60 CPI Linked,2024-10-30,383.18
TELBOND60,Tel Bond-60 CPI Linked,2024-10-31,382.92
TELBOND60,Tel Bond-60 CPI Linked,2024-11-03,382.16
TELBOND60,Tel Bond-60 CPI Linked,2024-11-04,382.37
TELBOND60,Tel Bond-60 CPI Linked,2024-11-05,382.11
TELBOND60,Tel Bond-60 CPI Linked,2024-11-06,382.06
TELBOND60,Tel Bond-60 CPI Linked,2024-11-07,382.81
TELBOND60,Tel Bond-60 CPI Linked,2024-11-10,383.64
TELBOND60,Tel Bond-60 CPI Linked,2024-11-11,383.65
TELBOND60,Tel Bond-60 CPI Linked,2024-11-12,383.9
TELBOND60,Tel Bond-60 CPI Linked,2024-11-13,384.21
TELBOND60,Tel Bond-60 CPI Linked,2024-11-14,384.42
TELBOND60,Tel Bond-60 CPI Linked,2024-11-17,385.09
TELBOND60,Tel Bond-60 CPI Linked,2024-11-18,385.58
TELBOND60,Tel Bond-60 CPI Linked,2024-11-19,385.64
TELBOND60,Tel Bond-60 CPI Linked,2024-11-20,385.83
TELBOND60,Tel Bond-60 CPI Linked,2024-11-21,386.24
TELBOND60,Tel Bond-60 CPI Linked,2024-11-24,386.7
TELBOND60,Tel Bond-60 CPI Linked,2024-11-25,387.29
TELBOND60,Tel Bond-60 CPI Linked,2024-11-26,386.18
TELBOND60,Tel Bond-60 CPI Linked,2024-11-27,385.56
TELBOND60,Tel Bond-60 CPI Linked,2024-11-28,385.26
TELBOND60,Tel Bond-60 CPI Linked,2024-12-01,385.84
TELBOND60,Tel Bond-60 CPI Linked,2024-12-02,385.47
TELBOND60,Tel Bond-60 CPI Linked,2024-12-03,385.41
TELBOND60,Tel Bond-60 CPI Linked,2024-12-04,385.31
TELBOND60,Tel Bond-60 CPI Linked,2024-12-05,385.85
TELBOND60,Tel Bond-60 CPI Linked,2024-12-08,386.18
TELBOND60,Tel Bond-60 CPI Linked,2024-12-09,387.05
TELBOND60,Tel Bond-60 CPI Linked,2024-12-10,387.18
TELBOND60,Tel Bond-60 CPI Linked,2024-12-11,387.73
TELBOND60,Tel Bond-60 CPI Linked,2024-12-12,388.49
TELBOND60,Tel Bond-60 CPI Linked,2024-12-15,388.33
TELBOND60,Tel Bond-60 CPI Linked,2024-12-16,387.61
TELBOND60,Tel Bond-60 CPI Linked,2024-12-17,387.39
TELBOND60,Tel Bond-60 CPI Linked,2024-12-18,387.56
TELBOND60,Tel Bond-60 CPI Linked,2024-12-19,386.9
TELBOND60,Tel Bond-60 CPI Linked,2024-12-22,387.18
TELBOND60,Tel Bond-60 CPI Linked,2024-12-23,387.1
TELBOND60,Tel Bond-60 CPI Linked,2024-12-24,388.12
TELBOND60,Tel Bond-60 CPI Linked,2024-12-25,387.98
TELBOND60,Tel Bond-60 CPI Linked,2024-12-26,387.84
TELBOND60,Tel Bond-60 CPI Linked,2024-12-29,388.19
TELBOND60,Tel Bond-60 CPI Linked,2024-12-30,388.17
TELBOND60,Tel Bond-60 CPI Linked,2024-12-31,389.34
TELBOND60,Tel Bond-60 CPI Linked,2025-01-01,389.98
TELBOND60,Tel Bond-60 CPI Linked,2025-01-02,390.47
TELBOND60,Tel Bond-60 CPI Linked,2025-01-05,390.81
TELBOND60,Tel Bond-60 CPI Linked,2025-01-06,391.01
TELBOND60,Tel Bond-60 CPI Linked,2025-01-07,391.12
TELBOND60,Tel Bond-60 CPI Linked,2025-01-08,390.63
TELBOND60,Tel Bond-60 CPI Linked,2025-01-09,391.09
TELBOND60,Tel Bond-60 CPI Linked,2025-01-12,391.06
TELBOND60,Tel Bond-60 CPI Linked,2025-01-13,391.0
TELBOND60,Tel Bond-60 CPI Linked,2025-01-14,390.58
TELBOND60,Tel Bond-60 CPI Linked,2025-01-15,391.02
TELBOND60,Tel Bond-60 CPI Linked,2025-01-16,391.34
TELBOND60,Tel Bond-60 CPI Linked,2025-01-19,391.74
TELBOND60,Tel Bond-60 CPI Linked,2025-01-20,390.8
TELBOND60,Tel Bond-60 CPI Linked,2025-01-21,390.4
TELBOND60,Tel Bond-60 CPI Linked,2025-01-22,390.36
TELBOND60,Tel Bond-60 CPI Linked,2025-01-23,390.04
TELBOND60,Tel Bond-60 CPI Linked,2025-01-26,389.42
TELBOND60,Tel Bond-60 CPI Linked,2025-01-27,389.03
TELBOND60,Tel Bond-60 CPI Linked,2025-01-28,389.01
TELBOND60,Tel Bond-60 CPI Linked,2025-01-29,389.48
TELBOND60,Tel Bond-60 CPI Linked,2025-01-30,389.76
TELBOND60,Tel Bond-60 CPI Linked,2025-02-02,390.4
TELBOND60,Tel Bond-60 CPI Linked,2025-02-03,390.49
TELBOND60,Tel Bond-60 CPI Linked,2025-02-04,391.3
TELBOND60,Tel Bond-60 CPI Linked,2025-02-05,392.68
TELBOND60,Tel Bond-60 CPI Linked,2025-02-06,393.15
TELBOND60,Tel Bond-60 CPI Linked,2025-02-09,392.81
TELBOND60,Tel Bond-60 CPI Linked,2025-02-10,392.96
TELBOND60,Tel Bond-60 CPI Linked,2025-02-11,392.85
TELBOND60,Tel Bond-60 CPI Linked,2025-02-12,392.16
TELBOND60,Tel Bond-60 CPI Linked,2025-02-13,393.09
TELBOND60,Tel Bond-60 CPI Linked,2025-02-16,393.49
TELBOND60,Tel Bond-60 CPI Linked,2025-02-17,393.83
TELBOND60,Tel Bond-60 CPI Linked,2025-02-18,394.1
TELBOND60,Tel Bond-60 CPI Linked,2025-02-19,393.94
TELBOND60,Tel Bond-60 CPI Linked,2025-02-20,394.39
TELBOND60,Tel Bond-60 CPI Linked,2025-02-23,394.25
TELBOND60,Tel Bond-60 CPI Linked,2025-02-24,394.1
TELBOND60,Tel Bond-60 CPI Linked,2025-02-25,393.8
TELBOND60,Tel Bond-60 CPI Linked,2025-02-26,393.81
TELBOND60,Tel Bond-60 CPI Linked,2025-02-27,393.83
TELBOND60,Tel Bond-60 CPI Linked,2025-03-02,394.4
TELBOND60,Tel Bond-60 CPI Linked,2025-03-03,394.52
TELBOND60,Tel Bond-60 CPI Linked,2025-03-04,394.09
TELBOND60,Tel Bond-60 CPI Linked,2025-03-05,393.84
TELBOND60,Tel Bond-60 CPI Linked,2025-03-06,393.67
TELBOND60,Tel Bond-60 CPI Linked,2025-03-09,393.92
TELBOND60,Tel Bond-60 CPI Linked,2025-03-10,393.51
TELBOND60,Tel Bond-60 CPI Linked,2025-03-11,393.12
TELBOND60,Tel Bond-60 CPI Linked,2025-03-12,393.28
TELBOND60,Tel Bond-60 CPI Linked,2025-03-13,393.22
TELBOND60,Tel Bond-60 CPI Linked,2025-03-16,393.23
TELBOND60,Tel Bond-60 CPI Linked,2025-03-17,392.98
TELBOND60,Tel Bond-60 CPI Linked,2025-03-18,393.0
TELBOND60,Tel Bond-60 CPI Linked,2025-03-19,392.74
TELBOND60,Tel Bond-60 CPI Linked,2025-03-20,392.89
TELBOND60,Tel Bond-60 CPI Linked,2025-03-23,390.96
TELBOND60,Tel Bond-60 CPI Linked,2025-03-24,391.34
TELBOND60,Tel Bond-60 CPI Linked,2025-03-25,391.17
TELBOND60,Tel Bond-60 CPI Linked,2025-03-26,390.55
TELBOND60,Tel Bond-60 CPI Linked,2025-03-27,390.16
TELBOND60,Tel Bond-60 CPI Linked,2025-03-30,390.4
TELBOND60,Tel Bond-60 CPI Linked,2025-03-31,390.38
TELBOND60,Tel Bond-60 CPI Linked,2025-04-01,390.76
TELBOND60,Tel Bond-60 CPI Linked,2025-04-02,391.05
TELBOND60,Tel Bond-60 CPI Linked,2025-04-03,391.7
TELBOND60,Tel Bond-60 CPI Linked,2025-04-06,390.25
TELBOND60,Tel Bond-60 CPI Linked,2025-04-07,387.38
TELBOND60,Tel Bond-60 CPI Linked,2025-04-08,386.91
TELBOND60,Tel Bond-60 CPI Linked,2025-04-09,384.91
TELBOND60,Tel Bond-60 CPI Linked,2025-04-10,386.32
TELBOND60,Tel Bond-60 CPI Linked,2025-04-14,387.5
TELBOND60,Tel Bond-60 CPI Linked,2025-04-15,388.87
TELBOND60,Tel Bond-60 CPI Linked,2025-04-16,389.96
TELBOND60,Tel Bond-60 CPI Linked,2025-04-17,390.19
TELBOND60,Tel Bond-60 CPI Linked,2025-04-20,390.27
TELBOND60,Tel Bond-60 CPI Linked,2025-04-21,389.67
TELBOND60,Tel Bond-60 CPI Linked,2025-04-22,390.13
TELBOND60,Tel Bond-60 CPI Linked,2025-04-23,391.22
TELBOND60,Tel Bond-60 CPI Linked,2025-04-24,391.36
TELBOND60,Tel Bond-60 CPI Linked,2025-04-27,392.09
TELBOND60,Tel Bond-60 CPI Linked,2025-04-28,392.19
TELBOND60,Tel Bond-60 CPI Linked,2025-04-29,392.96
TELBOND60,Tel Bond-60 CPI Linked,2025-05-04,392.51
TELBOND60,Tel Bond-60 CPI Linked,2025-05-05,392.14
TELBOND60,Tel Bond-60 CPI Linked,2025-05-06,391.96
TELBOND60,Tel Bond-60 CPI Linked,2025-05-07,391.96
TELBOND60,Tel Bond-60 CPI Linked,2025-05-08,392.64
TELBOND60,Tel Bond-60 CPI Linked,2025-05-11,392.38
TELBOND60,Tel Bond-60 CPI Linked,2025-05-12,392.94
TELBOND60,Tel Bond-60 CPI Linked,2025-05-13,393.04
TELBOND60,Tel Bond-60 CPI Linked,2025-05-14,393.26
TELBOND60,Tel Bond-60 CPI Linked,2025-05-15,393.23
TELBOND60,Tel Bond-60 CPI Linked,2025-05-18,395.0
TELBOND60,Tel Bond-60 CPI Linked,2025-05-19,394.63
TELBOND60,Tel Bond-60 CPI Linked,2025-05-20,393.68
TELBOND60,Tel Bond-60 CPI Linked,2025-05-21,392.96
TELBOND60,Tel Bond-60 CPI Linked,2025-05-22,392.99
TELBOND60,Tel Bond-60 CPI Linked,2025-05-25,393.38
TELBOND60,Tel Bond-60 CPI Linked,2025-05-26,394.02
TELBOND60,Tel Bond-60 CPI Linked,2025-05-27,394.49
TELBOND60,Tel Bond-60 CPI Linked,2025-05-28,394.76
TELBOND60,Tel Bond-60 CPI Linked,2025-05-29,394.59
TELBOND60,Tel Bond-60 CPI Linked,2025-06-03,394.32
TELBOND60,Tel Bond-60 CPI Linked,2025-06-04,394.36
TELBOND60,Tel Bond-60 CPI Linked,2025-06-05,394.8
TELBOND60,Tel Bond-60 CPI Linked,2025-06-08,394.32
TELBOND60,Tel Bond-60 CPI Linked,2025-06-09,394.09
TELBOND60,Tel Bond-60 CPI Linked,2025-06-10,394.15
TELBOND60,Tel Bond-60 CPI Linked,2025-06-11,393.91
TELBOND60,Tel Bond-60 CPI Linked,2025-06-12,392.8
TELBOND60,Tel Bond-60 CPI Linked,2025-06-15,392.87
TELBOND60,Tel Bond-60 CPI Linked,2025-06-16,393.57
TELBOND60,Tel Bond-60 CPI Linked,2025-06-17,394.6
TELBOND60,Tel Bond-60 CPI Linked,2025-06-18,394.92
TELBOND60,Tel Bond-60 CPI Linked,2025-06-19,395.75
TELBOND60,Tel Bond-60 CPI Linked,2025-06-22,397.63
TELBOND60,Tel Bond-60 CPI Linked,2025-06-23,398.64
TELBOND60,Tel Bond-60 CPI Linked,2025-06-24,399.61
TELBOND60,Tel Bond-60 CPI Linked,2025-06-25,400.0
TELBOND60,Tel Bond-60 CPI Linked,2025-06-26,400.19
TELBOND60,Tel Bond-60 CPI Linked,2025-06-29,400.91
TELBOND60,Tel Bond-60 CPI Linked,2025-06-30,401.51
TELBOND60,Tel Bond-60 CPI Linked,2025-07-01,401.7
TELBOND60,Tel Bond-60 CPI Linked,2025-07-02,401.04
TELBOND60,Tel Bond-60 CPI Linked,2025-07-03,401.94
TELBOND60,Tel Bond-60 CPI Linked,2025-07-06,402.6
TELBOND60,Tel Bond-60 CPI Linked,2025-07-07,402.31
TELBOND60,Tel Bond-60 CPI Linked,2025-07-08,401.98
TELBOND60,Tel Bond-60 CPI Linked,2025-07-09,402.57
TELBOND60,Tel Bond-60 CPI Linked,2025-07-10,402.99
TELBOND60,Tel Bond-60 CPI Linked,2025-07-13,402.53
TELBOND60,Tel Bond-60 CPI Linked,2025-07-14,402.45
TELBOND60,Tel Bond-60 CPI Linked,2025-07-15,402.68
TELBOND60,Tel Bond-60 CPI Linked,2025-07-16,402.83
TELBOND60,Tel Bond-60 CPI Linked,2025-07-17,403.59
TELBOND60,Tel Bond-60 CPI Linked,2025-07-20,403.97
TELBOND60,Tel Bond-60 CPI Linked,2025-07-21,404.6
TELBOND60,Tel Bond-60 CPI Linked,2025-07-22,404.55
TELBOND60,Tel Bond-60 CPI Linked,2025-07-23,404.25
TELBOND60,Tel Bond-60 CPI Linked,2025-07-24,404.28
TELBOND60,Tel Bond-60 CPI Linked,2025-07-27,403.72
TELBOND60,Tel Bond-60 CPI Linked,2025-07-28,403.06
TELBOND60,Tel Bond-60 CPI Linked,2025-07-29,402.75
TELBOND60,Tel Bond-60 CPI Linked,2025-07-30,402.91
TELBOND60,Tel Bond-60 CPI Linked,2025-07-31,403.35
TELBOND60,Tel Bond-60 CPI Linked,2025-08-03,403.35
TELBOND60,Tel Bond-60 CPI Linked,2025-08-04,403.73
TELBOND60,Tel Bond-60 CPI Linked,2025-08-05,402.86
TELBOND60,Tel Bond-60 CPI Linked,2025-08-06,403.4
TELBOND60,Tel Bond-60 CPI Linked,2025-08-07,404.48
TELBOND60,Tel Bond-60 CPI Linked,2025-08-10,404.46
TELBOND60,Tel Bond-60 CPI Linked,2025-08-11,405.05
TELBOND60,Tel Bond-60 CPI Linked,2025-08-12,404.94
TELBOND60,Tel Bond-60 CPI Linked,2025-08-13,405.59
TELBOND60,Tel Bond-60 CPI Linked,2025-08-14,405.78
TELBOND60,Tel Bond-60 CPI Linked,2025-08-17,405.99
TELBOND60,Tel Bond-60 CPI Linked,2025-08-18,405.74
TELBOND60,Tel Bond-60 CPI Linked,2025-08-19,405.84
TELBOND60,Tel Bond-60 CPI Linked,2025-08-20,405.77
TELBOND60,Tel Bond-60 CPI Linked,2025-08-21,406.19
TELBOND60,Tel Bond-60 CPI Linked,2025-08-24,406.98
TELBOND60,Tel Bond-60 CPI Linked,2025-08-25,407.19
TELBOND60,Tel Bond-60 CPI Linked,2025-08-26,407.08
TELBOND60,Tel Bond-60 CPI Linked,2025-08-27,406.94
TELBOND60,Tel Bond-60 CPI Linked,2025-08-28,406.52
TELBOND60,Tel Bond-60 CPI Linked,2025-08-31,406.26
TELBOND60,Tel Bond-60 CPI Linked,2025-09-01,405.67
TELBOND60,Tel Bond-60 CPI Linked,2025-09-02,404.75
TELBOND60,Tel Bond-60 CPI Linked,2025-09-03,404.93
TELBOND60,Tel Bond-60 CPI Linked,2025-09-04,405.03
TELBOND60,Tel Bond-60 CPI Linked,2025-09-07,405.6
TELBOND60,Tel Bond-60 CPI Linked,2025-09-08,405.92
TELBOND60,Tel Bond-60 CPI Linked,2025-09-09,405.72
TELBOND60,Tel Bond-60 CPI Linked,2025-09-10,405.62
TELBOND60,Tel Bond-60 CPI Linked,2025-09-11,405.5
TELBOND60,Tel Bond-60 CPI Linked,2025-09-14,405.56
TELBOND60,Tel Bond-60 CPI Linked,2025-09-15,405.25
TELBOND60,Tel Bond-60 CPI Linked,2025-09-16,405.03
TELBOND60,Tel Bond-60 CPI Linked,2025-09-17,404.58
TELBOND60,Tel Bond-60 CPI Linked,2025-09-18,404.6
TELBOND60,Tel Bond-60 CPI Linked,2025-09-21,406.46
TELBOND60,Tel Bond-60 CPI Linked,2025-09-22,406.46
TELBOND60,Tel Bond-60 CPI Linked,2025-09-23,406.46
TELBOND60,Tel Bond-60 CPI Linked,2025-09-25,407.33
TELBOND60,Tel Bond-60 CPI Linked,2025-09-28,408.32
TELBOND60,Tel Bond-60 CPI Linked,2025-09-29,408.78
TELBOND60,Tel Bond-60 CPI Linked,2025-09-30,410.07
TELBOND60,Tel Bond-60 CPI Linked,2025-10-05,411.4
TELBOND60,Tel Bond-60 CPI Linked,2025-10-08,411.88
TELBOND60,Tel Bond-60 CPI Linked,2025-10-09,413.34
TELBOND60,Tel Bond-60 CPI Linked,2025-10-12,413.88
TELBOND60,Tel Bond-60 CPI Linked,2025-10-15,414.66
TELBOND60,Tel Bond-60 CPI Linked,2025-10-16,414.42
TELBOND60,Tel Bond-60 CPI Linked,2025-10-18,414.42
TELBOND60,Tel Bond-60 CPI Linked,2025-10-19,413.36
TELBOND60,Tel Bond-60 CPI Linked,2025-10-20,412.8
TELBOND60,Tel Bond-60 CPI Linked,2025-10-21,412.78
TELBOND60,Tel Bond-60 CPI Linked,2025-10-22,413.04
TELBOND60,Tel Bond-60 CPI Linked,2025-10-23,413.45
TELBOND60,Tel Bond-60 CPI Linked,2025-10-26,413.03
TELBOND60,Tel Bond-60 CPI Linked,2025-10-27,412.98
TELBOND60,Tel Bond-60 CPI Linked,2025-10-28,412.91
TELBOND60,Tel Bond-60 CPI Linked,2025-10-29,413.23
TELBOND60,Tel Bond-60 CPI Linked,2025-10-30,412.87
TELBOND60,Tel Bond-60 CPI Linked,2025-11-02,413.23
TELBOND60,Tel Bond-60 CPI Linked,2025-11-03,413.5
TELBOND60,Tel Bond-60 CPI Linked,2025-11-04,413.28
TELBOND60,Tel Bond-60 CPI Linked,2025-11-05,413.3
TELBOND60,Tel Bond-60 CPI Linked,2025-11-06,412.49
TELBOND60,Tel Bond-60 CPI Linked,2025-11-07,412.49
TELBOND60,Tel Bond-60 CPI Linked,2025-11-09,412.4
TELBOND60,Tel Bond-60 CPI Linked,2025-11-10,412.51
TELBOND60,Tel Bond-60 CPI Linked,2025-11-11,412.26
TELBOND60,Tel Bond-60 CPI Linked,2025-11-12,413.01
TELBOND60,Tel Bond-60 CPI Linked,2025-11-13,413.35
TELBOND60,Tel Bond-60 CPI Linked,2025-11-14,413.35
TELBOND60,Tel Bond-60 CPI Linked,2025-11-16,413.75
TELBOND60,Tel Bond-60 CPI Linked,2025-11-17,414.26
TELBOND60,Tel Bond-60 CPI Linked,2025-11-18,413.65
TELBOND60,Tel Bond-60 CPI Linked,2025-11-19,413.73
TELBOND60,Tel Bond-60 CPI Linked,2025-11-20,413.95
TELBOND60,Tel Bond-60 CPI Linked,2025-11-23,414.37
TELBOND60,Tel Bond-60 CPI Linked,2025-11-24,414.15
TELBOND60,Tel Bond-60 CPI Linked,2025-11-25,414.26
TELBOND60,Tel Bond-60 CPI Linked,2025-11-26,414.04
TELBOND60,Tel Bond-60 CPI Linked,2025-11-27,413.71
TELBOND60,Tel Bond-60 CPI Linked,2025-11-29,413.71
TELBOND60,Tel Bond-60 CPI Linked,2025-11-30,413.81
TELBOND60,Tel Bond-60 CPI Linked,2025-12-01,412.98
TELBOND60,Tel Bond-60 CPI Linked,2025-12-02,411.95
TELBOND60,Tel Bond-60 CPI Linked,2025-12-03,412.07
TELBOND60,Tel Bond-60 CPI Linked,2025-12-04,412.28
TELBOND60,Tel Bond-60 CPI Linked,2025-12-07,411.98
TELBOND60,Tel Bond-60 CPI Linked,2025-12-08,410.98
TELBOND60,Tel Bond-60 CPI Linked,2025-12-09,411.03
TELBOND60,Tel Bond-60 CPI Linked,2025-12-10,410.9
TELBOND60,Tel Bond-60 CPI Linked,2025-12-11,411.69
TELBOND60,Tel Bond-60 CPI Linked,2025-12-14,411.78
TELBOND60,Tel Bond-60 CPI Linked,2025-12-15,411.83
TELBOND60,Tel Bond-60 CPI Linked,2025-12-16,412.29
TELBOND60,Tel Bond-60 CPI Linked,2025-12-17,412.9
TELBOND60,Tel Bond-60 CPI Linked,2025-12-18,413.63
TELBOND60,Tel Bond-60 CPI Linked,2025-12-21,413.86
TELBOND60,Tel Bond-60 CPI Linked,2025-12-22,413.79
TELBOND60,Tel Bond-60 CPI Linked,2025-12-23,414.18
TELBOND60,Tel Bond-60 CPI Linked,2025-12-24,414.77
TELBOND60,Tel Bond-60 CPI Linked,2025-12-25,414.29
TELBOND60,Tel Bond-60 CPI Linked,2025-12-28,414.39
TELBOND60,Tel Bond-60 CPI Linked,2025-12-29,414.67
TELBOND60,Tel Bond-60 CPI Linked,2025-12-30,414.5
TELBOND60,Tel Bond-60 CPI Linked,2025-12-31,415.18
TELBOND60,Tel Bond-60 CPI Linked,2026-01-01,415.94
TELBOND60,Tel Bond-60 CPI Linked,2026-01-05,418.16
TELBOND60,Tel Bond-60 CPI Linked,2026-01-06,418.79
TELBOND60,Tel Bond-60 CPI Linked,2026-01-07,418.88
TELBOND60,Tel Bond-60 CPI Linked,2026-01-08,418.58
TELBOND60,Tel Bond-60 CPI Linked,2026-01-09,418.71
TELBOND60,Tel Bond-60 CPI Linked,2026-01-12,418.16
TELBOND60,Tel Bond-60 CPI Linked,2026-01-13,418.04
TELBOND60,Tel Bond-60 CPI Linked,2026-01-14,417.47
TELBOND60,Tel Bond-60 CPI Linked,2026-01-15,417.13
TELBOND60,Tel Bond-60 CPI Linked,2026-01-16,417.54
TELBOND60,Tel Bond-60 CPI Linked,2026-01-19,416.19
TELBOND60,Tel Bond-60 CPI Linked,2026-01-20,415.64
TELBOND60,Tel Bond-60 CPI Linked,2026-01-21,415.51
TELBOND60,Tel Bond-60 CPI Linked,2026-01-22,415.44
TELBOND60,Tel Bond-60 CPI Linked,2026-01-23,415.78
TELBOND60,Tel Bond-60 CPI Linked,2026-01-25,415.78
TELBOND60,Tel Bond-60 CPI Linked,2026-01-26,416.08
TELBOND60,Tel Bond-60 CPI Linked,2026-01-27,415.95
TELBOND60,Tel Bond-60 CPI Linked,2026-01-28,416.04
TELBOND60,Tel Bond-60 CPI Linked,2026-01-29,416.03
TELBOND60,Tel Bond-60 CPI Linked,2026-01-30,416.36
TELBOND60,Tel Bond-60 CPI Linked,2026-02-02,416.73
TELBOND60,Tel Bond-60 CPI Linked,2026-02-03,416.92
TELBOND60,Tel Bond-60 CPI Linked,2026-02-04,416.99
TELBOND60,Tel Bond-60 CPI Linked,2026-02-05,416.78
TELBOND60,Tel Bond-60 CPI Linked,2026-02-06,417.64
TELBOND60,Tel Bond-60 CPI Linked,2026-02-09,417.21
TELBOND60,Tel Bond-60 CPI Linked,2026-02-10,417.2
TELBOND60,Tel Bond-60 CPI Linked,2026-02-11,417.06
TELBOND60,Tel Bond-60 CPI Linked,2026-02-12,417.51
TELBOND60,Tel Bond-60 CPI Linked,2026-02-13,418.16
TELBOND60,Tel Bond-60 CPI Linked,2026-02-16,418.03
TELBOND60,Tel Bond-60 CPI Linked,2026-02-17,417.36
TELBOND60,Tel Bond-60 CPI Linked,2026-02-18,417.15
TELBOND60,Tel Bond-60 CPI Linked,2026-02-19,416.84
TELBOND60,Tel Bond-60 CPI Linked,2026-02-20,417.44
TELBOND60,Tel Bond-60 CPI Linked,2026-02-23,416.81
TELBOND60,Tel Bond-60 CPI Linked,2026-02-24,415.59
TELBOND60,Tel Bond-60 CPI Linked,2026-02-25,415.18
TELBOND60,Tel Bond-60 CPI Linked,2026-02-26,414.45
TELBOND60,Tel Bond-60 CPI Linked,2026-02-27,414.1
TELBOND60,Tel Bond-60 CPI Linked,2026-03-02,416.35
TELBOND60,Tel Bond-60 CPI Linked,2026-03-04,417.72
TELBOND60,Tel Bond-60 CPI Linked,2026-03-05,417.95
TELBOND60,Tel Bond-60 CPI Linked,2026-03-06,417.93
TELBOND60,Tel Bond-60 CPI Linked,2026-03-09,417.52
TELBOND60,Tel Bond-60 CPI Linked,2026-03-10,417.14
TELBOND60,Tel Bond-60 CPI Linked,2026-03-11,416.88
TELBOND60,Tel Bond-60 CPI Linked,2026-03-12,416.73
TELBOND60,Tel Bond-60 CPI Linked,2026-03-13,416.57
TELBOND60,Tel Bond-60 CPI Linked,2026-03-16,416.27
TELBOND60,Tel Bond-60 CPI Linked,2026-03-17,416.68
TELBOND60,Tel Bond-60 CPI Linked,2026-03-18,417.08
TELBOND60,Tel Bond-60 CPI Linked,2026-03-19,417.0
TELBOND60,Tel Bond-60 CPI Linked,2026-03-20,417.03
TELBOND60,Tel Bond-60 CPI Linked,2026-03-23,416.77
TELBOND60,Tel Bond-60 CPI Linked,2026-03-24,416.26
TELBOND60,Tel Bond-60 CPI Linked,2026-03-25,415.69
TELBOND60,Tel Bond-60 CPI Linked,2026-03-26,415.49
TELBOND60,Tel Bond-60 CPI Linked,2026-03-27,414.28
TELBOND60,Tel Bond-60 CPI Linked,2026-03-30,413.36
TELBOND60,Tel Bond-60 CPI Linked,2026-03-31,413.96
TELBOND60,Tel Bond-60 CPI Linked,2026-04-03,415.52
TELBOND60,Tel Bond-60 CPI Linked,2026-04-06,416.04
TELBOND60,Tel Bond-60 CPI Linked,2026-04-09,416.8
TELBOND60,Tel Bond-60 CPI Linked,2026-04-10,417.36
TELBOND60,Tel Bond-60 CPI Linked,2026-04-12,417.36
TELBOND60,Tel Bond-60 CPI Linked,2026-04-13,416.95
TELBOND60,Tel Bond-60 CPI Linked,2026-04-14,417.41
TELBOND60,Tel Bond-60 CPI Linked,2026-04-15,417.37
TELBOND60,Tel Bond-60 CPI Linked,2026-04-16,417.26
TELBOND60,Tel Bond-60 CPI Linked,2026-04-17,418.46
TELBOND60,Tel Bond-60 CPI Linked,2026-04-18,418.46
TELBOND60,Tel Bond-60 CPI Linked,2026-04-20,418.19
TELBOND60,Tel Bond-60 CPI Linked,2026-04-23,418.68
TELBOND60,Tel Bond-60 CPI Linked,2026-04-24,418.66
TELBOND60,Tel Bond-60 CPI Linked,2026-04-27,418.97
TELBOND60,Tel Bond-60 CPI Linked,2026-04-28,419.02
TELBOND60,Tel Bond-60 CPI Linked,2026-04-29,418.86
TELBOND60,Tel Bond-60 CPI Linked,2026-04-30,419.23
TELBOND60,Tel Bond-60 CPI Linked,2026-05-01,420.02
TELBOND60,Tel Bond-60 CPI Linked,2026-05-04,420.55
TELBOND60,Tel Bond-60 CPI Linked,2026-05-05,420.98
TELBOND60,Tel Bond-60 CPI Linked,2026-05-06,421.71
TELBOND60,Tel Bond-60 CPI Linked,2026-05-07,422.58
TELBOND60,Tel Bond-60 CPI Linked,2026-05-08,422.8
TELBOND60,Tel Bond-60 CPI Linked,2026-05-09,422.8
TELBOND60,Tel Bond-60 CPI Linked,2026-05-11,422.94
TELBOND60,Tel Bond-60 CPI Linked,2026-05-12,423.19
TELBOND60,Tel Bond-60 CPI Linked,2026-05-13,423.46
TELBOND60,Tel Bond-60 CPI Linked,2026-05-14,423.48
TELBOND60,Tel Bond-60 CPI Linked,2026-05-15,423.27
TELBOND60,Tel Bond-60 CPI Linked,2026-05-18,423.47
TELBOND60,Tel Bond-60 CPI Linked,2026-05-19,423.48
TELBOND60,Tel Bond-60 CPI Linked,2026-05-20,423.84
TELBOND60,Tel Bond-60 CPI Linked,2026-05-25,424.94
TELBOND60,Tel Bond-60 CPI Linked,2026-05-26,424.74
TELBOND60,Tel Bond-60 CPI Linked,2026-05-27,424.82
TELBOND60,Tel Bond-60 CPI Linked,2026-05-28,424.62
TELBOND60,Tel Bond-60 CPI Linked,2026-05-29,425.49
TELBOND60,Tel Bond-60 CPI Linked,2026-06-01,424.4
TELBOND60,Tel Bond-60 CPI Linked,2026-06-02,424.9
TELBOND60,Tel Bond-60 CPI Linked,2026-06-03,424.87
TELBOND60,Tel Bond-60 CPI Linked,2026-06-04,425.25
TELBOND60,Tel Bond-60 CPI Linked,2026-06-05,425.85
TELBOND60,Tel Bond-60 CPI Linked,2026-06-08,425.86
TELBOND60,Tel Bond-60 CPI Linked,2026-06-09,426.0
TELBOND60,Tel Bond-60 CPI Linked,2026-06-10,425.73
TELBOND60,Tel Bond-60 CPI Linked,2026-06-11,426.08
TELBOND60,Tel Bond-60 CPI Linked,2026-06-12,427.08
TELBOND60,Tel Bond-60 CPI Linked,2026-06-13,427.08
TELBOND60,Tel Bond-60 CPI Linked,2026-06-15,426.97
TELBOND60,Tel Bond-60 CPI Linked,2026-06-16,427.07
TELBOND60,Tel Bond-60 CPI Linked,2026-06-17,426.3
TELBOND60,Tel Bond-60 CPI Linked,2026-06-18,425.87
TELBOND60,Tel Bond-60 CPI Linked,2026-06-19,425.45
TELBOND60,Tel Bond-60 CPI Linked,2026-06-22,425.16
TELBOND60,Tel Bond-60 CPI Linked,2026-06-23,426.33
TELBOND60,Tel Bond-60 CPI Linked,2026-06-24,426.77
TELBOND60,Tel Bond-60 CPI Linked,2026-06-25,426.97
TELBOND60,Tel Bond-60 CPI Linked,2026-06-26,426.54
TELBOND60,Tel Bond-60 CPI Linked,2026-06-29,426.45
TELBOND60,Tel Bond-60 CPI Linked,2026-06-30,427.11
TELBOND60,Tel Bond-60 CPI Linked,2026-07-01,427.29
TELBOND60,Tel Bond-60 CPI Linked,2026-07-02,427.73
TELBOND60,Tel Bond-60 CPI Linked,2026-07-03,427.97
TELBOND60,Tel Bond-60 CPI Linked,2026-07-06,428.25
TELBOND60,Tel Bond-60 CPI Linked,2026-07-07,428.13
TELBOND60,Tel Bond-60 CPI Linked,2026-07-08,427.81
TELBOND60,Tel Bond-60 CPI Linked,2026-07-09,427.96
TELBOND60,Tel Bond-60 CPI Linked,2026-07-10,428.02
TELBOND60,Tel Bond-60 CPI Linked,2026-07-13,427.63
TELBOND60,Tel Bond-60 CPI Linked,2026-07-14,428.11
TELBOND60,Tel Bond-60 CPI Linked,2026-07-15,428.39
TELBOND60,Tel Bond-60 CPI Linked,2026-07-16,428.33
TELBOND60,Tel Bond-60 CPI Linked,2026-07-17,428.31
TELBOND60,Tel Bond-60 CPI Linked,2026-07-20,428.05
TELBOND60,Tel Bond-60 CPI Linked,2026-07-21,428.25
TELBOND60,Tel Bond-60 CPI Linked,2026-07-22,428.13
TELBOND60,Tel Bond-60 CPI Linked,2026-07-24,427.43
TELBOND60,Tel Bond-60 CPI Linked,2026-07-27,427.3
TELBOND60,Tel Bond-60 CPI Linked,2026-07-28,427.35
TELBOND60,Tel Bond-60 CPI Linked,2026-07-29,427.53
TELBOND60,Tel Bond-60 CPI Linked,2026-07-30,426.98
TELBOND60,Tel Bond-60 CPI Linked,2026-07-31,427.71
TELBOND60,Tel Bond-60 CPI Linked,2026-08-01,427.82
TELBOND60,Tel Bond-60 CPI Linked,2026-08-03,427.85
TELBOND60,Tel Bond-60 CPI Linked,2026-08-04,428.05
TELBOND60,Tel Bond-60 CPI Linked,2026-08-05,428.8
TELBOND_SHK,Tel Bond Shekel 100,2023-03-01,368.65
TELBOND_SHK,Tel Bond Shekel 100,2023-03-02,367.38
TELBOND_SHK,Tel Bond Shekel 100,2023-03-05,368.21
TELBOND_SHK,Tel Bond Shekel 100,2023-03-06,370.25
TELBOND_SHK,Tel Bond Shekel 100,2023-03-08,371.02
TELBOND_SHK,Tel Bond Shekel 100,2023-03-09,371.39
TELBOND_SHK,Tel Bond Shekel 100,2023-03-12,371.07
TELBOND_SHK,Tel Bond Shekel 100,2023-03-13,371.67
TELBOND_SHK,Tel Bond Shekel 100,2023-03-14,371.6
TELBOND_SHK,Tel Bond Shekel 100,2023-03-15,371.47
TELBOND_SHK,Tel Bond Shekel 100,2023-03-16,370.42
TELBOND_SHK,Tel Bond Shekel 100,2023-03-19,370.75
TELBOND_SHK,Tel Bond Shekel 100,2023-03-20,370.58
TELBOND_SHK,Tel Bond Shekel 100,2023-03-21,369.25
TELBOND_SHK,Tel Bond Shekel 100,2023-03-22,368.06
TELBOND_SHK,Tel Bond Shekel 100,2023-03-23,372.17
TELBOND_SHK,Tel Bond Shekel 100,2023-03-26,369.88
TELBOND_SHK,Tel Bond Shekel 100,2023-03-27,371.93
TELBOND_SHK,Tel Bond Shekel 100,2023-03-28,373.94
TELBOND_SHK,Tel Bond Shekel 100,2023-03-29,373.41
TELBOND_SHK,Tel Bond Shekel 100,2023-03-30,373.61
TELBOND_SHK,Tel Bond Shekel 100,2023-04-02,375.31
TELBOND_SHK,Tel Bond Shekel 100,2023-04-03,375.53
TELBOND_SHK,Tel Bond Shekel 100,2023-04-04,376.26
TELBOND_SHK,Tel Bond Shekel 100,2023-04-09,376.24
TELBOND_SHK,Tel Bond Shekel 100,2023-04-10,376.21
TELBOND_SHK,Tel Bond Shekel 100,2023-04-13,375.55
TELBOND_SHK,Tel Bond Shekel 100,2023-04-16,374.89
TELBOND_SHK,Tel Bond Shekel 100,2023-04-17,374.03
TELBOND_SHK,Tel Bond Shekel 100,2023-04-18,374.62
TELBOND_SHK,Tel Bond Shekel 100,2023-04-19,374.65
TELBOND_SHK,Tel Bond Shekel 100,2023-04-20,374.75
TELBOND_SHK,Tel Bond Shekel 100,2023-04-23,374.52
TELBOND_SHK,Tel Bond Shekel 100,2023-04-24,374.74
TELBOND_SHK,Tel Bond Shekel 100,2023-04-27,375.56
TELBOND_SHK,Tel Bond Shekel 100,2023-04-30,376.54
TELBOND_SHK,Tel Bond Shekel 100,2023-05-01,377.41
TELBOND_SHK,Tel Bond Shekel 100,2023-05-02,378.59
TELBOND_SHK,Tel Bond Shekel 100,2023-05-03,379.61
TELBOND_SHK,Tel Bond Shekel 100,2023-05-04,380.16
TELBOND_SHK,Tel Bond Shekel 100,2023-05-07,380.29
TELBOND_SHK,Tel Bond Shekel 100,2023-05-08,380.38
TELBOND_SHK,Tel Bond Shekel 100,2023-05-09,380.61
TELBOND_SHK,Tel Bond Shekel 100,2023-05-10,381.48
TELBOND_SHK,Tel Bond Shekel 100,2023-05-11,382.7
TELBOND_SHK,Tel Bond Shekel 100,2023-05-14,382.5
TELBOND_SHK,Tel Bond Shekel 100,2023-05-15,382.72
TELBOND_SHK,Tel Bond Shekel 100,2023-05-16,381.07
TELBOND_SHK,Tel Bond Shekel 100,2023-05-17,380.09
TELBOND_SHK,Tel Bond Shekel 100,2023-05-18,379.09
TELBOND_SHK,Tel Bond Shekel 100,2023-05-21,378.55
TELBOND_SHK,Tel Bond Shekel 100,2023-05-22,378.83
TELBOND_SHK,Tel Bond Shekel 100,2023-05-23,378.24
TELBOND_SHK,Tel Bond Shekel 100,2023-05-24,378.59
TELBOND_SHK,Tel Bond Shekel 100,2023-05-28,377.62
TELBOND_SHK,Tel Bond Shekel 100,2023-05-29,376.86
TELBOND_SHK,Tel Bond Shekel 100,2023-05-30,377.35
TELBOND_SHK,Tel Bond Shekel 100,2023-05-31,378.93
TELBOND_SHK,Tel Bond Shekel 100,2023-06-01,379.57
TELBOND_SHK,Tel Bond Shekel 100,2023-06-04,378.9
TELBOND_SHK,Tel Bond Shekel 100,2023-06-05,379.0
TELBOND_SHK,Tel Bond Shekel 100,2023-06-06,378.25
TELBOND_SHK,Tel Bond Shekel 100,2023-06-07,378.7
TELBOND_SHK,Tel Bond Shekel 100,2023-06-08,378.29
TELBOND_SHK,Tel Bond Shekel 100,2023-06-11,379.03
TELBOND_SHK,Tel Bond Shekel 100,2023-06-12,379.89
TELBOND_SHK,Tel Bond Shekel 100,2023-06-13,380.33
TELBOND_SHK,Tel Bond Shekel 100,2023-06-14,379.72
TELBOND_SHK,Tel Bond Shekel 100,2023-06-15,380.98
TELBOND_SHK,Tel Bond Shekel 100,2023-06-18,383.1
TELBOND_SHK,Tel Bond Shekel 100,2023-06-19,382.8
TELBOND_SHK,Tel Bond Shekel 100,2023-06-20,383.31
TELBOND_SHK,Tel Bond Shekel 100,2023-06-21,383.54
TELBOND_SHK,Tel Bond Shekel 100,2023-06-22,383.91
TELBOND_SHK,Tel Bond Shekel 100,2023-06-25,383.14
TELBOND_SHK,Tel Bond Shekel 100,2023-06-26,382.82
TELBOND_SHK,Tel Bond Shekel 100,2023-06-27,382.1
TELBOND_SHK,Tel Bond Shekel 100,2023-06-28,381.92
TELBOND_SHK,Tel Bond Shekel 100,2023-06-29,380.96
TELBOND_SHK,Tel Bond Shekel 100,2023-07-02,381.8
TELBOND_SHK,Tel Bond Shekel 100,2023-07-03,382.24
TELBOND_SHK,Tel Bond Shekel 100,2023-07-04,382.35
TELBOND_SHK,Tel Bond Shekel 100,2023-07-05,382.67
TELBOND_SHK,Tel Bond Shekel 100,2023-07-06,382.39
TELBOND_SHK,Tel Bond Shekel 100,2023-07-09,381.57
TELBOND_SHK,Tel Bond Shekel 100,2023-07-10,381.3
TELBOND_SHK,Tel Bond Shekel 100,2023-07-11,381.83
TELBOND_SHK,Tel Bond Shekel 100,2023-07-12,382.8
TELBOND_SHK,Tel Bond Shekel 100,2023-07-13,383.67
TELBOND_SHK,Tel Bond Shekel 100,2023-07-16,385.6
TELBOND_SHK,Tel Bond Shekel 100,2023-07-17,385.4
TELBOND_SHK,Tel Bond Shekel 100,2023-07-18,386.15
TELBOND_SHK,Tel Bond Shekel 100,2023-07-19,387.22
TELBOND_SHK,Tel Bond Shekel 100,2023-07-20,386.8
TELBOND_SHK,Tel Bond Shekel 100,2023-07-23,386.25
TELBOND_SHK,Tel Bond Shekel 100,2023-07-24,384.53
TELBOND_SHK,Tel Bond Shekel 100,2023-07-25,382.59
TELBOND_SHK,Tel Bond Shekel 100,2023-07-26,383.17
TELBOND_SHK,Tel Bond Shekel 100,2023-07-30,383.76
TELBOND_SHK,Tel Bond Shekel 100,2023-07-31,384.0
TELBOND_SHK,Tel Bond Shekel 100,2023-08-01,384.21
TELBOND_SHK,Tel Bond Shekel 100,2023-08-02,383.88
TELBOND_SHK,Tel Bond Shekel 100,2023-08-03,383.49
TELBOND_SHK,Tel Bond Shekel 100,2023-08-06,384.45
TELBOND_SHK,Tel Bond Shekel 100,2023-08-07,384.1
TELBOND_SHK,Tel Bond Shekel 100,2023-08-08,384.47
TELBOND_SHK,Tel Bond Shekel 100,2023-08-09,384.85
TELBOND_SHK,Tel Bond Shekel 100,2023-08-10,384.95
TELBOND_SHK,Tel Bond Shekel 100,2023-08-13,383.87
TELBOND_SHK,Tel Bond Shekel 100,2023-08-14,383.67
TELBOND_SHK,Tel Bond Shekel 100,2023-08-15,383.8
TELBOND_SHK,Tel Bond Shekel 100,2023-08-16,384.35
TELBOND_SHK,Tel Bond Shekel 100,2023-08-17,384.02
TELBOND_SHK,Tel Bond Shekel 100,2023-08-20,384.17
TELBOND_SHK,Tel Bond Shekel 100,2023-08-21,383.64
TELBOND_SHK,Tel Bond Shekel 100,2023-08-22,383.69
TELBOND_SHK,Tel Bond Shekel 100,2023-08-23,384.77
TELBOND_SHK,Tel Bond Shekel 100,2023-08-24,385.6
TELBOND_SHK,Tel Bond Shekel 100,2023-08-27,385.12
TELBOND_SHK,Tel Bond Shekel 100,2023-08-28,385.11
TELBOND_SHK,Tel Bond Shekel 100,2023-08-29,385.25
TELBOND_SHK,Tel Bond Shekel 100,2023-08-30,385.53
TELBOND_SHK,Tel Bond Shekel 100,2023-08-31,385.34
TELBOND_SHK,Tel Bond Shekel 100,2023-09-03,384.84
TELBOND_SHK,Tel Bond Shekel 100,2023-09-04,384.25
TELBOND_SHK,Tel Bond Shekel 100,2023-09-05,384.94
TELBOND_SHK,Tel Bond Shekel 100,2023-09-06,384.89
TELBOND_SHK,Tel Bond Shekel 100,2023-09-07,384.43
TELBOND_SHK,Tel Bond Shekel 100,2023-09-10,384.19
TELBOND_SHK,Tel Bond Shekel 100,2023-09-11,384.63
TELBOND_SHK,Tel Bond Shekel 100,2023-09-12,385.23
TELBOND_SHK,Tel Bond Shekel 100,2023-09-13,385.3
TELBOND_SHK,Tel Bond Shekel 100,2023-09-14,385.42
TELBOND_SHK,Tel Bond Shekel 100,2023-09-18,384.73
TELBOND_SHK,Tel Bond Shekel 100,2023-09-19,384.63
TELBOND_SHK,Tel Bond Shekel 100,2023-09-20,384.85
TELBOND_SHK,Tel Bond Shekel 100,2023-09-21,384.79
TELBOND_SHK,Tel Bond Shekel 100,2023-09-26,383.65
TELBOND_SHK,Tel Bond Shekel 100,2023-09-27,382.65
TELBOND_SHK,Tel Bond Shekel 100,2023-09-28,381.85
TELBOND_SHK,Tel Bond Shekel 100,2023-10-01,382.95
TELBOND_SHK,Tel Bond Shekel 100,2023-10-02,383.45
TELBOND_SHK,Tel Bond Shekel 100,2023-10-03,383.15
TELBOND_SHK,Tel Bond Shekel 100,2023-10-04,382.15
TELBOND_SHK,Tel Bond Shekel 100,2023-10-05,382.82
TELBOND_SHK,Tel Bond Shekel 100,2023-10-08,375.01
TELBOND_SHK,Tel Bond Shekel 100,2023-10-09,376.15
TELBOND_SHK,Tel Bond Shekel 100,2023-10-10,378.99
TELBOND_SHK,Tel Bond Shekel 100,2023-10-11,380.91
TELBOND_SHK,Tel Bond Shekel 100,2023-10-12,384.83
TELBOND_SHK,Tel Bond Shekel 100,2023-10-15,382.54
TELBOND_SHK,Tel Bond Shekel 100,2023-10-16,383.87
TELBOND_SHK,Tel Bond Shekel 100,2023-10-17,382.0
TELBOND_SHK,Tel Bond Shekel 100,2023-10-18,381.34
TELBOND_SHK,Tel Bond Shekel 100,2023-10-19,379.86
TELBOND_SHK,Tel Bond Shekel 100,2023-10-22,377.77
TELBOND_SHK,Tel Bond Shekel 100,2023-10-23,376.06
TELBOND_SHK,Tel Bond Shekel 100,2023-10-24,377.04
TELBOND_SHK,Tel Bond Shekel 100,2023-10-25,377.08
TELBOND_SHK,Tel Bond Shekel 100,2023-10-26,374.84
TELBOND_SHK,Tel Bond Shekel 100,2023-10-29,375.5
TELBOND_SHK,Tel Bond Shekel 100,2023-10-30,375.65
TELBOND_SHK,Tel Bond Shekel 100,2023-10-31,377.5
TELBOND_SHK,Tel Bond Shekel 100,2023-11-01,379.3
TELBOND_SHK,Tel Bond Shekel 100,2023-11-02,381.84
TELBOND_SHK,Tel Bond Shekel 100,2023-11-05,384.92
TELBOND_SHK,Tel Bond Shekel 100,2023-11-06,385.42
TELBOND_SHK,Tel Bond Shekel 100,2023-11-07,385.98
TELBOND_SHK,Tel Bond Shekel 100,2023-11-08,387.15
TELBOND_SHK,Tel Bond Shekel 100,2023-11-09,386.64
TELBOND_SHK,Tel Bond Shekel 100,2023-11-12,385.08
TELBOND_SHK,Tel Bond Shekel 100,2023-11-13,384.45
TELBOND_SHK,Tel Bond Shekel 100,2023-11-14,386.82
TELBOND_SHK,Tel Bond Shekel 100,2023-11-15,387.13
TELBOND_SHK,Tel Bond Shekel 100,2023-11-16,388.09
TELBOND_SHK,Tel Bond Shekel 100,2023-11-19,387.87
TELBOND_SHK,Tel Bond Shekel 100,2023-11-20,388.45
TELBOND_SHK,Tel Bond Shekel 100,2023-11-21,389.54
TELBOND_SHK,Tel Bond Shekel 100,2023-11-22,390.39
TELBOND_SHK,Tel Bond Shekel 100,2023-11-23,390.2
TELBOND_SHK,Tel Bond Shekel 100,2023-11-26,389.23
TELBOND_SHK,Tel Bond Shekel 100,2023-11-27,389.09
TELBOND_SHK,Tel Bond Shekel 100,2023-11-28,389.99
TELBOND_SHK,Tel Bond Shekel 100,2023-11-29,390.3
TELBOND_SHK,Tel Bond Shekel 100,2023-11-30,390.23
TELBOND_SHK,Tel Bond Shekel 100,2023-12-03,390.99
TELBOND_SHK,Tel Bond Shekel 100,2023-12-04,391.98
TELBOND_SHK,Tel Bond Shekel 100,2023-12-05,393.07
TELBOND_SHK,Tel Bond Shekel 100,2023-12-06,393.78
TELBOND_SHK,Tel Bond Shekel 100,2023-12-07,393.4
TELBOND_SHK,Tel Bond Shekel 100,2023-12-10,392.68
TELBOND_SHK,Tel Bond Shekel 100,2023-12-11,391.66
TELBOND_SHK,Tel Bond Shekel 100,2023-12-12,392.26
TELBOND_SHK,Tel Bond Shekel 100,2023-12-13,393.24
TELBOND_SHK,Tel Bond Shekel 100,2023-12-14,396.2
TELBOND_SHK,Tel Bond Shekel 100,2023-12-17,397.21
TELBOND_SHK,Tel Bond Shekel 100,2023-12-18,397.52
TELBOND_SHK,Tel Bond Shekel 100,2023-12-19,398.13
TELBOND_SHK,Tel Bond Shekel 100,2023-12-20,398.41
TELBOND_SHK,Tel Bond Shekel 100,2023-12-21,397.85
TELBOND_SHK,Tel Bond Shekel 100,2023-12-24,398.37
TELBOND_SHK,Tel Bond Shekel 100,2023-12-25,397.29
TELBOND_SHK,Tel Bond Shekel 100,2023-12-26,396.5
TELBOND_SHK,Tel Bond Shekel 100,2023-12-27,396.84
TELBOND_SHK,Tel Bond Shekel 100,2023-12-28,395.9
TELBOND_SHK,Tel Bond Shekel 100,2023-12-31,396.66
TELBOND_SHK,Tel Bond Shekel 100,2024-01-01,398.25
TELBOND_SHK,Tel Bond Shekel 100,2024-01-02,398.24
TELBOND_SHK,Tel Bond Shekel 100,2024-01-03,397.92
TELBOND_SHK,Tel Bond Shekel 100,2024-01-04,398.2
TELBOND_SHK,Tel Bond Shekel 100,2024-01-07,397.77
TELBOND_SHK,Tel Bond Shekel 100,2024-01-08,396.83
TELBOND_SHK,Tel Bond Shekel 100,2024-01-09,395.97
TELBOND_SHK,Tel Bond Shekel 100,2024-01-10,396.14
TELBOND_SHK,Tel Bond Shekel 100,2024-01-11,395.99
TELBOND_SHK,Tel Bond Shekel 100,2024-01-14,396.39
TELBOND_SHK,Tel Bond Shekel 100,2024-01-15,396.03
TELBOND_SHK,Tel Bond Shekel 100,2024-01-16,395.24
TELBOND_SHK,Tel Bond Shekel 100,2024-01-17,394.28
TELBOND_SHK,Tel Bond Shekel 100,2024-01-18,394.95
TELBOND_SHK,Tel Bond Shekel 100,2024-01-21,393.92
TELBOND_SHK,Tel Bond Shekel 100,2024-01-22,393.57
TELBOND_SHK,Tel Bond Shekel 100,2024-01-23,393.06
TELBOND_SHK,Tel Bond Shekel 100,2024-01-24,394.23
TELBOND_SHK,Tel Bond Shekel 100,2024-01-25,394.21
TELBOND_SHK,Tel Bond Shekel 100,2024-01-28,394.37
TELBOND_SHK,Tel Bond Shekel 100,2024-01-29,395.27
TELBOND_SHK,Tel Bond Shekel 100,2024-01-30,395.27
TELBOND_SHK,Tel Bond Shekel 100,2024-01-31,396.79
TELBOND_SHK,Tel Bond Shekel 100,2024-02-01,397.54
TELBOND_SHK,Tel Bond Shekel 100,2024-02-04,397.13
TELBOND_SHK,Tel Bond Shekel 100,2024-02-05,396.89
TELBOND_SHK,Tel Bond Shekel 100,2024-02-06,397.72
TELBOND_SHK,Tel Bond Shekel 100,2024-02-07,397.95
TELBOND_SHK,Tel Bond Shekel 100,2024-02-08,397.56
TELBOND_SHK,Tel Bond Shekel 100,2024-02-11,396.32
TELBOND_SHK,Tel Bond Shekel 100,2024-02-12,396.84
TELBOND_SHK,Tel Bond Shekel 100,2024-02-13,396.8
TELBOND_SHK,Tel Bond Shekel 100,2024-02-14,396.66
TELBOND_SHK,Tel Bond Shekel 100,2024-02-15,397.31
TELBOND_SHK,Tel Bond Shekel 100,2024-02-18,397.37
TELBOND_SHK,Tel Bond Shekel 100,2024-02-19,397.96
TELBOND_SHK,Tel Bond Shekel 100,2024-02-20,398.33
TELBOND_SHK,Tel Bond Shekel 100,2024-02-21,398.79
TELBOND_SHK,Tel Bond Shekel 100,2024-02-22,398.4
TELBOND_SHK,Tel Bond Shekel 100,2024-02-25,398.69
TELBOND_SHK,Tel Bond Shekel 100,2024-02-26,398.48
TELBOND_SHK,Tel Bond Shekel 100,2024-02-28,398.12
TELBOND_SHK,Tel Bond Shekel 100,2024-02-29,398.79
TELBOND_SHK,Tel Bond Shekel 100,2024-03-03,399.71
TELBOND_SHK,Tel Bond Shekel 100,2024-03-04,399.65
TELBOND_SHK,Tel Bond Shekel 100,2024-03-05,399.82
TELBOND_SHK,Tel Bond Shekel 100,2024-03-06,399.87
TELBOND_SHK,Tel Bond Shekel 100,2024-03-07,399.7
TELBOND_SHK,Tel Bond Shekel 100,2024-03-10,399.48
TELBOND_SHK,Tel Bond Shekel 100,2024-03-11,399.44
TELBOND_SHK,Tel Bond Shekel 100,2024-03-12,399.13
TELBOND_SHK,Tel Bond Shekel 100,2024-03-13,398.91
TELBOND_SHK,Tel Bond Shekel 100,2024-03-14,398.94
TELBOND_SHK,Tel Bond Shekel 100,2024-03-17,398.95
TELBOND_SHK,Tel Bond Shekel 100,2024-03-18,398.94
TELBOND_SHK,Tel Bond Shekel 100,2024-03-19,399.22
TELBOND_SHK,Tel Bond Shekel 100,2024-03-20,399.7
TELBOND_SHK,Tel Bond Shekel 100,2024-03-21,400.89
TELBOND_SHK,Tel Bond Shekel 100,2024-03-25,400.35
TELBOND_SHK,Tel Bond Shekel 100,2024-03-26,399.11
TELBOND_SHK,Tel Bond Shekel 100,2024-03-27,399.04
TELBOND_SHK,Tel Bond Shekel 100,2024-03-28,398.88
TELBOND_SHK,Tel Bond Shekel 100,2024-03-31,399.56
TELBOND_SHK,Tel Bond Shekel 100,2024-04-01,399.6
TELBOND_SHK,Tel Bond Shekel 100,2024-04-02,399.07
TELBOND_SHK,Tel Bond Shekel 100,2024-04-03,398.99
TELBOND_SHK,Tel Bond Shekel 100,2024-04-04,398.91
TELBOND_SHK,Tel Bond Shekel 100,2024-04-07,398.52
TELBOND_SHK,Tel Bond Shekel 100,2024-04-08,399.06
TELBOND_SHK,Tel Bond Shekel 100,2024-04-09,398.42
TELBOND_SHK,Tel Bond Shekel 100,2024-04-10,397.48
TELBOND_SHK,Tel Bond Shekel 100,2024-04-11,396.23
TELBOND_SHK,Tel Bond Shekel 100,2024-04-14,395.41
TELBOND_SHK,Tel Bond Shekel 100,2024-04-15,394.51
TELBOND_SHK,Tel Bond Shekel 100,2024-04-16,394.15
TELBOND_SHK,Tel Bond Shekel 100,2024-04-17,393.54
TELBOND_SHK,Tel Bond Shekel 100,2024-04-18,393.99
TELBOND_SHK,Tel Bond Shekel 100,2024-04-21,395.41
TELBOND_SHK,Tel Bond Shekel 100,2024-04-24,396.14
TELBOND_SHK,Tel Bond Shekel 100,2024-04-25,395.97
TELBOND_SHK,Tel Bond Shekel 100,2024-04-30,395.99
TELBOND_SHK,Tel Bond Shekel 100,2024-05-01,396.01
TELBOND_SHK,Tel Bond Shekel 100,2024-05-02,396.7
TELBOND_SHK,Tel Bond Shekel 100,2024-05-05,397.82
TELBOND_SHK,Tel Bond Shekel 100,2024-05-06,397.28
TELBOND_SHK,Tel Bond Shekel 100,2024-05-07,398.63
TELBOND_SHK,Tel Bond Shekel 100,2024-05-08,398.47
TELBOND_SHK,Tel Bond Shekel 100,2024-05-09,398.47
TELBOND_SHK,Tel Bond Shekel 100,2024-05-12,398.56
TELBOND_SHK,Tel Bond Shekel 100,2024-05-15,398.98
TELBOND_SHK,Tel Bond Shekel 100,2024-05-16,398.27
TELBOND_SHK,Tel Bond Shekel 100,2024-05-19,396.87
TELBOND_SHK,Tel Bond Shekel 100,2024-05-20,396.45
TELBOND_SHK,Tel Bond Shekel 100,2024-05-21,396.94
TELBOND_SHK,Tel Bond Shekel 100,2024-05-22,396.56
TELBOND_SHK,Tel Bond Shekel 100,2024-05-23,396.31
TELBOND_SHK,Tel Bond Shekel 100,2024-05-26,395.89
TELBOND_SHK,Tel Bond Shekel 100,2024-05-27,395.22
TELBOND_SHK,Tel Bond Shekel 100,2024-05-28,394.73
TELBOND_SHK,Tel Bond Shekel 100,2024-05-29,393.84
TELBOND_SHK,Tel Bond Shekel 100,2024-05-30,393.67
TELBOND_SHK,Tel Bond Shekel 100,2024-06-02,394.33
TELBOND_SHK,Tel Bond Shekel 100,2024-06-03,395.54
TELBOND_SHK,Tel Bond Shekel 100,2024-06-04,395.53
TELBOND_SHK,Tel Bond Shekel 100,2024-06-05,394.59
TELBOND_SHK,Tel Bond Shekel 100,2024-06-06,393.77
TELBOND_SHK,Tel Bond Shekel 100,2024-06-09,393.18
TELBOND_SHK,Tel Bond Shekel 100,2024-06-10,393.26
TELBOND_SHK,Tel Bond Shekel 100,2024-06-13,394.23
TELBOND_SHK,Tel Bond Shekel 100,2024-06-16,394.87
TELBOND_SHK,Tel Bond Shekel 100,2024-06-17,395.67
TELBOND_SHK,Tel Bond Shekel 100,2024-06-18,396.33
TELBOND_SHK,Tel Bond Shekel 100,2024-06-19,397.03
TELBOND_SHK,Tel Bond Shekel 100,2024-06-20,396.78
TELBOND_SHK,Tel Bond Shekel 100,2024-06-23,397.14
TELBOND_SHK,Tel Bond Shekel 100,2024-06-24,396.94
TELBOND_SHK,Tel Bond Shekel 100,2024-06-25,396.69
TELBOND_SHK,Tel Bond Shekel 100,2024-06-26,396.38
TELBOND_SHK,Tel Bond Shekel 100,2024-06-27,396.25
TELBOND_SHK,Tel Bond Shekel 100,2024-06-30,396.23
TELBOND_SHK,Tel Bond Shekel 100,2024-07-01,396.06
TELBOND_SHK,Tel Bond Shekel 100,2024-07-02,395.82
TELBOND_SHK,Tel Bond Shekel 100,2024-07-03,395.89
TELBOND_SHK,Tel Bond Shekel 100,2024-07-04,396.77
TELBOND_SHK,Tel Bond Shekel 100,2024-07-07,398.58
TELBOND_SHK,Tel Bond Shekel 100,2024-07-08,398.37
TELBOND_SHK,Tel Bond Shekel 100,2024-07-09,398.42
TELBOND_SHK,Tel Bond Shekel 100,2024-07-10,398.62
TELBOND_SHK,Tel Bond Shekel 100,2024-07-11,400.54
TELBOND_SHK,Tel Bond Shekel 100,2024-07-14,400.47
TELBOND_SHK,Tel Bond Shekel 100,2024-07-15,400.92
TELBOND_SHK,Tel Bond Shekel 100,2024-07-16,401.19
TELBOND_SHK,Tel Bond Shekel 100,2024-07-17,401.69
TELBOND_SHK,Tel Bond Shekel 100,2024-07-18,402.22
TELBOND_SHK,Tel Bond Shekel 100,2024-07-21,401.01
TELBOND_SHK,Tel Bond Shekel 100,2024-07-22,400.72
TELBOND_SHK,Tel Bond Shekel 100,2024-07-23,401.01
TELBOND_SHK,Tel Bond Shekel 100,2024-07-24,401.9
TELBOND_SHK,Tel Bond Shekel 100,2024-07-25,402.29
TELBOND_SHK,Tel Bond Shekel 100,2024-07-28,400.21
TELBOND_SHK,Tel Bond Shekel 100,2024-07-29,399.87
TELBOND_SHK,Tel Bond Shekel 100,2024-07-30,399.48
TELBOND_SHK,Tel Bond Shekel 100,2024-07-31,399.52
TELBOND_SHK,Tel Bond Shekel 100,2024-08-01,399.24
TELBOND_SHK,Tel Bond Shekel 100,2024-08-04,400.34
TELBOND_SHK,Tel Bond Shekel 100,2024-08-05,401.39
TELBOND_SHK,Tel Bond Shekel 100,2024-08-06,401.86
TELBOND_SHK,Tel Bond Shekel 100,2024-08-07,402.37
TELBOND_SHK,Tel Bond Shekel 100,2024-08-08,403.02
TELBOND_SHK,Tel Bond Shekel 100,2024-08-11,404.38
TELBOND_SHK,Tel Bond Shekel 100,2024-08-12,403.08
TELBOND_SHK,Tel Bond Shekel 100,2024-08-14,403.48
TELBOND_SHK,Tel Bond Shekel 100,2024-08-15,403.07
TELBOND_SHK,Tel Bond Shekel 100,2024-08-18,403.6
TELBOND_SHK,Tel Bond Shekel 100,2024-08-19,403.37
TELBOND_SHK,Tel Bond Shekel 100,2024-08-20,403.48
TELBOND_SHK,Tel Bond Shekel 100,2024-08-21,402.75
TELBOND_SHK,Tel Bond Shekel 100,2024-08-22,402.87
TELBOND_SHK,Tel Bond Shekel 100,2024-08-25,403.28
TELBOND_SHK,Tel Bond Shekel 100,2024-08-26,403.61
TELBOND_SHK,Tel Bond Shekel 100,2024-08-27,403.4
TELBOND_SHK,Tel Bond Shekel 100,2024-08-28,403.04
TELBOND_SHK,Tel Bond Shekel 100,2024-08-29,402.77
TELBOND_SHK,Tel Bond Shekel 100,2024-09-01,402.16
TELBOND_SHK,Tel Bond Shekel 100,2024-09-02,401.82
TELBOND_SHK,Tel Bond Shekel 100,2024-09-03,401.92
TELBOND_SHK,Tel Bond Shekel 100,2024-09-04,402.09
TELBOND_SHK,Tel Bond Shekel 100,2024-09-05,403.6
TELBOND_SHK,Tel Bond Shekel 100,2024-09-08,404.08
TELBOND_SHK,Tel Bond Shekel 100,2024-09-10,403.41
TELBOND_SHK,Tel Bond Shekel 100,2024-09-11,403.56
TELBOND_SHK,Tel Bond Shekel 100,2024-09-12,404.36
TELBOND_SHK,Tel Bond Shekel 100,2024-09-15,403.39
TELBOND_SHK,Tel Bond Shekel 100,2024-09-16,401.67
TELBOND_SHK,Tel Bond Shekel 100,2024-09-17,400.14
TELBOND_SHK,Tel Bond Shekel 100,2024-09-18,401.11
TELBOND_SHK,Tel Bond Shekel 100,2024-09-19,400.66
TELBOND_SHK,Tel Bond Shekel 100,2024-09-22,400.09
TELBOND_SHK,Tel Bond Shekel 100,2024-09-23,400.81
TELBOND_SHK,Tel Bond Shekel 100,2024-09-24,400.69
TELBOND_SHK,Tel Bond Shekel 100,2024-09-25,401.36
TELBOND_SHK,Tel Bond Shekel 100,2024-09-26,402.88
TELBOND_SHK,Tel Bond Shekel 100,2024-09-29,402.29
TELBOND_SHK,Tel Bond Shekel 100,2024-09-30,402.41
TELBOND_SHK,Tel Bond Shekel 100,2024-10-01,402.86
TELBOND_SHK,Tel Bond Shekel 100,2024-10-06,402.82
TELBOND_SHK,Tel Bond Shekel 100,2024-10-07,403.15
TELBOND_SHK,Tel Bond Shekel 100,2024-10-08,403.3
TELBOND_SHK,Tel Bond Shekel 100,2024-10-09,403.16
TELBOND_SHK,Tel Bond Shekel 100,2024-10-10,402.87
TELBOND_SHK,Tel Bond Shekel 100,2024-10-13,402.81
TELBOND_SHK,Tel Bond Shekel 100,2024-10-14,402.77
TELBOND_SHK,Tel Bond Shekel 100,2024-10-15,403.2
TELBOND_SHK,Tel Bond Shekel 100,2024-10-20,404.88
TELBOND_SHK,Tel Bond Shekel 100,2024-10-21,405.36
TELBOND_SHK,Tel Bond Shekel 100,2024-10-22,405.07
TELBOND_SHK,Tel Bond Shekel 100,2024-10-27,405.22
TELBOND_SHK,Tel Bond Shekel 100,2024-10-28,404.87
TELBOND_SHK,Tel Bond Shekel 100,2024-10-29,405.82
TELBOND_SHK,Tel Bond Shekel 100,2024-10-30,406.76
TELBOND_SHK,Tel Bond Shekel 100,2024-10-31,406.43
TELBOND_SHK,Tel Bond Shekel 100,2024-11-03,406.09
TELBOND_SHK,Tel Bond Shekel 100,2024-11-04,406.45
TELBOND_SHK,Tel Bond Shekel 100,2024-11-05,406.58
TELBOND_SHK,Tel Bond Shekel 100,2024-11-06,406.59
TELBOND_SHK,Tel Bond Shekel 100,2024-11-07,407.57
TELBOND_SHK,Tel Bond Shekel 100,2024-11-10,408.58
TELBOND_SHK,Tel Bond Shekel 100,2024-11-11,408.64
TELBOND_SHK,Tel Bond Shekel 100,2024-11-12,408.8
TELBOND_SHK,Tel Bond Shekel 100,2024-11-13,409.14
TELBOND_SHK,Tel Bond Shekel 100,2024-11-14,409.22
TELBOND_SHK,Tel Bond Shekel 100,2024-11-17,409.79
TELBOND_SHK,Tel Bond Shekel 100,2024-11-18,411.21
TELBOND_SHK,Tel Bond Shekel 100,2024-11-19,411.62
TELBOND_SHK,Tel Bond Shekel 100,2024-11-20,412.0
TELBOND_SHK,Tel Bond Shekel 100,2024-11-21,412.42
TELBOND_SHK,Tel Bond Shekel 100,2024-11-24,412.94
TELBOND_SHK,Tel Bond Shekel 100,2024-11-25,413.79
TELBOND_SHK,Tel Bond Shekel 100,2024-11-26,413.39
TELBOND_SHK,Tel Bond Shekel 100,2024-11-27,412.97
TELBOND_SHK,Tel Bond Shekel 100,2024-11-28,413.41
TELBOND_SHK,Tel Bond Shekel 100,2024-12-01,414.25
TELBOND_SHK,Tel Bond Shekel 100,2024-12-02,414.34
TELBOND_SHK,Tel Bond Shekel 100,2024-12-03,414.02
TELBOND_SHK,Tel Bond Shekel 100,2024-12-04,413.71
TELBOND_SHK,Tel Bond Shekel 100,2024-12-05,414.07
TELBOND_SHK,Tel Bond Shekel 100,2024-12-08,414.88
TELBOND_SHK,Tel Bond Shekel 100,2024-12-09,416.46
TELBOND_SHK,Tel Bond Shekel 100,2024-12-10,416.88
TELBOND_SHK,Tel Bond Shekel 100,2024-12-11,417.0
TELBOND_SHK,Tel Bond Shekel 100,2024-12-12,416.99
TELBOND_SHK,Tel Bond Shekel 100,2024-12-15,416.27
TELBOND_SHK,Tel Bond Shekel 100,2024-12-16,416.68
TELBOND_SHK,Tel Bond Shekel 100,2024-12-17,416.74
TELBOND_SHK,Tel Bond Shekel 100,2024-12-18,417.24
TELBOND_SHK,Tel Bond Shekel 100,2024-12-19,416.49
TELBOND_SHK,Tel Bond Shekel 100,2024-12-22,416.57
TELBOND_SHK,Tel Bond Shekel 100,2024-12-23,416.7
TELBOND_SHK,Tel Bond Shekel 100,2024-12-24,417.28
TELBOND_SHK,Tel Bond Shekel 100,2024-12-25,417.42
TELBOND_SHK,Tel Bond Shekel 100,2024-12-26,417.09
TELBOND_SHK,Tel Bond Shekel 100,2024-12-29,417.45
TELBOND_SHK,Tel Bond Shekel 100,2024-12-30,417.35
TELBOND_SHK,Tel Bond Shekel 100,2024-12-31,418.3
TELBOND_SHK,Tel Bond Shekel 100,2025-01-01,418.79
TELBOND_SHK,Tel Bond Shekel 100,2025-01-02,418.82
TELBOND_SHK,Tel Bond Shekel 100,2025-01-05,419.06
TELBOND_SHK,Tel Bond Shekel 100,2025-01-06,419.93
TELBOND_SHK,Tel Bond Shekel 100,2025-01-07,419.68
TELBOND_SHK,Tel Bond Shekel 100,2025-01-08,419.74
TELBOND_SHK,Tel Bond Shekel 100,2025-01-09,419.72
TELBOND_SHK,Tel Bond Shekel 100,2025-01-12,419.16
TELBOND_SHK,Tel Bond Shekel 100,2025-01-13,418.6
TELBOND_SHK,Tel Bond Shekel 100,2025-01-14,418.43
TELBOND_SHK,Tel Bond Shekel 100,2025-01-15,419.04
TELBOND_SHK,Tel Bond Shekel 100,2025-01-16,419.58
TELBOND_SHK,Tel Bond Shekel 100,2025-01-19,420.4
TELBOND_SHK,Tel Bond Shekel 100,2025-01-20,420.35
TELBOND_SHK,Tel Bond Shekel 100,2025-01-21,420.23
TELBOND_SHK,Tel Bond Shekel 100,2025-01-22,420.26
TELBOND_SHK,Tel Bond Shekel 100,2025-01-23,420.41
TELBOND_SHK,Tel Bond Shekel 100,2025-01-26,419.6
TELBOND_SHK,Tel Bond Shekel 100,2025-01-27,419.17
TELBOND_SHK,Tel Bond Shekel 100,2025-01-28,418.76
TELBOND_SHK,Tel Bond Shekel 100,2025-01-29,418.67
TELBOND_SHK,Tel Bond Shekel 100,2025-01-30,419.52
TELBOND_SHK,Tel Bond Shekel 100,2025-02-02,420.36
TELBOND_SHK,Tel Bond Shekel 100,2025-02-03,420.79
TELBOND_SHK,Tel Bond Shekel 100,2025-02-04,421.7
TELBOND_SHK,Tel Bond Shekel 100,2025-02-05,422.92
TELBOND_SHK,Tel Bond Shekel 100,2025-02-06,422.89
TELBOND_SHK,Tel Bond Shekel 100,2025-02-09,422.58
TELBOND_SHK,Tel Bond Shekel 100,2025-02-10,422.92
TELBOND_SHK,Tel Bond Shekel 100,2025-02-11,423.04
TELBOND_SHK,Tel Bond Shekel 100,2025-02-12,422.02
TELBOND_SHK,Tel Bond Shekel 100,2025-02-13,422.69
TELBOND_SHK,Tel Bond Shekel 100,2025-02-16,423.21
TELBOND_SHK,Tel Bond Shekel 100,2025-02-17,423.09
TELBOND_SHK,Tel Bond Shekel 100,2025-02-18,423.27
TELBOND_SHK,Tel Bond Shekel 100,2025-02-19,423.29
TELBOND_SHK,Tel Bond Shekel 100,2025-02-20,424.22
TELBOND_SHK,Tel Bond Shekel 100,2025-02-23,423.78
TELBOND_SHK,Tel Bond Shekel 100,2025-02-24,423.37
TELBOND_SHK,Tel Bond Shekel 100,2025-02-25,422.89
TELBOND_SHK,Tel Bond Shekel 100,2025-02-26,422.49
TELBOND_SHK,Tel Bond Shekel 100,2025-02-27,422.35
TELBOND_SHK,Tel Bond Shekel 100,2025-03-02,423.03
TELBOND_SHK,Tel Bond Shekel 100,2025-03-03,423.13
TELBOND_SHK,Tel Bond Shekel 100,2025-03-04,423.05
TELBOND_SHK,Tel Bond Shekel 100,2025-03-05,423.02
TELBOND_SHK,Tel Bond Shekel 100,2025-03-06,422.67
TELBOND_SHK,Tel Bond Shekel 100,2025-03-09,423.21
TELBOND_SHK,Tel Bond Shekel 100,2025-03-10,423.05
TELBOND_SHK,Tel Bond Shekel 100,2025-03-11,422.63
TELBOND_SHK,Tel Bond Shekel 100,2025-03-12,422.85
TELBOND_SHK,Tel Bond Shekel 100,2025-03-13,423.0
TELBOND_SHK,Tel Bond Shekel 100,2025-03-16,423.91
TELBOND_SHK,Tel Bond Shekel 100,2025-03-17,423.93
TELBOND_SHK,Tel Bond Shekel 100,2025-03-18,424.17
TELBOND_SHK,Tel Bond Shekel 100,2025-03-19,423.73
TELBOND_SHK,Tel Bond Shekel 100,2025-03-20,423.76
TELBOND_SHK,Tel Bond Shekel 100,2025-03-23,421.64
TELBOND_SHK,Tel Bond Shekel 100,2025-03-24,422.54
TELBOND_SHK,Tel Bond Shekel 100,2025-03-25,422.57
TELBOND_SHK,Tel Bond Shekel 100,2025-03-26,421.88
TELBOND_SHK,Tel Bond Shekel 100,2025-03-27,421.16
TELBOND_SHK,Tel Bond Shekel 100,2025-03-30,421.65
TELBOND_SHK,Tel Bond Shekel 100,2025-03-31,422.05
TELBOND_SHK,Tel Bond Shekel 100,2025-04-01,422.91
TELBOND_SHK,Tel Bond Shekel 100,2025-04-02,423.26
TELBOND_SHK,Tel Bond Shekel 100,2025-04-03,424.41
TELBOND_SHK,Tel Bond Shekel 100,2025-04-06,423.56
TELBOND_SHK,Tel Bond Shekel 100,2025-04-07,422.05
TELBOND_SHK,Tel Bond Shekel 100,2025-04-08,422.0
TELBOND_SHK,Tel Bond Shekel 100,2025-04-09,420.69
TELBOND_SHK,Tel Bond Shekel 100,2025-04-10,422.15
TELBOND_SHK,Tel Bond Shekel 100,2025-04-14,423.42
TELBOND_SHK,Tel Bond Shekel 100,2025-04-15,424.88
TELBOND_SHK,Tel Bond Shekel 100,2025-04-16,424.98
TELBOND_SHK,Tel Bond Shekel 100,2025-04-17,425.13
TELBOND_SHK,Tel Bond Shekel 100,2025-04-20,425.05
TELBOND_SHK,Tel Bond Shekel 100,2025-04-21,424.17
TELBOND_SHK,Tel Bond Shekel 100,2025-04-22,423.79
TELBOND_SHK,Tel Bond Shekel 100,2025-04-23,424.69
TELBOND_SHK,Tel Bond Shekel 100,2025-04-24,424.7
TELBOND_SHK,Tel Bond Shekel 100,2025-04-27,424.99
TELBOND_SHK,Tel Bond Shekel 100,2025-04-28,424.88
TELBOND_SHK,Tel Bond Shekel 100,2025-04-29,425.4
TELBOND_SHK,Tel Bond Shekel 100,2025-05-04,425.27
TELBOND_SHK,Tel Bond Shekel 100,2025-05-05,425.21
TELBOND_SHK,Tel Bond Shekel 100,2025-05-06,425.17
TELBOND_SHK,Tel Bond Shekel 100,2025-05-07,425.85
TELBOND_SHK,Tel Bond Shekel 100,2025-05-08,426.78
TELBOND_SHK,Tel Bond Shekel 100,2025-05-11,426.73
TELBOND_SHK,Tel Bond Shekel 100,2025-05-12,427.36
TELBOND_SHK,Tel Bond Shekel 100,2025-05-13,427.32
TELBOND_SHK,Tel Bond Shekel 100,2025-05-14,427.61
TELBOND_SHK,Tel Bond Shekel 100,2025-05-15,427.68
TELBOND_SHK,Tel Bond Shekel 100,2025-05-18,427.43
TELBOND_SHK,Tel Bond Shekel 100,2025-05-19,426.94
TELBOND_SHK,Tel Bond Shekel 100,2025-05-20,425.7
TELBOND_SHK,Tel Bond Shekel 100,2025-05-21,424.96
TELBOND_SHK,Tel Bond Shekel 100,2025-05-22,425.22
TELBOND_SHK,Tel Bond Shekel 100,2025-05-25,425.4
TELBOND_SHK,Tel Bond Shekel 100,2025-05-26,425.87
TELBOND_SHK,Tel Bond Shekel 100,2025-05-27,426.03
TELBOND_SHK,Tel Bond Shekel 100,2025-05-28,426.05
TELBOND_SHK,Tel Bond Shekel 100,2025-05-29,426.36
TELBOND_SHK,Tel Bond Shekel 100,2025-06-03,426.14
TELBOND_SHK,Tel Bond Shekel 100,2025-06-04,426.25
TELBOND_SHK,Tel Bond Shekel 100,2025-06-05,426.53
TELBOND_SHK,Tel Bond Shekel 100,2025-06-08,426.3
TELBOND_SHK,Tel Bond Shekel 100,2025-06-09,426.4
TELBOND_SHK,Tel Bond Shekel 100,2025-06-10,426.44
TELBOND_SHK,Tel Bond Shekel 100,2025-06-11,426.48
TELBOND_SHK,Tel Bond Shekel 100,2025-06-12,425.46
TELBOND_SHK,Tel Bond Shekel 100,2025-06-15,425.5
TELBOND_SHK,Tel Bond Shekel 100,2025-06-16,426.53
TELBOND_SHK,Tel Bond Shekel 100,2025-06-17,427.3
TELBOND_SHK,Tel Bond Shekel 100,2025-06-18,427.48
TELBOND_SHK,Tel Bond Shekel 100,2025-06-19,428.0
TELBOND_SHK,Tel Bond Shekel 100,2025-06-22,429.54
TELBOND_SHK,Tel Bond Shekel 100,2025-06-23,430.64
TELBOND_SHK,Tel Bond Shekel 100,2025-06-24,430.9
TELBOND_SHK,Tel Bond Shekel 100,2025-06-25,431.24
TELBOND_SHK,Tel Bond Shekel 100,2025-06-26,431.37
TELBOND_SHK,Tel Bond Shekel 100,2025-06-29,432.58
TELBOND_SHK,Tel Bond Shekel 100,2025-06-30,433.96
TELBOND_SHK,Tel Bond Shekel 100,2025-07-01,434.46
TELBOND_SHK,Tel Bond Shekel 100,2025-07-02,434.67
TELBOND_SHK,Tel Bond Shekel 100,2025-07-03,435.34
TELBOND_SHK,Tel Bond Shekel 100,2025-07-06,436.78
TELBOND_SHK,Tel Bond Shekel 100,2025-07-07,436.33
TELBOND_SHK,Tel Bond Shekel 100,2025-07-08,435.52
TELBOND_SHK,Tel Bond Shekel 100,2025-07-09,436.0
TELBOND_SHK,Tel Bond Shekel 100,2025-07-10,436.27
TELBOND_SHK,Tel Bond Shekel 100,2025-07-13,435.63
TELBOND_SHK,Tel Bond Shekel 100,2025-07-14,435.15
TELBOND_SHK,Tel Bond Shekel 100,2025-07-15,435.17
TELBOND_SHK,Tel Bond Shekel 100,2025-07-16,434.76
TELBOND_SHK,Tel Bond Shekel 100,2025-07-17,435.14
TELBOND_SHK,Tel Bond Shekel 100,2025-07-20,435.14
TELBOND_SHK,Tel Bond Shekel 100,2025-07-21,434.82
TELBOND_SHK,Tel Bond Shekel 100,2025-07-22,434.7
TELBOND_SHK,Tel Bond Shekel 100,2025-07-23,434.88
TELBOND_SHK,Tel Bond Shekel 100,2025-07-24,435.06
TELBOND_SHK,Tel Bond Shekel 100,2025-07-27,434.49
TELBOND_SHK,Tel Bond Shekel 100,2025-07-28,433.39
TELBOND_SHK,Tel Bond Shekel 100,2025-07-29,432.95
TELBOND_SHK,Tel Bond Shekel 100,2025-07-30,432.8
TELBOND_SHK,Tel Bond Shekel 100,2025-07-31,433.26
TELBOND_SHK,Tel Bond Shekel 100,2025-08-03,433.26
TELBOND_SHK,Tel Bond Shekel 100,2025-08-04,433.89
TELBOND_SHK,Tel Bond Shekel 100,2025-08-05,433.55
TELBOND_SHK,Tel Bond Shekel 100,2025-08-06,433.69
TELBOND_SHK,Tel Bond Shekel 100,2025-08-07,434.55
TELBOND_SHK,Tel Bond Shekel 100,2025-08-10,434.81
TELBOND_SHK,Tel Bond Shekel 100,2025-08-11,435.09
TELBOND_SHK,Tel Bond Shekel 100,2025-08-12,435.08
TELBOND_SHK,Tel Bond Shekel 100,2025-08-13,435.88
TELBOND_SHK,Tel Bond Shekel 100,2025-08-14,436.17
TELBOND_SHK,Tel Bond Shekel 100,2025-08-17,436.54
TELBOND_SHK,Tel Bond Shekel 100,2025-08-18,437.11
TELBOND_SHK,Tel Bond Shekel 100,2025-08-19,436.95
TELBOND_SHK,Tel Bond Shekel 100,2025-08-20,436.77
TELBOND_SHK,Tel Bond Shekel 100,2025-08-21,437.04
TELBOND_SHK,Tel Bond Shekel 100,2025-08-24,437.78
TELBOND_SHK,Tel Bond Shekel 100,2025-08-25,437.92
TELBOND_SHK,Tel Bond Shekel 100,2025-08-26,437.77
TELBOND_SHK,Tel Bond Shekel 100,2025-08-27,437.72
TELBOND_SHK,Tel Bond Shekel 100,2025-08-28,437.4
TELBOND_SHK,Tel Bond Shekel 100,2025-08-31,437.25
TELBOND_SHK,Tel Bond Shekel 100,2025-09-01,437.04
TELBOND_SHK,Tel Bond Shekel 100,2025-09-02,436.24
TELBOND_SHK,Tel Bond Shekel 100,2025-09-03,436.43
TELBOND_SHK,Tel Bond Shekel 100,2025-09-04,436.64
TELBOND_SHK,Tel Bond Shekel 100,2025-09-07,437.66
TELBOND_SHK,Tel Bond Shekel 100,2025-09-08,437.95
TELBOND_SHK,Tel Bond Shekel 100,2025-09-09,437.53
TELBOND_SHK,Tel Bond Shekel 100,2025-09-10,437.04
TELBOND_SHK,Tel Bond Shekel 100,2025-09-11,437.14
TELBOND_SHK,Tel Bond Shekel 100,2025-09-14,437.06
TELBOND_SHK,Tel Bond Shekel 100,2025-09-15,436.71
TELBOND_SHK,Tel Bond Shekel 100,2025-09-16,435.95
TELBOND_SHK,Tel Bond Shekel 100,2025-09-17,435.09
TELBOND_SHK,Tel Bond Shekel 100,2025-09-18,435.62
TELBOND_SHK,Tel Bond Shekel 100,2025-09-21,437.49
TELBOND_SHK,Tel Bond Shekel 100,2025-09-22,437.49
TELBOND_SHK,Tel Bond Shekel 100,2025-09-23,437.49
TELBOND_SHK,Tel Bond Shekel 100,2025-09-25,437.43
TELBOND_SHK,Tel Bond Shekel 100,2025-09-28,437.8
TELBOND_SHK,Tel Bond Shekel 100,2025-09-29,437.92
TELBOND_SHK,Tel Bond Shekel 100,2025-09-30,439.14
TELBOND_SHK,Tel Bond Shekel 100,2025-10-05,441.08
TELBOND_SHK,Tel Bond Shekel 100,2025-10-08,441.41
TELBOND_SHK,Tel Bond Shekel 100,2025-10-09,443.39
TELBOND_SHK,Tel Bond Shekel 100,2025-10-12,443.88
TELBOND_SHK,Tel Bond Shekel 100,2025-10-15,444.5
TELBOND_SHK,Tel Bond Shekel 100,2025-10-16,445.17
TELBOND_SHK,Tel Bond Shekel 100,2025-10-18,445.17
TELBOND_SHK,Tel Bond Shekel 100,2025-10-19,444.48
TELBOND_SHK,Tel Bond Shekel 100,2025-10-20,444.41
TELBOND_SHK,Tel Bond Shekel 100,2025-10-21,444.19
TELBOND_SHK,Tel Bond Shekel 100,2025-10-22,444.37
TELBOND_SHK,Tel Bond Shekel 100,2025-10-23,444.91
TELBOND_SHK,Tel Bond Shekel 100,2025-10-26,445.08
TELBOND_SHK,Tel Bond Shekel 100,2025-10-27,444.82
TELBOND_SHK,Tel Bond Shekel 100,2025-10-28,444.81
TELBOND_SHK,Tel Bond Shekel 100,2025-10-29,445.06
TELBOND_SHK,Tel Bond Shekel 100,2025-10-30,444.96
TELBOND_SHK,Tel Bond Shekel 100,2025-11-02,445.43
TELBOND_SHK,Tel Bond Shekel 100,2025-11-03,445.66
TELBOND_SHK,Tel Bond Shekel 100,2025-11-04,445.49
TELBOND_SHK,Tel Bond Shekel 100,2025-11-05,445.59
TELBOND_SHK,Tel Bond Shekel 100,2025-11-06,445.44
TELBOND_SHK,Tel Bond Shekel 100,2025-11-07,445.44
TELBOND_SHK,Tel Bond Shekel 100,2025-11-09,445.54
TELBOND_SHK,Tel Bond Shekel 100,2025-11-10,445.61
TELBOND_SHK,Tel Bond Shekel 100,2025-11-11,445.73
TELBOND_SHK,Tel Bond Shekel 100,2025-11-12,446.45
TELBOND_SHK,Tel Bond Shekel 100,2025-11-13,447.17
TELBOND_SHK,Tel Bond Shekel 100,2025-11-14,447.17
TELBOND_SHK,Tel Bond Shekel 100,2025-11-16,447.31
TELBOND_SHK,Tel Bond Shekel 100,2025-11-17,447.55
TELBOND_SHK,Tel Bond Shekel 100,2025-11-18,446.93
TELBOND_SHK,Tel Bond Shekel 100,2025-11-19,446.77
TELBOND_SHK,Tel Bond Shekel 100,2025-11-20,446.73
TELBOND_SHK,Tel Bond Shekel 100,2025-11-23,447.48
TELBOND_SHK,Tel Bond Shekel 100,2025-11-24,447.5
TELBOND_SHK,Tel Bond Shekel 100,2025-11-25,447.25
TELBOND_SHK,Tel Bond Shekel 100,2025-11-26,446.76
TELBOND_SHK,Tel Bond Shekel 100,2025-11-27,447.05
TELBOND_SHK,Tel Bond Shekel 100,2025-11-29,447.05
TELBOND_SHK,Tel Bond Shekel 100,2025-11-30,447.12
TELBOND_SHK,Tel Bond Shekel 100,2025-12-01,446.63
TELBOND_SHK,Tel Bond Shekel 100,2025-12-02,446.63
TELBOND_SHK,Tel Bond Shekel 100,2025-12-03,446.53
TELBOND_SHK,Tel Bond Shekel 100,2025-12-04,446.45
TELBOND_SHK,Tel Bond Shekel 100,2025-12-07,446.25
TELBOND_SHK,Tel Bond Shekel 100,2025-12-08,446.03
TELBOND_SHK,Tel Bond Shekel 100,2025-12-09,446.0
TELBOND_SHK,Tel Bond Shekel 100,2025-12-10,446.04
TELBOND_SHK,Tel Bond Shekel 100,2025-12-11,446.74
TELBOND_SHK,Tel Bond Shekel 100,2025-12-14,446.6
TELBOND_SHK,Tel Bond Shekel 100,2025-12-15,446.97
TELBOND_SHK,Tel Bond Shekel 100,2025-12-16,447.21
TELBOND_SHK,Tel Bond Shekel 100,2025-12-17,447.81
TELBOND_SHK,Tel Bond Shekel 100,2025-12-18,448.55
TELBOND_SHK,Tel Bond Shekel 100,2025-12-21,448.77
TELBOND_SHK,Tel Bond Shekel 100,2025-12-22,448.6
TELBOND_SHK,Tel Bond Shekel 100,2025-12-23,448.71
TELBOND_SHK,Tel Bond Shekel 100,2025-12-24,449.21
TELBOND_SHK,Tel Bond Shekel 100,2025-12-25,448.97
TELBOND_SHK,Tel Bond Shekel 100,2025-12-28,449.0
TELBOND_SHK,Tel Bond Shekel 100,2025-12-29,449.39
TELBOND_SHK,Tel Bond Shekel 100,2025-12-30,449.19
TELBOND_SHK,Tel Bond Shekel 100,2025-12-31,449.85
TELBOND_SHK,Tel Bond Shekel 100,2026-01-01,450.61
TELBOND_SHK,Tel Bond Shekel 100,2026-01-05,453.44
TELBOND_SHK,Tel Bond Shekel 100,2026-01-06,454.52
TELBOND_SHK,Tel Bond Shekel 100,2026-01-07,455.33
TELBOND_SHK,Tel Bond Shekel 100,2026-01-08,455.19
TELBOND_SHK,Tel Bond Shekel 100,2026-01-09,455.41
TELBOND_SHK,Tel Bond Shekel 100,2026-01-12,455.11
TELBOND_SHK,Tel Bond Shekel 100,2026-01-13,455.13
TELBOND_SHK,Tel Bond Shekel 100,2026-01-14,454.78
TELBOND_SHK,Tel Bond Shekel 100,2026-01-15,454.92
TELBOND_SHK,Tel Bond Shekel 100,2026-01-16,455.09
TELBOND_SHK,Tel Bond Shekel 100,2026-01-19,453.96
TELBOND_SHK,Tel Bond Shekel 100,2026-01-20,453.09
TELBOND_SHK,Tel Bond Shekel 100,2026-01-21,452.76
TELBOND_SHK,Tel Bond Shekel 100,2026-01-22,453.36
TELBOND_SHK,Tel Bond Shekel 100,2026-01-23,453.6
TELBOND_SHK,Tel Bond Shekel 100,2026-01-25,453.6
TELBOND_SHK,Tel Bond Shekel 100,2026-01-26,453.49
TELBOND_SHK,Tel Bond Shekel 100,2026-01-27,454.03
TELBOND_SHK,Tel Bond Shekel 100,2026-01-28,454.2
TELBOND_SHK,Tel Bond Shekel 100,2026-01-29,453.75
TELBOND_SHK,Tel Bond Shekel 100,2026-01-30,453.92
TELBOND_SHK,Tel Bond Shekel 100,2026-02-02,454.76
TELBOND_SHK,Tel Bond Shekel 100,2026-02-03,455.08
TELBOND_SHK,Tel Bond Shekel 100,2026-02-04,455.2
TELBOND_SHK,Tel Bond Shekel 100,2026-02-05,454.85
TELBOND_SHK,Tel Bond Shekel 100,2026-02-06,455.18
TELBOND_SHK,Tel Bond Shekel 100,2026-02-09,455.16
TELBOND_SHK,Tel Bond Shekel 100,2026-02-10,455.24
TELBOND_SHK,Tel Bond Shekel 100,2026-02-11,455.24
TELBOND_SHK,Tel Bond Shekel 100,2026-02-12,455.68
TELBOND_SHK,Tel Bond Shekel 100,2026-02-13,456.12
TELBOND_SHK,Tel Bond Shekel 100,2026-02-16,457.04
TELBOND_SHK,Tel Bond Shekel 100,2026-02-17,456.84
TELBOND_SHK,Tel Bond Shekel 100,2026-02-18,456.95
TELBOND_SHK,Tel Bond Shekel 100,2026-02-19,456.52
TELBOND_SHK,Tel Bond Shekel 100,2026-02-20,457.1
TELBOND_SHK,Tel Bond Shekel 100,2026-02-23,457.0
TELBOND_SHK,Tel Bond Shekel 100,2026-02-24,456.14
TELBOND_SHK,Tel Bond Shekel 100,2026-02-25,455.82
TELBOND_SHK,Tel Bond Shekel 100,2026-02-26,454.8
TELBOND_SHK,Tel Bond Shekel 100,2026-02-27,454.57
TELBOND_SHK,Tel Bond Shekel 100,2026-03-02,456.47
TELBOND_SHK,Tel Bond Shekel 100,2026-03-04,457.04
TELBOND_SHK,Tel Bond Shekel 100,2026-03-05,457.14
TELBOND_SHK,Tel Bond Shekel 100,2026-03-06,456.75
TELBOND_SHK,Tel Bond Shekel 100,2026-03-09,455.09
TELBOND_SHK,Tel Bond Shekel 100,2026-03-10,455.14
TELBOND_SHK,Tel Bond Shekel 100,2026-03-11,454.46
TELBOND_SHK,Tel Bond Shekel 100,2026-03-12,453.76
TELBOND_SHK,Tel Bond Shekel 100,2026-03-13,453.19
TELBOND_SHK,Tel Bond Shekel 100,2026-03-16,452.69
TELBOND_SHK,Tel Bond Shekel 100,2026-03-17,453.3
TELBOND_SHK,Tel Bond Shekel 100,2026-03-18,453.73
TELBOND_SHK,Tel Bond Shekel 100,2026-03-19,453.02
TELBOND_SHK,Tel Bond Shekel 100,2026-03-20,453.21
TELBOND_SHK,Tel Bond Shekel 100,2026-03-23,453.31
TELBOND_SHK,Tel Bond Shekel 100,2026-03-24,453.34
TELBOND_SHK,Tel Bond Shekel 100,2026-03-25,452.69
TELBOND_SHK,Tel Bond Shekel 100,2026-03-26,452.11
TELBOND_SHK,Tel Bond Shekel 100,2026-03-27,450.65
TELBOND_SHK,Tel Bond Shekel 100,2026-03-30,449.63
TELBOND_SHK,Tel Bond Shekel 100,2026-03-31,450.97
TELBOND_SHK,Tel Bond Shekel 100,2026-04-03,453.18
TELBOND_SHK,Tel Bond Shekel 100,2026-04-06,453.62
TELBOND_SHK,Tel Bond Shekel 100,2026-04-09,454.8
TELBOND_SHK,Tel Bond Shekel 100,2026-04-10,455.52
TELBOND_SHK,Tel Bond Shekel 100,2026-04-12,455.52
TELBOND_SHK,Tel Bond Shekel 100,2026-04-13,454.36
TELBOND_SHK,Tel Bond Shekel 100,2026-04-14,454.93
TELBOND_SHK,Tel Bond Shekel 100,2026-04-15,454.97
TELBOND_SHK,Tel Bond Shekel 100,2026-04-16,456.01
TELBOND_SHK,Tel Bond Shekel 100,2026-04-17,456.96
TELBOND_SHK,Tel Bond Shekel 100,2026-04-20,456.72
TELBOND_SHK,Tel Bond Shekel 100,2026-04-23,457.13
TELBOND_SHK,Tel Bond Shekel 100,2026-04-24,456.57
TELBOND_SHK,Tel Bond Shekel 100,2026-04-27,456.19
TELBOND_SHK,Tel Bond Shekel 100,2026-04-28,456.07
TELBOND_SHK,Tel Bond Shekel 100,2026-04-29,455.6
TELBOND_SHK,Tel Bond Shekel 100,2026-04-30,455.71
TELBOND_SHK,Tel Bond Shekel 100,2026-05-01,456.37
TELBOND_SHK,Tel Bond Shekel 100,2026-05-04,456.29
TELBOND_SHK,Tel Bond Shekel 100,2026-05-05,456.72
TELBOND_SHK,Tel Bond Shekel 100,2026-05-06,458.02
TELBOND_SHK,Tel Bond Shekel 100,2026-05-07,459.53
TELBOND_SHK,Tel Bond Shekel 100,2026-05-08,459.77
TELBOND_SHK,Tel Bond Shekel 100,2026-05-09,459.77
TELBOND_SHK,Tel Bond Shekel 100,2026-05-11,459.44
TELBOND_SHK,Tel Bond Shekel 100,2026-05-12,458.99
TELBOND_SHK,Tel Bond Shekel 100,2026-05-13,458.72
TELBOND_SHK,Tel Bond Shekel 100,2026-05-14,458.75
TELBOND_SHK,Tel Bond Shekel 100,2026-05-15,458.01
TELBOND_SHK,Tel Bond Shekel 100,2026-05-18,458.13
TELBOND_SHK,Tel Bond Shekel 100,2026-05-19,458.05
TELBOND_SHK,Tel Bond Shekel 100,2026-05-20,458.45
TELBOND_SHK,Tel Bond Shekel 100,2026-05-25,461.27
TELBOND_SHK,Tel Bond Shekel 100,2026-05-26,460.79
TELBOND_SHK,Tel Bond Shekel 100,2026-05-27,461.04
TELBOND_SHK,Tel Bond Shekel 100,2026-05-28,460.62
TELBOND_SHK,Tel Bond Shekel 100,2026-05-29,461.56
TELBOND_SHK,Tel Bond Shekel 100,2026-06-01,460.2
TELBOND_SHK,Tel Bond Shekel 100,2026-06-02,461.49
TELBOND_SHK,Tel Bond Shekel 100,2026-06-03,461.78
TELBOND_SHK,Tel Bond Shekel 100,2026-06-04,462.7
TELBOND_SHK,Tel Bond Shekel 100,2026-06-05,463.22
TELBOND_SHK,Tel Bond Shekel 100,2026-06-08,462.85
TELBOND_SHK,Tel Bond Shekel 100,2026-06-09,462.95
TELBOND_SHK,Tel Bond Shekel 100,2026-06-10,462.88
TELBOND_SHK,Tel Bond Shekel 100,2026-06-11,463.36
TELBOND_SHK,Tel Bond Shekel 100,2026-06-12,464.48
TELBOND_SHK,Tel Bond Shekel 100,2026-06-13,464.48
TELBOND_SHK,Tel Bond Shekel 100,2026-06-15,464.69
TELBOND_SHK,Tel Bond Shekel 100,2026-06-16,464.91
TELBOND_SHK,Tel Bond Shekel 100,2026-06-17,464.94
TELBOND_SHK,Tel Bond Shekel 100,2026-06-18,464.54
TELBOND_SHK,Tel Bond Shekel 100,2026-06-19,464.1
TELBOND_SHK,Tel Bond Shekel 100,2026-06-22,463.87
TELBOND_SHK,Tel Bond Shekel 100,2026-06-23,465.17
TELBOND_SHK,Tel Bond Shekel 100,2026-06-24,465.82
TELBOND_SHK,Tel Bond Shekel 100,2026-06-25,466.71
TELBOND_SHK,Tel Bond Shekel 100,2026-06-26,466.25
TELBOND_SHK,Tel Bond Shekel 100,2026-06-29,465.96
TELBOND_SHK,Tel Bond Shekel 100,2026-06-30,466.49
TELBOND_SHK,Tel Bond Shekel 100,2026-07-01,466.68
TELBOND_SHK,Tel Bond Shekel 100,2026-07-02,466.96
TELBOND_SHK,Tel Bond Shekel 100,2026-07-03,467.07
TELBOND_SHK,Tel Bond Shekel 100,2026-07-06,468.32
TELBOND_SHK,Tel Bond Shekel 100,2026-07-07,467.85
TELBOND_SHK,Tel Bond Shekel 100,2026-07-08,467.46
TELBOND_SHK,Tel Bond Shekel 100,2026-07-09,467.02
TELBOND_SHK,Tel Bond Shekel 100,2026-07-10,467.16
TELBOND_SHK,Tel Bond Shekel 100,2026-07-13,466.42
TELBOND_SHK,Tel Bond Shekel 100,2026-07-14,466.69
TELBOND_SHK,Tel Bond Shekel 100,2026-07-15,466.78
TELBOND_SHK,Tel Bond Shekel 100,2026-07-16,466.04
TELBOND_SHK,Tel Bond Shekel 100,2026-07-17,465.9
TELBOND_SHK,Tel Bond Shekel 100,2026-07-20,465.18
TELBOND_SHK,Tel Bond Shekel 100,2026-07-21,464.41
TELBOND_SHK,Tel Bond Shekel 100,2026-07-22,464.22
TELBOND_SHK,Tel Bond Shekel 100,2026-07-24,463.62
TELBOND_SHK,Tel Bond Shekel 100,2026-07-27,463.82
TELBOND_SHK,Tel Bond Shekel 100,2026-07-28,463.95
TELBOND_SHK,Tel Bond Shekel 100,2026-07-29,463.87
TELBOND_SHK,Tel Bond Shekel 100,2026-07-30,463.25
TELBOND_SHK,Tel Bond Shekel 100,2026-07-31,464.22
TELBOND_SHK,Tel Bond Shekel 100,2026-08-01,464.45
TELBOND_SHK,Tel Bond Shekel 100,2026-08-03,464.36
TELBOND_SHK,Tel Bond Shekel 100,2026-08-04,464.88
TELBOND_SHK,Tel Bond Shekel 100,2026-08-05,466.08
IL_FX_RESERVES,Israel FX reserves ($B),1996-Q1,9.6814
IL_FX_RESERVES,Israel FX reserves ($B),1996-Q2,8.8524
IL_FX_RESERVES,Israel FX reserves ($B),1996-Q3,10.2144
IL_FX_RESERVES,Israel FX reserves ($B),1996-Q4,11.4214
IL_FX_RESERVES,Israel FX reserves ($B),1997-Q1,15.373700000000001
IL_FX_RESERVES,Israel FX reserves ($B),1997-Q2,17.8454
IL_FX_RESERVES,Israel FX reserves ($B),1997-Q3,19.0604
IL_FX_RESERVES,Israel FX reserves ($B),1997-Q4,20.1874
IL_FX_RESERVES,Israel FX reserves ($B),1998-Q1,21.459400000000002
IL_FX_RESERVES,Israel FX reserves ($B),1998-Q2,21.180400000000002
IL_FX_RESERVES,Israel FX reserves ($B),1998-Q3,21.567400000000003
IL_FX_RESERVES,Israel FX reserves ($B),1998-Q4,22.523
IL_FX_RESERVES,Israel FX reserves ($B),1999-Q1,21.9279
IL_FX_RESERVES,Israel FX reserves ($B),1999-Q2,21.8764
IL_FX_RESERVES,Israel FX reserves ($B),1999-Q3,21.7982
IL_FX_RESERVES,Israel FX reserves ($B),1999-Q4,22.4582
IL_FX_RESERVES,Israel FX reserves ($B),2000-Q1,22.7651
IL_FX_RESERVES,Israel FX reserves ($B),2000-Q2,22.2737
IL_FX_RESERVES,Israel FX reserves ($B),2000-Q3,22.1602
IL_FX_RESERVES,Israel FX reserves ($B),2000-Q4,23.2815
IL_FX_RESERVES,Israel FX reserves ($B),2001-Q1,23.953400000000002
IL_FX_RESERVES,Israel FX reserves ($B),2001-Q2,23.2071
IL_FX_RESERVES,Israel FX reserves ($B),2001-Q3,24.6481
IL_FX_RESERVES,Israel FX reserves ($B),2001-Q4,23.379
IL_FX_RESERVES,Israel FX reserves ($B),2002-Q1,24.221400000000003
IL_FX_RESERVES,Israel FX reserves ($B),2002-Q2,25.1642
IL_FX_RESERVES,Israel FX reserves ($B),2002-Q3,24.6229
IL_FX_RESERVES,Israel FX reserves ($B),2002-Q4,24.0826
IL_FX_RESERVES,Israel FX reserves ($B),2003-Q1,23.937099999999997
IL_FX_RESERVES,Israel FX reserves ($B),2003-Q2,24.564700000000002
IL_FX_RESERVES,Israel FX reserves ($B),2003-Q3,25.2871
IL_FX_RESERVES,Israel FX reserves ($B),2003-Q4,26.3143
IL_FX_RESERVES,Israel FX reserves ($B),2004-Q1,26.677500000000002
IL_FX_RESERVES,Israel FX reserves ($B),2004-Q2,26.2023
IL_FX_RESERVES,Israel FX reserves ($B),2004-Q3,26.3154
IL_FX_RESERVES,Israel FX reserves ($B),2004-Q4,27.0946
IL_FX_RESERVES,Israel FX reserves ($B),2005-Q1,27.155900000000003
IL_FX_RESERVES,Israel FX reserves ($B),2005-Q2,26.5983
IL_FX_RESERVES,Israel FX reserves ($B),2005-Q3,27.6353
IL_FX_RESERVES,Israel FX reserves ($B),2005-Q4,28.0605
IL_FX_RESERVES,Israel FX reserves ($B),2006-Q1,28.048000000000002
IL_FX_RESERVES,Israel FX reserves ($B),2006-Q2,27.502
IL_FX_RESERVES,Israel FX reserves ($B),2006-Q3,27.777
IL_FX_RESERVES,Israel FX reserves ($B),2006-Q4,29.178
IL_FX_RESERVES,Israel FX reserves ($B),2007-Q1,30.628
IL_FX_RESERVES,Israel FX reserves ($B),2007-Q2,29.071
IL_FX_RESERVES,Israel FX reserves ($B),2007-Q3,29.222
IL_FX_RESERVES,Israel FX reserves ($B),2007-Q4,28.556
IL_FX_RESERVES,Israel FX reserves ($B),2008-Q1,29.539
IL_FX_RESERVES,Israel FX reserves ($B),2008-Q2,31.383
IL_FX_RESERVES,Israel FX reserves ($B),2008-Q3,36.256
IL_FX_RESERVES,Israel FX reserves ($B),2008-Q4,42.513
IL_FX_RESERVES,Israel FX reserves ($B),2009-Q1,44.326
IL_FX_RESERVES,Israel FX reserves ($B),2009-Q2,50.272
IL_FX_RESERVES,Israel FX reserves ($B),2009-Q3,59.963
IL_FX_RESERVES,Israel FX reserves ($B),2009-Q4,60.612
IL_FX_RESERVES,Israel FX reserves ($B),2010-Q1,62.475
IL_FX_RESERVES,Israel FX reserves ($B),2010-Q2,63.096000000000004
IL_FX_RESERVES,Israel FX reserves ($B),2010-Q3,66.26
IL_FX_RESERVES,Israel FX reserves ($B),2010-Q4,70.913
IL_FX_RESERVES,Israel FX reserves ($B),2011-Q1,74.526
IL_FX_RESERVES,Israel FX reserves ($B),2011-Q2,77.414
IL_FX_RESERVES,Israel FX reserves ($B),2011-Q3,76.331
IL_FX_RESERVES,Israel FX reserves ($B),2011-Q4,74.875
IL_FX_RESERVES,Israel FX reserves ($B),2012-Q1,76.997
IL_FX_RESERVES,Israel FX reserves ($B),2012-Q2,75.119
IL_FX_RESERVES,Israel FX reserves ($B),2012-Q3,76.226
IL_FX_RESERVES,Israel FX reserves ($B),2012-Q4,75.906
IL_FX_RESERVES,Israel FX reserves ($B),2013-Q1,76.967
IL_FX_RESERVES,Israel FX reserves ($B),2013-Q2,78.22
IL_FX_RESERVES,Israel FX reserves ($B),2013-Q3,79.902
IL_FX_RESERVES,Israel FX reserves ($B),2013-Q4,81.79
IL_FX_RESERVES,Israel FX reserves ($B),2014-Q1,85.57000000000001
IL_FX_RESERVES,Israel FX reserves ($B),2014-Q2,86.813
IL_FX_RESERVES,Israel FX reserves ($B),2014-Q3,86.188
IL_FX_RESERVES,Israel FX reserves ($B),2014-Q4,86.101
IL_FX_RESERVES,Israel FX reserves ($B),2015-Q1,84.983
IL_FX_RESERVES,Israel FX reserves ($B),2015-Q2,88.179
IL_FX_RESERVES,Israel FX reserves ($B),2015-Q3,89.476
IL_FX_RESERVES,Israel FX reserves ($B),2015-Q4,90.575
IL_FX_RESERVES,Israel FX reserves ($B),2016-Q1,94.78
IL_FX_RESERVES,Israel FX reserves ($B),2016-Q2,96.635
IL_FX_RESERVES,Israel FX reserves ($B),2016-Q3,98.429
IL_FX_RESERVES,Israel FX reserves ($B),2016-Q4,98.447
IL_FX_RESERVES,Israel FX reserves ($B),2017-Q1,103.174
IL_FX_RESERVES,Israel FX reserves ($B),2017-Q2,108.706
IL_FX_RESERVES,Israel FX reserves ($B),2017-Q3,111.051
IL_FX_RESERVES,Israel FX reserves ($B),2017-Q4,113.011
IL_FX_RESERVES,Israel FX reserves ($B),2018-Q1,116.127
IL_FX_RESERVES,Israel FX reserves ($B),2018-Q2,114.83200000000001
IL_FX_RESERVES,Israel FX reserves ($B),2018-Q3,115.458
IL_FX_RESERVES,Israel FX reserves ($B),2018-Q4,115.279
IL_FX_RESERVES,Israel FX reserves ($B),2019-Q1,118.21900000000001
IL_FX_RESERVES,Israel FX reserves ($B),2019-Q2,120.108
IL_FX_RESERVES,Israel FX reserves ($B),2019-Q3,119.46900000000001
IL_FX_RESERVES,Israel FX reserves ($B),2019-Q4,126.014
IL_FX_RESERVES,Israel FX reserves ($B),2020-Q1,125.941
IL_FX_RESERVES,Israel FX reserves ($B),2020-Q2,147.337
IL_FX_RESERVES,Israel FX reserves ($B),2020-Q3,160.584
IL_FX_RESERVES,Israel FX reserves ($B),2020-Q4,173.297
IL_FX_RESERVES,Israel FX reserves ($B),2021-Q1,185.68
IL_FX_RESERVES,Israel FX reserves ($B),2021-Q2,200.175
IL_FX_RESERVES,Israel FX reserves ($B),2021-Q3,203.98000000000002
IL_FX_RESERVES,Israel FX reserves ($B),2021-Q4,212.99200000000002
IL_FX_RESERVES,Israel FX reserves ($B),2022-Q1,206.163
IL_FX_RESERVES,Israel FX reserves ($B),2022-Q2,193.81
IL_FX_RESERVES,Israel FX reserves ($B),2022-Q3,185.994
IL_FX_RESERVES,Israel FX reserves ($B),2022-Q4,194.21800000000002
IL_FX_RESERVES,Israel FX reserves ($B),2023-Q1,200.486
IL_FX_RESERVES,Israel FX reserves ($B),2023-Q2,201.876
IL_FX_RESERVES,Israel FX reserves ($B),2023-Q3,198.553
IL_FX_RESERVES,Israel FX reserves ($B),2023-Q4,204.69400000000002
IL_FX_RESERVES,Israel FX reserves ($B),2024-Q1,213.741
IL_FX_RESERVES,Israel FX reserves ($B),2024-Q2,210.281
IL_FX_RESERVES,Israel FX reserves ($B),2024-Q3,220.377
IL_FX_RESERVES,Israel FX reserves ($B),2024-Q4,214.57
IL_FX_RESERVES,Israel FX reserves ($B),2025-Q1,218.811
IL_FX_RESERVES,Israel FX reserves ($B),2025-Q2,228.25
IL_FX_RESERVES,Israel FX reserves ($B),2025-Q3,231.88
IL_FX_RESERVES,Israel FX reserves ($B),2025-Q4,229.508
IL_FX_RESERVES,Israel FX reserves ($B),2026-Q1,229.406
