date,value,source
2008-10-09,120.25,investing
2008-10-10,135.25,investing
2008-10-13,135.25,investing
2008-10-14,135.25,investing
2008-10-15,147.0,investing
2008-10-16,147.0,investing
2008-10-17,160.0,investing
2008-10-20,160.0,investing
2008-10-21,131.75,investing
2008-10-22,195.0,investing
2008-10-24,260.0,investing
2008-10-27,240.0,investing
2008-10-28,240.0,investing
2008-10-29,230.0,investing
2008-10-30,230.0,investing
2008-10-31,210.0,investing
2008-11-03,190.0,investing
2008-11-04,160.0,investing
2008-11-05,160.0,investing
2008-11-06,175.0,investing
2008-11-07,175.0,investing
2008-11-10,175.0,investing
2008-11-11,175.0,investing
2008-11-12,175.0,investing
2008-11-13,180.0,investing
2008-11-14,180.0,investing
2008-11-17,180.0,investing
2008-11-18,185.0,investing
2008-11-19,197.5,investing
2008-11-20,200.0,investing
2008-11-21,195.0,investing
2008-11-24,190.0,investing
2008-11-25,187.5,investing
2008-11-26,187.5,investing
2008-11-27,187.5,investing
2008-11-28,182.5,investing
2008-12-01,167.5,investing
2008-12-02,172.5,investing
2008-12-03,175.0,investing
2008-12-04,175.0,investing
2008-12-05,182.5,investing
2008-12-08,182.5,investing
2008-12-09,182.5,investing
2008-12-10,175.0,investing
2008-12-11,175.0,investing
2008-12-12,175.0,investing
2008-12-15,175.0,investing
2008-12-16,175.0,investing
2008-12-17,160.0,investing
2008-12-18,160.0,investing
2008-12-19,160.0,investing
2008-12-22,160.0,investing
2008-12-23,160.0,investing
2008-12-26,160.0,investing
2008-12-29,160.0,investing
2008-12-30,160.0,investing
2009-01-02,160.0,investing
2009-01-05,167.5,investing
2009-01-06,165.0,investing
2009-01-07,165.0,investing
2009-01-08,165.0,investing
2009-01-09,165.0,investing
2009-01-12,170.0,investing
2009-01-13,170.0,investing
2009-01-14,172.5,investing
2009-01-15,180.0,investing
2009-01-16,187.5,investing
2009-01-19,187.5,investing
2009-01-20,200.0,investing
2009-01-21,200.0,investing
2009-01-22,196.5,investing
2009-01-23,210.0,investing
2009-01-26,200.0,investing
2009-01-27,195.0,investing
2009-01-28,195.0,investing
2009-01-29,196.5,investing
2009-01-30,199.0,investing
2009-02-02,199.0,investing
2009-02-03,199.0,investing
2009-02-04,199.0,investing
2009-02-05,199.0,investing
2009-02-06,199.0,investing
2009-02-09,199.0,investing
2009-02-10,196.5,investing
2009-02-11,196.5,investing
2009-02-12,209.0,investing
2009-02-13,209.0,investing
2009-02-16,209.0,investing
2009-02-17,255.0,investing
2009-02-18,260.0,investing
2009-02-19,257.5,investing
2009-02-20,257.5,investing
2009-02-23,282.5,investing
2009-02-24,282.5,investing
2009-02-25,282.5,investing
2009-02-26,277.5,investing
2009-02-27,277.5,investing
2009-03-02,277.5,investing
2009-03-03,277.5,investing
2009-03-04,277.5,investing
2009-03-05,277.5,investing
2009-03-06,277.5,investing
2009-03-09,275.0,investing
2009-03-10,272.5,investing
2009-03-11,267.5,investing
2009-03-12,267.5,investing
2009-03-13,250.0,investing
2009-03-16,245.0,investing
2009-03-17,245.0,investing
2009-03-18,240.0,investing
2009-03-19,240.0,investing
2009-03-20,240.0,investing
2009-03-23,240.0,investing
2009-03-24,232.5,investing
2009-03-25,230.0,investing
2009-03-26,222.5,investing
2009-03-27,222.5,investing
2009-03-30,222.5,investing
2009-03-31,222.5,investing
2009-04-01,220.0,investing
2009-04-02,215.0,investing
2009-04-03,207.5,investing
2009-04-06,195.0,investing
2009-04-07,182.5,investing
2009-04-08,182.5,investing
2009-04-09,182.5,investing
2009-04-10,182.5,investing
2009-04-13,182.5,investing
2009-04-14,182.5,investing
2009-04-15,177.5,investing
2009-04-16,177.5,investing
2009-04-17,172.5,investing
2009-04-20,172.5,investing
2009-04-21,172.5,investing
2009-04-22,172.5,investing
2009-04-23,172.5,investing
2009-04-24,172.5,investing
2009-04-27,165.0,investing
2009-04-28,165.0,investing
2009-04-29,165.0,investing
2009-04-30,165.0,investing
2009-05-01,165.0,investing
2009-05-04,165.0,investing
2009-05-05,165.0,investing
2009-05-06,150.0,investing
2009-05-07,150.0,investing
2009-05-08,145.0,investing
2009-05-11,145.0,investing
2009-05-12,145.0,investing
2009-05-13,135.0,investing
2009-05-14,147.5,investing
2009-05-15,147.5,investing
2009-05-18,145.0,investing
2009-05-19,145.0,investing
2009-05-20,145.0,investing
2009-05-21,145.0,investing
2009-05-22,145.0,investing
2009-05-25,145.0,investing
2009-05-26,145.0,investing
2009-05-27,145.0,investing
2009-05-28,150.0,investing
2009-05-29,150.0,investing
2009-06-01,145.0,investing
2009-06-02,150.0,investing
2009-06-03,160.0,investing
2009-06-04,160.0,investing
2009-06-05,160.0,investing
2009-06-08,160.0,investing
2009-06-09,165.0,investing
2009-06-10,165.0,investing
2009-06-11,167.5,investing
2009-06-12,167.5,investing
2009-06-15,167.5,investing
2009-06-16,167.5,investing
2009-06-17,170.0,investing
2009-06-18,170.0,investing
2009-06-19,170.0,investing
2009-06-22,170.0,investing
2009-06-23,170.0,investing
2009-06-24,172.0,investing
2009-06-25,172.0,investing
2009-06-26,172.0,investing
2009-06-29,172.0,investing
2009-06-30,172.0,investing
2009-07-01,171.0,investing
2009-07-02,171.0,investing
2009-07-03,171.0,investing
2009-07-06,171.0,investing
2009-07-07,168.5,investing
2009-07-08,168.5,investing
2009-07-09,168.5,investing
2009-07-10,171.0,investing
2009-07-13,171.0,investing
2009-07-14,171.0,investing
2009-07-15,171.0,investing
2009-07-16,171.0,investing
2009-07-17,171.0,investing
2009-07-20,171.0,investing
2009-07-21,156.0,investing
2009-07-22,156.0,investing
2009-07-23,148.5,investing
2009-07-24,132.0,investing
2009-07-27,132.0,investing
2009-07-28,122.0,investing
2009-07-29,117.0,investing
2009-07-30,125.0,investing
2009-07-31,125.0,investing
2009-08-03,120.0,investing
2009-08-04,120.0,investing
2009-08-05,102.0,investing
2009-08-06,102.0,investing
2009-08-07,102.0,investing
2009-08-10,102.0,investing
2009-08-11,107.0,investing
2009-08-12,110.0,investing
2009-08-13,110.0,investing
2009-08-14,110.0,investing
2009-08-17,120.0,investing
2009-08-18,120.75,investing
2009-08-19,120.75,investing
2009-08-20,120.0,investing
2009-08-21,117.75,investing
2009-08-24,116.25,investing
2009-08-25,116.25,investing
2009-08-26,116.25,investing
2009-08-27,113.75,investing
2009-08-28,113.75,investing
2009-08-31,113.75,investing
2009-09-01,115.25,investing
2009-09-02,115.25,investing
2009-09-03,115.25,investing
2009-09-04,113.75,investing
2009-09-07,113.75,investing
2009-09-08,109.25,investing
2009-09-09,107.75,investing
2009-09-10,107.75,investing
2009-09-11,101.75,investing
2009-09-14,101.75,investing
2009-09-15,106.25,investing
2009-09-16,100.0,investing
2009-09-17,100.0,investing
2009-09-18,100.0,investing
2009-09-21,100.0,investing
2009-09-22,100.0,investing
2009-09-23,100.0,investing
2009-09-24,100.0,investing
2009-09-25,100.0,investing
2009-09-28,102.0,investing
2009-09-29,102.0,investing
2009-09-30,102.0,investing
2009-10-01,97.0,investing
2009-10-02,99.0,investing
2009-10-05,102.0,investing
2009-10-06,102.0,investing
2009-10-07,102.0,investing
2009-10-08,102.0,investing
2009-10-09,102.0,investing
2009-10-12,102.0,investing
2009-10-13,102.0,investing
2009-10-14,102.0,investing
2009-10-15,102.0,investing
2009-10-16,102.0,investing
2009-10-19,105.0,investing
2009-10-20,105.0,investing
2009-10-21,105.0,investing
2009-10-22,105.0,investing
2009-10-23,105.0,investing
2009-10-26,105.0,investing
2009-10-27,105.0,investing
2009-10-28,105.0,investing
2009-10-29,105.0,investing
2009-10-30,105.0,investing
2009-11-02,106.0,investing
2009-11-03,110.0,investing
2009-11-04,110.0,investing
2009-11-05,111.0,investing
2009-11-06,111.0,investing
2009-11-09,111.0,investing
2009-11-10,111.0,investing
2009-11-11,111.0,investing
2009-11-12,111.0,investing
2009-11-13,111.0,investing
2009-11-16,116.0,investing
2009-11-17,116.0,investing
2009-11-18,116.0,investing
2009-11-19,116.0,investing
2009-11-20,116.0,investing
2009-11-23,116.0,investing
2009-11-24,117.0,investing
2009-11-25,122.0,investing
2009-11-26,122.0,investing
2009-11-27,132.5,investing
2009-11-30,127.0,investing
2009-12-01,127.0,investing
2009-12-02,118.5,investing
2009-12-03,117.0,investing
2009-12-04,115.5,investing
2009-12-07,118.5,investing
2009-12-08,119.0,investing
2009-12-09,120.5,investing
2009-12-10,121.5,investing
2009-12-11,121.0,investing
2009-12-14,120.5,investing
2009-12-15,121.5,investing
2009-12-16,119.5,investing
2009-12-17,123.0,investing
2009-12-21,123.5,investing
2009-12-22,123.0,investing
2009-12-23,123.0,investing
2009-12-28,122.0,investing
2009-12-29,122.5,investing
2009-12-30,122.5,investing
2010-01-04,122.5,investing
2010-01-05,119.0,investing
2010-01-06,117.0,investing
2010-01-07,115.5,investing
2010-01-08,114.0,investing
2010-01-11,113.5,investing
2010-01-12,118.0,investing
2010-01-13,117.5,investing
2010-01-14,119.0,investing
2010-01-15,118.0,investing
2010-01-18,119.0,investing
2010-01-19,115.5,investing
2010-01-20,113.75,investing
2010-01-21,114.75,investing
2010-01-22,117.25,investing
2010-01-25,117.25,investing
2010-01-26,117.25,investing
2010-01-27,116.0,investing
2010-01-28,117.75,investing
2010-01-29,117.75,investing
2010-02-01,122.0,investing
2010-02-02,125.0,investing
2010-02-03,119.25,investing
2010-02-04,121.25,investing
2010-02-05,133.0,investing
2010-02-08,131.5,investing
2010-02-09,128.75,investing
2010-02-10,126.25,investing
2010-02-11,122.75,investing
2010-02-12,120.75,investing
2010-02-15,120.0,investing
2010-02-16,124.0,investing
2010-02-17,124.0,investing
2010-02-18,123.0,investing
2010-02-19,124.0,investing
2010-02-22,122.75,investing
2010-02-23,121.0,investing
2010-02-24,121.75,investing
2010-02-25,123.0,investing
2010-02-26,122.75,investing
2010-03-01,119.5,investing
2010-03-02,116.75,investing
2010-03-03,114.75,investing
2010-03-04,112.75,investing
2010-03-05,112.75,investing
2010-03-08,112.5,investing
2010-03-09,109.25,investing
2010-03-10,107.0,investing
2010-03-11,113.0,investing
2010-03-12,105.5,investing
2010-03-15,102.75,investing
2010-03-16,104.0,investing
2010-03-17,103.25,investing
2010-03-18,114.0,investing
2010-03-19,114.0,investing
2010-03-22,114.0,investing
2010-03-23,103.25,investing
2010-03-24,102.5,investing
2010-03-25,102.5,investing
2010-03-26,102.5,investing
2010-03-29,103.25,investing
2010-03-30,103.25,investing
2010-03-31,103.75,investing
2010-04-01,104.25,investing
2010-04-02,112.0,investing
2010-04-05,104.25,investing
2010-04-06,103.0,investing
2010-04-07,101.75,investing
2010-04-08,102.5,investing
2010-04-09,103.25,investing
2010-04-12,101.5,investing
2010-04-13,100.0,investing
2010-04-14,99.75,investing
2010-04-15,99.0,investing
2010-04-16,99.0,investing
2010-04-19,100.75,investing
2010-04-20,102.0,investing
2010-04-21,100.25,investing
2010-04-22,101.75,investing
2010-04-23,105.0,investing
2010-04-26,103.75,investing
2010-04-27,103.75,investing
2010-04-28,115.5,investing
2010-04-29,108.0,investing
2010-04-30,108.0,investing
2010-05-03,112.0,investing
2010-05-04,103.75,investing
2010-05-05,108.25,investing
2010-05-06,114.25,investing
2010-05-07,125.75,investing
2010-05-10,123.75,investing
2010-05-11,109.25,investing
2010-05-12,108.5,investing
2010-05-13,105.0,investing
2010-05-14,109.0,investing
2010-05-17,115.0,investing
2010-05-18,116.0,investing
2010-05-19,114.25,investing
2010-05-20,118.25,investing
2010-05-21,122.5,investing
2010-05-24,121.25,investing
2010-05-25,118.75,investing
2010-05-26,122.75,investing
2010-05-27,113.75,investing
2010-05-28,110.0,investing
2010-05-31,112.0,investing
2010-06-01,110.0,investing
2010-06-02,112.0,investing
2010-06-03,111.25,investing
2010-06-04,119.0,investing
2010-06-07,123.75,investing
2010-06-08,124.5,investing
2010-06-09,125.5,investing
2010-06-10,120.25,investing
2010-06-11,118.5,investing
2010-06-14,117.25,investing
2010-06-15,115.0,investing
2010-06-16,114.0,investing
2010-06-17,115.0,investing
2010-06-18,114.5,investing
2010-06-21,113.0,investing
2010-06-22,110.25,investing
2010-06-23,112.5,investing
2010-06-24,115.75,investing
2010-06-25,116.75,investing
2010-06-28,116.75,investing
2010-06-29,116.0,investing
2010-06-30,119.5,investing
2010-07-01,118.0,investing
2010-07-02,120.25,investing
2010-07-05,112.0,investing
2010-07-06,118.25,investing
2010-07-07,116.25,investing
2010-07-08,116.25,investing
2010-07-09,113.25,investing
2010-07-12,113.25,investing
2010-07-13,114.25,investing
2010-07-14,111.0,investing
2010-07-15,111.0,investing
2010-07-16,112.55,investing
2010-07-19,114.75,investing
2010-07-20,117.5,investing
2010-07-21,119.0,investing
2010-07-22,117.25,investing
2010-07-23,115.75,investing
2010-07-26,116.25,investing
2010-07-27,112.25,investing
2010-07-28,110.0,investing
2010-07-29,111.0,investing
2010-07-30,110.75,investing
2010-08-02,108.25,investing
2010-08-03,109.0,investing
2010-08-04,111.0,investing
2010-08-05,111.25,investing
2010-08-06,111.5,investing
2010-08-09,111.5,investing
2010-08-10,110.5,investing
2010-08-11,111.75,investing
2010-08-12,114.0,investing
2010-08-13,114.0,investing
2010-08-16,114.0,investing
2010-08-17,114.25,investing
2010-08-18,112.25,investing
2010-08-19,111.5,investing
2010-08-20,113.25,investing
2010-08-23,114.5,investing
2010-08-24,114.5,investing
2010-08-25,115.75,investing
2010-08-26,121.25,investing
2010-08-27,121.0,investing
2010-08-30,121.0,investing
2010-08-31,121.5,investing
2010-09-01,121.5,investing
2010-09-02,119.0,investing
2010-09-03,118.25,investing
2010-09-06,125.0,investing
2010-09-07,115.75,investing
2010-09-08,118.0,investing
2010-09-09,118.25,investing
2010-09-10,117.25,investing
2010-09-13,116.8,investing
2010-09-14,116.0,investing
2010-09-15,116.25,investing
2010-09-16,116.5,investing
2010-09-17,117.0,investing
2010-09-20,118.75,investing
2010-09-21,121.5,investing
2010-09-22,121.5,investing
2010-09-23,122.0,investing
2010-09-24,122.0,investing
2010-09-27,122.0,investing
2010-09-28,122.05,investing
2010-09-29,122.0,investing
2010-09-30,121.0,investing
2010-10-01,121.0,investing
2010-10-04,121.0,investing
2010-10-05,120.5,investing
2010-10-06,121.0,investing
2010-10-07,122.0,investing
2010-10-08,120.5,investing
2010-10-11,120.5,investing
2010-10-12,120.5,investing
2010-10-13,116.0,investing
2010-10-14,115.0,investing
2010-10-15,116.0,investing
2010-10-18,115.5,investing
2010-10-19,115.5,investing
2010-10-20,115.5,investing
2010-10-21,116.5,investing
2010-10-22,115.5,investing
2010-10-25,116.0,investing
2010-10-26,116.05,investing
2010-10-27,115.0,investing
2010-10-28,115.0,investing
2010-10-29,115.0,investing
2010-11-01,115.0,investing
2010-11-02,115.0,investing
2010-11-03,115.0,investing
2010-11-04,109.0,investing
2010-11-05,109.5,investing
2010-11-08,111.0,investing
2010-11-09,111.5,investing
2010-11-10,112.0,investing
2010-11-11,113.05,investing
2010-11-12,113.0,investing
2010-11-15,112.0,investing
2010-11-16,112.55,investing
2010-11-17,112.0,investing
2010-11-18,110.5,investing
2010-11-19,111.0,investing
2010-11-22,111.5,investing
2010-11-23,115.0,investing
2010-11-24,113.0,investing
2010-11-25,114.0,investing
2010-11-26,114.0,investing
2010-11-29,115.5,investing
2010-11-30,118.0,investing
2010-12-01,119.5,investing
2010-12-02,117.5,investing
2010-12-03,117.0,investing
2010-12-06,117.0,investing
2010-12-07,115.5,investing
2010-12-08,115.5,investing
2010-12-09,115.0,investing
2010-12-10,115.0,investing
2010-12-13,114.0,investing
2010-12-14,113.5,investing
2010-12-15,113.5,investing
2010-12-16,113.5,investing
2010-12-17,114.05,investing
2010-12-20,115.0,investing
2010-12-21,115.0,investing
2010-12-22,115.0,investing
2010-12-23,115.0,investing
2010-12-24,115.0,investing
2010-12-27,115.0,investing
2010-12-28,115.0,investing
2010-12-29,115.0,investing
2010-12-30,115.0,investing
2010-12-31,115.0,investing
2011-01-03,115.0,investing
2011-01-04,112.5,investing
2011-01-05,113.0,investing
2011-01-06,114.5,investing
2011-01-07,115.5,investing
2011-01-10,116.0,investing
2011-01-11,115.5,investing
2011-01-12,114.5,investing
2011-01-13,114.5,investing
2011-01-14,115.0,investing
2011-01-17,115.0,investing
2011-01-18,115.0,investing
2011-01-19,115.0,investing
2011-01-20,116.0,investing
2011-01-21,115.0,investing
2011-01-24,114.5,investing
2011-01-25,114.0,investing
2011-01-26,115.0,investing
2011-01-27,125.5,investing
2011-01-28,146.0,investing
2011-01-31,147.0,investing
2011-02-01,136.0,investing
2011-02-02,141.0,investing
2011-02-03,146.5,investing
2011-02-04,145.0,investing
2011-02-07,133.0,investing
2011-02-08,133.0,investing
2011-02-09,136.0,investing
2011-02-10,139.5,investing
2011-02-11,146.5,investing
2011-02-14,144.0,investing
2011-02-15,142.46,investing
2011-02-16,142.82,investing
2011-02-17,148.47,investing
2011-02-18,151.81,investing
2011-02-21,153.74,investing
2011-02-22,163.16,investing
2011-02-23,170.82,investing
2011-02-24,174.13,investing
2011-02-25,173.13,investing
2011-02-28,167.52,investing
2011-03-01,167.54,investing
2011-03-02,166.89,investing
2011-03-03,163.58,investing
2011-03-04,156.95,investing
2011-03-07,155.66,investing
2011-03-08,152.34,investing
2011-03-09,151.34,investing
2011-03-10,151.7,investing
2011-03-11,151.72,investing
2011-03-14,148.43,investing
2011-03-15,152.42,investing
2011-03-16,152.42,investing
2011-03-17,150.09,investing
2011-03-18,147.13,investing
2011-03-21,147.01,investing
2011-03-22,148.34,investing
2011-03-23,153.0,investing
2011-03-24,150.37,investing
2011-03-25,151.71,investing
2011-03-28,153.4,investing
2011-03-29,153.41,investing
2011-03-30,151.42,investing
2011-03-31,151.09,investing
2011-04-01,147.66,investing
2011-04-04,143.83,investing
2011-04-05,144.17,investing
2011-04-06,141.5,investing
2011-04-07,140.2,investing
2011-04-08,139.54,investing
2011-04-11,139.9,investing
2011-04-12,140.91,investing
2011-04-13,141.59,investing
2011-04-14,142.26,investing
2011-04-15,142.27,investing
2011-04-18,145.29,investing
2011-04-19,143.3,investing
2011-04-20,141.65,investing
2011-04-21,141.33,investing
2011-04-22,140.99,investing
2011-04-25,141.33,investing
2011-04-26,141.33,investing
2011-04-27,140.05,investing
2011-04-28,139.74,investing
2011-04-29,139.74,investing
2011-05-02,139.74,investing
2011-05-03,139.77,investing
2011-05-04,140.79,investing
2011-05-05,142.46,investing
2011-05-06,143.13,investing
2011-05-09,142.82,investing
2011-05-10,143.17,investing
2011-05-11,143.18,investing
2011-05-12,143.85,investing
2011-05-13,142.86,investing
2011-05-16,143.89,investing
2011-05-17,143.57,investing
2011-05-18,143.58,investing
2011-05-19,141.92,investing
2011-05-20,142.26,investing
2011-05-23,144.61,investing
2011-05-24,145.29,investing
2011-05-25,145.3,investing
2011-05-26,143.65,investing
2011-05-27,143.65,investing
2011-05-30,143.48,investing
2011-05-31,142.7,investing
2011-06-01,142.7,investing
2011-06-02,143.05,investing
2011-06-03,141.38,investing
2011-06-06,139.75,investing
2011-06-07,138.76,investing
2011-06-08,139.44,investing
2011-06-09,139.78,investing
2011-06-10,140.12,investing
2011-06-13,140.81,investing
2011-06-14,139.49,investing
2011-06-15,140.16,investing
2011-06-16,141.84,investing
2011-06-17,141.5,investing
2011-06-20,143.22,investing
2011-06-21,141.23,investing
2011-06-22,140.91,investing
2011-06-23,143.91,investing
2011-06-24,143.92,investing
2011-06-27,144.95,investing
2011-06-28,141.97,investing
2011-06-29,140.98,investing
2011-06-30,139.65,investing
2011-07-01,138.67,investing
2011-07-04,139.04,investing
2011-07-05,139.04,investing
2011-07-06,140.72,investing
2011-07-07,140.73,investing
2011-07-08,140.74,investing
2011-07-11,144.09,investing
2011-07-12,145.1,investing
2011-07-13,145.11,investing
2011-07-14,144.79,investing
2011-07-15,144.51,investing
2011-07-18,147.15,investing
2011-07-19,144.51,investing
2011-07-20,141.87,investing
2011-07-21,139.22,investing
2011-07-22,137.24,investing
2011-07-25,138.9,investing
2011-07-26,139.24,investing
2011-07-27,139.24,investing
2011-07-28,138.57,investing
2011-07-29,139.64,investing
2011-08-01,139.64,investing
2011-08-02,140.31,investing
2011-08-03,142.64,investing
2011-08-04,144.99,investing
2011-08-05,146.04,investing
2011-08-08,149.03,investing
2011-08-09,152.37,investing
2011-08-10,159.97,investing
2011-08-11,167.68,investing
2011-08-12,159.07,investing
2011-08-15,152.74,investing
2011-08-16,153.75,investing
2011-08-17,148.46,investing
2011-08-18,154.75,investing
2011-08-19,155.77,investing
2011-08-22,159.47,investing
2011-08-23,163.48,investing
2011-08-24,166.14,investing
2011-08-25,165.48,investing
2011-08-26,165.49,investing
2011-08-29,165.49,investing
2011-08-30,163.82,investing
2011-08-31,160.16,investing
2011-09-01,160.49,investing
2011-09-02,161.82,investing
2011-09-05,161.24,investing
2011-09-06,170.29,investing
2011-09-07,170.96,investing
2011-09-08,169.63,investing
2011-09-09,171.97,investing
2011-09-12,179.98,investing
2011-09-13,184.29,investing
2011-09-14,187.3,investing
2011-09-15,185.64,investing
2011-09-16,184.64,investing
2011-09-19,186.64,investing
2011-09-20,188.5,investing
2011-09-21,192.5,investing
2011-09-22,204.5,investing
2011-09-23,219.5,investing
2011-09-26,209.97,investing
2011-09-27,193.7,investing
2011-09-28,191.73,investing
2011-09-29,187.76,investing
2011-09-30,196.07,investing
2011-10-03,200.44,investing
2011-10-04,204.15,investing
2011-10-05,187.81,investing
2011-10-06,180.21,investing
2011-10-07,180.21,investing
2011-10-10,177.92,investing
2011-10-11,170.67,investing
2011-10-12,164.67,investing
2011-10-13,166.34,investing
2011-10-14,160.68,investing
2011-10-17,155.06,investing
2011-10-18,156.41,investing
2011-10-19,154.44,investing
2011-10-20,158.79,investing
2011-10-21,157.46,investing
2011-10-24,156.17,investing
2011-10-25,156.18,investing
2011-10-26,156.21,investing
2011-10-27,144.9,investing
2011-10-28,143.92,investing
2011-10-31,145.94,investing
2011-11-01,158.26,investing
2011-11-02,159.6,investing
2011-11-03,163.69,investing
2011-11-04,165.0,investing
2011-11-07,169.03,investing
2011-11-08,169.03,investing
2011-11-09,182.26,investing
2011-11-10,182.26,investing
2011-11-11,182.59,investing
2011-11-14,184.01,investing
2011-11-15,193.53,investing
2011-11-16,190.91,investing
2011-11-17,191.86,investing
2011-11-18,191.86,investing
2011-11-21,196.86,investing
2011-11-22,201.82,investing
2011-11-23,208.76,investing
2011-11-24,209.14,investing
2011-11-25,215.41,investing
2011-11-28,207.53,investing
2011-11-29,206.87,investing
2011-11-30,199.22,investing
2011-12-01,192.07,investing
2011-12-02,190.08,investing
2011-12-05,186.15,investing
2011-12-06,188.2,investing
2011-12-07,193.15,investing
2011-12-08,195.83,investing
2011-12-09,199.13,investing
2011-12-12,200.2,investing
2011-12-13,196.87,investing
2011-12-14,200.83,investing
2011-12-15,199.16,investing
2011-12-16,198.84,investing
2011-12-19,199.2,investing
2011-12-20,197.45,investing
2011-12-21,197.46,investing
2011-12-22,197.47,investing
2011-12-23,197.48,investing
2011-12-26,196.75,investing
2011-12-27,196.77,investing
2011-12-28,197.53,investing
2011-12-29,197.57,investing
2011-12-30,197.59,investing
2012-01-02,197.01,investing
2012-01-03,193.02,investing
2012-01-04,199.01,investing
2012-01-05,201.7,investing
2012-01-06,199.06,investing
2012-01-09,202.75,investing
2012-01-10,200.78,investing
2012-01-11,207.46,investing
2012-01-12,207.49,investing
2012-01-13,210.15,investing
2012-01-16,207.73,investing
2012-01-17,207.54,investing
2012-01-18,205.62,investing
2012-01-19,197.32,investing
2012-01-20,196.37,investing
2012-01-23,195.09,investing
2012-01-24,195.45,investing
2012-01-25,194.81,investing
2012-01-26,189.85,investing
2012-01-27,188.9,investing
2012-01-30,191.27,investing
2012-01-31,190.28,investing
2012-02-01,185.65,investing
2012-02-02,185.35,investing
2012-02-03,179.11,investing
2012-02-06,179.78,investing
2012-02-07,179.83,investing
2012-02-08,178.17,investing
2012-02-09,179.5,investing
2012-02-10,181.85,investing
2012-02-13,182.52,investing
2012-02-14,185.24,investing
2012-02-15,187.55,investing
2012-02-16,190.87,investing
2012-02-17,184.26,investing
2012-02-20,182.49,investing
2012-02-21,184.68,investing
2012-02-22,185.35,investing
2012-02-23,185.03,investing
2012-02-24,185.7,investing
2012-02-27,186.07,investing
2012-02-28,186.1,investing
2012-02-29,185.11,investing
2012-03-01,183.13,investing
2012-03-02,184.82,investing
2012-03-05,188.81,investing
2012-03-06,198.42,investing
2012-03-07,197.11,investing
2012-03-08,196.8,investing
2012-03-09,195.5,investing
2012-03-12,191.88,investing
2012-03-13,187.27,investing
2012-03-14,183.32,investing
2012-03-15,183.99,investing
2012-03-16,184.01,investing
2012-03-19,183.05,investing
2012-03-20,183.65,investing
2012-03-21,183.66,investing
2012-03-22,192.94,investing
2012-03-23,192.62,investing
2012-03-26,191.66,investing
2012-03-27,189.34,investing
2012-03-28,188.69,investing
2012-03-29,188.07,investing
2012-03-30,187.09,investing
2012-04-02,185.12,investing
2012-04-03,183.13,investing
2012-04-04,183.47,investing
2012-04-05,185.14,investing
2012-04-06,183.73,investing
2012-04-09,185.24,investing
2012-04-10,191.84,investing
2012-04-11,189.51,investing
2012-04-12,187.88,investing
2012-04-13,187.23,investing
2012-04-16,187.6,investing
2012-04-17,187.27,investing
2012-04-18,189.95,investing
2012-04-19,189.95,investing
2012-04-20,190.95,investing
2012-04-23,194.0,investing
2012-04-24,191.69,investing
2012-04-25,190.03,investing
2012-04-26,189.72,investing
2012-04-27,190.07,investing
2012-04-30,187.44,investing
2012-05-01,186.45,investing
2012-05-02,186.81,investing
2012-05-03,184.81,investing
2012-05-04,184.82,investing
2012-05-07,184.86,investing
2012-05-08,185.53,investing
2012-05-09,189.5,investing
2012-05-10,187.5,investing
2012-05-11,186.87,investing
2012-05-14,192.0,investing
2012-05-15,192.0,investing
2012-05-16,192.5,investing
2012-05-17,194.0,investing
2012-05-18,194.5,investing
2012-05-21,194.88,investing
2012-05-22,188.5,investing
2012-05-23,191.0,investing
2012-05-24,189.98,investing
2012-05-25,190.5,investing
2012-05-28,189.0,investing
2012-05-29,189.0,investing
2012-05-30,192.5,investing
2012-05-31,194.5,investing
2012-06-01,199.5,investing
2012-06-04,199.5,investing
2012-06-05,199.5,investing
2012-06-06,186.87,investing
2012-06-07,174.63,investing
2012-06-08,175.66,investing
2012-06-11,174.36,investing
2012-06-12,174.38,investing
2012-06-13,172.73,investing
2012-06-14,168.78,investing
2012-06-15,164.8,investing
2012-06-18,165.19,investing
2012-06-19,164.53,investing
2012-06-20,164.76,investing
2012-06-21,166.78,investing
2012-06-22,167.12,investing
2012-06-25,171.43,investing
2012-06-26,173.43,investing
2012-06-27,173.79,investing
2012-06-28,176.81,investing
2012-06-29,170.81,investing
2012-07-02,165.99,investing
2012-07-03,163.04,investing
2012-07-04,162.09,investing
2012-07-05,163.74,investing
2012-07-06,164.76,investing
2012-07-09,167.14,investing
2012-07-10,164.49,investing
2012-07-11,162.83,investing
2012-07-12,162.28,investing
2012-07-13,161.9,investing
2012-07-16,159.3,investing
2012-07-17,154.37,investing
2012-07-18,155.69,investing
2012-07-19,153.7,investing
2012-07-20,154.72,investing
2012-07-23,161.06,investing
2012-07-24,160.72,investing
2012-07-25,157.45,investing
2012-07-26,155.49,investing
2012-07-27,150.21,investing
2012-07-30,145.28,investing
2012-07-31,143.97,investing
2012-08-01,143.99,investing
2012-08-02,144.34,investing
2012-08-03,141.35,investing
2012-08-06,137.09,investing
2012-08-07,137.79,investing
2012-08-08,138.47,investing
2012-08-09,139.15,investing
2012-08-10,140.15,investing
2012-08-13,152.78,investing
2012-08-14,152.79,investing
2012-08-15,153.47,investing
2012-08-16,168.07,investing
2012-08-17,169.4,investing
2012-08-20,166.12,investing
2012-08-21,163.82,investing
2012-08-22,163.82,investing
2012-08-23,166.5,investing
2012-08-24,165.2,investing
2012-08-27,165.23,investing
2012-08-28,165.59,investing
2012-08-29,165.61,investing
2012-08-30,166.62,investing
2012-08-31,166.3,investing
2012-09-03,166.02,investing
2012-09-04,164.69,investing
2012-09-05,163.72,investing
2012-09-06,156.8,investing
2012-09-07,156.72,investing
2012-09-10,147.61,investing
2012-09-11,146.3,investing
2012-09-12,138.32,investing
2012-09-13,139.64,investing
2012-09-14,137.03,investing
2012-09-17,137.41,investing
2012-09-18,139.08,investing
2012-09-19,137.43,investing
2012-09-20,145.45,investing
2012-09-21,144.8,investing
2012-09-24,147.18,investing
2012-09-25,147.19,investing
2012-09-26,152.18,investing
2012-09-27,151.86,investing
2012-09-28,153.21,investing
2012-10-01,153.26,investing
2012-10-02,150.63,investing
2012-10-03,145.67,investing
2012-10-04,149.66,investing
2012-10-05,146.01,investing
2012-10-08,146.05,investing
2012-10-09,146.06,investing
2012-10-10,145.75,investing
2012-10-11,142.46,investing
2012-10-12,140.15,investing
2012-10-15,138.88,investing
2012-10-16,136.58,investing
2012-10-17,135.6,investing
2012-10-18,135.61,investing
2012-10-19,136.29,investing
2012-10-22,138.65,investing
2012-10-23,142.63,investing
2012-10-24,142.65,investing
2012-10-25,144.32,investing
2012-10-26,145.0,investing
2012-10-29,147.04,investing
2012-10-30,146.4,investing
2012-10-31,146.09,investing
2012-11-01,144.12,investing
2012-11-02,142.72,investing
2012-11-05,144.41,investing
2012-11-06,143.1,investing
2012-11-07,143.42,investing
2012-11-08,143.45,investing
2012-11-09,145.11,investing
2012-11-12,145.15,investing
2012-11-13,147.16,investing
2012-11-14,153.49,investing
2012-11-15,157.48,investing
2012-11-16,166.44,investing
2012-11-19,156.21,investing
2012-11-20,150.26,investing
2012-11-21,151.27,investing
2012-11-22,148.95,investing
2012-11-23,148.99,investing
2012-11-26,149.02,investing
2012-11-27,147.01,investing
2012-11-28,146.37,investing
2012-11-29,145.72,investing
2012-11-30,142.44,investing
2012-12-03,140.48,investing
2012-12-04,139.84,investing
2012-12-05,139.19,investing
2012-12-06,139.21,investing
2012-12-07,139.56,investing
2012-12-10,139.95,investing
2012-12-11,139.96,investing
2012-12-12,139.98,investing
2012-12-13,139.33,investing
2012-12-14,138.34,investing
2012-12-17,138.06,investing
2012-12-18,134.43,investing
2012-12-19,130.85,investing
2012-12-20,129.69,investing
2012-12-21,129.37,investing
2012-12-24,128.43,investing
2012-12-25,126.17,investing
2012-12-26,126.19,investing
2012-12-27,128.47,investing
2012-12-28,128.49,investing
2012-12-31,128.55,investing
2013-01-01,126.35,investing
2013-01-02,126.59,investing
2013-01-03,124.94,investing
2013-01-04,125.29,investing
2013-01-07,125.34,investing
2013-01-08,125.36,investing
2013-01-09,125.38,investing
2013-01-10,125.06,investing
2013-01-11,121.77,investing
2013-01-14,121.82,investing
2013-01-15,121.83,investing
2013-01-16,122.5,investing
2013-01-17,122.19,investing
2013-01-18,122.87,investing
2013-01-21,121.89,investing
2013-01-22,121.96,investing
2013-01-23,120.97,investing
2013-01-24,122.64,investing
2013-01-25,122.66,investing
2013-01-28,122.71,investing
2013-01-29,125.04,investing
2013-01-30,128.71,investing
2013-01-31,129.05,investing
2013-02-01,128.74,investing
2013-02-04,129.45,investing
2013-02-05,127.8,investing
2013-02-06,126.82,investing
2013-02-07,123.22,investing
2013-02-08,123.89,investing
2013-02-11,123.02,investing
2013-02-12,124.35,investing
2013-02-13,124.37,investing
2013-02-14,123.73,investing
2013-02-15,124.65,investing
2013-02-18,124.56,investing
2013-02-19,124.72,investing
2013-02-20,124.74,investing
2013-02-21,125.1,investing
2013-02-22,123.15,investing
2013-02-25,122.87,investing
2013-02-26,125.83,investing
2013-02-27,127.79,investing
2013-02-28,127.48,investing
2013-03-01,127.16,investing
2013-03-04,127.22,investing
2013-03-05,124.24,investing
2013-03-06,122.94,investing
2013-03-07,122.63,investing
2013-03-08,122.63,investing
2013-03-11,122.7,investing
2013-03-12,122.72,investing
2013-03-13,120.1,investing
2013-03-14,120.12,investing
2013-03-15,119.47,investing
2013-03-18,120.19,investing
2013-03-19,118.55,investing
2013-03-20,120.46,investing
2013-03-21,119.14,investing
2013-03-22,119.49,investing
2013-03-25,119.54,investing
2013-03-26,121.56,investing
2013-03-27,125.85,investing
2013-03-28,125.86,investing
2013-03-29,125.82,investing
2013-04-01,125.9,investing
2013-04-02,124.31,investing
2013-04-03,124.99,investing
2013-04-04,125.01,investing
2013-04-05,123.02,investing
2013-04-08,121.41,investing
2013-04-09,121.07,investing
2013-04-10,118.79,investing
2013-04-11,116.82,investing
2013-04-12,116.84,investing
2013-04-15,116.89,investing
2013-04-16,117.57,investing
2013-04-17,118.92,investing
2013-04-18,118.94,investing
2013-04-19,118.96,investing
2013-04-22,118.34,investing
2013-04-23,115.03,investing
2013-04-24,114.38,investing
2013-04-25,113.73,investing
2013-04-26,113.75,investing
2013-04-29,113.46,investing
2013-04-30,111.18,investing
2013-05-01,110.54,investing
2013-05-02,109.89,investing
2013-05-03,105.24,investing
2013-05-06,105.28,investing
2013-05-07,106.97,investing
2013-05-08,108.3,investing
2013-05-09,111.63,investing
2013-05-10,111.98,investing
2013-05-13,115.67,investing
2013-05-14,117.01,investing
2013-05-15,119.03,investing
2013-05-16,118.71,investing
2013-05-17,118.72,investing
2013-05-20,120.09,investing
2013-05-21,117.79,investing
2013-05-22,117.47,investing
2013-05-23,117.89,investing
2013-05-24,117.89,investing
2013-05-27,118.83,investing
2013-05-28,116.58,investing
2013-05-29,118.56,investing
2013-05-31,119.22,investing
2013-06-03,120.21,investing
2013-06-04,116.89,investing
2013-06-05,119.19,investing
2013-06-06,124.18,investing
2013-06-07,124.18,investing
2013-06-10,124.51,investing
2013-06-11,127.17,investing
2013-06-12,122.86,investing
2013-06-13,118.86,investing
2013-06-14,115.23,investing
2013-06-17,115.23,investing
2013-06-18,117.23,investing
2013-06-19,117.85,investing
2013-06-20,127.8,investing
2013-06-21,130.43,investing
2013-06-24,137.09,investing
2013-06-25,131.08,investing
2013-06-26,127.44,investing
2013-06-27,125.15,investing
2013-06-28,125.82,investing
2013-07-01,124.84,investing
2013-07-02,123.18,investing
2013-07-03,123.17,investing
2013-07-04,122.76,investing
2013-07-05,121.84,investing
2013-07-08,121.85,investing
2013-07-09,122.18,investing
2013-07-10,120.87,investing
2013-07-11,117.54,investing
2013-07-12,114.21,investing
2013-07-15,113.55,investing
2013-07-16,112.21,investing
2013-07-17,111.88,investing
2013-07-18,111.55,investing
2013-07-19,110.55,investing
2013-07-22,110.21,investing
2013-07-23,110.21,investing
2013-07-24,111.55,investing
2013-07-25,109.59,investing
2013-07-26,109.59,investing
2013-07-29,109.92,investing
2013-07-30,109.59,investing
2013-07-31,110.59,investing
2013-08-01,111.26,investing
2013-08-02,110.58,investing
2013-08-05,109.92,investing
2013-08-06,111.25,investing
2013-08-07,111.91,investing
2013-08-08,112.89,investing
2013-08-09,114.56,investing
2013-08-12,114.56,investing
2013-08-13,114.56,investing
2013-08-14,115.56,investing
2013-08-15,117.89,investing
2013-08-16,121.17,investing
2013-08-19,127.79,investing
2013-08-20,129.79,investing
2013-08-21,130.78,investing
2013-08-22,133.11,investing
2013-08-23,131.12,investing
2013-08-26,131.12,investing
2013-08-27,138.41,investing
2013-08-28,139.08,investing
2013-08-29,139.4,investing
2013-08-30,140.73,investing
2013-09-02,139.07,investing
2013-09-03,139.41,investing
2013-09-04,143.37,investing
2013-09-05,144.04,investing
2013-09-06,145.04,investing
2013-09-09,143.37,investing
2013-09-10,137.43,investing
2013-09-11,133.13,investing
2013-09-12,127.82,investing
2013-09-13,126.49,investing
2013-09-16,120.84,investing
2013-09-17,119.85,investing
2013-09-18,118.21,investing
2013-09-19,115.4,investing
2013-09-20,115.89,investing
2013-09-23,116.22,investing
2013-09-24,118.23,investing
2013-09-25,117.56,investing
2013-09-26,117.56,investing
2013-09-27,118.56,investing
2013-09-30,121.85,investing
2013-10-01,120.19,investing
2013-10-02,119.85,investing
2013-10-03,119.79,investing
2013-10-04,119.86,investing
2013-10-07,119.52,investing
2013-10-08,119.86,investing
2013-10-09,119.19,investing
2013-10-10,116.89,investing
2013-10-11,115.22,investing
2013-10-14,115.22,investing
2013-10-15,112.26,investing
2013-10-16,111.93,investing
2013-10-17,112.58,investing
2013-10-18,111.58,investing
2013-10-21,111.58,investing
2013-10-22,111.24,investing
2013-10-23,111.25,investing
2013-10-24,111.25,investing
2013-10-25,111.25,investing
2013-10-28,111.25,investing
2013-10-29,112.92,investing
2013-10-30,112.25,investing
2013-10-31,111.25,investing
2013-11-01,115.38,investing
2013-11-04,111.91,investing
2013-11-05,113.58,investing
2013-11-06,113.24,investing
2013-11-07,113.24,investing
2013-11-08,113.92,investing
2013-11-11,114.24,investing
2013-11-12,115.9,investing
2013-11-13,115.57,investing
2013-11-14,113.59,investing
2013-11-15,114.39,investing
2013-11-18,111.92,investing
2013-11-19,111.93,investing
2013-11-20,112.26,investing
2013-11-21,112.89,investing
2013-11-22,112.4,investing
2013-11-25,110.6,investing
2013-11-26,109.26,investing
2013-11-27,109.27,investing
2013-11-28,109.27,investing
2013-11-29,110.9,investing
2013-12-02,109.27,investing
2013-12-03,107.96,investing
2013-12-04,107.29,investing
2013-12-05,107.29,investing
2013-12-06,107.29,investing
2013-12-09,106.62,investing
2013-12-10,106.62,investing
2013-12-11,106.3,investing
2013-12-12,105.97,investing
2013-12-13,105.97,investing
2013-12-16,105.64,investing
2013-12-17,102.32,investing
2013-12-18,102.32,investing
2013-12-19,102.32,investing
2013-12-20,102.99,investing
2013-12-23,102.99,investing
2013-12-24,102.99,investing
2013-12-25,102.98,investing
2013-12-26,102.98,investing
2013-12-27,103.66,investing
2013-12-30,103.66,investing
2013-12-31,103.66,investing
2014-01-01,102.99,investing
2014-01-02,103.32,investing
2014-01-03,101.99,investing
2014-01-06,98.69,investing
2014-01-07,98.35,investing
2014-01-08,98.69,investing
2014-01-09,100.0,investing
2014-01-10,100.0,investing
2014-01-13,100.0,investing
2014-01-14,98.36,investing
2014-01-15,97.03,investing
2014-01-16,96.36,investing
2014-01-17,96.36,investing
2014-01-20,96.36,investing
2014-01-21,96.36,investing
2014-01-22,96.03,investing
2014-01-23,96.04,investing
2014-01-24,97.02,investing
2014-01-27,97.02,investing
2014-01-28,96.37,investing
2014-01-29,96.03,investing
2014-01-30,96.36,investing
2014-01-31,95.36,investing
2014-02-03,95.69,investing
2014-02-04,95.69,investing
2014-02-05,95.69,investing
2014-02-06,95.69,investing
2014-02-07,95.36,investing
2014-02-10,95.35,investing
2014-02-11,95.35,investing
2014-02-12,95.35,investing
2014-02-13,95.35,investing
2014-02-14,95.69,investing
2014-02-17,95.69,investing
2014-02-18,95.69,investing
2014-02-19,95.35,investing
2014-02-20,95.0,investing
2014-02-21,95.35,investing
2014-02-24,95.35,investing
2014-02-25,95.35,investing
2014-02-26,95.35,investing
2014-02-27,94.55,investing
2014-02-28,94.7,investing
2014-03-03,94.7,investing
2014-03-04,94.55,investing
2014-03-05,94.36,investing
2014-03-06,93.37,investing
2014-03-07,93.37,investing
2014-03-10,93.38,investing
2014-03-11,93.38,investing
2014-03-12,94.03,investing
2014-03-13,94.03,investing
2014-03-14,94.36,investing
2014-03-17,94.36,investing
2014-03-18,94.36,investing
2014-03-19,93.71,investing
2014-03-20,93.04,investing
2014-03-21,93.04,investing
2014-03-24,93.04,investing
2014-03-25,92.71,investing
2014-03-26,92.06,investing
2014-03-27,91.39,investing
2014-03-28,91.39,investing
2014-03-31,90.39,investing
2014-04-01,90.09,investing
2014-04-02,91.72,investing
2014-04-03,90.06,investing
2014-04-04,90.06,investing
2014-04-07,90.06,investing
2014-04-08,89.73,investing
2014-04-09,89.73,investing
2014-04-10,89.73,investing
2014-04-11,90.05,investing
2014-04-14,90.05,investing
2014-04-15,90.06,investing
2014-04-16,90.05,investing
2014-04-17,90.05,investing
2014-04-18,90.09,investing
2014-04-21,90.09,investing
2014-04-22,90.05,investing
2014-04-23,90.06,investing
2014-04-24,90.05,investing
2014-04-25,90.06,investing
2014-04-28,89.73,investing
2014-04-29,89.39,investing
2014-04-30,89.39,investing
2014-05-01,89.39,investing
2014-05-02,89.39,investing
2014-05-05,89.59,investing
2014-05-06,89.39,investing
2014-05-07,89.39,investing
2014-05-08,89.5,investing
2014-05-09,89.39,investing
2014-05-12,89.5,investing
2014-05-13,87.5,investing
2014-05-14,85.0,investing
2014-05-15,85.0,investing
2014-05-16,85.0,investing
2014-05-19,85.0,investing
2014-05-20,85.0,investing
2014-05-21,84.0,investing
2014-05-22,84.0,investing
2014-05-23,84.0,investing
2014-05-26,85.0,investing
2014-05-27,84.0,investing
2014-05-28,84.0,investing
2014-05-29,84.0,investing
2014-05-30,81.5,investing
2014-06-02,81.5,investing
2014-06-03,81.5,investing
2014-06-04,81.5,investing
2014-06-05,81.0,investing
2014-06-06,79.0,investing
2014-06-09,75.0,investing
2014-06-10,75.0,investing
2014-06-11,75.0,investing
2014-06-12,75.0,investing
2014-06-13,75.0,investing
2014-06-16,75.0,investing
2014-06-17,74.45,investing
2014-06-18,74.13,investing
2014-06-19,74.46,investing
2014-06-20,74.47,investing
2014-06-23,74.8,investing
2014-06-24,75.13,investing
2014-06-25,76.13,investing
2014-06-26,76.2,investing
2014-06-27,76.12,investing
2014-06-30,76.12,investing
2014-07-01,76.45,investing
2014-07-02,76.45,investing
2014-07-03,76.45,investing
2014-07-04,76.45,investing
2014-07-07,76.45,investing
2014-07-08,76.79,investing
2014-07-09,79.77,investing
2014-07-10,81.75,investing
2014-07-11,81.11,investing
2014-07-14,85.29,investing
2014-07-15,85.63,investing
2014-07-16,85.63,investing
2014-07-17,85.63,investing
2014-07-18,85.63,investing
2014-07-21,86.6,investing
2014-07-22,87.06,investing
2014-07-23,86.4,investing
2014-07-24,86.4,investing
2014-07-25,86.4,investing
2014-07-28,88.38,investing
2014-07-29,90.72,investing
2014-07-30,90.72,investing
2014-07-31,92.04,investing
2014-08-01,92.38,investing
2014-08-04,91.71,investing
2014-08-05,91.7,investing
2014-08-06,91.71,investing
2014-08-07,92.03,investing
2014-08-08,93.0,investing
2014-08-11,91.7,investing
2014-08-12,91.7,investing
2014-08-13,90.39,investing
2014-08-14,88.73,investing
2014-08-15,88.73,investing
2014-08-18,87.06,investing
2014-08-19,86.41,investing
2014-08-20,86.08,investing
2014-08-21,84.75,investing
2014-08-22,84.74,investing
2014-08-25,85.12,investing
2014-08-26,84.42,investing
2014-08-27,83.42,investing
2014-08-28,82.76,investing
2014-08-29,82.76,investing
2014-09-01,82.76,investing
2014-09-02,82.76,investing
2014-09-03,83.64,investing
2014-09-04,82.42,investing
2014-09-05,81.78,investing
2014-09-08,80.16,investing
2014-09-09,80.64,investing
2014-09-10,80.65,investing
2014-09-11,80.66,investing
2014-09-12,81.3,investing
2014-09-15,80.66,investing
2014-09-16,80.65,investing
2014-09-17,80.65,investing
2014-09-18,80.65,investing
2014-09-19,80.16,investing
2014-09-22,80.17,investing
2014-09-23,80.17,investing
2014-09-24,80.18,investing
2014-09-25,80.17,investing
2014-09-26,80.17,investing
2014-09-29,81.65,investing
2014-09-30,82.65,investing
2014-10-01,82.65,investing
2014-10-02,82.64,investing
2014-10-03,82.65,investing
2014-10-06,82.64,investing
2014-10-08,82.16,investing
2014-10-09,82.15,investing
2014-10-10,82.16,investing
2014-10-13,82.15,investing
2014-10-14,82.17,investing
2014-10-15,82.18,investing
2014-10-16,82.15,investing
2014-10-17,82.15,investing
2014-10-20,82.16,investing
2014-10-21,82.15,investing
2014-10-22,82.15,investing
2014-10-23,82.14,investing
2014-10-24,81.66,investing
2014-10-27,80.96,investing
2014-10-28,80.96,investing
2014-10-29,80.47,investing
2014-10-30,80.47,investing
2014-10-31,79.67,investing
2014-11-03,79.67,investing
2014-11-04,79.67,investing
2014-11-05,79.67,investing
2014-11-06,79.66,investing
2014-11-07,79.66,investing
2014-11-10,79.66,investing
2014-11-11,79.66,investing
2014-11-12,78.68,investing
2014-11-13,78.67,investing
2014-11-14,78.67,investing
2014-11-17,78.67,investing
2014-11-18,78.67,investing
2014-11-19,78.67,investing
2014-11-20,78.67,investing
2014-11-21,78.67,investing
2014-11-24,78.67,investing
2014-11-25,77.68,investing
2014-11-26,76.68,investing
2014-11-27,76.68,investing
2014-11-28,76.18,investing
2014-12-01,76.17,investing
2014-12-02,76.18,investing
2014-12-03,75.18,investing
2014-12-04,75.19,investing
2014-12-05,75.19,investing
2014-12-08,75.19,investing
2014-12-09,75.19,investing
2014-12-10,75.19,investing
2014-12-11,75.18,investing
2014-12-12,76.18,investing
2014-12-15,77.65,investing
2014-12-16,79.14,investing
2014-12-17,81.64,investing
2014-12-18,80.66,investing
2014-12-19,79.66,investing
2014-12-22,79.67,investing
2014-12-23,79.67,investing
2014-12-24,79.67,investing
2014-12-25,79.67,investing
2014-12-26,79.67,investing
2014-12-29,79.67,investing
2014-12-30,78.16,investing
2014-12-31,78.16,investing
2015-01-01,78.16,investing
2015-01-02,78.16,investing
2015-01-05,78.16,investing
2015-01-06,78.64,investing
2015-01-07,78.66,investing
2015-01-08,78.66,investing
2015-01-09,78.17,investing
2015-01-12,78.66,investing
2015-01-13,78.18,investing
2015-01-14,77.17,investing
2015-01-15,77.16,investing
2015-01-16,76.68,investing
2015-01-19,76.68,investing
2015-01-20,76.68,investing
2015-01-21,76.68,investing
2015-01-22,76.67,investing
2015-01-23,76.67,investing
2015-01-26,76.67,investing
2015-01-27,76.67,investing
2015-01-28,76.67,investing
2015-01-29,77.16,investing
2015-01-30,76.17,investing
2015-02-02,77.15,investing
2015-02-03,76.66,investing
2015-02-04,76.67,investing
2015-02-05,76.66,investing
2015-02-06,76.17,investing
2015-02-09,76.17,investing
2015-02-10,76.17,investing
2015-02-11,76.17,investing
2015-02-12,76.66,investing
2015-02-13,76.67,investing
2015-02-16,76.67,investing
2015-02-17,76.67,investing
2015-02-18,76.66,investing
2015-02-19,76.67,investing
2015-02-20,76.66,investing
2015-02-23,76.66,investing
2015-02-24,76.18,investing
2015-02-25,75.17,investing
2015-02-26,75.17,investing
2015-02-27,74.18,investing
2015-03-02,74.18,investing
2015-03-03,73.69,investing
2015-03-04,73.69,investing
2015-03-05,73.68,investing
2015-03-06,73.19,investing
2015-03-09,73.69,investing
2015-03-10,71.68,investing
2015-03-11,71.68,investing
2015-03-12,71.68,investing
2015-03-13,71.68,investing
2015-03-16,71.69,investing
2015-03-17,72.18,investing
2015-03-18,72.18,investing
2015-03-19,71.66,investing
2015-03-20,74.2,investing
2015-03-23,74.18,investing
2015-03-24,74.68,investing
2015-03-25,74.68,investing
2015-03-26,74.69,investing
2015-03-27,74.69,investing
2015-03-30,75.19,investing
2015-03-31,75.19,investing
2015-04-01,75.19,investing
2015-04-02,75.19,investing
2015-04-03,75.19,investing
2015-04-06,75.19,investing
2015-04-07,75.19,investing
2015-04-08,75.19,investing
2015-04-09,75.19,investing
2015-04-10,75.19,investing
2015-04-13,75.19,investing
2015-04-14,75.18,investing
2015-04-15,74.7,investing
2015-04-16,74.69,investing
2015-04-17,74.7,investing
2015-04-20,74.7,investing
2015-04-21,74.69,investing
2015-04-22,73.69,investing
2015-04-23,73.2,investing
2015-04-24,73.2,investing
2015-04-27,73.2,investing
2015-04-28,73.2,investing
2015-04-29,73.2,investing
2015-04-30,72.7,investing
2015-05-01,72.71,investing
2015-05-04,72.71,investing
2015-05-05,70.74,investing
2015-05-06,70.74,investing
2015-05-07,70.74,investing
2015-05-08,70.74,investing
2015-05-11,68.24,investing
2015-05-12,68.24,investing
2015-05-13,68.24,investing
2015-05-14,68.24,investing
2015-05-15,68.24,investing
2015-05-18,68.24,investing
2015-05-19,68.24,investing
2015-05-20,68.24,investing
2015-05-21,68.24,investing
2015-05-22,68.24,investing
2015-05-25,68.23,investing
2015-05-26,68.23,investing
2015-05-27,68.23,investing
2015-05-28,68.23,investing
2015-05-29,67.23,investing
2015-06-01,67.23,investing
2015-06-02,66.73,investing
2015-06-03,66.74,investing
2015-06-04,66.74,investing
2015-06-05,66.74,investing
2015-06-08,66.73,investing
2015-06-09,66.74,investing
2015-06-10,66.74,investing
2015-06-11,66.73,investing
2015-06-12,66.73,investing
2015-06-15,66.74,investing
2015-06-16,66.75,investing
2015-06-17,66.74,investing
2015-06-18,66.74,investing
2015-06-19,66.75,investing
2015-06-22,66.23,investing
2015-06-23,66.25,investing
2015-06-24,66.25,investing
2015-06-25,66.24,investing
2015-06-26,66.26,investing
2015-06-29,66.28,investing
2015-06-30,65.76,investing
2015-07-01,65.75,investing
2015-07-02,65.78,investing
2015-07-03,65.76,investing
2015-07-06,65.77,investing
2015-07-07,66.78,investing
2015-07-08,66.26,investing
2015-07-09,66.24,investing
2015-07-10,66.23,investing
2015-07-13,66.24,investing
2015-07-14,66.27,investing
2015-07-15,66.25,investing
2015-07-16,66.24,investing
2015-07-17,66.24,investing
2015-07-20,66.23,investing
2015-07-21,66.74,investing
2015-07-22,66.76,investing
2015-07-23,66.74,investing
2015-07-24,66.76,investing
2015-07-27,66.76,investing
2015-07-28,66.74,investing
2015-07-29,66.73,investing
2015-07-30,66.73,investing
2015-07-31,66.77,investing
2015-08-03,66.75,investing
2015-08-04,66.74,investing
2015-08-05,66.73,investing
2015-08-06,66.75,investing
2015-08-07,66.74,investing
2015-08-10,66.74,investing
2015-08-11,66.77,investing
2015-08-12,66.77,investing
2015-08-13,66.73,investing
2015-08-14,66.74,investing
2015-08-17,66.75,investing
2015-08-18,66.77,investing
2015-08-19,67.73,investing
2015-08-20,68.71,investing
2015-08-21,69.71,investing
2015-08-24,70.7,investing
2015-08-25,73.64,investing
2015-08-26,73.65,investing
2015-08-27,73.64,investing
2015-08-28,71.7,investing
2015-08-31,71.71,investing
2015-09-01,70.24,investing
2015-09-02,70.71,investing
2015-09-03,70.72,investing
2015-09-04,70.71,investing
2015-09-07,72.18,investing
2015-09-08,72.18,investing
2015-09-09,70.21,investing
2015-09-10,70.21,investing
2015-09-11,70.23,investing
2015-09-14,70.22,investing
2015-09-15,70.0,investing
2015-09-16,70.22,investing
2015-09-17,70.22,investing
2015-09-18,70.22,investing
2015-09-21,68.67,investing
2015-09-22,70.18,investing
2015-09-23,70.16,investing
2015-09-24,70.18,investing
2015-09-25,70.16,investing
2015-09-28,70.16,investing
2015-09-29,70.17,investing
2015-09-30,70.0,investing
2015-10-01,70.17,investing
2015-10-02,70.17,investing
2015-10-05,70.16,investing
2015-10-06,70.73,investing
2015-10-07,70.72,investing
2015-10-08,70.72,investing
2015-10-09,70.72,investing
2015-10-12,70.73,investing
2015-10-13,70.73,investing
2015-10-14,70.75,investing
2015-10-15,70.71,investing
2015-10-16,70.72,investing
2015-10-19,70.72,investing
2015-10-20,70.22,investing
2015-10-21,70.24,investing
2015-10-22,70.24,investing
2015-10-23,72.18,investing
2015-10-26,73.16,investing
2015-10-27,73.65,investing
2015-10-28,73.64,investing
2015-10-29,74.12,investing
2015-10-30,74.13,investing
2015-11-02,74.12,investing
2015-11-03,74.12,investing
2015-11-04,74.12,investing
2015-11-05,74.13,investing
2015-11-06,74.1,investing
2015-11-09,74.12,investing
2015-11-10,74.1,investing
2015-11-11,75.11,investing
2015-11-12,75.11,investing
2015-11-13,75.12,investing
2015-11-16,75.12,investing
2015-11-17,75.1,investing
2015-11-18,75.6,investing
2015-11-19,75.61,investing
2015-11-20,75.61,investing
2015-11-23,75.6,investing
2015-11-24,75.61,investing
2015-11-25,76.1,investing
2015-11-26,76.09,investing
2015-11-27,76.1,investing
2015-11-30,76.1,investing
2015-12-01,76.11,investing
2015-12-02,76.09,investing
2015-12-03,76.08,investing
2015-12-04,76.1,investing
2015-12-07,78.9,investing
2015-12-08,78.9,investing
2015-12-09,78.9,investing
2015-12-10,78.9,investing
2015-12-11,78.91,investing
2015-12-14,78.9,investing
2015-12-15,78.9,investing
2015-12-16,78.9,investing
2015-12-17,78.91,investing
2015-12-18,78.91,investing
2015-12-21,78.91,investing
2015-12-22,78.91,investing
2015-12-23,78.9,investing
2015-12-24,78.91,investing
2015-12-25,78.91,investing
2015-12-28,78.91,investing
2015-12-29,78.91,investing
2015-12-30,78.91,investing
2015-12-31,78.91,investing
2016-01-01,78.91,investing
2016-01-04,78.92,investing
2016-01-05,78.91,investing
2016-01-06,81.86,investing
2016-01-07,84.81,investing
2016-01-08,84.81,investing
2016-01-11,84.81,investing
2016-01-12,84.81,investing
2016-01-13,84.81,investing
2016-01-14,85.3,investing
2016-01-15,87.76,investing
2016-01-18,98.03,investing
2016-01-19,87.76,investing
2016-01-20,88.75,investing
2016-01-21,87.76,investing
2016-01-22,87.27,investing
2016-01-25,87.27,investing
2016-01-26,95.72,investing
2016-01-27,94.24,investing
2016-01-28,92.28,investing
2016-01-29,85.11,investing
2016-02-01,85.09,investing
2016-02-02,85.11,investing
2016-02-03,85.11,investing
2016-02-04,84.11,investing
2016-02-05,84.11,investing
2016-02-08,84.13,investing
2016-02-09,84.12,investing
2016-02-10,84.11,investing
2016-02-11,84.14,investing
2016-02-12,84.11,investing
2016-02-15,84.12,investing
2016-02-16,84.12,investing
2016-02-17,84.11,investing
2016-02-18,84.12,investing
2016-02-19,84.11,investing
2016-02-22,84.11,investing
2016-02-23,84.12,investing
2016-02-24,84.13,investing
2016-02-25,84.12,investing
2016-02-26,84.1,investing
2016-02-29,83.62,investing
2016-03-01,83.91,investing
2016-03-02,83.91,investing
2016-03-03,83.92,investing
2016-03-04,83.91,investing
2016-03-07,83.91,investing
2016-03-08,83.93,investing
2016-03-09,83.91,investing
2016-03-10,83.42,investing
2016-03-11,82.43,investing
2016-03-14,82.44,investing
2016-03-15,81.95,investing
2016-03-16,81.94,investing
2016-03-17,81.46,investing
2016-03-18,80.97,investing
2016-03-21,80.98,investing
2016-03-22,80.99,investing
2016-03-23,81.0,investing
2016-03-24,80.98,investing
2016-03-25,80.99,investing
2016-03-28,80.99,investing
2016-03-29,81.0,investing
2016-03-30,80.99,investing
2016-03-31,76.69,investing
2016-04-01,76.68,investing
2016-04-04,76.69,investing
2016-04-05,76.7,investing
2016-04-06,76.68,investing
2016-04-07,76.7,investing
2016-04-08,76.68,investing
2016-04-11,76.69,investing
2016-04-12,76.68,investing
2016-04-13,75.71,investing
2016-04-14,75.71,investing
2016-04-15,75.72,investing
2016-04-18,75.71,investing
2016-04-19,75.7,investing
2016-04-20,75.71,investing
2016-04-21,75.7,investing
2016-04-22,75.71,investing
2016-04-25,75.71,investing
2016-04-26,75.7,investing
2016-04-27,75.71,investing
2016-04-28,75.71,investing
2016-04-29,73.41,investing
2016-05-02,73.41,investing
2016-05-03,73.43,investing
2016-05-04,73.42,investing
2016-05-05,73.42,investing
2016-05-06,73.42,investing
2016-05-09,73.43,investing
2016-05-10,72.92,investing
2016-05-11,72.93,investing
2016-05-12,72.92,investing
2016-05-13,72.92,investing
2016-05-16,72.92,investing
2016-05-17,72.92,investing
2016-05-18,72.91,investing
2016-05-19,72.92,investing
2016-05-20,72.92,investing
2016-05-23,72.91,investing
2016-05-24,72.91,investing
2016-05-25,72.92,investing
2016-05-26,72.92,investing
2016-05-27,75.39,investing
2016-05-30,75.4,investing
2016-05-31,75.39,investing
2016-06-01,75.39,investing
2016-06-02,75.4,investing
2016-06-03,75.43,investing
2016-06-06,75.38,investing
2016-06-07,75.38,investing
2016-06-08,75.4,investing
2016-06-09,75.4,investing
2016-06-10,75.89,investing
2016-06-13,76.38,investing
2016-06-14,77.85,investing
2016-06-15,76.87,investing
2016-06-16,77.37,investing
2016-06-17,77.36,investing
2016-06-20,77.35,investing
2016-06-21,77.36,investing
2016-06-22,77.36,investing
2016-06-23,77.35,investing
2016-06-24,77.41,investing
2016-06-27,81.31,investing
2016-06-28,80.31,investing
2016-06-29,79.33,investing
2016-06-30,79.33,investing
2016-07-01,81.31,investing
2016-07-04,79.33,investing
2016-07-05,79.34,investing
2016-07-06,79.33,investing
2016-07-07,77.85,investing
2016-07-08,77.85,investing
2016-07-11,77.35,investing
2016-07-12,77.37,investing
2016-07-13,76.88,investing
2016-07-14,76.86,investing
2016-07-15,76.86,investing
2016-07-18,76.87,investing
2016-07-19,76.88,investing
2016-07-20,76.87,investing
2016-07-21,76.88,investing
2016-07-22,76.88,investing
2016-07-25,76.88,investing
2016-07-26,76.89,investing
2016-07-27,76.89,investing
2016-07-28,76.89,investing
2016-07-29,76.89,investing
2016-08-01,76.88,investing
2016-08-02,76.88,investing
2016-08-03,76.89,investing
2016-08-04,76.9,investing
2016-08-05,76.89,investing
2016-08-08,76.89,investing
2016-08-09,76.9,investing
2016-08-10,76.9,investing
2016-08-11,76.89,investing
2016-08-12,76.9,investing
2016-08-15,76.88,investing
2016-08-16,76.87,investing
2016-08-17,76.88,investing
2016-08-18,76.4,investing
2016-08-19,76.38,investing
2016-08-22,76.4,investing
2016-08-23,76.39,investing
2016-08-24,76.39,investing
2016-08-25,76.38,investing
2016-08-26,76.39,investing
2016-08-29,76.39,investing
2016-08-30,76.39,investing
2016-08-31,76.39,investing
2016-09-01,76.39,investing
2016-09-02,76.38,investing
2016-09-05,76.38,investing
2016-09-06,76.4,investing
2016-09-07,74.43,investing
2016-09-08,74.41,investing
2016-09-09,74.41,investing
2016-09-12,74.42,investing
2016-09-13,74.42,investing
2016-09-14,74.43,investing
2016-09-15,74.43,investing
2016-09-16,74.42,investing
2016-09-19,73.43,investing
2016-09-20,76.9,investing
2016-09-21,76.89,investing
2016-09-22,76.9,investing
2016-09-23,76.9,investing
2016-09-26,76.9,investing
2016-09-27,76.9,investing
2016-09-28,76.9,investing
2016-09-29,76.89,investing
2016-09-30,76.89,investing
2016-10-03,76.89,investing
2016-10-04,76.89,investing
2016-10-05,76.89,investing
2016-10-06,76.89,investing
2016-10-07,76.89,investing
2016-10-10,76.89,investing
2016-10-11,76.88,investing
2016-10-12,76.89,investing
2016-10-13,75.91,investing
2016-10-14,75.91,investing
2016-10-17,75.91,investing
2016-10-18,75.91,investing
2016-10-19,75.42,investing
2016-10-20,75.41,investing
2016-10-21,75.41,investing
2016-10-24,75.41,investing
2016-10-25,74.44,investing
2016-10-26,74.43,investing
2016-10-27,74.43,investing
2016-10-28,74.43,investing
2016-10-31,74.44,investing
2016-11-01,74.43,investing
2016-11-02,74.44,investing
2016-11-03,74.43,investing
2016-11-04,74.44,investing
2016-11-07,74.42,investing
2016-11-08,74.42,investing
2016-11-09,74.42,investing
2016-11-10,75.9,investing
2016-11-11,77.87,investing
2016-11-14,77.84,investing
2016-11-15,77.37,investing
2016-11-16,77.37,investing
2016-11-17,76.38,investing
2016-11-18,75.39,investing
2016-11-21,75.41,investing
2016-11-22,75.41,investing
2016-11-23,75.38,investing
2016-11-24,75.39,investing
2016-11-25,75.39,investing
2016-11-28,75.41,investing
2016-11-29,75.4,investing
2016-11-30,75.38,investing
2016-12-01,75.39,investing
2016-12-02,75.42,investing
2016-12-05,75.4,investing
2016-12-06,75.41,investing
2016-12-07,75.41,investing
2016-12-08,75.4,investing
2016-12-09,75.4,investing
2016-12-12,75.4,investing
2016-12-13,75.41,investing
2016-12-14,75.41,investing
2016-12-15,75.39,investing
2016-12-16,75.42,investing
2016-12-19,75.42,investing
2016-12-20,75.4,investing
2016-12-21,75.41,investing
2016-12-22,75.41,investing
2016-12-23,75.41,investing
2016-12-26,75.41,investing
2016-12-27,75.41,investing
2016-12-28,75.41,investing
2016-12-29,75.41,investing
2016-12-30,75.4,investing
2017-01-02,75.39,investing
2017-01-03,75.39,investing
2017-01-04,75.4,investing
2017-01-05,75.41,investing
2017-01-06,74.89,investing
2017-01-09,74.91,investing
2017-01-10,74.91,investing
2017-01-11,74.91,investing
2017-01-12,74.93,investing
2017-01-13,74.9,investing
2017-01-16,74.91,investing
2017-01-17,74.93,investing
2017-01-18,74.91,investing
2017-01-19,74.9,investing
2017-01-20,74.92,investing
2017-01-23,74.93,investing
2017-01-24,74.91,investing
2017-01-25,74.41,investing
2017-01-26,74.41,investing
2017-01-27,74.42,investing
2017-01-30,74.43,investing
2017-01-31,74.43,investing
2017-02-01,74.41,investing
2017-02-02,74.43,investing
2017-02-03,74.43,investing
2017-02-06,74.44,investing
2017-02-07,74.42,investing
2017-02-08,73.94,investing
2017-02-09,73.92,investing
2017-02-10,73.93,investing
2017-02-13,73.92,investing
2017-02-14,72.93,investing
2017-02-15,72.93,investing
2017-02-16,72.95,investing
2017-02-17,72.95,investing
2017-02-20,72.94,investing
2017-02-21,72.94,investing
2017-02-22,72.46,investing
2017-02-23,72.46,investing
2017-02-24,72.46,investing
2017-02-27,72.44,investing
2017-02-28,72.45,investing
2017-03-01,72.42,investing
2017-03-02,72.43,investing
2017-03-03,72.43,investing
2017-03-06,72.44,investing
2017-03-07,72.43,investing
2017-03-08,72.42,investing
2017-03-09,72.42,investing
2017-03-10,72.43,investing
2017-03-13,72.43,investing
2017-03-14,72.44,investing
2017-03-15,72.43,investing
2017-03-16,72.43,investing
2017-03-17,72.43,investing
2017-03-20,72.47,investing
2017-03-21,72.46,investing
2017-03-22,73.44,investing
2017-03-23,73.42,investing
2017-03-24,73.43,investing
2017-03-27,73.44,investing
2017-03-28,73.43,investing
2017-03-29,73.44,investing
2017-03-30,73.42,investing
2017-03-31,73.43,investing
2017-04-03,73.94,investing
2017-04-04,73.92,investing
2017-04-05,73.92,investing
2017-04-06,73.91,investing
2017-04-07,73.92,investing
2017-04-10,73.93,investing
2017-04-11,73.94,investing
2017-04-12,73.92,investing
2017-04-13,73.92,investing
2017-04-14,73.92,investing
2017-04-17,73.92,investing
2017-04-18,73.93,investing
2017-04-19,73.91,investing
2017-04-20,73.42,investing
2017-04-21,73.43,investing
2017-04-24,73.4,investing
2017-04-25,73.41,investing
2017-04-26,73.42,investing
2017-04-27,73.42,investing
2017-04-28,73.41,investing
2017-05-01,73.41,investing
2017-05-02,73.42,investing
2017-05-03,73.41,investing
2017-05-04,73.41,investing
2017-05-05,73.41,investing
2017-05-08,73.4,investing
2017-05-09,73.41,investing
2017-05-10,72.43,investing
2017-05-11,72.42,investing
2017-05-12,72.44,investing
2017-05-15,72.42,investing
2017-05-16,72.43,investing
2017-05-17,72.45,investing
2017-05-18,72.91,investing
2017-05-19,72.9,investing
2017-05-22,72.91,investing
2017-05-23,72.91,investing
2017-05-24,72.91,investing
2017-05-25,72.9,investing
2017-05-26,72.91,investing
2017-05-29,72.91,investing
2017-05-30,72.91,investing
2017-05-31,72.41,investing
2017-06-01,72.4,investing
2017-06-02,72.42,investing
2017-06-05,72.4,investing
2017-06-06,72.42,investing
2017-06-07,72.89,investing
2017-06-08,72.39,investing
2017-06-09,72.4,investing
2017-06-12,72.4,investing
2017-06-13,72.4,investing
2017-06-14,72.44,investing
2017-06-15,72.4,investing
2017-06-16,72.41,investing
2017-06-19,72.4,investing
2017-06-20,72.41,investing
2017-06-21,72.41,investing
2017-06-22,72.41,investing
2017-06-23,72.4,investing
2017-06-26,72.4,investing
2017-06-27,72.39,investing
2017-06-28,72.4,investing
2017-06-29,72.39,investing
2017-06-30,72.4,investing
2017-07-03,72.89,investing
2017-07-04,72.9,investing
2017-07-05,72.9,investing
2017-07-06,72.89,investing
2017-07-07,72.89,investing
2017-07-10,72.9,investing
2017-07-11,72.9,investing
2017-07-12,72.91,investing
2017-07-13,72.89,investing
2017-07-14,72.91,investing
2017-07-17,72.9,investing
2017-07-18,72.9,investing
2017-07-19,72.4,investing
2017-07-20,72.4,investing
2017-07-21,72.41,investing
2017-07-24,71.91,investing
2017-07-25,71.9,investing
2017-07-26,71.92,investing
2017-07-27,71.91,investing
2017-07-28,71.92,investing
2017-07-31,71.91,investing
2017-08-01,71.92,investing
2017-08-02,71.92,investing
2017-08-03,71.92,investing
2017-08-04,67.74,investing
2017-08-07,67.65,investing
2017-08-08,67.52,investing
2017-08-09,67.32,investing
2017-08-10,67.51,investing
2017-08-11,67.59,investing
2017-08-14,67.07,investing
2017-08-15,66.75,investing
2017-08-16,67.1,investing
2017-08-17,65.74,investing
2017-08-18,64.27,investing
2017-08-21,65.53,investing
2017-08-22,65.14,investing
2017-08-23,65.08,investing
2017-08-24,64.92,investing
2017-08-25,63.8,investing
2017-08-28,63.8,investing
2017-08-29,63.96,investing
2017-08-30,63.97,investing
2017-08-31,63.48,investing
2017-09-01,61.48,investing
2017-09-04,60.01,investing
2017-09-05,61.62,investing
2017-09-06,60.65,investing
2017-09-07,59.99,investing
2017-09-08,59.8,investing
2017-09-11,59.56,investing
2017-09-12,59.32,investing
2017-09-13,59.12,investing
2017-09-14,58.36,investing
2017-09-15,58.12,investing
2017-09-18,58.05,investing
2017-09-19,58.02,investing
2017-09-20,56.02,investing
2017-09-21,55.98,investing
2017-09-22,55.91,investing
2017-09-25,56.06,investing
2017-09-26,56.08,investing
2017-09-27,56.47,investing
2017-09-28,55.42,investing
2017-09-29,55.93,investing
2017-10-02,54.88,investing
2017-10-03,53.8,investing
2017-10-04,52.63,investing
2017-10-05,52.14,investing
2017-10-06,52.75,investing
2017-10-09,53.22,investing
2017-10-10,53.36,investing
2017-10-11,53.3,investing
2017-10-12,53.16,investing
2017-10-13,53.64,investing
2017-10-16,52.6,investing
2017-10-17,52.58,investing
2017-10-18,52.16,investing
2017-10-19,51.14,investing
2017-10-20,51.09,investing
2017-10-23,51.04,investing
2017-10-24,51.14,investing
2017-10-25,51.05,investing
2017-10-26,51.04,investing
2017-10-27,50.78,investing
2017-10-30,50.11,investing
2017-10-31,50.71,investing
2017-11-01,50.61,investing
2017-11-02,50.61,investing
2017-11-03,50.75,investing
2017-11-06,52.66,investing
2017-11-07,53.21,investing
2017-11-08,53.71,investing
2017-11-09,57.27,investing
2017-11-10,59.61,investing
2017-11-13,59.06,investing
2017-11-14,59.07,investing
2017-11-15,59.7,investing
2017-11-16,59.75,investing
2017-11-17,59.79,investing
2017-11-20,59.79,investing
2017-11-21,59.69,investing
2017-11-22,58.53,investing
2017-11-23,58.5,investing
2017-11-24,58.49,investing
2017-11-27,58.36,investing
2017-11-28,58.34,investing
2017-11-29,58.09,investing
2017-11-30,57.91,investing
2017-12-01,57.8,investing
2017-12-04,56.88,investing
2017-12-05,56.96,investing
2017-12-06,57.76,investing
2017-12-07,58.12,investing
2017-12-08,58.14,investing
2017-12-11,58.28,investing
2017-12-12,58.29,investing
2017-12-13,58.33,investing
2017-12-14,58.28,investing
2017-12-15,58.29,investing
2017-12-18,58.32,investing
2017-12-19,58.24,investing
2017-12-20,58.3,investing
2017-12-21,58.19,investing
2017-12-22,58.28,investing
2017-12-25,58.34,investing
2017-12-26,58.33,investing
2017-12-27,58.37,investing
2017-12-28,58.24,investing
2017-12-29,56.81,investing
2018-01-01,56.84,investing
2018-01-02,58.24,investing
2018-01-03,58.46,investing
2018-01-04,58.47,investing
2018-01-05,58.44,investing
2018-01-08,58.33,investing
2018-01-09,58.06,investing
2018-01-10,56.78,investing
2018-01-11,55.18,investing
2018-01-12,55.21,investing
2018-01-15,55.18,investing
2018-01-16,54.55,investing
2018-01-17,54.5,investing
2018-01-18,54.49,investing
2018-01-19,54.96,investing
2018-01-22,55.02,investing
2018-01-23,55.03,investing
2018-01-24,54.84,investing
2018-01-25,54.55,investing
2018-01-26,54.14,investing
2018-01-29,54.26,investing
2018-01-30,54.45,investing
2018-01-31,54.42,investing
2018-02-01,52.66,investing
2018-02-02,52.69,investing
2018-02-05,53.01,investing
2018-02-06,53.08,investing
2018-02-07,53.16,investing
2018-02-08,53.89,investing
2018-02-09,55.45,investing
2018-02-12,55.34,investing
2018-02-13,55.07,investing
2018-02-14,55.11,investing
2018-02-15,55.24,investing
2018-02-16,55.15,investing
2018-02-19,55.03,investing
2018-02-20,54.81,investing
2018-02-21,54.43,investing
2018-02-22,54.74,investing
2018-02-23,54.27,investing
2018-02-26,54.1,investing
2018-02-27,54.25,investing
2018-02-28,53.9,investing
2018-03-01,53.21,investing
2018-03-02,53.17,investing
2018-03-05,53.11,investing
2018-03-06,52.99,investing
2018-03-07,52.96,investing
2018-03-08,52.97,investing
2018-03-09,52.83,investing
2018-03-12,52.65,investing
2018-03-13,51.86,investing
2018-03-14,51.14,investing
2018-03-15,50.92,investing
2018-03-16,51.21,investing
2018-03-19,51.11,investing
2018-03-20,55.32,investing
2018-03-21,54.22,investing
2018-03-22,54.27,investing
2018-03-23,54.46,investing
2018-03-26,54.49,investing
2018-03-27,54.53,investing
2018-03-28,54.66,investing
2018-03-29,55.49,investing
2018-03-30,55.5,investing
2018-04-02,55.31,investing
2018-04-03,55.28,investing
2018-04-04,55.31,investing
2018-04-05,55.29,investing
2018-04-06,55.36,investing
2018-04-09,55.32,investing
2018-04-10,55.64,investing
2018-04-11,55.66,investing
2018-04-12,55.61,investing
2018-04-13,55.67,investing
2018-04-16,55.48,investing
2018-04-17,55.37,investing
2018-04-18,54.83,investing
2018-04-19,54.83,investing
2018-04-20,54.83,investing
2018-04-23,54.87,investing
2018-04-24,55.09,investing
2018-04-25,55.05,investing
2018-04-26,55.78,investing
2018-04-27,55.55,investing
2018-04-30,55.61,investing
2018-05-01,56.16,investing
2018-05-02,56.8,investing
2018-05-03,57.9,investing
2018-05-04,58.37,investing
2018-05-07,58.42,investing
2018-05-08,58.53,investing
2018-05-09,58.58,investing
2018-05-10,59.43,investing
2018-05-11,59.01,investing
2018-05-14,58.64,investing
2018-05-15,61.21,investing
2018-05-16,63.95,investing
2018-05-17,63.96,investing
2018-05-18,64.26,investing
2018-05-21,65.78,investing
2018-05-22,65.75,investing
2018-05-23,65.8,investing
2018-05-24,65.05,investing
2018-05-25,64.8,investing
2018-05-28,64.88,investing
2018-05-29,64.83,investing
2018-05-30,65.16,investing
2018-05-31,65.17,investing
2018-06-01,65.15,investing
2018-06-04,65.16,investing
2018-06-05,65.19,investing
2018-06-06,65.15,investing
2018-06-07,65.33,investing
2018-06-08,65.62,investing
2018-06-11,65.63,investing
2018-06-12,66.59,investing
2018-06-13,66.91,investing
2018-06-14,67.43,investing
2018-06-15,67.58,investing
2018-06-18,69.31,investing
2018-06-19,70.03,investing
2018-06-20,72.75,investing
2018-06-21,72.47,investing
2018-06-22,72.18,investing
2018-06-25,72.05,investing
2018-06-26,72.02,investing
2018-06-27,71.74,investing
2018-06-28,71.83,investing
2018-06-29,70.74,investing
2018-07-02,70.76,investing
2018-07-03,70.79,investing
2018-07-04,70.02,investing
2018-07-05,69.98,investing
2018-07-06,69.99,investing
2018-07-09,67.59,investing
2018-07-10,67.6,investing
2018-07-11,67.74,investing
2018-07-12,66.53,investing
2018-07-13,66.5,investing
2018-07-16,66.29,investing
2018-07-17,66.37,investing
2018-07-18,66.64,investing
2018-07-19,67.96,investing
2018-07-20,67.79,investing
2018-07-23,67.86,investing
2018-07-24,67.84,investing
2018-07-25,67.85,investing
2018-07-26,67.66,investing
2018-07-27,68.13,investing
2018-07-30,67.29,investing
2018-07-31,66.91,investing
2018-08-01,67.13,investing
2018-08-02,67.85,investing
2018-08-03,67.57,investing
2018-08-06,68.01,investing
2018-08-07,67.35,investing
2018-08-08,66.67,investing
2018-08-09,66.44,investing
2018-08-10,66.59,investing
2018-08-13,66.81,investing
2018-08-14,67.87,investing
2018-08-15,68.54,investing
2018-08-16,69.09,investing
2018-08-17,68.83,investing
2018-08-20,68.39,investing
2018-08-21,68.38,investing
2018-08-22,68.65,investing
2018-08-23,68.57,investing
2018-08-24,68.46,investing
2018-08-27,68.52,investing
2018-08-28,68.46,investing
2018-08-29,68.58,investing
2018-08-30,68.94,investing
2018-08-31,69.22,investing
2018-09-03,69.05,investing
2018-09-04,68.69,investing
2018-09-05,69.42,investing
2018-09-06,69.47,investing
2018-09-07,69.44,investing
2018-09-10,69.44,investing
2018-09-11,71.05,investing
2018-09-12,71.16,investing
2018-09-13,71.07,investing
2018-09-14,65.5,investing
2018-09-17,65.27,investing
2018-09-18,65.37,investing
2018-09-19,65.44,investing
2018-09-20,70.36,investing
2018-09-21,69.47,investing
2018-09-24,69.78,investing
2018-09-25,70.09,investing
2018-09-26,70.2,investing
2018-09-27,69.81,investing
2018-09-28,70.05,investing
2018-10-01,70.06,investing
2018-10-02,70.07,investing
2018-10-03,70.05,investing
2018-10-04,69.82,investing
2018-10-05,70.07,investing
2018-10-08,70.15,investing
2018-10-09,70.17,investing
2018-10-10,70.0,investing
2018-10-11,70.2,investing
2018-10-12,70.26,investing
2018-10-15,70.06,investing
2018-10-16,69.89,investing
2018-10-17,69.71,investing
2018-10-18,69.77,investing
2018-10-19,69.72,investing
2018-10-22,69.63,investing
2018-10-23,69.78,investing
2018-10-24,69.71,investing
2018-10-25,69.79,investing
2018-10-26,69.73,investing
2018-10-29,69.98,investing
2018-10-30,69.84,investing
2018-10-31,69.06,investing
2018-11-01,68.87,investing
2018-11-02,69.43,investing
2018-11-05,69.87,investing
2018-11-06,70.5,investing
2018-11-07,70.52,investing
2018-11-08,70.53,investing
2018-11-09,70.54,investing
2018-11-12,70.56,investing
2018-11-13,70.55,investing
2018-11-14,70.2,investing
2018-11-15,70.43,investing
2018-11-16,70.57,investing
2018-11-19,69.84,investing
2018-11-20,69.72,investing
2018-11-21,69.71,investing
2018-11-22,69.81,investing
2018-11-23,69.74,investing
2018-11-26,69.92,investing
2018-11-27,70.89,investing
2018-11-28,70.55,investing
2018-11-29,70.53,investing
2018-11-30,70.53,investing
2018-12-03,70.14,investing
2018-12-04,70.89,investing
2018-12-05,70.13,investing
2018-12-06,70.2,investing
2018-12-07,70.18,investing
2018-12-10,70.22,investing
2018-12-11,70.14,investing
2018-12-12,70.15,investing
2018-12-13,69.97,investing
2018-12-14,65.36,investing
2018-12-17,68.78,investing
2018-12-18,64.86,investing
2018-12-19,65.68,investing
2018-12-20,68.41,investing
2018-12-21,68.33,investing
2018-12-24,68.11,investing
2018-12-25,67.97,investing
2018-12-26,68.19,investing
2018-12-27,68.17,investing
2018-12-28,68.13,investing
2018-12-31,68.1,investing
2019-01-01,68.1,investing
2019-01-02,69.0,investing
2019-01-03,69.08,investing
2019-01-04,68.44,investing
2019-01-07,67.87,investing
2019-01-08,67.72,investing
2019-01-09,67.99,investing
2019-01-10,67.57,investing
2019-01-11,68.24,investing
2019-01-14,68.18,investing
2019-01-15,68.17,investing
2019-01-16,68.05,investing
2019-01-17,67.38,investing
2019-01-18,67.36,investing
2019-01-21,67.1,investing
2019-01-22,67.07,investing
2019-01-23,66.63,investing
2019-01-24,66.42,investing
2019-01-25,66.5,investing
2019-01-28,66.58,investing
2019-01-29,66.73,investing
2019-01-30,66.55,investing
2019-01-31,66.29,investing
2019-02-01,66.28,investing
2019-02-04,66.33,investing
2019-02-05,66.39,investing
2019-02-06,65.5,investing
2019-02-07,65.42,investing
2019-02-08,65.66,investing
2019-02-11,65.68,investing
2019-02-12,65.66,investing
2019-02-13,65.65,investing
2019-02-14,65.71,investing
2019-02-15,64.77,investing
2019-02-18,64.81,investing
2019-02-19,64.82,investing
2019-02-20,64.8,investing
2019-02-21,64.97,investing
2019-02-22,65.13,investing
2019-02-25,65.28,investing
2019-02-26,65.24,investing
2019-02-27,65.28,investing
2019-02-28,65.28,investing
2019-03-01,65.18,investing
2019-03-04,65.23,investing
2019-03-05,65.28,investing
2019-03-06,65.25,investing
2019-03-07,65.37,investing
2019-03-08,65.64,investing
2019-03-11,65.4,investing
2019-03-12,65.41,investing
2019-03-13,65.57,investing
2019-03-14,65.58,investing
2019-03-15,65.58,investing
2019-03-18,65.57,investing
2019-03-19,65.59,investing
2019-03-20,71.16,investing
2019-03-21,68.88,investing
2019-03-22,69.89,investing
2019-03-25,69.75,investing
2019-03-26,69.46,investing
2019-03-27,70.57,investing
2019-03-28,71.84,investing
2019-03-29,70.25,investing
2019-04-01,69.59,investing
2019-04-02,69.46,investing
2019-04-03,69.62,investing
2019-04-04,69.54,investing
2019-04-05,69.53,investing
2019-04-08,69.54,investing
2019-04-09,69.24,investing
2019-04-10,69.23,investing
2019-04-11,69.47,investing
2019-04-12,69.71,investing
2019-04-15,69.7,investing
2019-04-16,69.03,investing
2019-04-17,68.85,investing
2019-04-18,69.56,investing
2019-04-19,69.55,investing
2019-04-22,69.3,investing
2019-04-23,69.89,investing
2019-04-24,69.96,investing
2019-04-25,70.16,investing
2019-04-26,70.23,investing
2019-04-29,70.13,investing
2019-04-30,69.86,investing
2019-05-01,69.97,investing
2019-05-02,70.08,investing
2019-05-03,70.19,investing
2019-05-06,70.15,investing
2019-05-07,70.03,investing
2019-05-08,69.87,investing
2019-05-09,70.24,investing
2019-05-10,70.3,investing
2019-05-13,69.91,investing
2019-05-14,70.29,investing
2019-05-15,70.49,investing
2019-05-16,70.6,investing
2019-05-17,70.8,investing
2019-05-20,70.91,investing
2019-05-21,71.11,investing
2019-05-22,71.14,investing
2019-05-23,71.02,investing
2019-05-24,70.9,investing
2019-05-27,70.71,investing
2019-05-28,70.93,investing
2019-05-29,70.53,investing
2019-05-30,70.42,investing
2019-05-31,70.29,investing
2019-06-03,70.27,investing
2019-06-04,70.52,investing
2019-06-05,70.64,investing
2019-06-06,70.57,investing
2019-06-07,70.49,investing
2019-06-10,70.45,investing
2019-06-11,70.24,investing
2019-06-12,69.98,investing
2019-06-13,69.82,investing
2019-06-14,69.78,investing
2019-06-17,69.9,investing
2019-06-18,68.85,investing
2019-06-19,69.56,investing
2019-06-20,67.73,investing
2019-06-21,67.79,investing
2019-06-24,67.9,investing
2019-06-25,67.88,investing
2019-06-26,67.81,investing
2019-06-27,67.75,investing
2019-06-28,67.61,investing
2019-07-01,67.67,investing
2019-07-02,67.32,investing
2019-07-03,67.29,investing
2019-07-04,67.32,investing
2019-07-05,66.27,investing
2019-07-08,65.86,investing
2019-07-09,66.37,investing
2019-07-10,66.6,investing
2019-07-11,66.74,investing
2019-07-12,66.73,investing
2019-07-15,66.8,investing
2019-07-16,66.6,investing
2019-07-17,66.64,investing
2019-07-18,66.63,investing
2019-07-19,66.45,investing
2019-07-22,66.04,investing
2019-07-23,65.28,investing
2019-07-24,65.75,investing
2019-07-25,65.48,investing
2019-07-26,65.59,investing
2019-07-29,65.69,investing
2019-07-30,64.9,investing
2019-07-31,65.34,investing
2019-08-01,65.24,investing
2019-08-02,65.31,investing
2019-08-05,65.77,investing
2019-08-06,65.71,investing
2019-08-07,64.36,investing
2019-08-08,65.06,investing
2019-08-09,64.93,investing
2019-08-12,65.31,investing
2019-08-13,64.57,investing
2019-08-14,64.35,investing
2019-08-15,64.2,investing
2019-08-16,64.27,investing
2019-08-19,64.48,investing
2019-08-20,60.22,investing
2019-08-21,59.31,investing
2019-08-22,58.05,investing
2019-08-23,57.98,investing
2019-08-26,57.92,investing
2019-08-27,57.36,investing
2019-08-28,58.11,investing
2019-08-29,57.08,investing
2019-08-30,56.48,investing
2019-09-02,56.74,investing
2019-09-03,56.45,investing
2019-09-04,56.0,investing
2019-09-05,55.47,investing
2019-09-06,55.38,investing
2019-09-09,55.1,investing
2019-09-10,54.36,investing
2019-09-11,53.91,investing
2019-09-12,53.32,investing
2019-09-13,53.16,investing
2019-09-16,53.4,investing
2019-09-17,53.61,investing
2019-09-18,53.97,investing
2019-09-19,54.25,investing
2019-09-20,57.54,investing
2019-09-23,55.9,investing
2019-09-24,57.29,investing
2019-09-25,57.15,investing
2019-09-26,57.07,investing
2019-09-27,56.98,investing
2019-09-30,57.05,investing
2019-10-01,57.26,investing
2019-10-02,57.29,investing
2019-10-03,57.37,investing
2019-10-04,57.07,investing
2019-10-07,56.98,investing
2019-10-08,57.03,investing
2019-10-09,57.04,investing
2019-10-10,57.02,investing
2019-10-11,56.77,investing
2019-10-14,56.89,investing
2019-10-15,56.8,investing
2019-10-16,56.86,investing
2019-10-17,56.81,investing
2019-10-18,57.0,investing
2019-10-21,56.97,investing
2019-10-22,57.02,investing
2019-10-23,56.91,investing
2019-10-24,56.92,investing
2019-10-25,56.87,investing
2019-10-28,56.86,investing
2019-10-29,56.89,investing
2019-10-30,56.97,investing
2019-10-31,57.03,investing
2019-11-01,56.89,investing
2019-11-04,56.87,investing
2019-11-05,56.85,investing
2019-11-06,56.93,investing
2019-11-07,56.83,investing
2019-11-08,56.92,investing
2019-11-11,56.95,investing
2019-11-12,56.94,investing
2019-11-13,56.9,investing
2019-11-14,56.44,investing
2019-11-15,56.31,investing
2019-11-18,56.17,investing
2019-11-19,56.08,investing
2019-11-20,55.96,investing
2019-11-21,55.71,investing
2019-11-22,55.75,investing
2019-11-25,55.34,investing
2019-11-26,55.24,investing
2019-11-27,55.48,investing
2019-11-28,55.48,investing
2019-11-29,55.45,investing
2019-12-02,55.45,investing
2019-12-03,55.55,investing
2019-12-04,55.51,investing
2019-12-05,55.47,investing
2019-12-06,55.47,investing
2019-12-09,55.52,investing
2019-12-10,55.37,investing
2019-12-11,52.98,investing
2019-12-12,54.15,investing
2019-12-13,53.88,investing
2019-12-16,53.94,investing
2019-12-17,53.02,investing
2019-12-18,49.65,investing
2019-12-19,49.11,investing
2019-12-20,49.47,investing
2019-12-23,49.54,investing
2019-12-24,49.73,investing
2019-12-25,49.53,investing
2019-12-26,49.85,investing
2019-12-27,49.42,investing
2019-12-30,49.4,investing
2019-12-31,49.33,investing
2020-01-01,49.83,investing
2020-01-02,49.3,investing
2020-01-03,49.37,investing
2020-01-06,49.5,investing
2020-01-07,49.33,investing
2020-01-08,49.69,investing
2020-01-09,48.67,investing
2020-01-10,48.39,investing
2020-01-13,48.14,investing
2020-01-14,47.75,investing
2020-01-15,47.61,investing
2020-01-16,47.4,investing
2020-01-17,47.25,investing
2020-01-20,47.24,investing
2020-01-21,47.17,investing
2020-01-22,47.11,investing
2020-01-23,47.14,investing
2020-01-24,47.15,investing
2020-01-27,47.55,investing
2020-01-28,47.48,investing
2020-01-29,47.65,investing
2020-01-30,47.74,investing
2020-01-31,47.92,investing
2020-02-03,47.81,investing
2020-02-04,47.61,investing
2020-02-05,47.51,investing
2020-02-06,47.42,investing
2020-02-07,47.58,investing
2020-02-10,47.75,investing
2020-02-11,47.41,investing
2020-02-12,47.4,investing
2020-02-13,47.46,investing
2020-02-14,47.49,investing
2020-02-17,47.46,investing
2020-02-18,47.4,investing
2020-02-19,47.44,investing
2020-02-20,47.63,investing
2020-02-21,46.89,investing
2020-02-24,47.36,investing
2020-02-25,47.54,investing
2020-02-26,48.17,investing
2020-02-27,48.05,investing
2020-02-28,50.22,investing
2020-03-02,50.1,investing
2020-03-03,50.31,investing
2020-03-04,50.37,investing
2020-03-05,50.42,investing
2020-03-06,50.7,investing
2020-03-09,50.7,investing
2020-03-10,60.51,investing
2020-03-11,63.32,investing
2020-03-12,66.53,investing
2020-03-13,67.09,investing
2020-03-16,69.07,investing
2020-03-17,70.0,investing
2020-03-18,70.63,investing
2020-03-19,71.41,investing
2020-03-20,75.21,investing
2020-03-23,74.49,investing
2020-03-24,74.79,investing
2020-03-25,74.8,investing
2020-03-26,74.81,investing
2020-03-27,74.82,investing
2020-03-30,75.64,investing
2020-03-31,76.0,investing
2020-04-01,75.9,investing
2020-04-02,75.99,investing
2020-04-03,75.99,investing
2020-04-06,76.01,investing
2020-04-07,75.96,investing
2020-04-08,75.49,investing
2020-04-09,75.63,investing
2020-04-10,75.84,investing
2020-04-13,75.29,investing
2020-04-14,75.69,investing
2020-04-15,75.79,investing
2020-04-16,76.26,investing
2020-04-17,76.15,investing
2020-04-20,76.72,investing
2020-04-21,76.48,investing
2020-04-22,75.95,investing
2020-04-23,75.63,investing
2020-04-24,75.42,investing
2020-04-27,75.21,investing
2020-04-28,75.14,investing
2020-04-29,75.48,investing
2020-04-30,75.29,investing
2020-05-01,75.42,investing
2020-05-04,75.45,investing
2020-05-05,75.54,investing
2020-05-06,75.43,investing
2020-05-07,75.45,investing
2020-05-08,75.44,investing
2020-05-11,75.16,investing
2020-05-12,74.47,investing
2020-05-13,74.75,investing
2020-05-14,74.65,investing
2020-05-15,74.69,investing
2020-05-18,75.13,investing
2020-05-19,75.47,investing
2020-05-20,75.2,investing
2020-05-21,74.23,investing
2020-05-22,74.68,investing
2020-05-25,74.68,investing
2020-05-26,74.6,investing
2020-05-27,74.59,investing
2020-05-28,74.59,investing
2020-05-29,74.61,investing
2020-06-01,74.63,investing
2020-06-02,75.06,investing
2020-06-03,75.28,investing
2020-06-04,75.3,investing
2020-06-05,75.4,investing
2020-06-08,75.57,investing
2020-06-09,73.3,investing
2020-06-10,57.28,investing
2020-06-11,58.92,investing
2020-06-12,58.57,investing
2020-06-15,56.26,investing
2020-06-16,55.96,investing
2020-06-17,55.9,investing
2020-06-18,55.91,investing
2020-06-19,55.81,investing
2020-06-22,55.86,investing
2020-06-23,55.82,investing
2020-06-24,55.81,investing
2020-06-25,56.71,investing
2020-06-26,56.8,investing
2020-06-29,56.86,investing
2020-06-30,56.83,investing
2020-07-01,56.81,investing
2020-07-02,55.95,investing
2020-07-03,55.88,investing
2020-07-06,55.88,investing
2020-07-07,54.74,investing
2020-07-08,54.64,investing
2020-07-09,54.62,investing
2020-07-10,55.7,investing
2020-07-13,55.78,investing
2020-07-14,55.81,investing
2020-07-15,55.81,investing
2020-07-16,55.82,investing
2020-07-17,55.82,investing
2020-07-20,55.82,investing
2020-07-21,55.82,investing
2020-07-22,55.82,investing
2020-07-23,55.81,investing
2020-07-24,55.81,investing
2020-07-27,55.84,investing
2020-07-28,55.82,investing
2020-07-29,55.81,investing
2020-07-30,55.81,investing
2020-07-31,55.81,investing
2020-08-03,55.83,investing
2020-08-04,55.83,investing
2020-08-05,57.97,investing
2020-08-06,58.17,investing
2020-08-07,58.21,investing
2020-08-10,58.29,investing
2020-08-11,58.23,investing
2020-08-12,56.04,investing
2020-08-13,55.87,investing
2020-08-14,55.83,investing
2020-08-17,55.85,investing
2020-08-18,55.81,investing
2020-08-19,55.79,investing
2020-08-20,55.79,investing
2020-08-21,55.77,investing
2020-08-24,55.83,investing
2020-08-25,55.76,investing
2020-08-26,55.76,investing
2020-08-27,55.77,investing
2020-08-28,55.8,investing
2020-08-31,55.77,investing
2020-09-01,55.73,investing
2020-09-02,60.56,investing
2020-09-03,60.57,investing
2020-09-04,60.55,investing
2020-09-07,60.59,investing
2020-09-08,60.59,investing
2020-09-09,60.57,investing
2020-09-10,60.01,investing
2020-09-11,54.58,investing
2020-09-14,54.57,investing
2020-09-15,54.53,investing
2020-09-16,54.52,investing
2020-09-17,54.37,investing
2020-09-18,54.23,investing
2020-09-21,63.64,investing
2020-09-22,62.99,investing
2020-09-23,56.93,investing
2020-09-24,56.86,investing
2020-09-25,57.28,investing
2020-09-28,56.9,investing
2020-09-29,62.82,investing
2020-09-30,55.94,investing
2020-10-01,55.86,investing
2020-10-02,55.84,investing
2020-10-05,55.85,investing
2020-10-06,53.64,investing
2020-10-07,53.44,investing
2020-10-08,53.38,investing
2020-10-09,53.37,investing
2020-10-12,53.4,investing
2020-10-13,53.39,investing
2020-10-14,53.36,investing
2020-10-15,53.36,investing
2020-10-16,53.34,investing
2020-10-19,53.37,investing
2020-10-20,53.35,investing
2020-10-21,53.34,investing
2020-10-22,53.34,investing
2020-10-23,53.35,investing
2020-10-26,53.4,investing
2020-10-27,53.37,investing
2020-10-28,53.35,investing
2020-10-29,53.33,investing
2020-10-30,54.21,investing
2020-11-02,54.79,investing
2020-11-03,54.79,investing
2020-11-04,54.42,investing
2020-11-05,54.35,investing
2020-11-06,53.42,investing
2020-11-09,53.34,investing
2020-11-10,51.12,investing
2020-11-11,50.95,investing
2020-11-12,50.92,investing
2020-11-13,50.71,investing
2020-11-16,50.71,investing
2020-11-17,50.72,investing
2020-11-18,50.7,investing
2020-11-19,49.87,investing
2020-11-20,49.59,investing
2020-11-23,49.5,investing
2020-11-24,49.46,investing
2020-11-25,49.46,investing
2020-11-26,49.45,investing
2020-11-27,49.46,investing
2020-11-30,49.46,investing
2020-12-01,49.38,investing
2020-12-02,49.39,investing
2020-12-03,50.5,investing
2020-12-04,50.47,investing
2020-12-07,50.51,investing
2020-12-08,50.49,investing
2020-12-09,50.47,investing
2020-12-10,50.49,investing
2020-12-11,50.48,investing
2020-12-14,50.45,investing
2020-12-15,50.44,investing
2020-12-16,50.46,investing
2021-12-07,40.44,investing
2021-12-08,40.53,investing
2021-12-09,40.54,investing
2021-12-10,40.55,investing
2021-12-13,40.58,investing
2021-12-14,40.48,investing
2021-12-15,40.5,investing
2021-12-16,40.56,investing
2021-12-17,40.48,investing
2021-12-20,40.52,investing
2021-12-21,40.41,investing
2021-12-22,40.48,investing
2021-12-23,40.46,investing
2021-12-24,40.5,investing
2021-12-27,40.48,investing
2021-12-28,40.5,investing
2021-12-29,40.46,investing
2021-12-30,40.48,investing
2021-12-31,40.49,investing
2022-01-03,40.38,investing
2022-01-04,40.48,investing
2022-01-05,40.39,investing
2022-01-06,40.41,investing
2022-01-07,40.45,investing
2022-01-10,40.43,investing
2022-01-11,40.51,investing
2022-01-12,40.51,investing
2022-01-13,40.52,investing
2022-01-14,40.38,investing
2022-01-17,40.38,investing
2022-01-18,40.38,investing
2022-01-19,40.54,investing
2022-01-20,40.48,investing
2022-01-21,40.57,investing
2022-01-24,40.56,investing
2022-01-25,40.46,investing
2022-01-26,40.41,investing
2022-01-27,40.47,investing
2022-01-28,40.51,investing
2022-01-31,40.48,investing
2022-02-01,40.47,investing
2022-02-02,40.48,investing
2022-02-03,40.39,investing
2022-02-04,40.27,investing
2022-02-07,40.46,investing
2022-02-08,40.41,investing
2022-02-09,40.46,investing
2022-02-10,40.2,investing
2022-02-11,40.66,investing
2022-02-14,40.36,investing
2022-02-15,40.48,investing
2022-02-16,40.54,investing
2022-02-17,40.55,investing
2022-02-18,40.53,investing
2022-02-21,40.51,investing
2022-02-22,40.39,investing
2022-02-23,40.39,investing
2022-02-24,40.53,investing
2022-02-25,40.46,investing
2022-02-28,40.69,investing
2022-03-01,40.79,investing
2022-03-02,40.27,investing
2022-03-03,40.52,investing
2022-03-04,40.62,investing
2022-03-07,40.46,investing
2022-03-08,40.41,investing
2022-03-09,40.45,investing
2022-03-10,40.47,investing
2022-03-11,40.49,investing
2022-03-14,40.34,investing
2022-03-15,40.34,investing
2022-03-16,40.43,investing
2022-03-17,40.52,investing
2022-03-18,40.56,investing
2022-03-21,43.35,investing
2022-03-22,43.51,investing
2022-03-23,43.69,investing
2022-03-24,39.56,investing
2022-03-25,39.41,investing
2022-03-28,39.62,investing
2022-03-29,39.72,investing
2022-03-30,39.73,investing
2022-03-31,39.68,investing
2022-04-01,39.47,investing
2022-04-04,39.25,investing
2022-04-05,39.04,investing
2022-04-06,39.25,investing
2022-04-07,39.24,investing
2022-04-08,39.08,investing
2022-04-11,39.2,investing
2022-04-12,39.44,investing
2022-04-13,39.37,investing
2022-04-14,39.13,investing
2022-04-15,39.23,investing
2022-04-18,39.23,investing
2022-04-19,39.06,investing
2022-04-20,39.28,investing
2022-04-21,39.06,investing
2022-04-22,39.19,investing
2022-04-25,39.34,investing
2022-04-26,39.31,investing
2022-04-27,39.12,investing
2022-04-28,39.11,investing
2022-04-29,39.11,investing
2022-05-02,39.17,investing
2022-05-03,39.21,investing
2022-05-04,39.4,investing
2022-05-05,39.06,investing
2022-05-06,39.16,investing
2022-05-09,39.42,investing
2022-05-10,39.22,investing
2022-05-11,39.25,investing
2022-05-12,42.36,investing
2022-05-13,42.13,investing
2022-05-16,42.29,investing
2022-05-17,42.01,investing
2022-05-18,48.24,investing
2022-05-19,50.25,investing
2022-05-20,50.25,investing
2022-05-23,50.1,investing
2022-05-24,50.31,investing
2022-05-25,50.18,investing
2022-05-26,50.15,investing
2022-05-27,45.19,investing
2022-05-30,45.07,investing
2022-05-31,45.14,investing
2022-06-01,50.03,investing
2022-06-02,50.17,investing
2022-06-03,50.12,investing
2022-06-06,50.06,investing
2022-06-07,50.2,investing
2022-06-08,50.13,investing
2022-06-09,50.11,investing
2022-06-10,51.92,investing
2022-06-13,51.91,investing
2022-06-15,50.33,investing
2022-06-16,50.2,investing
2022-06-17,50.13,investing
2022-06-20,50.1,investing
2022-06-21,50.19,investing
2022-06-22,50.36,investing
2022-06-23,50.26,investing
2022-06-24,50.14,investing
2022-06-27,45.1,investing
2022-06-28,45.18,investing
2022-06-29,50.27,investing
2022-06-30,50.37,investing
2022-07-01,45.44,investing
2022-07-04,45.16,investing
2022-07-05,45.31,investing
2022-07-06,50.04,investing
2022-07-07,50.09,investing
2022-07-08,50.06,investing
2022-07-11,50.27,investing
2022-07-12,47.25,investing
2022-07-13,45.13,investing
2022-07-14,46.13,investing
2022-07-15,46.24,investing
2022-07-18,46.17,investing
2022-07-19,46.11,investing
2022-07-20,46.19,investing
2022-07-21,46.39,investing
2022-07-22,45.37,investing
2022-07-25,45.13,investing
2022-07-26,45.17,investing
2022-07-27,45.29,investing
2022-07-28,45.35,investing
2022-07-29,45.18,investing
2022-08-01,45.21,investing
2022-08-02,44.95,investing
2022-08-03,45.17,investing
2022-08-04,42.28,investing
2022-08-05,41.91,investing
2022-08-08,42.28,investing
2022-08-09,42.11,investing
2022-08-10,42.26,investing
2022-08-11,42.16,investing
2022-08-12,40.22,investing
2022-08-15,40.29,investing
2022-08-16,40.15,investing
2022-08-17,40.09,investing
2022-08-18,40.26,investing
2022-08-19,40.12,investing
2022-08-22,40.13,investing
2022-08-23,40.21,investing
2022-08-24,40.14,investing
2022-08-25,40.25,investing
2022-08-26,40.15,investing
2022-08-29,40.12,investing
2022-08-30,40.15,investing
2022-08-31,40.19,investing
2022-09-01,40.13,investing
2022-09-02,40.36,investing
2022-09-05,40.39,investing
2022-09-06,40.44,investing
2022-09-07,40.5,investing
2022-09-08,40.5,investing
2022-09-09,40.14,investing
2022-09-12,40.19,investing
2022-09-13,39.95,investing
2022-09-14,40.14,investing
2022-09-15,40.09,investing
2022-09-16,40.26,investing
2022-09-19,40.1,investing
2022-09-20,43.69,investing
2022-09-21,43.76,investing
2022-09-22,43.59,investing
2022-09-23,43.68,investing
2022-09-26,43.68,investing
2022-09-27,43.8,investing
2022-09-28,44.09,investing
2022-09-29,43.7,investing
2022-09-30,43.69,investing
2022-10-03,43.92,investing
2022-10-04,43.84,investing
2022-10-05,43.64,investing
2022-10-06,43.67,investing
2022-10-07,43.66,investing
2022-10-10,43.67,investing
2022-10-11,43.77,investing
2022-10-12,43.83,investing
2022-10-13,43.57,investing
2022-10-14,43.7,investing
2022-10-17,43.87,investing
2022-10-18,43.8,investing
2022-10-19,43.6,investing
2022-10-20,43.65,investing
2022-10-21,43.94,investing
2022-10-24,43.74,investing
2022-10-25,43.87,investing
2022-10-26,43.84,investing
2022-10-27,43.88,investing
2022-10-28,43.59,investing
2022-10-31,43.68,investing
2022-11-01,38.17,investing
2022-11-02,38.17,investing
2022-11-03,38.11,investing
2022-11-04,38.29,investing
2022-11-07,38.19,investing
2022-11-08,38.37,investing
2022-11-09,38.32,investing
2022-11-10,38.67,investing
2022-11-11,38.2,investing
2022-11-14,38.17,investing
2022-11-15,38.35,investing
2022-11-16,38.28,investing
2022-11-17,38.08,investing
2022-11-18,38.12,investing
2022-11-21,40.21,investing
2022-11-22,40.3,investing
2022-11-23,40.27,investing
2022-11-24,40.28,investing
2022-11-25,40.23,investing
2022-11-28,40.22,investing
2022-11-29,40.17,investing
2022-11-30,40.37,investing
2022-12-01,37.31,investing
2022-12-02,37.19,investing
2022-12-05,36.98,investing
2022-12-06,39.29,investing
2022-12-07,42.83,investing
2022-12-08,42.58,investing
2022-12-09,42.64,investing
2022-12-12,42.62,investing
2022-12-13,42.87,investing
2022-12-14,42.75,investing
2022-12-15,42.67,investing
2022-12-16,42.72,investing
2022-12-19,42.6,investing
2022-12-20,42.63,investing
2022-12-21,42.73,investing
2022-12-22,42.67,investing
2022-12-23,42.63,investing
2022-12-26,42.73,investing
2022-12-27,42.61,investing
2022-12-28,42.68,investing
2022-12-29,43.21,investing
2022-12-30,43.14,investing
2023-01-02,43.23,investing
2023-01-03,44.27,investing
2023-01-04,44.26,investing
2023-01-05,46.1,investing
2023-01-06,46.39,investing
2023-01-09,45.74,investing
2023-01-10,46.63,investing
2023-01-11,46.74,investing
2023-01-12,46.8,investing
2023-01-13,46.58,investing
2023-01-16,46.66,investing
2023-01-17,46.69,investing
2023-01-18,46.35,investing
2023-01-19,46.14,investing
2023-01-20,46.1,investing
2023-01-23,46.11,investing
2023-01-24,46.22,investing
2023-01-25,46.2,investing
2023-01-26,46.14,investing
2023-01-27,46.15,investing
2023-01-30,55.09,investing
2023-01-31,55.19,investing
2023-02-01,52.65,investing
2023-02-02,49.17,investing
2023-02-03,51.99,investing
2023-02-06,52.0,investing
2023-02-07,52.21,investing
2023-02-08,50.17,investing
2023-02-09,50.13,investing
2023-02-10,50.16,investing
2023-02-13,50.15,investing
2023-02-14,50.01,investing
2023-02-15,50.13,investing
2023-02-16,50.17,investing
2023-02-17,50.2,investing
2023-02-20,50.61,investing
2023-02-21,52.01,investing
2023-02-22,52.65,investing
2023-02-23,52.69,investing
2023-02-24,52.49,investing
2023-02-27,52.66,investing
2023-02-28,52.64,investing
2023-03-01,52.56,investing
2023-03-02,52.6,investing
2023-03-03,52.68,investing
2023-03-06,52.65,investing
2023-03-07,52.56,investing
2023-03-08,52.62,investing
2023-03-09,52.73,investing
2023-03-10,52.96,investing
2023-03-13,54.09,investing
2023-03-14,53.4,investing
2023-03-15,57.4,investing
2023-03-16,56.91,investing
2023-03-17,57.35,investing
2023-03-20,62.04,investing
2023-03-21,61.96,investing
2023-03-22,62.37,investing
2023-03-23,60.33,investing
2023-03-24,60.22,investing
2023-03-27,60.99,investing
2023-03-28,61.13,investing
2023-03-29,61.16,investing
2023-03-30,61.17,investing
2023-03-31,60.24,investing
2023-04-03,59.24,investing
2023-04-04,59.33,investing
2023-04-05,59.75,investing
2023-04-06,59.67,investing
2023-04-07,59.68,investing
2023-04-10,59.7,investing
2023-04-11,59.66,investing
2023-04-12,59.74,investing
2023-04-13,59.67,investing
2023-04-14,59.57,investing
2023-04-17,59.67,investing
2023-04-18,59.68,investing
2023-04-19,62.67,investing
2023-04-20,62.75,investing
2023-04-21,62.65,investing
2023-04-24,63.71,investing
2023-04-25,63.71,investing
2023-04-26,63.62,investing
2023-04-27,63.66,investing
2023-04-28,63.71,investing
2023-05-01,63.64,investing
2023-05-02,63.67,investing
2023-05-03,63.91,investing
2023-05-04,63.96,investing
2023-05-05,64.05,investing
2023-05-08,64.16,investing
2023-05-09,64.18,investing
2023-05-10,63.17,investing
2023-05-11,63.2,investing
2023-05-12,64.19,investing
2023-05-15,63.22,investing
2023-05-16,64.12,investing
2023-05-17,63.24,investing
2023-05-18,63.52,investing
2023-05-19,62.62,investing
2023-05-22,62.65,investing
2023-05-23,62.66,investing
2023-05-24,62.69,investing
2023-05-25,61.53,investing
2023-05-26,61.64,investing
2023-05-29,61.65,investing
2023-05-30,61.67,investing
2023-05-31,61.23,investing
2023-06-01,61.2,investing
2023-06-02,61.01,investing
2023-06-05,61.19,investing
2023-06-06,61.14,investing
2023-06-07,61.07,investing
2023-06-08,61.2,investing
2023-06-09,61.13,investing
2023-06-12,61.17,investing
2023-06-13,61.17,investing
2023-06-14,61.04,investing
2023-06-15,61.1,investing
2023-06-16,61.12,investing
2023-06-19,61.16,investing
2023-06-20,61.13,investing
2023-06-21,61.17,investing
2023-06-22,61.15,investing
2023-06-23,61.16,investing
2023-06-26,60.17,investing
2023-06-27,60.13,investing
2023-06-28,56.66,investing
2023-06-29,56.65,investing
2023-06-30,55.66,investing
2023-07-03,55.63,investing
2023-07-04,55.69,investing
2023-07-05,55.7,investing
2023-07-06,57.13,investing
2023-07-07,57.65,investing
2023-07-10,57.68,investing
2023-07-11,57.69,investing
2023-07-12,57.18,investing
2023-07-13,54.71,investing
2023-07-14,54.64,investing
2023-07-17,54.68,investing
2023-07-18,54.7,investing
2023-07-19,54.69,investing
2023-07-20,54.65,investing
2023-07-21,54.66,investing
2023-07-24,54.66,investing
2023-07-25,54.68,investing
2023-07-26,54.66,investing
2023-07-27,54.68,investing
2023-07-28,54.67,investing
2023-07-31,54.64,investing
2023-08-01,54.68,investing
2023-08-02,54.69,investing
2023-08-03,54.65,investing
2023-08-04,54.66,investing
2023-08-07,54.63,investing
2023-08-08,54.69,investing
2023-08-09,54.67,investing
2023-08-10,54.65,investing
2023-08-11,54.67,investing
2023-08-14,54.67,investing
2023-08-15,54.66,investing
2023-08-16,54.68,investing
2023-08-17,54.65,investing
2023-08-18,54.69,investing
2023-08-21,54.69,investing
2023-08-22,54.08,investing
2023-08-23,54.17,investing
2023-08-24,53.64,investing
2023-08-25,53.15,investing
2023-08-28,53.16,investing
2023-08-29,53.17,investing
2023-08-30,52.63,investing
2023-08-31,52.18,investing
2023-09-01,52.15,investing
2023-09-04,52.17,investing
2023-09-05,52.14,investing
2023-09-06,52.18,investing
2023-09-07,52.18,investing
2023-09-08,52.2,investing
2023-09-11,51.14,investing
2023-09-12,51.17,investing
2023-09-13,51.14,investing
2023-09-14,51.19,investing
2023-09-15,51.18,investing
2023-09-18,49.66,investing
2023-09-19,49.68,investing
2023-09-20,53.73,investing
2023-09-21,49.68,investing
2023-09-22,49.73,investing
2023-09-25,49.73,investing
2023-09-26,51.2,investing
2023-09-27,54.73,investing
2023-09-28,55.22,investing
2023-09-29,57.22,investing
2023-10-02,57.16,investing
2023-10-03,57.2,investing
2023-10-04,57.18,investing
2023-10-05,58.22,investing
2023-10-06,58.19,investing
2023-10-09,58.28,investing
2023-10-10,92.06,investing
2023-10-11,92.03,investing
2023-10-12,107.96,investing
2023-10-13,106.96,investing
2023-10-16,129.87,investing
2023-10-17,124.89,investing
2023-10-18,124.88,investing
2023-10-19,137.37,investing
2023-10-20,139.93,investing
2023-10-23,137.39,investing
2023-10-24,137.34,investing
2023-10-25,137.34,investing
2023-10-26,137.33,investing
2023-10-27,141.83,investing
2023-10-30,141.86,investing
2023-10-31,139.82,investing
2023-11-01,136.86,investing
2023-11-02,136.82,investing
2023-11-03,136.83,investing
2023-11-06,136.84,investing
2023-11-07,134.81,investing
2023-11-08,134.85,investing
2023-11-09,121.88,investing
2023-11-10,121.89,investing
2023-11-13,121.9,investing
2023-11-14,121.9,investing
2023-11-15,123.89,investing
2023-11-16,123.86,investing
2023-11-17,123.88,investing
2023-11-20,123.88,investing
2023-11-21,123.87,investing
2023-11-22,109.95,investing
2023-11-23,109.95,investing
2023-11-24,109.96,investing
2023-11-27,109.95,investing
2023-11-28,109.95,investing
2023-11-29,109.93,investing
2023-11-30,109.95,investing
2023-12-01,109.94,investing
2023-12-04,115.44,investing
2023-12-05,109.94,investing
2023-12-06,109.95,investing
2023-12-07,109.95,investing
2023-12-08,109.95,investing
2023-12-11,109.95,investing
2023-12-12,109.94,investing
2023-12-13,109.94,investing
2023-12-14,109.93,investing
2023-12-15,109.95,investing
2023-12-18,109.94,investing
2023-12-19,109.95,investing
2023-12-20,109.94,investing
2023-12-21,109.94,investing
2023-12-22,109.95,investing
2023-12-25,114.9,investing
2023-12-26,114.9,investing
2023-12-27,114.9,investing
2023-12-28,114.91,investing
2023-12-29,109.93,investing
2024-01-01,106.95,investing
2024-01-02,106.96,investing
2024-01-03,106.96,investing
2024-01-04,114.91,investing
2024-01-05,111.93,investing
2024-01-08,111.93,investing
2024-01-09,111.92,investing
2024-01-10,111.92,investing
2024-01-11,111.92,investing
2024-01-12,119.87,investing
2024-01-15,119.87,investing
2024-01-16,119.89,investing
2024-01-17,121.85,investing
2024-01-18,121.85,investing
2024-01-19,122.88,investing
2024-01-22,122.87,investing
2024-01-23,127.85,investing
2024-01-24,127.84,investing
2024-01-25,127.83,investing
2024-01-26,127.84,investing
2024-01-29,127.84,investing
2024-01-30,127.85,investing
2024-01-31,127.83,investing
2024-02-01,124.87,investing
2024-02-02,121.9,investing
2024-02-05,105.97,investing
2024-02-06,107.45,investing
2024-02-07,107.46,investing
2024-02-08,107.45,investing
2024-02-09,110.94,investing
2024-02-12,110.94,investing
2024-02-13,112.93,investing
2024-02-14,112.92,investing
2024-02-15,112.92,investing
2024-02-16,114.93,investing
2024-02-19,119.89,investing
2024-02-20,117.91,investing
2024-02-21,117.9,investing
2024-02-22,117.92,investing
2024-02-23,117.92,investing
2024-02-26,117.9,investing
2024-02-27,117.91,investing
2024-02-28,114.89,investing
2024-02-29,114.9,investing
2024-03-01,114.9,investing
2024-03-04,114.91,investing
2024-03-05,109.93,investing
2024-03-06,109.93,investing
2024-03-07,109.93,investing
2024-03-08,109.93,investing
2024-03-11,109.93,investing
2024-03-12,109.93,investing
2024-03-13,109.93,investing
2024-03-14,112.92,investing
2024-03-15,112.91,investing
2024-03-18,112.93,investing
2024-03-19,112.91,investing
2024-03-20,116.88,investing
2024-03-21,116.87,investing
2024-03-22,116.87,investing
2024-03-25,115.87,investing
2024-03-26,115.86,investing
2024-03-27,117.86,investing
2024-03-28,117.87,investing
2024-03-29,117.85,investing
2024-04-01,117.85,investing
2024-04-02,117.85,investing
2024-04-03,116.87,investing
2024-04-04,114.88,investing
2024-04-05,113.89,investing
2024-04-08,111.91,investing
2024-04-09,129.76,investing
2024-04-10,121.83,investing
2024-04-11,119.83,investing
2024-04-12,131.75,investing
2024-04-15,139.72,investing
2024-04-16,144.66,investing
2024-04-17,146.66,investing
2024-04-18,142.65,investing
2024-04-19,142.6,investing
2024-04-22,135.75,investing
2024-04-23,132.75,investing
2024-04-24,128.8,investing
2024-04-25,131.76,investing
2024-04-26,132.75,investing
2024-04-29,128.78,investing
2024-04-30,128.78,investing
2024-05-01,130.7,investing
2024-05-02,125.74,investing
2024-05-03,121.78,investing
2024-05-06,121.83,investing
2024-05-07,121.83,investing
2024-05-08,124.82,investing
2024-05-09,127.8,investing
2024-05-10,124.81,investing
2024-05-13,124.81,investing
2024-05-14,124.81,investing
2024-05-15,99.53,investing
2024-05-16,119.84,investing
2024-05-17,119.84,investing
2024-05-20,121.84,investing
2024-05-21,122.69,investing
2024-05-22,119.85,investing
2024-05-23,119.85,investing
2024-05-24,121.83,investing
2024-05-27,121.84,investing
2024-05-28,121.84,investing
2024-05-29,121.85,investing
2024-05-30,137.04,investing
2024-05-31,137.03,investing
2024-06-03,121.84,investing
2024-06-04,121.85,investing
2024-06-05,114.89,investing
2024-06-06,114.89,investing
2024-06-07,114.89,investing
2024-06-10,114.89,investing
2024-06-11,120.84,investing
2024-06-12,119.86,investing
2024-06-13,134.91,investing
2024-06-14,119.71,investing
2024-06-17,125.83,investing
2024-06-18,125.8,investing
2024-06-19,125.82,investing
2024-06-20,125.83,investing
2024-06-21,125.82,investing
2024-06-24,125.81,investing
2024-06-25,125.81,investing
2024-06-26,127.82,investing
2024-06-27,127.81,investing
2024-06-28,127.81,investing
2024-07-01,144.66,investing
2024-07-02,144.65,investing
2024-07-03,144.68,investing
2024-07-04,144.68,investing
2024-07-05,144.68,investing
2024-07-08,139.73,investing
2024-07-09,139.72,investing
2024-07-10,139.73,investing
2024-07-11,139.71,investing
2024-07-12,129.8,investing
2024-07-15,129.8,investing
2024-07-16,129.78,investing
2024-07-17,129.77,investing
2024-07-18,129.8,investing
2024-07-19,129.8,investing
2024-07-22,129.78,investing
2024-07-23,124.82,investing
2024-07-24,124.82,investing
2024-07-25,124.8,investing
2024-07-26,124.82,investing
2024-07-29,124.81,investing
2024-07-30,124.83,investing
2024-07-31,124.83,investing
2024-08-01,124.83,investing
2024-08-02,124.82,investing
2024-08-05,139.69,investing
2024-08-06,144.76,investing
2024-08-07,144.73,investing
2024-08-08,144.63,investing
2024-08-09,144.66,investing
2024-08-12,144.69,investing
2024-08-13,144.68,investing
2024-08-14,144.69,investing
2024-08-15,144.68,investing
2024-08-16,144.67,investing
2024-08-19,144.69,investing
2024-08-20,144.7,investing
2024-08-21,144.68,investing
2024-08-22,144.69,investing
2024-08-23,144.59,investing
2024-08-26,144.67,investing
2024-08-27,144.7,investing
2024-08-28,144.69,investing
2024-08-29,144.68,investing
2024-08-30,144.7,investing
2024-09-02,144.69,investing
2024-09-03,144.7,investing
2024-09-04,144.68,investing
2024-09-05,144.7,investing
2024-09-06,144.68,investing
2024-09-09,144.72,investing
2024-09-10,144.7,investing
2024-09-11,144.67,investing
2024-09-12,144.7,investing
2024-09-13,144.63,investing
2024-09-16,144.68,investing
2024-09-17,144.69,investing
2024-09-18,144.69,investing
2024-09-19,144.69,investing
2024-09-20,148.63,investing
2024-09-23,148.65,investing
2024-09-24,148.65,investing
2024-09-25,148.65,investing
2024-09-26,148.64,investing
2024-09-27,148.65,investing
2024-09-30,148.65,investing
2024-10-01,148.65,investing
2024-10-02,148.65,investing
2024-10-03,148.65,investing
2024-10-04,148.65,investing
2024-10-07,148.66,investing
2024-10-08,148.61,investing
2024-10-09,152.92,investing
2024-10-10,148.63,investing
2024-10-11,148.64,investing
2024-10-14,148.64,investing
2024-10-15,148.66,investing
2024-10-16,148.66,investing
2024-10-17,159.55,investing
2024-10-18,159.52,investing
2024-10-21,159.53,investing
2024-10-22,159.55,investing
2024-10-23,159.57,investing
2024-10-24,159.51,investing
2024-10-25,159.51,investing
2024-10-28,159.57,investing
2024-10-29,159.57,investing
2024-10-30,142.65,investing
2024-10-31,134.77,investing
2024-11-01,139.74,investing
2024-11-04,139.67,investing
2024-11-05,133.77,investing
2024-11-06,133.84,investing
2024-11-07,133.76,investing
2024-11-08,129.81,investing
2024-11-11,129.82,investing
2024-11-12,129.84,investing
2024-11-13,129.81,investing
2024-11-14,129.84,investing
2024-11-15,129.82,investing
2024-11-18,132.78,investing
2024-11-19,128.81,investing
2024-11-20,128.82,investing
2024-11-21,124.84,investing
2024-11-22,122.85,investing
2024-11-25,122.83,investing
2024-11-26,112.92,investing
2024-11-27,114.91,investing
2024-11-28,108.45,investing
2024-11-29,108.45,investing
2024-12-02,108.95,investing
2024-12-03,107.95,investing
2024-12-04,107.95,investing
2024-12-05,107.95,investing
2024-12-06,106.96,investing
2024-12-09,104.97,investing
2024-12-10,102.98,investing
2024-12-11,102.98,investing
2024-12-12,101.98,investing
2024-12-13,101.98,investing
2024-12-16,101.98,investing
2024-12-17,95.02,investing
2024-12-18,90.05,investing
2024-12-19,90.04,investing
2024-12-20,95.02,investing
2024-12-23,90.05,investing
2024-12-24,90.05,investing
2024-12-25,90.05,investing
2024-12-26,90.04,investing
2024-12-27,90.05,investing
2024-12-30,90.05,investing
2024-12-31,90.05,investing
2025-01-01,90.05,investing
2025-01-02,90.04,investing
2025-01-03,90.05,investing
2025-01-06,95.02,investing
2025-01-07,95.03,investing
2025-01-08,95.03,investing
2025-01-09,95.03,investing
2025-01-10,95.03,investing
2025-01-13,100.0,investing
2025-01-14,101.98,investing
2025-01-15,95.03,investing
2025-01-16,90.06,investing
2025-01-17,90.06,investing
2025-01-20,90.06,investing
2025-01-21,90.08,investing
2025-01-22,90.06,investing
2025-01-23,90.07,investing
2025-01-24,86.1,investing
2025-01-27,87.09,investing
2025-01-28,87.08,investing
2025-01-29,87.09,investing
2025-01-30,85.1,investing
2025-01-31,85.09,investing
2025-02-03,85.1,investing
2025-02-04,87.08,investing
2025-02-05,87.09,investing
2025-02-06,85.09,investing
2025-02-07,85.09,investing
2025-02-10,85.09,investing
2025-02-11,85.09,investing
2025-02-12,92.05,investing
2025-02-13,90.07,investing
2025-02-14,90.06,investing
2025-02-17,87.08,investing
2025-02-18,87.07,investing
2025-02-19,87.08,investing
2025-02-20,87.08,investing
2025-02-21,87.08,investing
2025-02-24,87.07,investing
2025-02-25,87.08,investing
2025-02-26,85.08,investing
2025-02-27,78.62,investing
2025-02-28,80.14,investing
2025-03-03,80.1,investing
2025-03-04,80.12,investing
2025-03-05,80.08,investing
2025-03-06,80.14,investing
2025-03-07,80.1,investing
2025-03-20,85.12,investing
2025-03-21,85.11,investing
2025-03-24,85.08,investing
2025-03-25,87.1,investing
2025-04-01,93.56,investing
2025-04-02,93.54,investing
2025-04-03,95.55,investing
2025-04-04,100.0,investing
2025-04-07,100.0,investing
2025-04-08,104.95,investing
2025-04-09,104.99,investing
2025-04-10,114.85,investing
2025-04-11,114.91,investing
2025-04-14,111.86,investing
2025-04-15,109.9,investing
2025-04-16,109.9,investing
2025-04-17,107.94,investing
2025-04-18,107.93,investing
2025-04-21,107.92,investing
2025-04-23,104.96,investing
2025-04-24,100.0,investing
2025-04-25,100.0,investing
2025-04-28,100.0,investing
2025-04-29,100.0,investing
2025-04-30,104.95,investing
2025-05-01,104.97,investing
2025-05-02,104.97,investing
2025-05-05,104.96,investing
2025-05-07,105.94,investing
2025-05-08,105.97,investing
2025-05-09,105.95,investing
2025-05-12,100.99,investing
2025-05-13,99.0,investing
2025-05-14,99.0,investing
2025-05-15,100.0,investing
2025-05-16,99.0,investing
2025-05-19,99.0,investing
2025-05-20,99.0,investing
2025-05-21,100.0,investing
2025-05-22,100.99,investing
2025-05-23,100.99,investing
2025-05-26,100.99,investing
2025-05-27,99.0,investing
2025-05-28,99.0,investing
2025-05-29,98.01,investing
2025-05-30,98.01,investing
2025-06-02,98.01,investing
2025-06-03,98.01,investing
2025-06-04,97.02,investing
2025-06-05,97.01,investing
2025-06-06,96.51,investing
2025-06-09,96.52,investing
2025-06-10,96.52,investing
2025-06-11,96.03,investing
2025-06-12,109.91,investing
2025-06-13,119.86,investing
2025-06-16,109.93,investing
2025-06-17,109.91,investing
2025-06-18,109.92,investing
2025-06-19,109.92,investing
2025-06-20,109.91,investing
2025-06-23,104.95,investing
2025-06-24,95.04,investing
2025-06-25,95.03,investing
2025-06-26,90.07,investing
2025-06-27,90.05,investing
2025-06-30,89.07,investing
2025-07-01,89.06,investing
2025-07-02,85.08,investing
2025-07-03,83.07,investing
2025-07-04,83.1,investing
2025-07-07,83.1,investing
2025-07-08,83.09,investing
2025-07-09,80.14,investing
2025-07-10,80.11,investing
2025-07-11,80.1,investing
2025-07-14,80.11,investing
2025-07-15,77.11,investing
2025-07-16,77.17,investing
2025-07-18,76.16,investing
2025-07-21,76.16,investing
2025-07-22,76.16,investing
2025-07-23,76.11,investing
2025-07-24,76.12,investing
2025-07-25,76.14,investing
2025-07-28,76.13,investing
2025-07-29,75.18,investing
2025-07-30,75.1,investing
2025-07-31,75.14,investing
2025-08-01,75.27,investing
2025-08-04,75.15,investing
2025-08-05,75.13,investing
2025-08-06,75.15,investing
2025-08-07,75.13,investing
2025-08-08,74.12,investing
2025-08-11,74.15,investing
2025-08-12,73.17,investing
2025-08-13,72.69,investing
2025-08-14,72.62,investing
2025-08-15,72.64,investing
2025-08-18,72.65,investing
2025-08-19,72.67,investing
2025-08-20,73.16,investing
2025-08-21,73.12,investing
2025-08-22,73.21,investing
2025-08-25,73.13,investing
2025-08-26,73.18,investing
2025-08-27,73.17,investing
2025-08-28,73.15,investing
2025-08-29,74.39,investing
2025-09-01,73.38,investing
2025-09-02,74.71,investing
2025-09-03,73.72,investing
2025-09-04,73.73,investing
2025-09-05,73.73,investing
2025-09-08,74.39,investing
2025-09-09,74.87,investing
2025-09-10,74.05,investing
2025-09-11,74.22,investing
2025-09-12,74.21,investing
2025-09-15,73.22,investing
2025-09-16,73.06,investing
2025-09-17,73.04,investing
2025-09-18,72.38,investing
2025-09-19,73.05,investing
2025-09-22,78.38,investing
2025-09-23,76.72,investing
2025-09-24,77.38,investing
2025-09-25,78.71,investing
2025-09-26,79.05,investing
2025-09-29,77.72,investing
2025-09-30,78.39,investing
2025-10-01,78.06,investing
2025-10-02,78.05,investing
2025-10-03,77.04,investing
2025-10-06,78.05,investing
2025-10-07,77.39,investing
2025-10-08,77.38,investing
2025-10-09,74.06,investing
2025-10-10,71.42,investing
2025-10-13,70.07,investing
2025-10-14,70.07,investing
2025-10-15,68.39,investing
2025-10-16,68.09,investing
2025-10-17,67.72,investing
2025-10-20,67.74,investing
2025-10-21,68.07,investing
2025-10-22,68.74,investing
2025-10-23,68.4,investing
2025-10-24,69.07,investing
2025-10-27,68.72,investing
2025-10-28,71.56,investing
2025-10-29,70.56,investing
2025-10-30,70.56,investing
2025-10-31,70.89,investing
2025-11-03,70.56,investing
2025-11-04,72.06,investing
2025-11-05,70.73,investing
2025-11-06,70.4,investing
2025-11-07,69.73,investing
2025-11-10,68.72,investing
2025-11-11,68.73,investing
2025-11-12,68.74,investing
2025-11-13,69.06,investing
2025-11-14,69.4,investing
2025-11-17,69.73,investing
2025-11-18,69.9,investing
2025-11-19,69.9,investing
2025-11-20,69.89,investing
2025-11-21,70.4,investing
2025-11-24,70.06,investing
2025-11-25,70.07,investing
2025-11-26,70.06,investing
2025-11-27,70.06,investing
2025-11-28,70.06,investing
2025-12-01,69.73,investing
2025-12-02,69.73,investing
2025-12-03,69.73,investing
2025-12-04,69.39,investing
2025-12-05,69.4,investing
2025-12-08,69.56,investing
2025-12-09,69.23,investing
2025-12-10,68.9,investing
2025-12-11,68.9,investing
2025-12-12,68.57,investing
2025-12-15,67.07,investing
2025-12-16,67.4,investing
2025-12-17,67.39,investing
2025-12-18,67.07,investing
2025-12-19,66.73,investing
2025-12-22,66.73,investing
2025-12-23,67.07,investing
2025-12-24,67.07,investing
2025-12-25,67.07,investing
2025-12-26,67.07,investing
2025-12-29,67.06,investing
2025-12-30,67.07,investing
2025-12-31,67.07,investing
2026-01-01,67.56,investing
2026-01-02,67.56,investing
2026-01-05,68.23,investing
2026-01-06,69.22,investing
2026-01-07,69.39,investing
2026-01-08,69.73,investing
2026-01-09,69.06,investing
2026-01-12,69.72,investing
2026-01-13,70.39,investing
2026-01-14,71.72,investing
2026-01-15,71.22,investing
2026-01-16,71.22,investing
2026-01-19,71.56,investing
2026-01-20,71.56,investing
2026-01-21,70.56,investing
2026-01-22,70.39,investing
2026-01-23,70.39,investing
2026-01-26,70.39,investing
2026-01-27,70.39,investing
2026-01-28,70.39,investing
2026-01-29,72.05,investing
2026-01-30,71.39,investing
2026-02-02,71.56,investing
2026-02-03,71.39,investing
2026-02-04,71.55,investing
2026-02-05,71.72,investing
2026-02-06,71.72,investing
2026-02-09,71.38,investing
2026-02-10,71.39,investing
2026-02-11,71.06,investing
2026-02-12,71.39,investing
2026-02-13,71.39,investing
2026-02-16,70.39,investing
2026-02-17,70.39,investing
2026-02-18,70.72,investing
2026-02-19,73.05,investing
2026-02-20,75.05,investing
2026-02-23,74.55,investing
2026-02-24,77.38,investing
2026-02-25,78.37,investing
2026-02-26,79.37,investing
2026-02-27,82.04,investing
2026-03-02,84.86,investing
2026-03-03,86.03,investing
2026-03-04,86.36,investing
2026-03-05,84.69,investing
2026-03-06,87.03,investing
2026-03-09,88.85,investing
2026-03-10,82.36,investing
2026-03-11,77.04,investing
2026-03-12,79.37,investing
2026-03-13,81.04,investing
2026-03-16,81.7,investing
2026-03-17,80.04,investing
2026-03-18,78.87,investing
2026-03-19,78.37,investing
2026-03-20,82.2,investing
2026-03-23,80.37,investing
2026-03-24,77.71,investing
2026-03-25,74.06,investing
2026-03-26,74.55,investing
2026-03-27,77.05,investing
2026-03-30,80.71,investing
2026-03-31,80.38,investing
2026-04-01,78.72,investing
2026-04-02,77.38,investing
2026-04-03,77.39,investing
2026-04-06,77.38,investing
2026-04-07,77.88,investing
2026-04-08,73.4,investing
2026-04-09,72.05,investing
2026-04-10,73.39,investing
2026-04-13,72.72,investing
2026-04-14,71.72,investing
2026-04-15,70.56,investing
2026-04-16,71.07,investing
2026-04-17,69.06,investing
2026-04-20,68.22,investing
2026-04-21,68.07,investing
2026-04-22,68.24,investing
2026-04-23,68.06,investing
2026-04-24,68.89,investing
2026-04-27,67.06,investing
2026-04-28,67.4,investing
2026-04-29,68.06,investing
2026-05-01,67.07,investing
2026-05-04,67.07,investing
2026-05-05,67.07,investing
2026-05-07,63.24,investing
2026-05-08,63.57,investing
2026-05-11,63.23,investing
2026-05-12,63.74,investing
2026-05-13,69.74,investing
2026-05-14,62.07,investing
2026-05-15,63.06,investing
2026-05-18,63.4,investing
2026-05-19,63.35,investing
2026-05-20,63.07,investing
2026-05-21,62.57,investing
2026-05-22,61.23,investing
2026-05-25,61.1,investing
2026-05-26,60.59,investing
2026-05-27,59.58,investing
2026-05-28,59.23,investing
2026-05-29,57.41,investing
2026-06-01,57.4,investing
2026-06-02,55.41,investing
2026-06-03,55.91,investing
2026-06-04,54.25,investing
2026-06-05,54.25,investing
2026-06-08,54.74,investing
2026-06-09,55.24,investing
2026-06-10,54.41,investing
2026-06-11,53.41,investing
2026-06-12,51.24,investing
2026-06-15,49.6,investing
2026-06-16,49.59,investing
2026-06-17,50.42,investing
2026-06-18,52.93,investing
2026-06-19,53.41,investing
2026-06-22,54.22,investing
2026-06-23,54.58,investing
2026-06-24,54.41,investing
2026-06-25,54.24,investing
2026-06-26,54.92,investing
2026-06-29,55.07,investing
2026-06-30,55.07,investing
2026-07-01,55.07,investing
2026-07-02,56.07,investing
2026-07-03,55.74,investing
2026-07-06,56.08,investing
2026-07-07,56.57,investing
2026-07-08,58.4,investing
2026-07-09,58.57,investing
2026-07-10,58.24,investing
2026-07-13,59.4,investing
2026-07-14,59.73,investing
2026-07-15,60.9,investing
2026-07-16,62.57,investing
2026-07-17,62.99,investing
2026-07-20,65.39,investing
2026-07-21,65.4,investing
2026-07-22,65.56,investing
2026-07-23,66.31,investing
2026-07-24,65.97,investing
2026-07-27,64.24,investing
2026-07-28,63.07,investing
2026-07-29,63.56,investing
2026-07-30,63.22,investing
2026-07-31,64.15,investing
2026-08-03,61.74,manual
2026-08-04,58.73,investing
