date,value,source
2009-01-01,190.22,tase_eod
2009-01-04,190.69,tase_eod
2009-01-05,188.96,tase_eod
2009-01-06,190.51,tase_eod
2009-01-07,190.81,tase_eod
2009-01-08,189.67,tase_eod
2009-01-11,191.12,tase_eod
2009-01-12,192.89,tase_eod
2009-01-13,192.89,tase_eod
2009-01-14,192.73,tase_eod
2009-01-15,189.49,tase_eod
2009-01-18,192.57,tase_eod
2009-01-19,193.85,tase_eod
2009-01-20,193.43,tase_eod
2009-01-21,190.42,tase_eod
2009-01-22,189.74,tase_eod
2009-01-25,189.3,tase_eod
2009-01-26,190.28,tase_eod
2009-01-27,193.86,tase_eod
2009-01-28,195.38,tase_eod
2009-01-29,194.91,tase_eod
2009-02-01,195.95,tase_eod
2009-02-02,198.4,tase_eod
2009-02-03,199.92,tase_eod
2009-02-04,201.99,tase_eod
2009-02-05,201.54,tase_eod
2009-02-08,201.12,tase_eod
2009-02-09,198.76,tase_eod
2009-02-11,195.05,tase_eod
2009-02-12,195.03,tase_eod
2009-02-15,195.58,tase_eod
2009-02-16,196.6,tase_eod
2009-02-17,201.81,tase_eod
2009-02-18,199.15,tase_eod
2009-02-19,199.58,tase_eod
2009-02-22,197.12,tase_eod
2009-02-23,196.33,tase_eod
2009-02-24,194.2,tase_eod
2009-02-25,195.01,tase_eod
2009-02-26,195.93,tase_eod
2009-03-01,195.32,tase_eod
2009-03-02,194.13,tase_eod
2009-03-03,192.86,tase_eod
2009-03-04,193.92,tase_eod
2009-03-05,193.62,tase_eod
2009-03-08,193.87,tase_eod
2009-03-09,195.03,tase_eod
2009-03-11,195.44,tase_eod
2009-03-12,195.43,tase_eod
2009-03-15,196.1,tase_eod
2009-03-16,196.28,tase_eod
2009-03-17,196.97,tase_eod
2009-03-18,198.47,tase_eod
2009-03-19,200.91,tase_eod
2009-03-22,202.01,tase_eod
2009-03-23,203.62,tase_eod
2009-03-24,203.95,tase_eod
2009-03-25,203.76,tase_eod
2009-03-26,205.9,tase_eod
2009-03-29,206.47,tase_eod
2009-03-30,205.45,tase_eod
2009-03-31,205.41,tase_eod
2009-04-01,208.16,tase_eod
2009-04-02,209.69,tase_eod
2009-04-05,211.0,tase_eod
2009-04-06,208.43,tase_eod
2009-04-07,208.51,tase_eod
2009-04-12,212.13,tase_eod
2009-04-13,211.88,tase_eod
2009-04-16,213.24,tase_eod
2009-04-19,211.77,tase_eod
2009-04-20,211.39,tase_eod
2009-04-21,210.83,tase_eod
2009-04-22,212.5,tase_eod
2009-04-23,214.54,tase_eod
2009-04-26,215.43,tase_eod
2009-04-27,214.94,tase_eod
2009-04-30,214.76,tase_eod
2009-05-03,214.39,tase_eod
2009-05-04,214.77,tase_eod
2009-05-05,216.27,tase_eod
2009-05-06,215.69,tase_eod
2009-05-07,216.34,tase_eod
2009-05-10,216.35,tase_eod
2009-05-11,215.29,tase_eod
2009-05-12,213.57,tase_eod
2009-05-13,212.36,tase_eod
2009-05-14,211.79,tase_eod
2009-05-17,214.32,tase_eod
2009-05-18,216.74,tase_eod
2009-05-19,216.25,tase_eod
2009-05-20,216.96,tase_eod
2009-05-21,216.07,tase_eod
2009-05-24,213.44,tase_eod
2009-05-25,213.75,tase_eod
2009-05-26,211.63,tase_eod
2009-05-27,211.24,tase_eod
2009-05-31,212.7,tase_eod
2009-06-01,214.86,tase_eod
2009-06-02,216.46,tase_eod
2009-06-03,217.08,tase_eod
2009-06-04,217.08,tase_eod
2009-06-07,216.94,tase_eod
2009-06-08,216.85,tase_eod
2009-06-09,217.08,tase_eod
2009-06-10,217.78,tase_eod
2009-06-11,218.35,tase_eod
2009-06-14,218.85,tase_eod
2009-06-15,218.28,tase_eod
2009-06-16,218.35,tase_eod
2009-06-17,218.97,tase_eod
2009-06-18,220.7,tase_eod
2009-06-21,222.91,tase_eod
2009-06-22,224.56,tase_eod
2009-06-23,223.92,tase_eod
2009-06-24,223.74,tase_eod
2009-06-25,222.51,tase_eod
2009-06-28,222.74,tase_eod
2009-06-29,223.38,tase_eod
2009-06-30,224.54,tase_eod
2009-07-01,224.93,tase_eod
2009-07-02,224.69,tase_eod
2009-07-05,221.66,tase_eod
2009-07-06,218.34,tase_eod
2009-07-07,220.4,tase_eod
2009-07-08,220.58,tase_eod
2009-07-09,221.59,tase_eod
2009-07-12,223.05,tase_eod
2009-07-13,224.17,tase_eod
2009-07-14,225.83,tase_eod
2009-07-15,225.84,tase_eod
2009-07-16,227.03,tase_eod
2009-07-19,228.39,tase_eod
2009-07-20,228.8,tase_eod
2009-07-21,227.94,tase_eod
2009-07-22,227.62,tase_eod
2009-07-23,226.99,tase_eod
2009-07-26,227.25,tase_eod
2009-07-27,227.01,tase_eod
2009-07-28,228.04,tase_eod
2009-07-29,229.91,tase_eod
2009-08-02,231.96,tase_eod
2009-08-03,233.08,tase_eod
2009-08-04,233.17,tase_eod
2009-08-05,235.35,tase_eod
2009-08-06,234.84,tase_eod
2009-08-09,233.37,tase_eod
2009-08-10,231.38,tase_eod
2009-08-11,231.38,tase_eod
2009-08-12,231.83,tase_eod
2009-08-13,233.41,tase_eod
2009-08-16,232.71,tase_eod
2009-08-17,230.51,tase_eod
2009-08-18,231.37,tase_eod
2009-08-19,232.5,tase_eod
2009-08-20,233.57,tase_eod
2009-08-23,234.83,tase_eod
2009-08-24,235.2,tase_eod
2009-08-25,235.85,tase_eod
2009-08-26,235.98,tase_eod
2009-08-27,235.62,tase_eod
2009-08-30,232.4,tase_eod
2009-08-31,232.75,tase_eod
2009-09-01,233.91,tase_eod
2009-09-02,233.14,tase_eod
2009-09-03,233.4,tase_eod
2009-09-06,233.07,tase_eod
2009-09-07,231.1,tase_eod
2009-09-08,230.99,tase_eod
2009-09-09,231.96,tase_eod
2009-09-10,231.1,tase_eod
2009-09-13,230.12,tase_eod
2009-09-14,227.84,tase_eod
2009-09-15,229.86,tase_eod
2009-09-16,232.02,tase_eod
2009-09-17,233.12,tase_eod
2009-09-21,233.97,tase_eod
2009-09-22,234.21,tase_eod
2009-09-23,234.66,tase_eod
2009-09-24,235.26,tase_eod
2009-09-29,236.96,tase_eod
2009-09-30,238.78,tase_eod
2009-10-01,238.42,tase_eod
2009-10-04,238.42,tase_eod
2009-10-05,238.66,tase_eod
2009-10-06,238.68,tase_eod
2009-10-07,238.56,tase_eod
2009-10-08,239.21,tase_eod
2009-10-11,239.27,tase_eod
2009-10-12,239.48,tase_eod
2009-10-13,239.96,tase_eod
2009-10-14,239.92,tase_eod
2009-10-15,239.76,tase_eod
2009-10-18,240.6,tase_eod
2009-10-19,241.33,tase_eod
2009-10-20,241.43,tase_eod
2009-10-21,240.66,tase_eod
2009-10-22,240.38,tase_eod
2009-10-25,240.48,tase_eod
2009-10-26,240.72,tase_eod
2009-10-27,241.1,tase_eod
2009-10-28,240.97,tase_eod
2009-10-29,240.08,tase_eod
2009-11-01,239.8,tase_eod
2009-11-02,240.24,tase_eod
2009-11-03,239.87,tase_eod
2009-11-04,241.24,tase_eod
2009-11-05,241.67,tase_eod
2009-11-08,242.55,tase_eod
2009-11-09,243.44,tase_eod
2009-11-10,243.53,tase_eod
2009-11-11,244.7,tase_eod
2009-11-12,244.99,tase_eod
2009-11-15,245.19,tase_eod
2009-11-16,246.2,tase_eod
2009-11-17,246.24,tase_eod
2009-11-18,246.6,tase_eod
2009-11-19,245.64,tase_eod
2009-11-22,245.04,tase_eod
2009-11-23,244.88,tase_eod
2009-11-24,243.73,tase_eod
2009-11-25,243.95,tase_eod
2009-11-26,243.85,tase_eod
2009-11-29,242.88,tase_eod
2009-11-30,243.46,tase_eod
2009-12-01,243.66,tase_eod
2009-12-02,245.17,tase_eod
2009-12-03,246.03,tase_eod
2009-12-06,246.03,tase_eod
2009-12-07,245.11,tase_eod
2009-12-08,244.44,tase_eod
2009-12-09,243.79,tase_eod
2009-12-10,243.43,tase_eod
2009-12-13,242.64,tase_eod
2009-12-14,241.17,tase_eod
2009-12-15,237.6,tase_eod
2009-12-16,238.92,tase_eod
2009-12-17,240.33,tase_eod
2009-12-20,240.91,tase_eod
2009-12-21,241.43,tase_eod
2009-12-22,241.16,tase_eod
2009-12-23,241.15,tase_eod
2009-12-24,241.18,tase_eod
2009-12-27,240.27,tase_eod
2009-12-28,239.86,tase_eod
2009-12-29,239.47,tase_eod
2009-12-30,239.56,tase_eod
2009-12-31,241.07,tase_eod
2010-01-03,242.66,tase_eod
2010-01-04,242.99,tase_eod
2010-01-05,243.49,tase_eod
2010-01-06,243.11,tase_eod
2010-01-07,242.96,tase_eod
2010-01-10,243.86,tase_eod
2010-01-11,244.6,tase_eod
2010-01-12,244.01,tase_eod
2010-01-13,244.43,tase_eod
2010-01-14,244.9,tase_eod
2010-01-17,245.57,tase_eod
2010-01-18,246.13,tase_eod
2010-01-19,246.37,tase_eod
2010-01-20,246.93,tase_eod
2010-01-21,247.0,tase_eod
2010-01-24,246.39,tase_eod
2010-01-25,246.87,tase_eod
2010-01-26,246.57,tase_eod
2010-01-27,246.82,tase_eod
2010-01-28,247.29,tase_eod
2010-01-31,246.75,tase_eod
2010-02-01,247.22,tase_eod
2010-02-02,248.1,tase_eod
2010-02-03,249.0,tase_eod
2010-02-04,249.06,tase_eod
2010-02-07,248.82,tase_eod
2010-02-08,248.91,tase_eod
2010-02-09,248.75,tase_eod
2010-02-10,248.81,tase_eod
2010-02-11,248.84,tase_eod
2010-02-14,249.5,tase_eod
2010-02-15,249.98,tase_eod
2010-02-16,249.96,tase_eod
2010-02-17,250.13,tase_eod
2010-02-18,249.96,tase_eod
2010-02-21,250.04,tase_eod
2010-02-22,249.37,tase_eod
2010-02-23,248.97,tase_eod
2010-02-24,248.79,tase_eod
2010-02-25,248.64,tase_eod
2010-03-01,249.36,tase_eod
2010-03-02,250.31,tase_eod
2010-03-03,250.66,tase_eod
2010-03-04,251.18,tase_eod
2010-03-07,251.46,tase_eod
2010-03-08,251.75,tase_eod
2010-03-09,251.65,tase_eod
2010-03-10,251.93,tase_eod
2010-03-11,251.92,tase_eod
2010-03-14,252.22,tase_eod
2010-03-15,251.97,tase_eod
2010-03-16,252.62,tase_eod
2010-03-17,253.39,tase_eod
2010-03-18,254.02,tase_eod
2010-03-21,253.04,tase_eod
2010-03-22,252.35,tase_eod
2010-03-23,252.59,tase_eod
2010-03-24,252.63,tase_eod
2010-03-25,252.34,tase_eod
2010-03-28,252.26,tase_eod
2010-03-31,252.19,tase_eod
2010-04-01,252.25,tase_eod
2010-04-06,250.85,tase_eod
2010-04-07,250.3,tase_eod
2010-04-08,249.73,tase_eod
2010-04-11,250.6,tase_eod
2010-04-12,250.96,tase_eod
2010-04-13,250.91,tase_eod
2010-04-14,250.5,tase_eod
2010-04-15,250.19,tase_eod
2010-04-18,250.6,tase_eod
2010-04-21,251.28,tase_eod
2010-04-22,252.05,tase_eod
2010-04-25,252.25,tase_eod
2010-04-26,252.01,tase_eod
2010-04-27,252.33,tase_eod
2010-04-28,251.83,tase_eod
2010-04-29,251.29,tase_eod
2010-05-02,252.06,tase_eod
2010-05-03,253.01,tase_eod
2010-05-04,253.04,tase_eod
2010-05-05,251.59,tase_eod
2010-05-06,250.35,tase_eod
2010-05-09,248.92,tase_eod
2010-05-10,250.93,tase_eod
2010-05-11,251.2,tase_eod
2010-05-12,252.43,tase_eod
2010-05-13,252.85,tase_eod
2010-05-16,252.44,tase_eod
2010-05-17,253.34,tase_eod
2010-05-20,252.22,tase_eod
2010-05-23,252.04,tase_eod
2010-05-24,251.06,tase_eod
2010-05-25,249.64,tase_eod
2010-05-26,250.05,tase_eod
2010-05-27,251.69,tase_eod
2010-05-30,252.44,tase_eod
2010-05-31,252.74,tase_eod
2010-06-01,253.07,tase_eod
2010-06-02,253.48,tase_eod
2010-06-03,254.05,tase_eod
2010-06-06,254.63,tase_eod
2010-06-07,254.08,tase_eod
2010-06-08,253.95,tase_eod
2010-06-09,254.34,tase_eod
2010-06-10,254.49,tase_eod
2010-06-13,254.15,tase_eod
2010-06-14,253.42,tase_eod
2010-06-15,253.86,tase_eod
2010-06-16,254.55,tase_eod
2010-06-17,255.77,tase_eod
2010-06-20,256.44,tase_eod
2010-06-21,256.54,tase_eod
2010-06-22,256.99,tase_eod
2010-06-23,257.28,tase_eod
2010-06-24,256.92,tase_eod
2010-06-27,257.2,tase_eod
2010-06-28,257.37,tase_eod
2010-06-29,257.26,tase_eod
2010-06-30,256.95,tase_eod
2010-07-01,256.73,tase_eod
2010-07-04,256.79,tase_eod
2010-07-05,257.65,tase_eod
2010-07-06,258.95,tase_eod
2010-07-07,258.92,tase_eod
2010-07-08,259.39,tase_eod
2010-07-11,258.89,tase_eod
2010-07-12,258.11,tase_eod
2010-07-13,258.2,tase_eod
2010-07-14,258.08,tase_eod
2010-07-15,258.8,tase_eod
2010-07-18,259.3,tase_eod
2010-07-19,259.47,tase_eod
2010-07-21,259.65,tase_eod
2010-07-22,260.3,tase_eod
2010-07-25,260.84,tase_eod
2010-07-26,261.25,tase_eod
2010-07-27,261.0,tase_eod
2010-07-28,260.52,tase_eod
2010-07-29,260.38,tase_eod
2010-08-01,261.13,tase_eod
2010-08-02,261.42,tase_eod
2010-08-03,261.63,tase_eod
2010-08-04,262.21,tase_eod
2010-08-05,262.63,tase_eod
2010-08-08,263.52,tase_eod
2010-08-09,262.9,tase_eod
2010-08-10,262.57,tase_eod
2010-08-11,262.78,tase_eod
2010-08-12,262.96,tase_eod
2010-08-15,263.62,tase_eod
2010-08-16,263.4,tase_eod
2010-08-17,263.55,tase_eod
2010-08-18,263.56,tase_eod
2010-08-19,263.43,tase_eod
2010-08-22,263.59,tase_eod
2010-08-23,263.97,tase_eod
2010-08-24,264.0,tase_eod
2010-08-25,264.04,tase_eod
2010-08-26,264.44,tase_eod
2010-08-29,264.42,tase_eod
2010-08-30,264.41,tase_eod
2010-08-31,264.78,tase_eod
2010-09-01,265.43,tase_eod
2010-09-02,265.9,tase_eod
2010-09-05,265.58,tase_eod
2010-09-06,265.58,tase_eod
2010-09-07,264.92,tase_eod
2010-09-12,263.92,tase_eod
2010-09-13,263.29,tase_eod
2010-09-14,262.03,tase_eod
2010-09-15,262.66,tase_eod
2010-09-16,262.87,tase_eod
2010-09-19,262.89,tase_eod
2010-09-20,262.72,tase_eod
2010-09-21,262.58,tase_eod
2010-09-26,263.14,tase_eod
2010-09-27,264.28,tase_eod
2010-09-28,264.93,tase_eod
2010-10-03,265.0,tase_eod
2010-10-04,265.35,tase_eod
2010-10-05,265.99,tase_eod
2010-10-06,266.2,tase_eod
2010-10-07,266.38,tase_eod
2010-10-10,267.92,tase_eod
2010-10-11,268.64,tase_eod
2010-10-12,269.28,tase_eod
2010-10-13,268.57,tase_eod
2010-10-14,268.78,tase_eod
2010-10-17,268.95,tase_eod
2010-10-18,269.86,tase_eod
2010-10-19,270.45,tase_eod
2010-10-20,270.74,tase_eod
2010-10-21,271.15,tase_eod
2010-10-24,270.67,tase_eod
2010-10-25,270.82,tase_eod
2010-10-26,270.5,tase_eod
2010-10-27,270.22,tase_eod
2010-10-28,270.88,tase_eod
2010-10-31,272.05,tase_eod
2010-11-01,272.47,tase_eod
2010-11-02,272.84,tase_eod
2010-11-03,272.49,tase_eod
2010-11-04,272.48,tase_eod
2010-11-07,272.12,tase_eod
2010-11-08,270.78,tase_eod
2010-11-09,270.72,tase_eod
2010-11-10,269.38,tase_eod
2010-11-11,269.01,tase_eod
2010-11-14,267.46,tase_eod
2010-11-15,267.74,tase_eod
2010-11-16,268.64,tase_eod
2010-11-17,269.49,tase_eod
2010-11-18,269.77,tase_eod
2010-11-21,270.18,tase_eod
2010-11-22,269.85,tase_eod
2010-11-23,270.73,tase_eod
2010-11-24,270.85,tase_eod
2010-11-25,270.66,tase_eod
2010-11-28,270.08,tase_eod
2010-11-29,270.06,tase_eod
2010-11-30,269.31,tase_eod
2010-12-01,268.32,tase_eod
2010-12-02,268.15,tase_eod
2010-12-05,268.79,tase_eod
2010-12-06,269.22,tase_eod
2010-12-07,268.93,tase_eod
2010-12-08,268.28,tase_eod
2010-12-09,268.98,tase_eod
2010-12-12,268.31,tase_eod
2010-12-13,268.21,tase_eod
2010-12-14,268.33,tase_eod
2010-12-15,267.75,tase_eod
2010-12-16,267.47,tase_eod
2010-12-19,267.78,tase_eod
2010-12-20,267.75,tase_eod
2010-12-21,267.52,tase_eod
2010-12-22,266.78,tase_eod
2010-12-23,266.21,tase_eod
2010-12-26,264.92,tase_eod
2010-12-27,265.39,tase_eod
2010-12-28,265.57,tase_eod
2010-12-29,266.11,tase_eod
2010-12-30,267.1,tase_eod
2011-01-02,268.13,tase_eod
2011-01-03,268.26,tase_eod
2011-01-04,268.26,tase_eod
2011-01-05,268.06,tase_eod
2011-01-06,268.56,tase_eod
2011-01-09,269.01,tase_eod
2011-01-10,269.41,tase_eod
2011-01-11,269.9,tase_eod
2011-01-12,270.09,tase_eod
2011-01-13,270.14,tase_eod
2011-01-16,270.99,tase_eod
2011-01-17,271.07,tase_eod
2011-01-18,271.43,tase_eod
2011-01-19,271.26,tase_eod
2011-01-20,271.09,tase_eod
2011-01-23,270.54,tase_eod
2011-01-24,270.32,tase_eod
2011-01-25,271.15,tase_eod
2011-01-26,271.26,tase_eod
2011-01-27,270.94,tase_eod
2011-01-30,268.7,tase_eod
2011-01-31,269.32,tase_eod
2011-02-01,269.27,tase_eod
2011-02-02,270.12,tase_eod
2011-02-03,269.28,tase_eod
2011-02-06,269.48,tase_eod
2011-02-07,270.1,tase_eod
2011-02-08,270.19,tase_eod
2011-02-09,270.7,tase_eod
2011-02-10,270.39,tase_eod
2011-02-13,270.66,tase_eod
2011-02-14,270.49,tase_eod
2011-02-15,270.78,tase_eod
2011-02-16,271.39,tase_eod
2011-02-17,271.39,tase_eod
2011-02-20,271.29,tase_eod
2011-02-21,270.8,tase_eod
2011-02-22,270.58,tase_eod
2011-02-23,270.71,tase_eod
2011-02-24,270.24,tase_eod
2011-02-27,271.44,tase_eod
2011-02-28,271.74,tase_eod
2011-03-01,271.62,tase_eod
2011-03-02,270.7,tase_eod
2011-03-03,271.0,tase_eod
2011-03-06,271.07,tase_eod
2011-03-07,271.02,tase_eod
2011-03-08,270.39,tase_eod
2011-03-09,270.17,tase_eod
2011-03-10,270.31,tase_eod
2011-03-13,270.37,tase_eod
2011-03-14,269.99,tase_eod
2011-03-15,269.23,tase_eod
2011-03-16,269.71,tase_eod
2011-03-17,270.51,tase_eod
2011-03-21,270.8,tase_eod
2011-03-22,270.96,tase_eod
2011-03-23,270.96,tase_eod
2011-03-24,270.97,tase_eod
2011-03-27,270.73,tase_eod
2011-03-28,270.61,tase_eod
2011-03-29,269.29,tase_eod
2011-03-30,267.97,tase_eod
2011-03-31,269.19,tase_eod
2011-04-03,268.7,tase_eod
2011-04-04,268.19,tase_eod
2011-04-05,268.18,tase_eod
2011-04-06,268.27,tase_eod
2011-04-07,267.63,tase_eod
2011-04-10,267.64,tase_eod
2011-04-11,267.24,tase_eod
2011-04-12,267.56,tase_eod
2011-04-13,267.49,tase_eod
2011-04-14,266.9,tase_eod
2011-04-17,266.91,tase_eod
2011-04-20,266.88,tase_eod
2011-04-21,266.52,tase_eod
2011-04-26,267.67,tase_eod
2011-04-27,268.63,tase_eod
2011-04-28,268.69,tase_eod
2011-05-01,268.14,tase_eod
2011-05-02,268.44,tase_eod
2011-05-03,268.77,tase_eod
2011-05-04,269.02,tase_eod
2011-05-05,269.24,tase_eod
2011-05-08,269.26,tase_eod
2011-05-11,269.38,tase_eod
2011-05-12,269.12,tase_eod
2011-05-15,269.07,tase_eod
2011-05-16,269.3,tase_eod
2011-05-17,269.69,tase_eod
2011-05-18,269.98,tase_eod
2011-05-19,269.85,tase_eod
2011-05-22,269.48,tase_eod
2011-05-23,268.37,tase_eod
2011-05-24,267.72,tase_eod
2011-05-25,267.31,tase_eod
2011-05-26,268.35,tase_eod
2011-05-29,269.54,tase_eod
2011-05-30,269.73,tase_eod
2011-05-31,270.62,tase_eod
2011-06-01,270.65,tase_eod
2011-06-02,270.94,tase_eod
2011-06-05,270.72,tase_eod
2011-06-06,270.65,tase_eod
2011-06-09,270.01,tase_eod
2011-06-12,269.8,tase_eod
2011-06-13,269.27,tase_eod
2011-06-14,269.9,tase_eod
2011-06-15,269.29,tase_eod
2011-06-16,268.87,tase_eod
2011-06-19,268.24,tase_eod
2011-06-20,267.54,tase_eod
2011-06-21,268.27,tase_eod
2011-06-22,269.17,tase_eod
2011-06-23,268.84,tase_eod
2011-06-26,268.77,tase_eod
2011-06-27,268.8,tase_eod
2011-06-28,269.25,tase_eod
2011-06-29,269.18,tase_eod
2011-06-30,269.5,tase_eod
2011-07-03,270.66,tase_eod
2011-07-04,271.07,tase_eod
2011-07-05,271.43,tase_eod
2011-07-06,271.55,tase_eod
2011-07-07,271.45,tase_eod
2011-07-10,272.22,tase_eod
2011-07-11,271.73,tase_eod
2011-07-12,271.59,tase_eod
2011-07-13,271.84,tase_eod
2011-07-14,272.23,tase_eod
2011-07-17,272.19,tase_eod
2011-07-18,271.43,tase_eod
2011-07-19,271.77,tase_eod
2011-07-20,272.14,tase_eod
2011-07-21,271.77,tase_eod
2011-07-24,272.3,tase_eod
2011-07-25,272.35,tase_eod
2011-07-26,272.32,tase_eod
2011-07-27,271.92,tase_eod
2011-07-28,271.82,tase_eod
2011-07-31,270.45,tase_eod
2011-08-01,270.17,tase_eod
2011-08-02,270.47,tase_eod
2011-08-03,269.83,tase_eod
2011-08-04,269.61,tase_eod
2011-08-07,262.49,tase_eod
2011-08-08,263.02,tase_eod
2011-08-10,260.49,tase_eod
2011-08-11,257.96,tase_eod
2011-08-14,262.69,tase_eod
2011-08-15,265.14,tase_eod
2011-08-16,263.91,tase_eod
2011-08-17,265.62,tase_eod
2011-08-18,264.01,tase_eod
2011-08-21,261.73,tase_eod
2011-08-22,264.05,tase_eod
2011-08-23,263.9,tase_eod
2011-08-24,264.13,tase_eod
2011-08-25,262.87,tase_eod
2011-08-28,263.42,tase_eod
2011-08-29,264.26,tase_eod
2011-08-30,265.92,tase_eod
2011-08-31,266.77,tase_eod
2011-09-01,266.59,tase_eod
2011-09-04,265.29,tase_eod
2011-09-05,264.12,tase_eod
2011-09-06,262.2,tase_eod
2011-09-07,261.81,tase_eod
2011-09-08,260.25,tase_eod
2011-09-11,258.82,tase_eod
2011-09-12,254.74,tase_eod
2011-09-13,256.77,tase_eod
2011-09-14,258.58,tase_eod
2011-09-15,261.07,tase_eod
2011-09-18,263.02,tase_eod
2011-09-19,261.12,tase_eod
2011-09-20,262.68,tase_eod
2011-09-21,263.63,tase_eod
2011-09-22,261.72,tase_eod
2011-09-25,263.24,tase_eod
2011-09-26,264.33,tase_eod
2011-09-27,266.46,tase_eod
2011-10-02,265.23,tase_eod
2011-10-03,264.46,tase_eod
2011-10-04,262.79,tase_eod
2011-10-05,263.71,tase_eod
2011-10-06,263.4,tase_eod
2011-10-09,262.7,tase_eod
2011-10-10,263.63,tase_eod
2011-10-11,264.55,tase_eod
2011-10-16,266.55,tase_eod
2011-10-17,267.4,tase_eod
2011-10-18,267.91,tase_eod
2011-10-23,268.57,tase_eod
2011-10-24,268.73,tase_eod
2011-10-25,269.11,tase_eod
2011-10-26,269.72,tase_eod
2011-10-27,270.91,tase_eod
2011-10-30,269.5,tase_eod
2011-10-31,268.66,tase_eod
2011-11-01,267.66,tase_eod
2011-11-02,268.4,tase_eod
2011-11-03,268.7,tase_eod
2011-11-06,268.4,tase_eod
2011-11-07,267.73,tase_eod
2011-11-08,268.53,tase_eod
2011-11-09,267.94,tase_eod
2011-11-10,267.39,tase_eod
2011-11-13,268.0,tase_eod
2011-11-14,267.31,tase_eod
2011-11-15,267.58,tase_eod
2011-11-16,267.35,tase_eod
2011-11-17,267.76,tase_eod
2011-11-20,266.99,tase_eod
2011-11-21,266.16,tase_eod
2011-11-22,265.83,tase_eod
2011-11-23,265.56,tase_eod
2011-11-24,264.05,tase_eod
2011-11-27,262.63,tase_eod
2011-11-28,264.0,tase_eod
2011-11-29,262.95,tase_eod
2011-11-30,263.72,tase_eod
2011-12-01,263.43,tase_eod
2011-12-04,263.41,tase_eod
2011-12-05,263.9,tase_eod
2011-12-06,264.83,tase_eod
2011-12-07,265.64,tase_eod
2011-12-08,266.48,tase_eod
2011-12-11,266.98,tase_eod
2011-12-12,266.18,tase_eod
2011-12-13,265.85,tase_eod
2011-12-14,265.1,tase_eod
2011-12-15,264.97,tase_eod
2011-12-18,264.71,tase_eod
2011-12-19,264.38,tase_eod
2011-12-20,263.55,tase_eod
2011-12-21,263.45,tase_eod
2011-12-22,263.33,tase_eod
2011-12-25,265.65,tase_eod
2011-12-26,265.81,tase_eod
2011-12-27,266.24,tase_eod
2011-12-28,266.29,tase_eod
2011-12-29,266.29,tase_eod
2012-01-01,267.74,tase_eod
2012-01-02,269.01,tase_eod
2012-01-03,269.6,tase_eod
2012-01-04,269.55,tase_eod
2012-01-05,269.83,tase_eod
2012-01-08,270.08,tase_eod
2012-01-09,270.4,tase_eod
2012-01-10,271.26,tase_eod
2012-01-11,271.31,tase_eod
2012-01-12,271.49,tase_eod
2012-01-15,271.23,tase_eod
2012-01-16,272.04,tase_eod
2012-01-17,272.06,tase_eod
2012-01-18,271.45,tase_eod
2012-01-19,270.81,tase_eod
2012-01-22,270.17,tase_eod
2012-01-23,270.19,tase_eod
2012-01-24,269.76,tase_eod
2012-01-25,269.65,tase_eod
2012-01-26,270.63,tase_eod
2012-01-29,270.2,tase_eod
2012-01-30,269.71,tase_eod
2012-01-31,270.9,tase_eod
2012-02-01,271.93,tase_eod
2012-02-02,272.02,tase_eod
2012-02-05,272.39,tase_eod
2012-02-06,272.49,tase_eod
2012-02-07,271.5,tase_eod
2012-02-12,271.08,tase_eod
2012-02-13,270.89,tase_eod
2012-02-14,271.08,tase_eod
2012-02-15,271.1,tase_eod
2012-02-16,271.57,tase_eod
2012-02-19,271.9,tase_eod
2012-02-20,271.87,tase_eod
2012-02-21,272.36,tase_eod
2012-02-22,272.13,tase_eod
2012-02-23,272.07,tase_eod
2012-02-26,271.29,tase_eod
2012-02-27,270.81,tase_eod
2012-02-28,271.33,tase_eod
2012-02-29,271.7,tase_eod
2012-03-01,271.58,tase_eod
2012-03-04,272.17,tase_eod
2012-03-05,272.22,tase_eod
2012-03-06,270.79,tase_eod
2012-03-07,270.84,tase_eod
2012-03-11,270.75,tase_eod
2012-03-12,271.06,tase_eod
2012-03-13,271.43,tase_eod
2012-03-14,272.32,tase_eod
2012-03-15,273.15,tase_eod
2012-03-18,273.94,tase_eod
2012-03-19,273.58,tase_eod
2012-03-20,273.5,tase_eod
2012-03-21,273.01,tase_eod
2012-03-22,273.01,tase_eod
2012-03-25,273.52,tase_eod
2012-03-26,274.07,tase_eod
2012-03-27,274.29,tase_eod
2012-03-28,274.29,tase_eod
2012-03-29,271.43,tase_eod
2012-04-01,272.48,tase_eod
2012-04-02,273.15,tase_eod
2012-04-03,274.0,tase_eod
2012-04-04,273.97,tase_eod
2012-04-05,274.57,tase_eod
2012-04-08,275.06,tase_eod
2012-04-09,274.94,tase_eod
2012-04-10,275.13,tase_eod
2012-04-11,275.09,tase_eod
2012-04-15,275.42,tase_eod
2012-04-16,275.76,tase_eod
2012-04-17,276.34,tase_eod
2012-04-18,276.55,tase_eod
2012-04-19,276.86,tase_eod
2012-04-22,277.2,tase_eod
2012-04-23,276.47,tase_eod
2012-04-24,276.88,tase_eod
2012-04-29,277.12,tase_eod
2012-04-30,276.64,tase_eod
2012-05-01,276.68,tase_eod
2012-05-02,276.13,tase_eod
2012-05-03,276.53,tase_eod
2012-05-06,275.34,tase_eod
2012-05-07,275.0,tase_eod
2012-05-08,275.16,tase_eod
2012-05-09,274.4,tase_eod
2012-05-10,274.92,tase_eod
2012-05-13,274.96,tase_eod
2012-05-14,274.3,tase_eod
2012-05-15,272.58,tase_eod
2012-05-16,271.5,tase_eod
2012-05-17,270.19,tase_eod
2012-05-20,271.23,tase_eod
2012-05-21,273.4,tase_eod
2012-05-22,274.02,tase_eod
2012-05-23,273.01,tase_eod
2012-05-24,273.31,tase_eod
2012-05-28,274.44,tase_eod
2012-05-29,274.02,tase_eod
2012-05-30,273.0,tase_eod
2012-05-31,273.0,tase_eod
2012-06-03,272.66,tase_eod
2012-06-04,272.92,tase_eod
2012-06-05,272.82,tase_eod
2012-06-06,273.71,tase_eod
2012-06-07,274.59,tase_eod
2012-06-10,274.9,tase_eod
2012-06-11,274.65,tase_eod
2012-06-12,274.08,tase_eod
2012-06-13,273.38,tase_eod
2012-06-14,272.18,tase_eod
2012-06-17,272.94,tase_eod
2012-06-18,273.43,tase_eod
2012-06-19,272.4,tase_eod
2012-06-20,271.04,tase_eod
2012-06-21,270.19,tase_eod
2012-06-24,269.09,tase_eod
2012-06-25,269.25,tase_eod
2012-06-26,269.55,tase_eod
2012-06-27,268.78,tase_eod
2012-06-28,268.76,tase_eod
2012-07-01,270.24,tase_eod
2012-07-02,271.25,tase_eod
2012-07-03,271.73,tase_eod
2012-07-04,271.61,tase_eod
2012-07-05,271.41,tase_eod
2012-07-08,271.86,tase_eod
2012-07-09,271.77,tase_eod
2012-07-10,272.23,tase_eod
2012-07-11,272.72,tase_eod
2012-07-12,273.3,tase_eod
2012-07-15,273.77,tase_eod
2012-07-16,273.49,tase_eod
2012-07-17,273.66,tase_eod
2012-07-18,274.04,tase_eod
2012-07-19,275.41,tase_eod
2012-07-22,274.84,tase_eod
2012-07-23,273.7,tase_eod
2012-07-24,272.82,tase_eod
2012-07-25,273.22,tase_eod
2012-07-26,273.71,tase_eod
2012-07-30,275.03,tase_eod
2012-07-31,275.79,tase_eod
2012-08-01,276.1,tase_eod
2012-08-02,276.37,tase_eod
2012-08-05,276.68,tase_eod
2012-08-06,277.23,tase_eod
2012-08-07,277.78,tase_eod
2012-08-08,277.78,tase_eod
2012-08-09,277.24,tase_eod
2012-08-12,275.06,tase_eod
2012-08-13,272.98,tase_eod
2012-08-14,273.51,tase_eod
2012-08-15,273.54,tase_eod
2012-08-16,275.15,tase_eod
2012-08-19,276.15,tase_eod
2012-08-20,276.09,tase_eod
2012-08-21,276.17,tase_eod
2012-08-22,276.05,tase_eod
2012-08-23,275.5,tase_eod
2012-08-26,275.41,tase_eod
2012-08-27,275.44,tase_eod
2012-08-28,275.13,tase_eod
2012-08-29,274.85,tase_eod
2012-08-30,274.56,tase_eod
2012-09-02,274.68,tase_eod
2012-09-03,274.58,tase_eod
2012-09-04,274.19,tase_eod
2012-09-05,274.15,tase_eod
2012-09-06,273.23,tase_eod
2012-09-09,275.5,tase_eod
2012-09-10,275.72,tase_eod
2012-09-11,275.8,tase_eod
2012-09-12,276.32,tase_eod
2012-09-13,276.72,tase_eod
2012-09-19,278.21,tase_eod
2012-09-20,278.22,tase_eod
2012-09-23,280.0,tase_eod
2012-09-24,280.81,tase_eod
2012-09-27,281.27,tase_eod
2012-10-02,282.0,tase_eod
2012-10-03,282.57,tase_eod
2012-10-04,282.3,tase_eod
2012-10-09,281.22,tase_eod
2012-10-10,281.72,tase_eod
2012-10-11,282.75,tase_eod
2012-10-14,283.4,tase_eod
2012-10-15,283.91,tase_eod
2012-10-16,283.88,tase_eod
2012-10-17,283.82,tase_eod
2012-10-18,283.49,tase_eod
2012-10-21,283.43,tase_eod
2012-10-22,283.66,tase_eod
2012-10-23,283.92,tase_eod
2012-10-24,284.39,tase_eod
2012-10-25,284.53,tase_eod
2012-10-28,284.77,tase_eod
2012-10-29,284.68,tase_eod
2012-10-30,286.08,tase_eod
2012-10-31,286.66,tase_eod
2012-11-01,287.01,tase_eod
2012-11-04,287.0,tase_eod
2012-11-05,286.88,tase_eod
2012-11-06,286.95,tase_eod
2012-11-07,286.84,tase_eod
2012-11-08,286.38,tase_eod
2012-11-11,287.11,tase_eod
2012-11-12,287.31,tase_eod
2012-11-13,287.53,tase_eod
2012-11-14,287.32,tase_eod
2012-11-15,287.14,tase_eod
2012-11-18,286.74,tase_eod
2012-11-19,286.51,tase_eod
2012-11-20,286.58,tase_eod
2012-11-21,286.65,tase_eod
2012-11-22,286.64,tase_eod
2012-11-25,287.26,tase_eod
2012-11-26,287.46,tase_eod
2012-11-27,287.78,tase_eod
2012-11-28,287.62,tase_eod
2012-11-29,287.58,tase_eod
2012-12-02,287.94,tase_eod
2012-12-03,287.55,tase_eod
2012-12-04,287.5,tase_eod
2012-12-05,287.75,tase_eod
2012-12-06,288.67,tase_eod
2012-12-09,289.15,tase_eod
2012-12-10,289.36,tase_eod
2012-12-11,289.34,tase_eod
2012-12-12,289.03,tase_eod
2012-12-13,288.54,tase_eod
2012-12-16,288.28,tase_eod
2012-12-17,287.93,tase_eod
2012-12-18,287.76,tase_eod
2012-12-19,287.39,tase_eod
2012-12-20,287.38,tase_eod
2012-12-23,287.94,tase_eod
2012-12-24,288.14,tase_eod
2012-12-25,288.69,tase_eod
2012-12-26,289.04,tase_eod
2012-12-27,288.84,tase_eod
2012-12-30,288.81,tase_eod
2012-12-31,288.95,tase_eod
2013-01-01,290.02,tase_eod
2013-01-02,290.08,tase_eod
2013-01-03,290.28,tase_eod
2013-01-06,289.95,tase_eod
2013-01-07,289.32,tase_eod
2013-01-08,289.49,tase_eod
2013-01-09,289.95,tase_eod
2013-01-10,289.52,tase_eod
2013-01-13,289.48,tase_eod
2013-01-14,289.27,tase_eod
2013-01-15,289.62,tase_eod
2013-01-16,289.8,tase_eod
2013-01-17,289.83,tase_eod
2013-01-20,289.61,tase_eod
2013-01-21,289.72,tase_eod
2013-01-23,289.56,tase_eod
2013-01-24,290.03,tase_eod
2013-01-27,289.82,tase_eod
2013-01-28,289.8,tase_eod
2013-01-29,289.16,tase_eod
2013-01-30,288.92,tase_eod
2013-01-31,289.35,tase_eod
2013-02-03,289.81,tase_eod
2013-02-04,290.2,tase_eod
2013-02-05,290.57,tase_eod
2013-02-06,290.51,tase_eod
2013-02-07,290.66,tase_eod
2013-02-10,291.11,tase_eod
2013-02-11,291.02,tase_eod
2013-02-12,290.79,tase_eod
2013-02-13,290.18,tase_eod
2013-02-14,290.19,tase_eod
2013-02-17,290.16,tase_eod
2013-02-18,290.18,tase_eod
2013-02-19,290.58,tase_eod
2013-02-20,290.87,tase_eod
2013-02-21,291.19,tase_eod
2013-02-25,291.2,tase_eod
2013-02-26,290.99,tase_eod
2013-02-27,291.28,tase_eod
2013-02-28,291.2,tase_eod
2013-03-03,291.47,tase_eod
2013-03-04,291.7,tase_eod
2013-03-05,292.15,tase_eod
2013-03-06,292.62,tase_eod
2013-03-07,292.92,tase_eod
2013-03-10,293.03,tase_eod
2013-03-11,291.74,tase_eod
2013-03-12,291.64,tase_eod
2013-03-13,291.59,tase_eod
2013-03-14,291.73,tase_eod
2013-03-17,291.35,tase_eod
2013-03-18,291.3,tase_eod
2013-03-19,291.4,tase_eod
2013-03-20,291.59,tase_eod
2013-03-21,291.29,tase_eod
2013-03-24,291.89,tase_eod
2013-03-27,292.38,tase_eod
2013-03-28,292.82,tase_eod
2013-04-02,293.15,tase_eod
2013-04-03,293.37,tase_eod
2013-04-04,293.34,tase_eod
2013-04-07,293.68,tase_eod
2013-04-08,293.5,tase_eod
2013-04-09,293.44,tase_eod
2013-04-10,293.44,tase_eod
2013-04-11,293.69,tase_eod
2013-04-14,293.85,tase_eod
2013-04-17,294.37,tase_eod
2013-04-18,294.53,tase_eod
2013-04-21,294.92,tase_eod
2013-04-22,294.58,tase_eod
2013-04-23,294.98,tase_eod
2013-04-24,294.8,tase_eod
2013-04-25,294.89,tase_eod
2013-04-28,295.48,tase_eod
2013-04-29,295.72,tase_eod
2013-04-30,296.17,tase_eod
2013-05-01,296.66,tase_eod
2013-05-02,297.06,tase_eod
2013-05-05,295.91,tase_eod
2013-05-06,295.72,tase_eod
2013-05-07,295.95,tase_eod
2013-05-08,296.31,tase_eod
2013-05-09,297.02,tase_eod
2013-05-12,296.49,tase_eod
2013-05-13,297.3,tase_eod
2013-05-16,299.37,tase_eod
2013-05-19,299.85,tase_eod
2013-05-20,301.03,tase_eod
2013-05-21,301.17,tase_eod
2013-05-22,301.58,tase_eod
2013-05-23,300.65,tase_eod
2013-05-26,300.65,tase_eod
2013-05-27,300.31,tase_eod
2013-05-28,300.97,tase_eod
2013-05-29,299.45,tase_eod
2013-05-30,298.44,tase_eod
2013-06-02,298.49,tase_eod
2013-06-03,298.2,tase_eod
2013-06-04,298.46,tase_eod
2013-06-05,298.98,tase_eod
2013-06-06,299.3,tase_eod
2013-06-09,298.74,tase_eod
2013-06-10,298.9,tase_eod
2013-06-11,297.89,tase_eod
2013-06-12,297.19,tase_eod
2013-06-13,297.21,tase_eod
2013-06-16,298.45,tase_eod
2013-06-17,299.54,tase_eod
2013-06-18,299.73,tase_eod
2013-06-19,298.94,tase_eod
2013-06-20,297.36,tase_eod
2013-06-23,296.77,tase_eod
2013-06-24,294.66,tase_eod
2013-06-25,295.03,tase_eod
2013-06-26,295.06,tase_eod
2013-06-27,295.94,tase_eod
2013-06-30,296.74,tase_eod
2013-07-01,297.0,tase_eod
2013-07-02,297.68,tase_eod
2013-07-03,298.21,tase_eod
2013-07-04,298.87,tase_eod
2013-07-07,298.11,tase_eod
2013-07-08,297.97,tase_eod
2013-07-09,298.23,tase_eod
2013-07-10,297.96,tase_eod
2013-07-11,298.6,tase_eod
2013-07-14,299.32,tase_eod
2013-07-15,299.84,tase_eod
2013-07-17,300.89,tase_eod
2013-07-18,301.5,tase_eod
2013-07-21,301.71,tase_eod
2013-07-22,302.07,tase_eod
2013-07-23,302.13,tase_eod
2013-07-24,301.6,tase_eod
2013-07-25,301.3,tase_eod
2013-07-28,301.66,tase_eod
2013-07-29,301.68,tase_eod
2013-07-30,301.73,tase_eod
2013-07-31,301.85,tase_eod
2013-08-01,302.17,tase_eod
2013-08-04,303.15,tase_eod
2013-08-05,302.63,tase_eod
2013-08-06,302.53,tase_eod
2013-08-07,302.42,tase_eod
2013-08-08,302.66,tase_eod
2013-08-11,302.92,tase_eod
2013-08-12,303.13,tase_eod
2013-08-13,302.87,tase_eod
2013-08-14,302.58,tase_eod
2013-08-15,302.1,tase_eod
2013-08-18,301.71,tase_eod
2013-08-19,301.28,tase_eod
2013-08-20,301.01,tase_eod
2013-08-21,300.52,tase_eod
2013-08-22,300.28,tase_eod
2013-08-25,301.17,tase_eod
2013-08-26,300.63,tase_eod
2013-08-27,299.12,tase_eod
2013-08-28,298.43,tase_eod
2013-08-29,299.01,tase_eod
2013-09-01,300.06,tase_eod
2013-09-02,299.78,tase_eod
2013-09-03,299.38,tase_eod
2013-09-08,298.2,tase_eod
2013-09-09,298.99,tase_eod
2013-09-10,299.76,tase_eod
2013-09-11,300.56,tase_eod
2013-09-12,301.2,tase_eod
2013-09-15,301.87,tase_eod
2013-09-16,302.15,tase_eod
2013-09-17,301.91,tase_eod
2013-09-22,302.74,tase_eod
2013-09-23,303.24,tase_eod
2013-09-24,304.14,tase_eod
2013-09-29,304.27,tase_eod
2013-09-30,303.98,tase_eod
2013-10-01,303.65,tase_eod
2013-10-02,303.86,tase_eod
2013-10-03,303.9,tase_eod
2013-10-06,304.38,tase_eod
2013-10-07,304.6,tase_eod
2013-10-08,304.4,tase_eod
2013-10-09,304.32,tase_eod
2013-10-10,304.22,tase_eod
2013-10-13,304.45,tase_eod
2013-10-14,304.64,tase_eod
2013-10-15,304.28,tase_eod
2013-10-16,303.99,tase_eod
2013-10-17,304.72,tase_eod
2013-10-20,305.47,tase_eod
2013-10-21,305.69,tase_eod
2013-10-22,305.96,tase_eod
2013-10-23,305.65,tase_eod
2013-10-24,305.76,tase_eod
2013-10-27,306.09,tase_eod
2013-10-28,306.01,tase_eod
2013-10-29,306.03,tase_eod
2013-10-30,306.28,tase_eod
2013-10-31,305.72,tase_eod
2013-11-03,305.32,tase_eod
2013-11-04,305.87,tase_eod
2013-11-05,305.5,tase_eod
2013-11-06,305.89,tase_eod
2013-11-07,306.69,tase_eod
2013-11-10,306.29,tase_eod
2013-11-11,306.42,tase_eod
2013-11-12,306.71,tase_eod
2013-11-13,307.1,tase_eod
2013-11-14,307.24,tase_eod
2013-11-17,308.65,tase_eod
2013-11-18,308.78,tase_eod
2013-11-19,308.81,tase_eod
2013-11-20,308.59,tase_eod
2013-11-21,308.07,tase_eod
2013-11-24,308.59,tase_eod
2013-11-25,308.45,tase_eod
2013-11-26,308.76,tase_eod
2013-11-27,309.01,tase_eod
2013-11-28,309.29,tase_eod
2013-12-01,309.78,tase_eod
2013-12-02,309.78,tase_eod
2013-12-03,310.22,tase_eod
2013-12-04,310.09,tase_eod
2013-12-05,309.76,tase_eod
2013-12-08,309.89,tase_eod
2013-12-09,310.28,tase_eod
2013-12-10,310.54,tase_eod
2013-12-11,310.53,tase_eod
2013-12-12,309.99,tase_eod
2013-12-15,309.51,tase_eod
2013-12-16,309.11,tase_eod
2013-12-17,308.66,tase_eod
2013-12-18,308.44,tase_eod
2013-12-19,307.93,tase_eod
2013-12-22,308.21,tase_eod
2013-12-23,307.66,tase_eod
2013-12-24,306.65,tase_eod
2013-12-25,306.36,tase_eod
2013-12-26,306.41,tase_eod
2013-12-29,305.95,tase_eod
2013-12-30,307.35,tase_eod
2013-12-31,307.29,tase_eod
2014-01-01,306.8,tase_eod
2014-01-02,306.6,tase_eod
2014-01-05,307.17,tase_eod
2014-01-06,307.28,tase_eod
2014-01-07,307.35,tase_eod
2014-01-08,307.18,tase_eod
2014-01-09,307.21,tase_eod
2014-01-12,307.8,tase_eod
2014-01-13,308.12,tase_eod
2014-01-14,308.44,tase_eod
2014-01-15,308.52,tase_eod
2014-01-16,308.82,tase_eod
2014-01-19,308.97,tase_eod
2014-01-20,308.59,tase_eod
2014-01-21,308.46,tase_eod
2014-01-22,308.4,tase_eod
2014-01-23,308.95,tase_eod
2014-01-26,308.85,tase_eod
2014-01-27,308.47,tase_eod
2014-01-28,308.34,tase_eod
2014-01-29,308.29,tase_eod
2014-01-30,308.43,tase_eod
2014-02-02,308.55,tase_eod
2014-02-03,308.71,tase_eod
2014-02-04,309.33,tase_eod
2014-02-05,309.4,tase_eod
2014-02-06,309.11,tase_eod
2014-02-09,309.36,tase_eod
2014-02-10,309.45,tase_eod
2014-02-11,309.7,tase_eod
2014-02-12,309.63,tase_eod
2014-02-13,310.07,tase_eod
2014-02-16,310.08,tase_eod
2014-02-17,310.15,tase_eod
2014-02-18,309.73,tase_eod
2014-02-19,309.66,tase_eod
2014-02-20,309.38,tase_eod
2014-02-23,309.53,tase_eod
2014-02-24,309.77,tase_eod
2014-02-25,310.25,tase_eod
2014-02-26,310.21,tase_eod
2014-02-27,310.54,tase_eod
2014-03-02,311.07,tase_eod
2014-03-03,311.71,tase_eod
2014-03-04,312.04,tase_eod
2014-03-05,312.02,tase_eod
2014-03-06,312.53,tase_eod
2014-03-09,312.85,tase_eod
2014-03-10,313.41,tase_eod
2014-03-11,313.68,tase_eod
2014-03-12,314.43,tase_eod
2014-03-13,314.9,tase_eod
2014-03-17,315.11,tase_eod
2014-03-18,315.18,tase_eod
2014-03-19,315.09,tase_eod
2014-03-20,314.31,tase_eod
2014-03-23,314.49,tase_eod
2014-03-24,314.61,tase_eod
2014-03-25,314.79,tase_eod
2014-03-26,314.3,tase_eod
2014-03-27,313.41,tase_eod
2014-03-30,313.37,tase_eod
2014-03-31,313.05,tase_eod
2014-04-01,313.08,tase_eod
2014-04-02,312.46,tase_eod
2014-04-03,312.79,tase_eod
2014-04-06,313.34,tase_eod
2014-04-07,313.43,tase_eod
2014-04-08,313.73,tase_eod
2014-04-09,314.16,tase_eod
2014-04-10,314.39,tase_eod
2014-04-13,314.07,tase_eod
2014-04-16,314.63,tase_eod
2014-04-17,315.0,tase_eod
2014-04-22,314.73,tase_eod
2014-04-23,314.93,tase_eod
2014-04-24,314.95,tase_eod
2014-04-27,315.09,tase_eod
2014-04-28,315.05,tase_eod
2014-04-29,314.9,tase_eod
2014-04-30,314.92,tase_eod
2014-05-01,315.59,tase_eod
2014-05-04,316.1,tase_eod
2014-05-07,316.2,tase_eod
2014-05-08,316.86,tase_eod
2014-05-11,316.98,tase_eod
2014-05-12,316.77,tase_eod
2014-05-13,316.86,tase_eod
2014-05-14,317.32,tase_eod
2014-05-15,318.34,tase_eod
2014-05-18,318.44,tase_eod
2014-05-19,318.52,tase_eod
2014-05-20,318.03,tase_eod
2014-05-21,317.9,tase_eod
2014-05-22,317.56,tase_eod
2014-05-25,317.35,tase_eod
2014-05-26,316.53,tase_eod
2014-05-27,316.23,tase_eod
2014-05-28,316.71,tase_eod
2014-05-29,317.0,tase_eod
2014-06-01,316.4,tase_eod
2014-06-02,316.07,tase_eod
2014-06-05,315.58,tase_eod
2014-06-08,315.76,tase_eod
2014-06-09,315.81,tase_eod
2014-06-10,315.77,tase_eod
2014-06-11,315.92,tase_eod
2014-06-12,316.05,tase_eod
2014-06-15,316.17,tase_eod
2014-06-16,315.46,tase_eod
2014-06-17,315.16,tase_eod
2014-06-18,315.71,tase_eod
2014-06-19,316.36,tase_eod
2014-06-22,316.12,tase_eod
2014-06-23,315.65,tase_eod
2014-06-24,315.46,tase_eod
2014-06-25,315.38,tase_eod
2014-06-26,315.16,tase_eod
2014-06-29,314.67,tase_eod
2014-06-30,313.98,tase_eod
2014-07-01,314.05,tase_eod
2014-07-02,314.26,tase_eod
2014-07-03,313.63,tase_eod
2014-07-06,313.76,tase_eod
2014-07-07,312.63,tase_eod
2014-07-08,311.42,tase_eod
2014-07-09,312.33,tase_eod
2014-07-10,313.53,tase_eod
2014-07-13,314.05,tase_eod
2014-07-14,314.11,tase_eod
2014-07-15,314.39,tase_eod
2014-07-16,314.43,tase_eod
2014-07-17,314.82,tase_eod
2014-07-20,314.1,tase_eod
2014-07-21,314.29,tase_eod
2014-07-22,314.7,tase_eod
2014-07-23,315.58,tase_eod
2014-07-24,315.7,tase_eod
2014-07-27,315.69,tase_eod
2014-07-28,316.4,tase_eod
2014-07-29,316.62,tase_eod
2014-07-30,316.01,tase_eod
2014-07-31,315.32,tase_eod
2014-08-03,316.2,tase_eod
2014-08-04,315.88,tase_eod
2014-08-06,315.19,tase_eod
2014-08-07,314.82,tase_eod
2014-08-10,314.92,tase_eod
2014-08-11,314.76,tase_eod
2014-08-12,314.69,tase_eod
2014-08-13,314.57,tase_eod
2014-08-14,315.0,tase_eod
2014-08-17,315.27,tase_eod
2014-08-18,315.07,tase_eod
2014-08-19,315.18,tase_eod
2014-08-20,315.67,tase_eod
2014-08-21,316.02,tase_eod
2014-08-24,316.12,tase_eod
2014-08-25,317.03,tase_eod
2014-08-26,317.85,tase_eod
2014-08-27,318.37,tase_eod
2014-08-28,318.97,tase_eod
2014-08-31,319.41,tase_eod
2014-09-01,319.21,tase_eod
2014-09-02,318.55,tase_eod
2014-09-03,318.04,tase_eod
2014-09-04,318.0,tase_eod
2014-09-07,317.89,tase_eod
2014-09-08,318.04,tase_eod
2014-09-09,317.62,tase_eod
2014-09-10,317.22,tase_eod
2014-09-11,317.6,tase_eod
2014-09-14,316.98,tase_eod
2014-09-15,316.87,tase_eod
2014-09-16,317.03,tase_eod
2014-09-17,317.17,tase_eod
2014-09-18,317.06,tase_eod
2014-09-21,317.06,tase_eod
2014-09-22,317.3,tase_eod
2014-09-23,317.72,tase_eod
2014-09-28,318.09,tase_eod
2014-09-29,318.07,tase_eod
2014-09-30,317.92,tase_eod
2014-10-01,318.05,tase_eod
2014-10-02,318.34,tase_eod
2014-10-05,318.71,tase_eod
2014-10-06,319.09,tase_eod
2014-10-07,319.47,tase_eod
2014-10-12,319.93,tase_eod
2014-10-13,319.79,tase_eod
2014-10-14,319.71,tase_eod
2014-10-19,319.37,tase_eod
2014-10-20,318.87,tase_eod
2014-10-21,318.2,tase_eod
2014-10-22,317.77,tase_eod
2014-10-23,317.56,tase_eod
2014-10-26,318.44,tase_eod
2014-10-27,318.23,tase_eod
2014-10-28,317.74,tase_eod
2014-10-29,317.45,tase_eod
2014-10-30,317.33,tase_eod
2014-11-02,318.02,tase_eod
2014-11-03,318.55,tase_eod
2014-11-04,318.72,tase_eod
2014-11-05,318.24,tase_eod
2014-11-06,318.04,tase_eod
2014-11-09,318.6,tase_eod
2014-11-10,317.97,tase_eod
2014-11-11,317.46,tase_eod
2014-11-12,317.47,tase_eod
2014-11-13,317.39,tase_eod
2014-11-16,318.33,tase_eod
2014-11-17,318.37,tase_eod
2014-11-18,318.1,tase_eod
2014-11-19,317.73,tase_eod
2014-11-20,317.2,tase_eod
2014-11-23,314.77,tase_eod
2014-11-24,314.56,tase_eod
2014-11-25,314.61,tase_eod
2014-11-26,315.53,tase_eod
2014-11-27,316.43,tase_eod
2014-11-30,316.19,tase_eod
2014-12-01,314.73,tase_eod
2014-12-02,314.69,tase_eod
2014-12-03,314.69,tase_eod
2014-12-04,315.22,tase_eod
2014-12-07,313.92,tase_eod
2014-12-08,312.78,tase_eod
2014-12-09,312.87,tase_eod
2014-12-10,313.29,tase_eod
2014-12-11,312.53,tase_eod
2014-12-14,310.25,tase_eod
2014-12-15,308.8,tase_eod
2014-12-16,304.18,tase_eod
2014-12-17,307.92,tase_eod
2014-12-18,310.61,tase_eod
2014-12-21,309.44,tase_eod
2014-12-22,311.46,tase_eod
2014-12-23,310.9,tase_eod
2014-12-24,309.92,tase_eod
2014-12-25,309.01,tase_eod
2014-12-28,308.23,tase_eod
2014-12-29,308.18,tase_eod
2014-12-30,308.29,tase_eod
2014-12-31,309.81,tase_eod
2015-01-01,311.19,tase_eod
2015-01-04,311.89,tase_eod
2015-01-05,311.52,tase_eod
2015-01-06,311.09,tase_eod
2015-01-07,310.74,tase_eod
2015-01-08,311.47,tase_eod
2015-01-11,311.96,tase_eod
2015-01-12,313.09,tase_eod
2015-01-13,312.49,tase_eod
2015-01-14,312.19,tase_eod
2015-01-15,312.43,tase_eod
2015-01-18,312.25,tase_eod
2015-01-19,311.58,tase_eod
2015-01-20,311.02,tase_eod
2015-01-21,311.99,tase_eod
2015-01-22,312.95,tase_eod
2015-01-25,312.63,tase_eod
2015-01-26,312.48,tase_eod
2015-01-27,311.8,tase_eod
2015-01-28,310.5,tase_eod
2015-01-29,310.97,tase_eod
2015-02-01,311.8,tase_eod
2015-02-02,312.28,tase_eod
2015-02-03,311.54,tase_eod
2015-02-04,312.07,tase_eod
2015-02-05,312.11,tase_eod
2015-02-08,311.53,tase_eod
2015-02-09,311.68,tase_eod
2015-02-10,311.58,tase_eod
2015-02-11,312.33,tase_eod
2015-02-12,313.47,tase_eod
2015-02-15,315.29,tase_eod
2015-02-16,315.78,tase_eod
2015-02-17,315.58,tase_eod
2015-02-18,314.87,tase_eod
2015-02-19,314.59,tase_eod
2015-02-22,314.85,tase_eod
2015-02-23,316.21,tase_eod
2015-02-24,316.78,tase_eod
2015-02-25,318.42,tase_eod
2015-02-26,317.9,tase_eod
2015-03-01,318.38,tase_eod
2015-03-02,318.21,tase_eod
2015-03-03,317.82,tase_eod
2015-03-04,318.13,tase_eod
2015-03-08,317.01,tase_eod
2015-03-09,316.97,tase_eod
2015-03-10,317.24,tase_eod
2015-03-11,316.99,tase_eod
2015-03-12,315.97,tase_eod
2015-03-15,315.22,tase_eod
2015-03-16,315.51,tase_eod
2015-03-18,316.71,tase_eod
2015-03-19,317.63,tase_eod
2015-03-22,317.68,tase_eod
2015-03-23,316.41,tase_eod
2015-03-24,316.15,tase_eod
2015-03-25,315.54,tase_eod
2015-03-26,315.2,tase_eod
2015-03-29,315.23,tase_eod
2015-03-30,314.41,tase_eod
2015-03-31,314.79,tase_eod
2015-04-01,314.82,tase_eod
2015-04-02,314.3,tase_eod
2015-04-05,315.67,tase_eod
2015-04-06,315.98,tase_eod
2015-04-07,315.98,tase_eod
2015-04-08,315.94,tase_eod
2015-04-12,316.18,tase_eod
2015-04-13,316.42,tase_eod
2015-04-14,316.63,tase_eod
2015-04-15,317.71,tase_eod
2015-04-16,318.67,tase_eod
2015-04-19,318.56,tase_eod
2015-04-20,318.95,tase_eod
2015-04-21,319.35,tase_eod
2015-04-26,320.67,tase_eod
2015-04-27,320.31,tase_eod
2015-04-28,319.88,tase_eod
2015-04-29,319.0,tase_eod
2015-04-30,318.57,tase_eod
2015-05-03,318.24,tase_eod
2015-05-04,319.01,tase_eod
2015-05-05,318.32,tase_eod
2015-05-06,317.29,tase_eod
2015-05-07,316.98,tase_eod
2015-05-10,318.29,tase_eod
2015-05-11,317.86,tase_eod
2015-05-12,316.46,tase_eod
2015-05-13,316.6,tase_eod
2015-05-14,316.46,tase_eod
2015-05-17,318.69,tase_eod
2015-05-18,318.07,tase_eod
2015-05-19,317.81,tase_eod
2015-05-20,317.76,tase_eod
2015-05-21,318.77,tase_eod
2015-05-25,318.58,tase_eod
2015-05-26,318.15,tase_eod
2015-05-27,318.01,tase_eod
2015-05-28,317.98,tase_eod
2015-05-31,318.27,tase_eod
2015-06-01,318.01,tase_eod
2015-06-02,316.49,tase_eod
2015-06-03,314.18,tase_eod
2015-06-04,312.79,tase_eod
2015-06-07,311.7,tase_eod
2015-06-08,312.19,tase_eod
2015-06-09,310.6,tase_eod
2015-06-10,309.39,tase_eod
2015-06-11,310.58,tase_eod
2015-06-14,311.35,tase_eod
2015-06-15,312.98,tase_eod
2015-06-16,313.46,tase_eod
2015-06-17,313.85,tase_eod
2015-06-18,314.52,tase_eod
2015-06-21,314.94,tase_eod
2015-06-22,313.49,tase_eod
2015-06-23,311.56,tase_eod
2015-06-24,310.74,tase_eod
2015-06-25,310.33,tase_eod
2015-06-28,308.06,tase_eod
2015-06-29,307.88,tase_eod
2015-06-30,309.31,tase_eod
2015-07-01,310.32,tase_eod
2015-07-02,311.07,tase_eod
2015-07-05,311.55,tase_eod
2015-07-06,312.14,tase_eod
2015-07-07,313.39,tase_eod
2015-07-08,312.94,tase_eod
2015-07-09,312.55,tase_eod
2015-07-12,311.89,tase_eod
2015-07-13,311.59,tase_eod
2015-07-14,312.26,tase_eod
2015-07-15,313.5,tase_eod
2015-07-16,314.03,tase_eod
2015-07-19,315.03,tase_eod
2015-07-20,315.32,tase_eod
2015-07-21,315.61,tase_eod
2015-07-22,315.22,tase_eod
2015-07-23,315.17,tase_eod
2015-07-27,315.56,tase_eod
2015-07-28,314.83,tase_eod
2015-07-29,313.64,tase_eod
2015-07-30,313.78,tase_eod
2015-08-02,314.3,tase_eod
2015-08-03,314.39,tase_eod
2015-08-04,313.84,tase_eod
2015-08-05,312.96,tase_eod
2015-08-06,313.11,tase_eod
2015-08-09,312.93,tase_eod
2015-08-10,312.68,tase_eod
2015-08-11,313.3,tase_eod
2015-08-12,313.74,tase_eod
2015-08-13,314.41,tase_eod
2015-08-16,314.6,tase_eod
2015-08-17,314.22,tase_eod
2015-08-18,314.53,tase_eod
2015-08-19,314.09,tase_eod
2015-08-20,313.2,tase_eod
2015-08-23,311.32,tase_eod
2015-08-24,309.06,tase_eod
2015-08-25,310.18,tase_eod
2015-08-26,310.1,tase_eod
2015-08-27,311.3,tase_eod
2015-08-30,312.82,tase_eod
2015-08-31,311.86,tase_eod
2015-09-01,311.4,tase_eod
2015-09-02,310.9,tase_eod
2015-09-03,310.73,tase_eod
2015-09-06,310.32,tase_eod
2015-09-07,310.57,tase_eod
2015-09-08,310.25,tase_eod
2015-09-09,309.58,tase_eod
2015-09-10,309.33,tase_eod
2015-09-16,307.85,tase_eod
2015-09-17,308.3,tase_eod
2015-09-20,309.2,tase_eod
2015-09-21,309.78,tase_eod
2015-09-24,309.94,tase_eod
2015-09-29,308.98,tase_eod
2015-09-30,308.78,tase_eod
2015-10-01,308.9,tase_eod
2015-10-06,308.96,tase_eod
2015-10-07,309.64,tase_eod
2015-10-08,309.99,tase_eod
2015-10-11,309.95,tase_eod
2015-10-12,310.61,tase_eod
2015-10-13,310.76,tase_eod
2015-10-14,311.45,tase_eod
2015-10-15,311.58,tase_eod
2015-10-18,312.05,tase_eod
2015-10-19,311.75,tase_eod
2015-10-20,311.53,tase_eod
2015-10-21,311.44,tase_eod
2015-10-22,312.03,tase_eod
2015-10-25,311.63,tase_eod
2015-10-26,312.19,tase_eod
2015-10-27,313.11,tase_eod
2015-10-28,312.34,tase_eod
2015-10-29,311.08,tase_eod
2015-11-01,311.24,tase_eod
2015-11-02,310.78,tase_eod
2015-11-03,310.29,tase_eod
2015-11-04,310.41,tase_eod
2015-11-05,310.48,tase_eod
2015-11-08,309.71,tase_eod
2015-11-09,309.4,tase_eod
2015-11-10,309.85,tase_eod
2015-11-11,310.55,tase_eod
2015-11-12,310.32,tase_eod
2015-11-15,310.56,tase_eod
2015-11-16,310.89,tase_eod
2015-11-17,311.06,tase_eod
2015-11-18,311.19,tase_eod
2015-11-19,311.22,tase_eod
2015-11-22,310.77,tase_eod
2015-11-23,310.3,tase_eod
2015-11-24,310.43,tase_eod
2015-11-25,311.07,tase_eod
2015-11-26,311.2,tase_eod
2015-11-29,310.72,tase_eod
2015-11-30,310.18,tase_eod
2015-12-01,310.69,tase_eod
2015-12-02,310.46,tase_eod
2015-12-03,310.07,tase_eod
2015-12-06,309.77,tase_eod
2015-12-07,309.6,tase_eod
2015-12-08,309.21,tase_eod
2015-12-09,309.03,tase_eod
2015-12-10,309.15,tase_eod
2015-12-13,308.53,tase_eod
2015-12-14,307.71,tase_eod
2015-12-15,307.44,tase_eod
2015-12-16,307.3,tase_eod
2015-12-17,308.82,tase_eod
2015-12-20,308.32,tase_eod
2015-12-21,307.84,tase_eod
2015-12-22,307.66,tase_eod
2015-12-23,307.79,tase_eod
2015-12-24,308.16,tase_eod
2015-12-27,308.04,tase_eod
2015-12-28,307.87,tase_eod
2015-12-29,307.82,tase_eod
2015-12-30,307.85,tase_eod
2015-12-31,308.48,tase_eod
2016-01-03,309.24,tase_eod
2016-01-04,309.01,tase_eod
2016-01-05,308.95,tase_eod
2016-01-06,308.58,tase_eod
2016-01-07,307.76,tase_eod
2016-01-10,307.58,tase_eod
2016-01-11,306.99,tase_eod
2016-01-12,306.32,tase_eod
2016-01-13,306.1,tase_eod
2016-01-14,304.8,tase_eod
2016-01-17,304.64,tase_eod
2016-01-18,304.05,tase_eod
2016-01-19,303.91,tase_eod
2016-01-20,302.8,tase_eod
2016-01-21,303.41,tase_eod
2016-01-24,303.96,tase_eod
2016-01-25,304.69,tase_eod
2016-01-26,304.71,tase_eod
2016-01-27,305.61,tase_eod
2016-01-28,306.49,tase_eod
2016-01-31,307.5,tase_eod
2016-02-01,306.5,tase_eod
2016-02-02,306.59,tase_eod
2016-02-03,306.37,tase_eod
2016-02-04,306.08,tase_eod
2016-02-07,305.67,tase_eod
2016-02-08,304.6,tase_eod
2016-02-09,303.07,tase_eod
2016-02-10,302.88,tase_eod
2016-02-11,301.27,tase_eod
2016-02-14,302.54,tase_eod
2016-02-15,304.33,tase_eod
2016-02-16,304.81,tase_eod
2016-02-17,305.23,tase_eod
2016-02-18,305.3,tase_eod
2016-02-21,304.61,tase_eod
2016-02-22,304.65,tase_eod
2016-02-23,304.89,tase_eod
2016-02-24,305.02,tase_eod
2016-02-25,305.55,tase_eod
2016-02-28,306.39,tase_eod
2016-02-29,307.39,tase_eod
2016-03-01,308.19,tase_eod
2016-03-02,308.64,tase_eod
2016-03-03,308.67,tase_eod
2016-03-06,308.78,tase_eod
2016-03-07,307.78,tase_eod
2016-03-08,308.06,tase_eod
2016-03-09,307.95,tase_eod
2016-03-10,308.3,tase_eod
2016-03-13,307.74,tase_eod
2016-03-14,308.15,tase_eod
2016-03-15,308.7,tase_eod
2016-03-16,309.19,tase_eod
2016-03-17,310.57,tase_eod
2016-03-20,310.54,tase_eod
2016-03-21,309.98,tase_eod
2016-03-22,310.25,tase_eod
2016-03-23,310.45,tase_eod
2016-03-27,310.15,tase_eod
2016-03-28,310.16,tase_eod
2016-03-29,310.28,tase_eod
2016-03-30,310.32,tase_eod
2016-03-31,310.83,tase_eod
2016-04-03,310.74,tase_eod
2016-04-04,310.62,tase_eod
2016-04-05,310.86,tase_eod
2016-04-06,311.11,tase_eod
2016-04-07,311.56,tase_eod
2016-04-10,311.5,tase_eod
2016-04-11,311.52,tase_eod
2016-04-12,311.55,tase_eod
2016-04-13,311.99,tase_eod
2016-04-14,312.37,tase_eod
2016-04-17,312.85,tase_eod
2016-04-18,312.67,tase_eod
2016-04-19,312.66,tase_eod
2016-04-20,312.66,tase_eod
2016-04-21,312.99,tase_eod
2016-04-24,313.28,tase_eod
2016-04-25,313.58,tase_eod
2016-04-26,313.49,tase_eod
2016-04-27,313.54,tase_eod
2016-05-01,313.81,tase_eod
2016-05-02,313.42,tase_eod
2016-05-03,313.62,tase_eod
2016-05-04,313.39,tase_eod
2016-05-05,313.52,tase_eod
2016-05-08,313.35,tase_eod
2016-05-09,313.31,tase_eod
2016-05-10,313.08,tase_eod
2016-05-15,313.37,tase_eod
2016-05-16,313.31,tase_eod
2016-05-17,313.32,tase_eod
2016-05-18,313.04,tase_eod
2016-05-19,312.48,tase_eod
2016-05-22,312.83,tase_eod
2016-05-23,313.11,tase_eod
2016-05-24,312.96,tase_eod
2016-05-25,312.81,tase_eod
2016-05-26,313.13,tase_eod
2016-05-29,313.21,tase_eod
2016-05-30,313.13,tase_eod
2016-05-31,313.09,tase_eod
2016-06-01,313.53,tase_eod
2016-06-02,313.35,tase_eod
2016-06-05,313.73,tase_eod
2016-06-06,313.54,tase_eod
2016-06-07,313.79,tase_eod
2016-06-08,314.17,tase_eod
2016-06-09,314.59,tase_eod
2016-06-13,314.3,tase_eod
2016-06-14,313.83,tase_eod
2016-06-15,313.71,tase_eod
2016-06-16,314.27,tase_eod
2016-06-19,314.24,tase_eod
2016-06-20,313.96,tase_eod
2016-06-21,313.96,tase_eod
2016-06-22,314.21,tase_eod
2016-06-23,314.43,tase_eod
2016-06-26,313.09,tase_eod
2016-06-27,313.02,tase_eod
2016-06-28,313.7,tase_eod
2016-06-29,314.4,tase_eod
2016-06-30,314.96,tase_eod
2016-07-03,315.87,tase_eod
2016-07-04,316.21,tase_eod
2016-07-05,316.55,tase_eod
2016-07-06,316.12,tase_eod
2016-07-07,316.08,tase_eod
2016-07-10,316.84,tase_eod
2016-07-11,317.56,tase_eod
2016-07-12,317.62,tase_eod
2016-07-13,317.64,tase_eod
2016-07-14,317.37,tase_eod
2016-07-17,317.21,tase_eod
2016-07-18,317.25,tase_eod
2016-07-19,317.71,tase_eod
2016-07-20,317.67,tase_eod
2016-07-21,317.45,tase_eod
2016-07-24,317.93,tase_eod
2016-07-25,318.31,tase_eod
2016-07-26,317.67,tase_eod
2016-07-27,317.67,tase_eod
2016-07-28,317.9,tase_eod
2016-07-31,318.28,tase_eod
2016-08-01,317.59,tase_eod
2016-08-02,316.72,tase_eod
2016-08-03,316.36,tase_eod
2016-08-04,316.43,tase_eod
2016-08-07,316.38,tase_eod
2016-08-08,316.27,tase_eod
2016-08-09,316.32,tase_eod
2016-08-10,316.54,tase_eod
2016-08-11,316.27,tase_eod
2016-08-15,315.95,tase_eod
2016-08-16,316.4,tase_eod
2016-08-17,316.48,tase_eod
2016-08-18,317.01,tase_eod
2016-08-21,317.14,tase_eod
2016-08-22,317.01,tase_eod
2016-08-23,316.89,tase_eod
2016-08-24,317.39,tase_eod
2016-08-25,317.6,tase_eod
2016-08-28,317.46,tase_eod
2016-08-29,317.57,tase_eod
2016-08-30,318.19,tase_eod
2016-08-31,317.9,tase_eod
2016-09-01,317.44,tase_eod
2016-09-04,317.27,tase_eod
2016-09-05,317.65,tase_eod
2016-09-06,317.6,tase_eod
2016-09-07,317.84,tase_eod
2016-09-08,317.54,tase_eod
2016-09-11,316.78,tase_eod
2016-09-12,316.05,tase_eod
2016-09-13,316.48,tase_eod
2016-09-14,316.06,tase_eod
2016-09-15,315.95,tase_eod
2016-09-18,315.79,tase_eod
2016-09-19,315.41,tase_eod
2016-09-20,314.96,tase_eod
2016-09-21,314.52,tase_eod
2016-09-22,315.45,tase_eod
2016-09-25,315.56,tase_eod
2016-09-26,315.4,tase_eod
2016-09-27,315.07,tase_eod
2016-09-28,314.84,tase_eod
2016-09-29,314.89,tase_eod
2016-10-05,314.64,tase_eod
2016-10-06,314.72,tase_eod
2016-10-09,314.96,tase_eod
2016-10-10,315.11,tase_eod
2016-10-13,314.73,tase_eod
2016-10-18,314.88,tase_eod
2016-10-19,315.28,tase_eod
2016-10-20,315.72,tase_eod
2016-10-25,315.52,tase_eod
2016-10-26,315.32,tase_eod
2016-10-27,314.86,tase_eod
2016-10-30,314.95,tase_eod
2016-10-31,315.53,tase_eod
2016-11-01,315.58,tase_eod
2016-11-02,315.6,tase_eod
2016-11-03,315.5,tase_eod
2016-11-06,315.44,tase_eod
2016-11-07,315.45,tase_eod
2016-11-08,315.51,tase_eod
2016-11-09,314.93,tase_eod
2016-11-10,314.78,tase_eod
2016-11-13,314.28,tase_eod
2016-11-14,313.79,tase_eod
2016-11-15,314.24,tase_eod
2016-11-16,314.72,tase_eod
2016-11-17,315.09,tase_eod
2016-11-20,314.97,tase_eod
2016-11-21,315.31,tase_eod
2016-11-22,315.27,tase_eod
2016-11-23,315.15,tase_eod
2016-11-24,315.12,tase_eod
2016-11-27,315.08,tase_eod
2016-11-28,315.1,tase_eod
2016-11-29,314.86,tase_eod
2016-11-30,314.82,tase_eod
2016-12-01,315.09,tase_eod
2016-12-04,315.77,tase_eod
2016-12-05,315.67,tase_eod
2016-12-06,315.93,tase_eod
2016-12-07,316.14,tase_eod
2016-12-08,316.18,tase_eod
2016-12-11,316.05,tase_eod
2016-12-12,316.36,tase_eod
2016-12-13,316.61,tase_eod
2016-12-14,316.52,tase_eod
2016-12-15,315.85,tase_eod
2016-12-18,315.43,tase_eod
2016-12-19,315.48,tase_eod
2016-12-20,315.26,tase_eod
2016-12-21,314.89,tase_eod
2016-12-22,314.88,tase_eod
2016-12-25,314.41,tase_eod
2016-12-26,314.23,tase_eod
2016-12-27,314.62,tase_eod
2016-12-28,315.19,tase_eod
2016-12-29,315.68,tase_eod
2017-01-01,316.16,tase_eod
2017-01-02,316.79,tase_eod
2017-01-03,316.89,tase_eod
2017-01-04,317.26,tase_eod
2017-01-05,317.73,tase_eod
2017-01-08,317.55,tase_eod
2017-01-09,317.77,tase_eod
2017-01-10,318.1,tase_eod
2017-01-11,318.11,tase_eod
2017-01-12,318.21,tase_eod
2017-01-15,317.8,tase_eod
2017-01-16,317.27,tase_eod
2017-01-17,317.31,tase_eod
2017-01-18,316.84,tase_eod
2017-01-19,316.31,tase_eod
2017-01-22,316.45,tase_eod
2017-01-23,316.7,tase_eod
2017-01-24,316.95,tase_eod
2017-01-25,316.87,tase_eod
2017-01-26,317.03,tase_eod
2017-01-29,317.2,tase_eod
2017-01-30,317.62,tase_eod
2017-01-31,317.89,tase_eod
2017-02-01,318.32,tase_eod
2017-02-02,318.82,tase_eod
2017-02-05,318.59,tase_eod
2017-02-06,318.56,tase_eod
2017-02-07,318.63,tase_eod
2017-02-08,318.59,tase_eod
2017-02-09,318.54,tase_eod
2017-02-12,318.26,tase_eod
2017-02-13,318.19,tase_eod
2017-02-14,318.11,tase_eod
2017-02-15,318.19,tase_eod
2017-02-16,318.59,tase_eod
2017-02-19,318.78,tase_eod
2017-02-20,318.52,tase_eod
2017-02-21,318.44,tase_eod
2017-02-22,318.7,tase_eod
2017-02-23,318.49,tase_eod
2017-02-26,318.7,tase_eod
2017-02-27,318.79,tase_eod
2017-02-28,318.64,tase_eod
2017-03-01,318.24,tase_eod
2017-03-02,318.1,tase_eod
2017-03-05,318.05,tase_eod
2017-03-06,318.18,tase_eod
2017-03-07,318.07,tase_eod
2017-03-08,317.68,tase_eod
2017-03-09,317.94,tase_eod
2017-03-13,318.04,tase_eod
2017-03-14,318.09,tase_eod
2017-03-15,318.38,tase_eod
2017-03-16,319.57,tase_eod
2017-03-19,320.24,tase_eod
2017-03-20,320.35,tase_eod
2017-03-21,320.63,tase_eod
2017-03-22,319.98,tase_eod
2017-03-23,319.56,tase_eod
2017-03-26,319.7,tase_eod
2017-03-27,319.02,tase_eod
2017-03-28,318.59,tase_eod
2017-03-29,318.81,tase_eod
2017-03-30,319.3,tase_eod
2017-04-02,319.28,tase_eod
2017-04-03,319.38,tase_eod
2017-04-04,319.67,tase_eod
2017-04-05,319.81,tase_eod
2017-04-06,319.93,tase_eod
2017-04-09,319.92,tase_eod
2017-04-12,320.3,tase_eod
2017-04-13,320.48,tase_eod
2017-04-18,321.48,tase_eod
2017-04-19,322.21,tase_eod
2017-04-20,322.46,tase_eod
2017-04-23,322.64,tase_eod
2017-04-24,322.73,tase_eod
2017-04-25,322.75,tase_eod
2017-04-26,323.09,tase_eod
2017-04-27,323.44,tase_eod
2017-04-30,323.62,tase_eod
2017-05-03,323.58,tase_eod
2017-05-04,323.45,tase_eod
2017-05-07,323.42,tase_eod
2017-05-08,323.89,tase_eod
2017-05-09,324.34,tase_eod
2017-05-10,324.93,tase_eod
2017-05-11,325.12,tase_eod
2017-05-14,325.54,tase_eod
2017-05-15,325.63,tase_eod
2017-05-16,325.48,tase_eod
2017-05-17,325.48,tase_eod
2017-05-18,325.52,tase_eod
2017-05-21,326.27,tase_eod
2017-05-22,326.24,tase_eod
2017-05-23,326.41,tase_eod
2017-05-24,326.37,tase_eod
2017-05-25,326.72,tase_eod
2017-05-28,326.8,tase_eod
2017-05-29,326.65,tase_eod
2017-06-01,326.36,tase_eod
2017-06-04,326.62,tase_eod
2017-06-05,326.49,tase_eod
2017-06-06,326.47,tase_eod
2017-06-07,326.41,tase_eod
2017-06-08,325.64,tase_eod
2017-06-11,325.55,tase_eod
2017-06-12,325.27,tase_eod
2017-06-13,325.16,tase_eod
2017-06-14,325.27,tase_eod
2017-06-15,324.97,tase_eod
2017-06-18,325.48,tase_eod
2017-06-19,325.54,tase_eod
2017-06-20,325.07,tase_eod
2017-06-21,324.89,tase_eod
2017-06-22,324.91,tase_eod
2017-06-25,325.07,tase_eod
2017-06-26,325.61,tase_eod
2017-06-27,325.45,tase_eod
2017-06-28,324.54,tase_eod
2017-06-29,324.35,tase_eod
2017-07-02,324.84,tase_eod
2017-07-03,324.82,tase_eod
2017-07-04,324.95,tase_eod
2017-07-05,325.08,tase_eod
2017-07-06,324.99,tase_eod
2017-07-09,325.0,tase_eod
2017-07-10,325.04,tase_eod
2017-07-11,325.31,tase_eod
2017-07-12,325.58,tase_eod
2017-07-13,325.59,tase_eod
2017-07-16,325.11,tase_eod
2017-07-17,325.12,tase_eod
2017-07-18,325.15,tase_eod
2017-07-19,325.39,tase_eod
2017-07-20,325.25,tase_eod
2017-07-23,325.58,tase_eod
2017-07-24,325.51,tase_eod
2017-07-25,325.3,tase_eod
2017-07-26,325.37,tase_eod
2017-07-27,325.56,tase_eod
2017-07-30,325.74,tase_eod
2017-07-31,325.57,tase_eod
2017-08-02,325.93,tase_eod
2017-08-03,326.43,tase_eod
2017-08-06,326.68,tase_eod
2017-08-07,327.0,tase_eod
2017-08-08,326.97,tase_eod
2017-08-09,326.86,tase_eod
2017-08-10,326.53,tase_eod
2017-08-13,326.55,tase_eod
2017-08-14,326.43,tase_eod
2017-08-15,326.74,tase_eod
2017-08-16,326.96,tase_eod
2017-08-17,327.5,tase_eod
2017-08-20,327.91,tase_eod
2017-08-21,328.25,tase_eod
2017-08-22,328.32,tase_eod
2017-08-23,328.14,tase_eod
2017-08-24,328.16,tase_eod
2017-08-27,328.05,tase_eod
2017-08-28,327.94,tase_eod
2017-08-29,328.01,tase_eod
2017-08-30,328.1,tase_eod
2017-08-31,327.88,tase_eod
2017-09-03,327.81,tase_eod
2017-09-04,328.18,tase_eod
2017-09-05,328.56,tase_eod
2017-09-06,328.61,tase_eod
2017-09-07,328.84,tase_eod
2017-09-10,328.61,tase_eod
2017-09-11,328.68,tase_eod
2017-09-12,328.78,tase_eod
2017-09-13,329.02,tase_eod
2017-09-14,329.17,tase_eod
2017-09-17,329.27,tase_eod
2017-09-18,329.37,tase_eod
2017-09-19,329.64,tase_eod
2017-09-24,329.2,tase_eod
2017-09-25,329.06,tase_eod
2017-09-26,328.84,tase_eod
2017-09-27,328.73,tase_eod
2017-09-28,328.81,tase_eod
2017-10-01,328.95,tase_eod
2017-10-02,328.83,tase_eod
2017-10-03,329.12,tase_eod
2017-10-08,329.18,tase_eod
2017-10-09,329.52,tase_eod
2017-10-10,329.44,tase_eod
2017-10-15,329.54,tase_eod
2017-10-16,330.27,tase_eod
2017-10-17,330.37,tase_eod
2017-10-18,330.93,tase_eod
2017-10-19,330.43,tase_eod
2017-10-22,330.14,tase_eod
2017-10-23,330.02,tase_eod
2017-10-24,329.51,tase_eod
2017-10-25,329.11,tase_eod
2017-10-26,328.87,tase_eod
2017-10-29,329.15,tase_eod
2017-10-30,329.44,tase_eod
2017-10-31,329.87,tase_eod
2017-11-01,330.09,tase_eod
2017-11-02,329.95,tase_eod
2017-11-05,330.19,tase_eod
2017-11-06,330.27,tase_eod
2017-11-07,330.65,tase_eod
2017-11-08,330.62,tase_eod
2017-11-09,330.32,tase_eod
2017-11-12,330.33,tase_eod
2017-11-13,330.62,tase_eod
2017-11-14,331.17,tase_eod
2017-11-15,331.34,tase_eod
2017-11-16,331.91,tase_eod
2017-11-19,332.15,tase_eod
2017-11-20,332.32,tase_eod
2017-11-21,332.54,tase_eod
2017-11-22,332.42,tase_eod
2017-11-23,332.8,tase_eod
2017-11-26,332.73,tase_eod
2017-11-27,332.92,tase_eod
2017-11-28,333.26,tase_eod
2017-11-29,333.13,tase_eod
2017-11-30,333.23,tase_eod
2017-12-03,333.39,tase_eod
2017-12-04,333.65,tase_eod
2017-12-05,334.02,tase_eod
2017-12-06,334.03,tase_eod
2017-12-07,333.64,tase_eod
2017-12-10,333.49,tase_eod
2017-12-11,333.29,tase_eod
2017-12-12,333.21,tase_eod
2017-12-13,332.91,tase_eod
2017-12-14,332.6,tase_eod
2017-12-17,332.36,tase_eod
2017-12-18,333.3,tase_eod
2017-12-19,332.87,tase_eod
2017-12-20,332.22,tase_eod
2017-12-21,332.18,tase_eod
2017-12-24,332.32,tase_eod
2017-12-25,332.32,tase_eod
2017-12-26,332.62,tase_eod
2017-12-27,333.06,tase_eod
2017-12-28,333.51,tase_eod
2017-12-31,333.97,tase_eod
2018-01-01,333.67,tase_eod
2018-01-02,333.62,tase_eod
2018-01-03,333.92,tase_eod
2018-01-04,334.35,tase_eod
2018-01-07,334.45,tase_eod
2018-01-08,334.89,tase_eod
2018-01-09,334.76,tase_eod
2018-01-10,334.43,tase_eod
2018-01-11,334.76,tase_eod
2018-01-14,335.4,tase_eod
2018-01-15,335.87,tase_eod
2018-01-16,336.83,tase_eod
2018-01-17,336.88,tase_eod
2018-01-18,336.61,tase_eod
2018-01-21,336.46,tase_eod
2018-01-22,336.69,tase_eod
2018-01-23,337.01,tase_eod
2018-01-24,336.77,tase_eod
2018-01-25,336.5,tase_eod
2018-01-28,336.51,tase_eod
2018-01-29,335.57,tase_eod
2018-01-30,335.49,tase_eod
2018-01-31,335.26,tase_eod
2018-02-01,335.09,tase_eod
2018-02-04,334.05,tase_eod
2018-02-05,333.19,tase_eod
2018-02-06,332.39,tase_eod
2018-02-07,333.15,tase_eod
2018-02-08,332.27,tase_eod
2018-02-11,330.98,tase_eod
2018-02-12,330.84,tase_eod
2018-02-13,331.21,tase_eod
2018-02-14,331.22,tase_eod
2018-02-15,332.27,tase_eod
2018-02-18,333.02,tase_eod
2018-02-19,333.16,tase_eod
2018-02-20,332.46,tase_eod
2018-02-21,332.28,tase_eod
2018-02-22,331.77,tase_eod
2018-02-25,332.28,tase_eod
2018-02-26,332.55,tase_eod
2018-02-27,333.14,tase_eod
2018-02-28,332.44,tase_eod
2018-03-04,332.32,tase_eod
2018-03-05,332.33,tase_eod
2018-03-06,332.63,tase_eod
2018-03-07,331.95,tase_eod
2018-03-08,331.19,tase_eod
2018-03-11,331.55,tase_eod
2018-03-12,331.17,tase_eod
2018-03-13,332.2,tase_eod
2018-03-14,332.52,tase_eod
2018-03-15,333.05,tase_eod
2018-03-18,333.46,tase_eod
2018-03-19,333.34,tase_eod
2018-03-20,332.83,tase_eod
2018-03-21,332.81,tase_eod
2018-03-22,332.87,tase_eod
2018-03-25,332.39,tase_eod
2018-03-26,332.33,tase_eod
2018-03-27,332.59,tase_eod
2018-03-28,332.36,tase_eod
2018-03-29,332.66,tase_eod
2018-04-01,333.16,tase_eod
2018-04-02,332.71,tase_eod
2018-04-03,332.21,tase_eod
2018-04-04,331.71,tase_eod
2018-04-08,331.69,tase_eod
2018-04-09,332.13,tase_eod
2018-04-10,332.7,tase_eod
2018-04-11,332.72,tase_eod
2018-04-12,332.98,tase_eod
2018-04-15,333.32,tase_eod
2018-04-16,334.25,tase_eod
2018-04-17,334.86,tase_eod
2018-04-22,334.62,tase_eod
2018-04-23,334.15,tase_eod
2018-04-24,334.16,tase_eod
2018-04-25,333.94,tase_eod
2018-04-26,334.31,tase_eod
2018-04-29,334.69,tase_eod
2018-04-30,334.38,tase_eod
2018-05-01,334.48,tase_eod
2018-05-02,334.29,tase_eod
2018-05-03,334.39,tase_eod
2018-05-06,334.63,tase_eod
2018-05-07,334.91,tase_eod
2018-05-08,334.45,tase_eod
2018-05-09,333.95,tase_eod
2018-05-10,333.67,tase_eod
2018-05-13,333.53,tase_eod
2018-05-14,333.72,tase_eod
2018-05-15,333.66,tase_eod
2018-05-16,333.47,tase_eod
2018-05-17,332.97,tase_eod
2018-05-21,333.55,tase_eod
2018-05-22,333.78,tase_eod
2018-05-23,333.77,tase_eod
2018-05-24,334.01,tase_eod
2018-05-27,334.45,tase_eod
2018-05-28,334.09,tase_eod
2018-05-29,333.51,tase_eod
2018-05-30,333.66,tase_eod
2018-05-31,333.8,tase_eod
2018-06-03,333.78,tase_eod
2018-06-04,333.82,tase_eod
2018-06-05,333.65,tase_eod
2018-06-06,333.65,tase_eod
2018-06-07,333.72,tase_eod
2018-06-10,333.86,tase_eod
2018-06-11,334.02,tase_eod
2018-06-12,334.17,tase_eod
2018-06-13,334.42,tase_eod
2018-06-14,334.78,tase_eod
2018-06-17,335.47,tase_eod
2018-06-18,335.67,tase_eod
2018-06-19,335.99,tase_eod
2018-06-20,336.0,tase_eod
2018-06-21,336.26,tase_eod
2018-06-24,336.53,tase_eod
2018-06-25,336.23,tase_eod
2018-06-26,335.69,tase_eod
2018-06-27,335.46,tase_eod
2018-06-28,334.88,tase_eod
2018-07-01,335.05,tase_eod
2018-07-02,334.7,tase_eod
2018-07-03,334.42,tase_eod
2018-07-04,333.52,tase_eod
2018-07-05,333.07,tase_eod
2018-07-08,333.06,tase_eod
2018-07-09,333.72,tase_eod
2018-07-10,334.3,tase_eod
2018-07-11,334.58,tase_eod
2018-07-12,334.67,tase_eod
2018-07-15,334.84,tase_eod
2018-07-16,335.32,tase_eod
2018-07-17,335.69,tase_eod
2018-07-18,336.16,tase_eod
2018-07-19,336.14,tase_eod
2018-07-23,335.7,tase_eod
2018-07-24,335.45,tase_eod
2018-07-25,335.13,tase_eod
2018-07-26,335.52,tase_eod
2018-07-29,335.59,tase_eod
2018-07-30,335.49,tase_eod
2018-07-31,335.53,tase_eod
2018-08-01,335.48,tase_eod
2018-08-02,335.82,tase_eod
2018-08-05,336.54,tase_eod
2018-08-06,336.73,tase_eod
2018-08-07,336.96,tase_eod
2018-08-08,337.29,tase_eod
2018-08-09,337.55,tase_eod
2018-08-12,337.92,tase_eod
2018-08-13,337.6,tase_eod
2018-08-14,337.89,tase_eod
2018-08-15,338.0,tase_eod
2018-08-16,337.92,tase_eod
2018-08-19,338.08,tase_eod
2018-08-20,338.46,tase_eod
2018-08-21,338.75,tase_eod
2018-08-22,338.84,tase_eod
2018-08-23,338.99,tase_eod
2018-08-26,339.0,tase_eod
2018-08-27,339.2,tase_eod
2018-08-28,339.09,tase_eod
2018-08-29,339.05,tase_eod
2018-08-30,338.8,tase_eod
2018-09-02,338.67,tase_eod
2018-09-03,338.67,tase_eod
2018-09-04,338.07,tase_eod
2018-09-05,337.57,tase_eod
2018-09-06,337.41,tase_eod
2018-09-12,337.08,tase_eod
2018-09-13,337.49,tase_eod
2018-09-16,337.74,tase_eod
2018-09-17,337.86,tase_eod
2018-09-20,337.66,tase_eod
2018-09-25,338.07,tase_eod
2018-09-26,338.38,tase_eod
2018-09-27,338.6,tase_eod
2018-10-02,338.91,tase_eod
2018-10-03,339.21,tase_eod
2018-10-04,338.46,tase_eod
2018-10-07,337.82,tase_eod
2018-10-08,338.26,tase_eod
2018-10-09,338.26,tase_eod
2018-10-10,337.76,tase_eod
2018-10-11,336.79,tase_eod
2018-10-14,336.89,tase_eod
2018-10-15,336.85,tase_eod
2018-10-16,337.11,tase_eod
2018-10-17,337.02,tase_eod
2018-10-18,337.12,tase_eod
2018-10-21,336.83,tase_eod
2018-10-22,336.63,tase_eod
2018-10-23,336.44,tase_eod
2018-10-24,336.58,tase_eod
2018-10-25,335.87,tase_eod
2018-10-28,335.97,tase_eod
2018-10-29,335.89,tase_eod
2018-10-31,335.87,tase_eod
2018-11-01,336.3,tase_eod
2018-11-04,336.01,tase_eod
2018-11-05,336.11,tase_eod
2018-11-06,335.96,tase_eod
2018-11-07,336.05,tase_eod
2018-11-08,336.28,tase_eod
2018-11-11,336.09,tase_eod
2018-11-12,335.97,tase_eod
2018-11-13,336.08,tase_eod
2018-11-14,335.94,tase_eod
2018-11-15,336.06,tase_eod
2018-11-18,337.01,tase_eod
2018-11-19,336.32,tase_eod
2018-11-20,335.85,tase_eod
2018-11-21,335.73,tase_eod
2018-11-22,336.14,tase_eod
2018-11-25,335.6,tase_eod
2018-11-26,334.63,tase_eod
2018-11-27,333.16,tase_eod
2018-11-28,333.35,tase_eod
2018-11-29,333.56,tase_eod
2018-12-02,333.56,tase_eod
2018-12-03,333.94,tase_eod
2018-12-04,334.34,tase_eod
2018-12-05,334.27,tase_eod
2018-12-06,333.88,tase_eod
2018-12-09,333.29,tase_eod
2018-12-10,332.28,tase_eod
2018-12-11,332.61,tase_eod
2018-12-12,333.15,tase_eod
2018-12-13,333.42,tase_eod
2018-12-16,331.46,tase_eod
2018-12-17,331.27,tase_eod
2018-12-18,331.08,tase_eod
2018-12-19,331.22,tase_eod
2018-12-20,330.19,tase_eod
2018-12-23,326.3,tase_eod
2018-12-24,325.26,tase_eod
2018-12-25,327.51,tase_eod
2018-12-26,329.26,tase_eod
2018-12-27,330.44,tase_eod
2018-12-30,331.05,tase_eod
2018-12-31,331.42,tase_eod
2019-01-01,332.61,tase_eod
2019-01-02,331.95,tase_eod
2019-01-03,331.58,tase_eod
2019-01-06,331.73,tase_eod
2019-01-07,332.15,tase_eod
2019-01-08,333.0,tase_eod
2019-01-09,333.11,tase_eod
2019-01-10,332.67,tase_eod
2019-01-13,332.21,tase_eod
2019-01-14,332.39,tase_eod
2019-01-15,333.05,tase_eod
2019-01-16,333.38,tase_eod
2019-01-17,333.85,tase_eod
2019-01-20,334.28,tase_eod
2019-01-21,333.88,tase_eod
2019-01-22,333.55,tase_eod
2019-01-23,333.53,tase_eod
2019-01-24,334.15,tase_eod
2019-01-27,334.34,tase_eod
2019-01-28,334.55,tase_eod
2019-01-29,335.04,tase_eod
2019-01-30,335.45,tase_eod
2019-01-31,336.29,tase_eod
2019-02-03,336.52,tase_eod
2019-02-04,336.32,tase_eod
2019-02-05,336.86,tase_eod
2019-02-06,336.9,tase_eod
2019-02-07,336.46,tase_eod
2019-02-10,336.64,tase_eod
2019-02-11,336.61,tase_eod
2019-02-12,336.75,tase_eod
2019-02-13,336.84,tase_eod
2019-02-14,337.63,tase_eod
2019-02-17,338.32,tase_eod
2019-02-18,338.99,tase_eod
2019-02-19,339.23,tase_eod
2019-02-20,339.23,tase_eod
2019-02-21,338.94,tase_eod
2019-02-24,339.38,tase_eod
2019-02-25,339.45,tase_eod
2019-02-26,339.78,tase_eod
2019-02-27,340.24,tase_eod
2019-02-28,340.35,tase_eod
2019-03-03,341.0,tase_eod
2019-03-04,341.49,tase_eod
2019-03-05,340.87,tase_eod
2019-03-06,340.98,tase_eod
2019-03-07,341.5,tase_eod
2019-03-10,341.91,tase_eod
2019-03-11,341.88,tase_eod
2019-03-12,341.81,tase_eod
2019-03-13,342.36,tase_eod
2019-03-14,342.64,tase_eod
2019-03-17,343.69,tase_eod
2019-03-18,344.06,tase_eod
2019-03-19,343.84,tase_eod
2019-03-20,343.69,tase_eod
2019-03-24,343.98,tase_eod
2019-03-25,342.99,tase_eod
2019-03-26,343.55,tase_eod
2019-03-27,344.23,tase_eod
2019-03-28,344.4,tase_eod
2019-03-31,343.91,tase_eod
2019-04-01,343.99,tase_eod
2019-04-02,343.87,tase_eod
2019-04-03,343.54,tase_eod
2019-04-04,343.34,tase_eod
2019-04-07,343.4,tase_eod
2019-04-08,343.67,tase_eod
2019-04-10,344.35,tase_eod
2019-04-11,344.74,tase_eod
2019-04-14,344.6,tase_eod
2019-04-15,344.83,tase_eod
2019-04-16,345.93,tase_eod
2019-04-17,345.84,tase_eod
2019-04-18,346.19,tase_eod
2019-04-21,346.5,tase_eod
2019-04-22,346.26,tase_eod
2019-04-23,346.64,tase_eod
2019-04-24,347.02,tase_eod
2019-04-28,347.13,tase_eod
2019-04-29,347.27,tase_eod
2019-04-30,346.93,tase_eod
2019-05-01,346.6,tase_eod
2019-05-02,346.2,tase_eod
2019-05-05,346.0,tase_eod
2019-05-06,345.42,tase_eod
2019-05-07,345.12,tase_eod
2019-05-12,344.95,tase_eod
2019-05-13,344.22,tase_eod
2019-05-14,344.63,tase_eod
2019-05-15,344.98,tase_eod
2019-05-16,345.23,tase_eod
2019-05-19,345.96,tase_eod
2019-05-20,345.82,tase_eod
2019-05-21,345.84,tase_eod
2019-05-22,346.08,tase_eod
2019-05-23,346.76,tase_eod
2019-05-26,347.24,tase_eod
2019-05-27,347.03,tase_eod
2019-05-28,347.41,tase_eod
2019-05-29,347.08,tase_eod
2019-05-30,347.34,tase_eod
2019-06-02,347.71,tase_eod
2019-06-03,348.22,tase_eod
2019-06-04,348.62,tase_eod
2019-06-05,349.16,tase_eod
2019-06-06,349.95,tase_eod
2019-06-10,349.87,tase_eod
2019-06-11,349.75,tase_eod
2019-06-12,350.16,tase_eod
2019-06-13,350.48,tase_eod
2019-06-16,350.98,tase_eod
2019-06-17,351.12,tase_eod
2019-06-18,351.54,tase_eod
2019-06-19,351.56,tase_eod
2019-06-20,352.2,tase_eod
2019-06-23,352.14,tase_eod
2019-06-24,351.89,tase_eod
2019-06-25,351.64,tase_eod
2019-06-26,351.25,tase_eod
2019-06-27,350.64,tase_eod
2019-06-30,350.72,tase_eod
2019-07-01,350.96,tase_eod
2019-07-02,351.32,tase_eod
2019-07-03,352.06,tase_eod
2019-07-04,352.49,tase_eod
2019-07-07,352.42,tase_eod
2019-07-08,352.68,tase_eod
2019-07-09,352.75,tase_eod
2019-07-10,352.76,tase_eod
2019-07-11,353.0,tase_eod
2019-07-14,353.0,tase_eod
2019-07-15,353.79,tase_eod
2019-07-16,353.31,tase_eod
2019-07-17,353.1,tase_eod
2019-07-18,352.57,tase_eod
2019-07-21,352.21,tase_eod
2019-07-22,352.45,tase_eod
2019-07-23,352.58,tase_eod
2019-07-24,353.11,tase_eod
2019-07-25,353.23,tase_eod
2019-07-28,353.36,tase_eod
2019-07-29,353.66,tase_eod
2019-07-30,353.9,tase_eod
2019-07-31,354.3,tase_eod
2019-08-01,354.81,tase_eod
2019-08-04,355.51,tase_eod
2019-08-05,354.64,tase_eod
2019-08-06,353.79,tase_eod
2019-08-07,353.66,tase_eod
2019-08-08,353.55,tase_eod
2019-08-12,354.47,tase_eod
2019-08-13,354.21,tase_eod
2019-08-14,354.01,tase_eod
2019-08-15,353.34,tase_eod
2019-08-18,352.88,tase_eod
2019-08-19,352.54,tase_eod
2019-08-20,352.69,tase_eod
2019-08-21,353.23,tase_eod
2019-08-22,352.9,tase_eod
2019-08-25,352.4,tase_eod
2019-08-26,352.08,tase_eod
2019-08-27,352.22,tase_eod
2019-08-28,352.7,tase_eod
2019-08-29,353.32,tase_eod
2019-09-01,353.43,tase_eod
2019-09-02,353.89,tase_eod
2019-09-03,353.55,tase_eod
2019-09-04,353.46,tase_eod
2019-09-05,352.84,tase_eod
2019-09-08,352.23,tase_eod
2019-09-09,351.58,tase_eod
2019-09-10,351.74,tase_eod
2019-09-11,351.73,tase_eod
2019-09-12,352.83,tase_eod
2019-09-15,352.63,tase_eod
2019-09-16,353.32,tase_eod
2019-09-18,353.95,tase_eod
2019-09-19,354.09,tase_eod
2019-09-22,354.45,tase_eod
2019-09-23,355.33,tase_eod
2019-09-24,355.88,tase_eod
2019-09-25,356.07,tase_eod
2019-09-26,356.12,tase_eod
2019-10-02,356.13,tase_eod
2019-10-03,355.92,tase_eod
2019-10-06,356.02,tase_eod
2019-10-07,355.95,tase_eod
2019-10-10,355.56,tase_eod
2019-10-15,355.9,tase_eod
2019-10-16,355.94,tase_eod
2019-10-17,356.57,tase_eod
2019-10-22,356.69,tase_eod
2019-10-23,357.01,tase_eod
2019-10-24,356.91,tase_eod
2019-10-27,356.67,tase_eod
2019-10-28,356.35,tase_eod
2019-10-29,355.89,tase_eod
2019-10-30,355.66,tase_eod
2019-10-31,355.89,tase_eod
2019-11-03,356.28,tase_eod
2019-11-04,356.36,tase_eod
2019-11-05,356.24,tase_eod
2019-11-06,356.48,tase_eod
2019-11-07,356.34,tase_eod
2019-11-10,356.03,tase_eod
2019-11-11,355.71,tase_eod
2019-11-12,355.35,tase_eod
2019-11-13,355.51,tase_eod
2019-11-14,355.7,tase_eod
2019-11-17,356.22,tase_eod
2019-11-18,356.86,tase_eod
2019-11-19,356.8,tase_eod
2019-11-20,356.4,tase_eod
2019-11-21,356.37,tase_eod
2019-11-24,356.48,tase_eod
2019-11-25,356.73,tase_eod
2019-11-26,356.21,tase_eod
2019-11-27,355.91,tase_eod
2019-11-28,356.24,tase_eod
2019-12-01,356.03,tase_eod
2019-12-02,355.86,tase_eod
2019-12-03,356.27,tase_eod
2019-12-04,356.9,tase_eod
2019-12-05,356.31,tase_eod
2019-12-08,356.49,tase_eod
2019-12-09,356.57,tase_eod
2019-12-10,356.97,tase_eod
2019-12-11,356.74,tase_eod
2019-12-12,356.57,tase_eod
2019-12-15,356.6,tase_eod
2019-12-16,355.76,tase_eod
2019-12-17,355.83,tase_eod
2019-12-18,355.27,tase_eod
2019-12-19,353.74,tase_eod
2019-12-22,353.88,tase_eod
2019-12-23,354.58,tase_eod
2019-12-24,354.33,tase_eod
2019-12-25,355.03,tase_eod
2019-12-26,355.4,tase_eod
2019-12-29,355.5,tase_eod
2019-12-30,355.33,tase_eod
2019-12-31,355.87,tase_eod
2020-01-01,356.13,tase_eod
2020-01-02,356.72,tase_eod
2020-01-05,357.47,tase_eod
2020-01-06,357.49,tase_eod
2020-01-07,357.57,tase_eod
2020-01-08,357.47,tase_eod
2020-01-09,357.35,tase_eod
2020-01-12,357.12,tase_eod
2020-01-13,357.11,tase_eod
2020-01-14,357.32,tase_eod
2020-01-15,357.28,tase_eod
2020-01-16,357.42,tase_eod
2020-01-19,357.3,tase_eod
2020-01-20,357.52,tase_eod
2020-01-21,357.43,tase_eod
2020-01-22,357.38,tase_eod
2020-01-23,357.29,tase_eod
2020-01-26,357.18,tase_eod
2020-01-27,355.97,tase_eod
2020-01-28,355.57,tase_eod
2020-01-29,355.52,tase_eod
2020-01-30,354.72,tase_eod
2020-02-02,353.44,tase_eod
2020-02-03,353.67,tase_eod
2020-02-04,354.31,tase_eod
2020-02-05,354.81,tase_eod
2020-02-06,355.45,tase_eod
2020-02-09,354.81,tase_eod
2020-02-10,354.63,tase_eod
2020-02-11,355.59,tase_eod
2020-02-12,356.45,tase_eod
2020-02-13,356.57,tase_eod
2020-02-16,357.3,tase_eod
2020-02-17,356.97,tase_eod
2020-02-18,356.49,tase_eod
2020-02-19,356.9,tase_eod
2020-02-20,357.01,tase_eod
2020-02-23,355.7,tase_eod
2020-02-24,355.11,tase_eod
2020-02-25,355.42,tase_eod
2020-02-26,355.44,tase_eod
2020-02-27,354.5,tase_eod
2020-03-01,351.92,tase_eod
2020-03-03,353.83,tase_eod
2020-03-04,352.33,tase_eod
2020-03-05,349.06,tase_eod
2020-03-08,341.88,tase_eod
2020-03-09,333.98,tase_eod
2020-03-11,334.45,tase_eod
2020-03-12,326.98,tase_eod
2020-03-15,323.53,tase_eod
2020-03-16,319.37,tase_eod
2020-03-17,313.89,tase_eod
2020-03-18,310.73,tase_eod
2020-03-19,320.57,tase_eod
2020-03-22,314.16,tase_eod
2020-03-23,315.59,tase_eod
2020-03-24,325.21,tase_eod
2020-03-25,328.58,tase_eod
2020-03-26,330.99,tase_eod
2020-03-29,329.32,tase_eod
2020-03-30,331.16,tase_eod
2020-03-31,331.64,tase_eod
2020-04-01,330.41,tase_eod
2020-04-02,331.05,tase_eod
2020-04-05,329.95,tase_eod
2020-04-06,336.81,tase_eod
2020-04-07,338.37,tase_eod
2020-04-12,340.42,tase_eod
2020-04-13,340.27,tase_eod
2020-04-16,339.61,tase_eod
2020-04-19,341.51,tase_eod
2020-04-20,341.83,tase_eod
2020-04-21,340.62,tase_eod
2020-04-22,338.83,tase_eod
2020-04-23,339.79,tase_eod
2020-04-26,340.73,tase_eod
2020-04-27,341.64,tase_eod
2020-04-30,343.43,tase_eod
2020-05-03,341.96,tase_eod
2020-05-04,340.43,tase_eod
2020-05-05,340.84,tase_eod
2020-05-06,340.59,tase_eod
2020-05-07,341.98,tase_eod
2020-05-10,343.28,tase_eod
2020-05-11,343.72,tase_eod
2020-05-12,344.34,tase_eod
2020-05-13,343.38,tase_eod
2020-05-14,341.5,tase_eod
2020-05-17,343.4,tase_eod
2020-05-18,344.92,tase_eod
2020-05-19,345.25,tase_eod
2020-05-20,346.08,tase_eod
2020-05-21,346.62,tase_eod
2020-05-24,346.57,tase_eod
2020-05-25,347.81,tase_eod
2020-05-26,348.83,tase_eod
2020-05-27,346.93,tase_eod
2020-05-31,346.04,tase_eod
2020-06-01,345.75,tase_eod
2020-06-02,345.1,tase_eod
2020-06-03,344.15,tase_eod
2020-06-04,345.85,tase_eod
2020-06-08,346.54,tase_eod
2020-06-09,346.92,tase_eod
2020-06-10,347.0,tase_eod
2020-06-11,345.86,tase_eod
2020-06-14,344.94,tase_eod
2020-06-15,344.07,tase_eod
2020-06-16,344.43,tase_eod
2020-06-17,344.06,tase_eod
2020-06-18,344.04,tase_eod
2020-06-21,342.08,tase_eod
2020-06-22,342.47,tase_eod
2020-06-23,343.12,tase_eod
2020-06-24,341.54,tase_eod
2020-06-25,340.65,tase_eod
2020-06-28,338.15,tase_eod
2020-06-29,336.69,tase_eod
2020-06-30,336.28,tase_eod
2020-07-01,338.52,tase_eod
2020-07-02,340.26,tase_eod
2020-07-05,338.53,tase_eod
2020-07-06,344.33,tase_eod
2020-07-07,347.21,tase_eod
2020-07-08,344.2,tase_eod
2020-07-09,341.58,tase_eod
2020-07-12,342.06,tase_eod
2020-07-13,341.79,tase_eod
2020-07-14,340.84,tase_eod
2020-07-15,340.83,tase_eod
2020-07-16,339.77,tase_eod
2020-07-19,338.94,tase_eod
2020-07-20,338.74,tase_eod
2020-07-21,340.57,tase_eod
2020-07-22,341.22,tase_eod
2020-07-23,341.89,tase_eod
2020-07-26,342.22,tase_eod
2020-07-27,342.21,tase_eod
2020-07-28,342.12,tase_eod
2020-07-29,342.77,tase_eod
2020-08-02,343.48,tase_eod
2020-08-03,343.6,tase_eod
2020-08-04,344.05,tase_eod
2020-08-05,344.63,tase_eod
2020-08-06,344.71,tase_eod
2020-08-09,344.64,tase_eod
2020-08-10,345.35,tase_eod
2020-08-11,345.65,tase_eod
2020-08-12,346.33,tase_eod
2020-08-13,346.75,tase_eod
2020-08-16,348.31,tase_eod
2020-08-17,348.58,tase_eod
2020-08-18,348.48,tase_eod
2020-08-19,347.86,tase_eod
2020-08-20,347.48,tase_eod
2020-08-23,347.99,tase_eod
2020-08-24,348.85,tase_eod
2020-08-25,349.08,tase_eod
2020-08-26,349.61,tase_eod
2020-08-27,350.0,tase_eod
2020-08-30,350.25,tase_eod
2020-08-31,350.05,tase_eod
2020-09-01,350.0,tase_eod
2020-09-02,349.61,tase_eod
2020-09-03,347.83,tase_eod
2020-09-06,348.0,tase_eod
2020-09-07,348.32,tase_eod
2020-09-08,347.17,tase_eod
2020-09-09,347.48,tase_eod
2020-09-10,346.07,tase_eod
2020-09-13,344.63,tase_eod
2020-09-14,345.15,tase_eod
2020-09-15,345.69,tase_eod
2020-09-16,346.05,tase_eod
2020-09-17,347.02,tase_eod
2020-09-21,346.37,tase_eod
2020-09-22,346.03,tase_eod
2020-09-23,345.14,tase_eod
2020-09-24,344.07,tase_eod
2020-09-29,344.3,tase_eod
2020-09-30,344.8,tase_eod
2020-10-01,344.98,tase_eod
2020-10-04,345.34,tase_eod
2020-10-05,344.89,tase_eod
2020-10-06,344.9,tase_eod
2020-10-07,344.45,tase_eod
2020-10-08,345.25,tase_eod
2020-10-11,345.51,tase_eod
2020-10-12,345.41,tase_eod
2020-10-13,345.93,tase_eod
2020-10-14,346.62,tase_eod
2020-10-15,346.63,tase_eod
2020-10-18,347.32,tase_eod
2020-10-19,347.84,tase_eod
2020-10-20,346.82,tase_eod
2020-10-21,346.9,tase_eod
2020-10-22,346.87,tase_eod
2020-10-25,346.03,tase_eod
2020-10-26,345.56,tase_eod
2020-10-27,345.58,tase_eod
2020-10-28,344.74,tase_eod
2020-10-29,344.82,tase_eod
2020-11-01,344.35,tase_eod
2020-11-02,344.73,tase_eod
2020-11-03,344.09,tase_eod
2020-11-04,344.5,tase_eod
2020-11-05,345.39,tase_eod
2020-11-08,345.85,tase_eod
2020-11-09,347.03,tase_eod
2020-11-10,347.51,tase_eod
2020-11-11,348.05,tase_eod
2020-11-12,348.24,tase_eod
2020-11-15,348.42,tase_eod
2020-11-16,349.31,tase_eod
2020-11-17,350.39,tase_eod
2020-11-18,350.56,tase_eod
2020-11-19,350.42,tase_eod
2020-11-22,351.06,tase_eod
2020-11-23,352.19,tase_eod
2020-11-24,352.52,tase_eod
2020-11-25,352.62,tase_eod
2020-11-26,353.19,tase_eod
2020-11-29,352.6,tase_eod
2020-11-30,351.95,tase_eod
2020-12-01,351.76,tase_eod
2020-12-02,351.28,tase_eod
2020-12-03,351.25,tase_eod
2020-12-06,351.54,tase_eod
2020-12-07,351.84,tase_eod
2020-12-08,351.76,tase_eod
2020-12-09,351.86,tase_eod
2020-12-10,351.9,tase_eod
2020-12-13,352.14,tase_eod
2020-12-14,351.8,tase_eod
2020-12-15,352.53,tase_eod
2020-12-16,352.87,tase_eod
2020-12-17,353.43,tase_eod
2020-12-20,352.67,tase_eod
2020-12-21,351.55,tase_eod
2020-12-22,352.39,tase_eod
2020-12-23,352.95,tase_eod
2020-12-24,354.0,tase_eod
2020-12-27,354.37,tase_eod
2020-12-28,355.01,tase_eod
2020-12-29,354.86,tase_eod
2020-12-30,355.09,tase_eod
2020-12-31,355.58,tase_eod
2021-01-03,355.76,tase_eod
2021-01-04,356.21,tase_eod
2021-01-05,356.3,tase_eod
2021-01-06,356.51,tase_eod
2021-01-07,356.73,tase_eod
2021-01-10,356.59,tase_eod
2021-01-11,356.59,tase_eod
2021-01-12,356.67,tase_eod
2021-01-13,357.31,tase_eod
2021-01-14,357.92,tase_eod
2021-01-17,357.8,tase_eod
2021-01-18,358.76,tase_eod
2021-01-19,359.38,tase_eod
2021-01-20,359.7,tase_eod
2021-01-21,359.2,tase_eod
2021-01-24,359.25,tase_eod
2021-01-25,359.45,tase_eod
2021-01-26,359.11,tase_eod
2021-01-27,358.5,tase_eod
2021-01-28,358.34,tase_eod
2021-01-31,357.5,tase_eod
2021-02-01,357.44,tase_eod
2021-02-02,357.39,tase_eod
2021-02-03,357.86,tase_eod
2021-02-04,358.43,tase_eod
2021-02-07,358.26,tase_eod
2021-02-08,357.99,tase_eod
2021-02-09,358.36,tase_eod
2021-02-10,358.96,tase_eod
2021-02-11,358.21,tase_eod
2021-02-14,358.18,tase_eod
2021-02-15,357.84,tase_eod
2021-02-16,358.43,tase_eod
2021-02-17,357.95,tase_eod
2021-02-18,357.66,tase_eod
2021-02-21,357.79,tase_eod
2021-02-22,357.56,tase_eod
2021-02-23,357.93,tase_eod
2021-02-24,358.21,tase_eod
2021-02-25,358.06,tase_eod
2021-02-28,358.12,tase_eod
2021-03-01,358.52,tase_eod
2021-03-02,359.33,tase_eod
2021-03-03,358.83,tase_eod
2021-03-04,358.51,tase_eod
2021-03-07,358.11,tase_eod
2021-03-08,357.86,tase_eod
2021-03-09,358.79,tase_eod
2021-03-10,358.34,tase_eod
2021-03-11,358.38,tase_eod
2021-03-14,358.04,tase_eod
2021-03-15,358.44,tase_eod
2021-03-16,359.73,tase_eod
2021-03-17,359.62,tase_eod
2021-03-18,359.74,tase_eod
2021-03-21,359.77,tase_eod
2021-03-22,360.93,tase_eod
2021-03-24,361.26,tase_eod
2021-03-25,360.97,tase_eod
2021-03-29,361.62,tase_eod
2021-03-30,361.49,tase_eod
2021-03-31,361.8,tase_eod
2021-04-01,362.26,tase_eod
2021-04-04,362.75,tase_eod
2021-04-05,362.79,tase_eod
2021-04-06,363.38,tase_eod
2021-04-07,363.57,tase_eod
2021-04-08,363.39,tase_eod
2021-04-11,363.64,tase_eod
2021-04-12,363.49,tase_eod
2021-04-13,363.51,tase_eod
2021-04-18,364.56,tase_eod
2021-04-19,364.58,tase_eod
2021-04-20,364.45,tase_eod
2021-04-21,363.86,tase_eod
2021-04-22,363.91,tase_eod
2021-04-25,364.05,tase_eod
2021-04-26,364.14,tase_eod
2021-04-27,364.03,tase_eod
2021-04-28,364.11,tase_eod
2021-04-29,364.5,tase_eod
2021-05-02,365.34,tase_eod
2021-05-03,367.21,tase_eod
2021-05-04,367.87,tase_eod
2021-05-05,368.9,tase_eod
2021-05-06,368.89,tase_eod
2021-05-09,370.01,tase_eod
2021-05-10,371.89,tase_eod
2021-05-11,370.6,tase_eod
2021-05-12,371.19,tase_eod
2021-05-13,372.73,tase_eod
2021-05-18,371.86,tase_eod
2021-05-19,371.3,tase_eod
2021-05-20,370.24,tase_eod
2021-05-23,370.32,tase_eod
2021-05-24,370.07,tase_eod
2021-05-25,370.11,tase_eod
2021-05-26,369.78,tase_eod
2021-05-27,369.4,tase_eod
2021-05-30,369.48,tase_eod
2021-05-31,369.19,tase_eod
2021-06-01,370.06,tase_eod
2021-06-02,370.64,tase_eod
2021-06-03,370.37,tase_eod
2021-06-06,370.57,tase_eod
2021-06-07,369.85,tase_eod
2021-06-08,369.95,tase_eod
2021-06-09,370.61,tase_eod
2021-06-10,370.75,tase_eod
2021-06-13,371.31,tase_eod
2021-06-14,371.79,tase_eod
2021-06-15,371.96,tase_eod
2021-06-16,371.07,tase_eod
2021-06-17,370.86,tase_eod
2021-06-20,369.62,tase_eod
2021-06-21,369.0,tase_eod
2021-06-22,369.29,tase_eod
2021-06-23,369.9,tase_eod
2021-06-24,369.32,tase_eod
2021-06-27,368.91,tase_eod
2021-06-28,369.06,tase_eod
2021-06-29,368.51,tase_eod
2021-06-30,369.17,tase_eod
2021-07-01,369.36,tase_eod
2021-07-04,369.96,tase_eod
2021-07-05,370.21,tase_eod
2021-07-06,370.57,tase_eod
2021-07-07,370.62,tase_eod
2021-07-08,369.35,tase_eod
2021-07-11,369.51,tase_eod
2021-07-12,369.41,tase_eod
2021-07-13,369.75,tase_eod
2021-07-14,370.2,tase_eod
2021-07-15,370.59,tase_eod
2021-07-19,368.18,tase_eod
2021-07-20,367.54,tase_eod
2021-07-21,367.98,tase_eod
2021-07-22,368.97,tase_eod
2021-07-25,370.19,tase_eod
2021-07-26,370.74,tase_eod
2021-07-27,370.31,tase_eod
2021-07-28,370.35,tase_eod
2021-07-29,370.22,tase_eod
2021-08-01,371.33,tase_eod
2021-08-02,372.11,tase_eod
2021-08-03,372.22,tase_eod
2021-08-04,372.66,tase_eod
2021-08-05,372.54,tase_eod
2021-08-08,372.41,tase_eod
2021-08-09,372.12,tase_eod
2021-08-10,371.86,tase_eod
2021-08-11,371.66,tase_eod
2021-08-12,371.62,tase_eod
2021-08-15,372.32,tase_eod
2021-08-16,373.18,tase_eod
2021-08-17,373.44,tase_eod
2021-08-18,373.46,tase_eod
2021-08-19,373.27,tase_eod
2021-08-22,373.56,tase_eod
2021-08-23,373.79,tase_eod
2021-08-24,373.88,tase_eod
2021-08-25,374.02,tase_eod
2021-08-26,373.86,tase_eod
2021-08-29,375.01,tase_eod
2021-08-30,375.49,tase_eod
2021-08-31,376.61,tase_eod
2021-09-01,376.64,tase_eod
2021-09-02,376.61,tase_eod
2021-09-05,376.45,tase_eod
2021-09-09,376.02,tase_eod
2021-09-12,375.88,tase_eod
2021-09-13,376.68,tase_eod
2021-09-14,377.44,tase_eod
2021-09-19,377.2,tase_eod
2021-09-22,377.9,tase_eod
2021-09-23,378.5,tase_eod
2021-09-26,378.25,tase_eod
2021-09-29,378.78,tase_eod
2021-09-30,378.68,tase_eod
2021-10-03,379.53,tase_eod
2021-10-04,379.68,tase_eod
2021-10-05,379.93,tase_eod
2021-10-06,380.12,tase_eod
2021-10-07,379.68,tase_eod
2021-10-10,379.38,tase_eod
2021-10-11,380.59,tase_eod
2021-10-12,381.97,tase_eod
2021-10-13,383.62,tase_eod
2021-10-14,384.57,tase_eod
2021-10-17,384.27,tase_eod
2021-10-18,383.51,tase_eod
2021-10-19,383.18,tase_eod
2021-10-20,383.16,tase_eod
2021-10-21,382.75,tase_eod
2021-10-24,382.45,tase_eod
2021-10-25,383.61,tase_eod
2021-10-26,384.69,tase_eod
2021-10-27,384.62,tase_eod
2021-10-28,383.73,tase_eod
2021-10-31,383.88,tase_eod
2021-11-01,383.44,tase_eod
2021-11-02,383.13,tase_eod
2021-11-03,381.62,tase_eod
2021-11-04,382.64,tase_eod
2021-11-07,383.12,tase_eod
2021-11-08,382.82,tase_eod
2021-11-09,382.88,tase_eod
2021-11-10,382.99,tase_eod
2021-11-11,383.11,tase_eod
2021-11-14,383.49,tase_eod
2021-11-15,384.24,tase_eod
2021-11-16,384.23,tase_eod
2021-11-17,384.19,tase_eod
2021-11-18,383.98,tase_eod
2021-11-21,383.32,tase_eod
2021-11-22,382.02,tase_eod
2021-11-23,382.37,tase_eod
2021-11-24,383.16,tase_eod
2021-11-25,384.72,tase_eod
2021-11-28,383.26,tase_eod
2021-11-29,383.33,tase_eod
2021-11-30,382.37,tase_eod
2021-12-01,381.54,tase_eod
2021-12-02,380.04,tase_eod
2021-12-05,379.93,tase_eod
2021-12-06,381.35,tase_eod
2021-12-07,382.24,tase_eod
2021-12-08,382.37,tase_eod
2021-12-09,383.68,tase_eod
2021-12-12,383.53,tase_eod
2021-12-13,383.64,tase_eod
2021-12-14,383.39,tase_eod
2021-12-15,383.45,tase_eod
2021-12-16,383.45,tase_eod
2021-12-19,382.75,tase_eod
2021-12-20,380.7,tase_eod
2021-12-21,380.4,tase_eod
2021-12-22,380.45,tase_eod
2021-12-23,380.52,tase_eod
2021-12-26,381.44,tase_eod
2021-12-27,382.15,tase_eod
2021-12-28,383.15,tase_eod
2021-12-29,383.51,tase_eod
2021-12-30,383.47,tase_eod
2022-01-02,384.6,tase_eod
2022-01-03,385.5,tase_eod
2022-01-04,386.33,tase_eod
2022-01-05,386.14,tase_eod
2022-01-06,384.95,tase_eod
2022-01-09,383.98,tase_eod
2022-01-10,383.28,tase_eod
2022-01-11,382.46,tase_eod
2022-01-12,383.0,tase_eod
2022-01-13,382.87,tase_eod
2022-01-16,381.99,tase_eod
2022-01-17,381.73,tase_eod
2022-01-18,380.77,tase_eod
2022-01-19,380.51,tase_eod
2022-01-20,380.64,tase_eod
2022-01-23,378.73,tase_eod
2022-01-24,376.62,tase_eod
2022-01-25,376.36,tase_eod
2022-01-26,378.01,tase_eod
2022-01-27,376.95,tase_eod
2022-01-30,377.82,tase_eod
2022-01-31,376.5,tase_eod
2022-02-01,375.19,tase_eod
2022-02-02,374.82,tase_eod
2022-02-03,373.24,tase_eod
2022-02-06,371.52,tase_eod
2022-02-07,371.93,tase_eod
2022-02-08,372.38,tase_eod
2022-02-09,374.31,tase_eod
2022-02-10,374.81,tase_eod
2022-02-13,373.97,tase_eod
2022-02-14,373.87,tase_eod
2022-02-15,375.02,tase_eod
2022-02-16,374.88,tase_eod
2022-02-17,375.05,tase_eod
2022-02-20,374.6,tase_eod
2022-02-21,374.34,tase_eod
2022-02-22,372.69,tase_eod
2022-02-23,370.62,tase_eod
2022-02-24,369.93,tase_eod
2022-02-27,370.43,tase_eod
2022-02-28,372.14,tase_eod
2022-03-01,374.38,tase_eod
2022-03-02,375.38,tase_eod
2022-03-03,377.23,tase_eod
2022-03-06,378.24,tase_eod
2022-03-07,378.5,tase_eod
2022-03-08,378.1,tase_eod
2022-03-09,376.47,tase_eod
2022-03-10,374.39,tase_eod
2022-03-13,373.97,tase_eod
2022-03-14,373.4,tase_eod
2022-03-15,374.34,tase_eod
2022-03-16,376.81,tase_eod
2022-03-20,378.08,tase_eod
2022-03-21,377.1,tase_eod
2022-03-22,376.51,tase_eod
2022-03-23,376.52,tase_eod
2022-03-24,373.82,tase_eod
2022-03-27,371.64,tase_eod
2022-03-28,371.5,tase_eod
2022-03-29,370.64,tase_eod
2022-03-30,372.02,tase_eod
2022-03-31,373.07,tase_eod
2022-04-03,372.91,tase_eod
2022-04-04,373.42,tase_eod
2022-04-05,373.23,tase_eod
2022-04-06,372.26,tase_eod
2022-04-07,372.45,tase_eod
2022-04-10,372.22,tase_eod
2022-04-11,370.95,tase_eod
2022-04-12,369.7,tase_eod
2022-04-13,369.18,tase_eod
2022-04-14,369.44,tase_eod
2022-04-17,369.88,tase_eod
2022-04-18,370.41,tase_eod
2022-04-19,370.81,tase_eod
2022-04-20,371.55,tase_eod
2022-04-24,370.32,tase_eod
2022-04-25,369.52,tase_eod
2022-04-26,369.66,tase_eod
2022-04-27,368.34,tase_eod
2022-04-28,368.56,tase_eod
2022-05-01,366.45,tase_eod
2022-05-02,364.23,tase_eod
2022-05-03,364.93,tase_eod
2022-05-08,363.07,tase_eod
2022-05-09,361.81,tase_eod
2022-05-10,361.99,tase_eod
2022-05-11,362.49,tase_eod
2022-05-12,361.08,tase_eod
2022-05-15,360.91,tase_eod
2022-05-16,359.45,tase_eod
2022-05-17,359.51,tase_eod
2022-05-18,360.29,tase_eod
2022-05-19,360.29,tase_eod
2022-05-22,359.34,tase_eod
2022-05-23,356.67,tase_eod
2022-05-24,353.26,tase_eod
2022-05-25,352.16,tase_eod
2022-05-26,353.98,tase_eod
2022-05-29,356.41,tase_eod
2022-05-30,357.35,tase_eod
2022-05-31,357.19,tase_eod
2022-06-01,358.55,tase_eod
2022-06-02,358.79,tase_eod
2022-06-06,358.69,tase_eod
2022-06-07,357.84,tase_eod
2022-06-08,357.01,tase_eod
2022-06-09,356.57,tase_eod
2022-06-12,353.53,tase_eod
2022-06-13,351.89,tase_eod
2022-06-14,351.88,tase_eod
2022-06-15,351.46,tase_eod
2022-06-16,349.78,tase_eod
2022-06-19,349.79,tase_eod
2022-06-20,351.59,tase_eod
2022-06-21,352.56,tase_eod
2022-06-22,354.89,tase_eod
2022-06-23,358.26,tase_eod
2022-06-26,357.41,tase_eod
2022-06-27,356.77,tase_eod
2022-06-28,358.17,tase_eod
2022-06-29,359.14,tase_eod
2022-06-30,361.01,tase_eod
2022-07-03,364.17,tase_eod
2022-07-04,362.66,tase_eod
2022-07-05,362.75,tase_eod
2022-07-06,359.64,tase_eod
2022-07-07,358.08,tase_eod
2022-07-10,356.15,tase_eod
2022-07-11,355.82,tase_eod
2022-07-12,356.54,tase_eod
2022-07-13,357.13,tase_eod
2022-07-14,357.79,tase_eod
2022-07-17,359.71,tase_eod
2022-07-18,359.71,tase_eod
2022-07-19,359.8,tase_eod
2022-07-20,360.09,tase_eod
2022-07-21,360.18,tase_eod
2022-07-24,361.95,tase_eod
2022-07-25,362.19,tase_eod
2022-07-26,363.01,tase_eod
2022-07-27,362.95,tase_eod
2022-07-28,364.15,tase_eod
2022-07-31,365.26,tase_eod
2022-08-01,365.75,tase_eod
2022-08-02,365.91,tase_eod
2022-08-03,365.1,tase_eod
2022-08-04,365.26,tase_eod
2022-08-08,365.0,tase_eod
2022-08-09,364.59,tase_eod
2022-08-10,364.08,tase_eod
2022-08-11,364.65,tase_eod
2022-08-14,364.97,tase_eod
2022-08-15,366.0,tase_eod
2022-08-16,365.87,tase_eod
2022-08-17,364.73,tase_eod
2022-08-18,366.12,tase_eod
2022-08-21,365.27,tase_eod
2022-08-22,364.67,tase_eod
2022-08-23,363.83,tase_eod
2022-08-24,362.39,tase_eod
2022-08-25,362.73,tase_eod
2022-08-28,361.94,tase_eod
2022-08-29,361.3,tase_eod
2022-08-30,361.29,tase_eod
2022-08-31,360.91,tase_eod
2022-09-01,359.7,tase_eod
2022-09-04,359.97,tase_eod
2022-09-05,359.77,tase_eod
2022-09-06,357.93,tase_eod
2022-09-07,358.06,tase_eod
2022-09-08,357.99,tase_eod
2022-09-11,357.5,tase_eod
2022-09-12,358.27,tase_eod
2022-09-13,358.27,tase_eod
2022-09-14,358.03,tase_eod
2022-09-15,358.92,tase_eod
2022-09-18,358.01,tase_eod
2022-09-19,358.18,tase_eod
2022-09-20,357.98,tase_eod
2022-09-21,358.01,tase_eod
2022-09-22,358.04,tase_eod
2022-09-28,353.95,tase_eod
2022-09-29,352.92,tase_eod
2022-10-02,349.17,tase_eod
2022-10-03,348.82,tase_eod
2022-10-06,349.79,tase_eod
2022-10-11,349.18,tase_eod
2022-10-12,349.3,tase_eod
2022-10-13,350.04,tase_eod
2022-10-18,350.74,tase_eod
2022-10-19,350.12,tase_eod
2022-10-20,349.69,tase_eod
2022-10-23,350.74,tase_eod
2022-10-24,350.94,tase_eod
2022-10-25,351.95,tase_eod
2022-10-26,353.66,tase_eod
2022-10-27,353.54,tase_eod
2022-10-30,353.47,tase_eod
2022-10-31,351.66,tase_eod
2022-11-02,352.57,tase_eod
2022-11-03,351.75,tase_eod
2022-11-06,351.75,tase_eod
2022-11-07,351.56,tase_eod
2022-11-08,351.13,tase_eod
2022-11-09,350.94,tase_eod
2022-11-10,352.02,tase_eod
2022-11-13,353.0,tase_eod
2022-11-14,352.57,tase_eod
2022-11-15,354.26,tase_eod
2022-11-16,355.66,tase_eod
2022-11-17,355.73,tase_eod
2022-11-20,353.72,tase_eod
2022-11-21,353.67,tase_eod
2022-11-22,354.21,tase_eod
2022-11-23,355.19,tase_eod
2022-11-24,355.0,tase_eod
2022-11-27,353.07,tase_eod
2022-11-28,351.89,tase_eod
2022-11-29,351.73,tase_eod
2022-11-30,351.36,tase_eod
2022-12-01,352.73,tase_eod
2022-12-04,351.25,tase_eod
2022-12-05,350.03,tase_eod
2022-12-06,349.78,tase_eod
2022-12-07,349.59,tase_eod
2022-12-08,350.68,tase_eod
2022-12-11,349.7,tase_eod
2022-12-12,350.03,tase_eod
2022-12-13,350.67,tase_eod
2022-12-14,350.2,tase_eod
2022-12-15,350.18,tase_eod
2022-12-18,350.4,tase_eod
2022-12-19,350.23,tase_eod
2022-12-20,349.88,tase_eod
2022-12-21,350.74,tase_eod
2022-12-22,351.57,tase_eod
2022-12-25,350.5,tase_eod
2022-12-26,350.03,tase_eod
2022-12-27,349.6,tase_eod
2022-12-28,349.15,tase_eod
2022-12-29,349.22,tase_eod
2023-01-01,349.73,tase_eod
2023-01-02,350.48,tase_eod
2023-01-03,350.6,tase_eod
2023-01-04,350.41,tase_eod
2023-01-05,350.52,tase_eod
2023-01-08,352.28,tase_eod
2023-01-09,353.66,tase_eod
2023-01-10,353.61,tase_eod
2023-01-11,354.69,tase_eod
2023-01-12,355.34,tase_eod
2023-01-15,355.17,tase_eod
2023-01-16,355.7,tase_eod
2023-01-17,355.4,tase_eod
2023-01-18,356.3,tase_eod
2023-01-19,356.51,tase_eod
2023-01-22,356.3,tase_eod
2023-01-23,356.07,tase_eod
2023-01-24,356.77,tase_eod
2023-01-25,355.24,tase_eod
2023-01-26,353.97,tase_eod
2023-01-29,352.35,tase_eod
2023-01-30,353.21,tase_eod
2023-01-31,354.79,tase_eod
2023-02-01,355.65,tase_eod
2023-02-02,356.83,tase_eod
2023-02-05,355.38,tase_eod
2023-02-06,355.37,tase_eod
2023-02-07,355.47,tase_eod
2023-02-08,355.86,tase_eod
2023-02-09,356.14,tase_eod
2023-02-12,354.44,tase_eod
2023-02-13,354.19,tase_eod
2023-02-14,354.09,tase_eod
2023-02-15,353.6,tase_eod
2023-02-16,352.46,tase_eod
2023-02-19,351.71,tase_eod
2023-02-20,351.59,tase_eod
2023-02-21,350.64,tase_eod
2023-02-22,350.28,tase_eod
2023-02-23,350.45,tase_eod
2023-02-26,347.56,tase_eod
2023-02-27,346.65,tase_eod
2023-02-28,345.97,tase_eod
2023-03-01,347.22,tase_eod
2023-03-02,345.98,tase_eod
2023-03-05,346.32,tase_eod
2023-03-06,347.14,tase_eod
2023-03-08,347.69,tase_eod
2023-03-09,348.51,tase_eod
2023-03-12,347.61,tase_eod
2023-03-13,348.91,tase_eod
2023-03-14,348.79,tase_eod
2023-03-15,348.76,tase_eod
2023-03-16,349.13,tase_eod
2023-03-19,349.05,tase_eod
2023-03-20,349.37,tase_eod
2023-03-21,348.75,tase_eod
2023-03-22,347.93,tase_eod
2023-03-23,350.1,tase_eod
2023-03-26,348.4,tase_eod
2023-03-27,349.27,tase_eod
2023-03-28,351.21,tase_eod
2023-03-29,350.5,tase_eod
2023-03-30,350.71,tase_eod
2023-04-02,352.49,tase_eod
2023-04-03,352.87,tase_eod
2023-04-04,353.37,tase_eod
2023-04-09,353.33,tase_eod
2023-04-10,353.38,tase_eod
2023-04-13,353.08,tase_eod
2023-04-16,351.95,tase_eod
2023-04-17,350.92,tase_eod
2023-04-18,350.92,tase_eod
2023-04-19,351.4,tase_eod
2023-04-20,351.84,tase_eod
2023-04-23,351.67,tase_eod
2023-04-24,351.76,tase_eod
2023-04-27,352.6,tase_eod
2023-04-30,353.47,tase_eod
2023-05-01,353.83,tase_eod
2023-05-02,353.85,tase_eod
2023-05-03,355.26,tase_eod
2023-05-04,356.19,tase_eod
2023-05-07,356.24,tase_eod
2023-05-08,356.28,tase_eod
2023-05-09,356.81,tase_eod
2023-05-10,358.25,tase_eod
2023-05-11,359.38,tase_eod
2023-05-14,359.29,tase_eod
2023-05-15,359.28,tase_eod
2023-05-16,359.88,tase_eod
2023-05-17,358.67,tase_eod
2023-05-18,358.62,tase_eod
2023-05-21,357.86,tase_eod
2023-05-22,357.59,tase_eod
2023-05-23,356.87,tase_eod
2023-05-24,357.43,tase_eod
2023-05-28,357.72,tase_eod
2023-05-29,357.62,tase_eod
2023-05-30,358.1,tase_eod
2023-05-31,358.96,tase_eod
2023-06-01,359.67,tase_eod
2023-06-04,359.4,tase_eod
2023-06-05,359.3,tase_eod
2023-06-06,358.05,tase_eod
2023-06-07,357.89,tase_eod
2023-06-08,357.14,tase_eod
2023-06-11,357.15,tase_eod
2023-06-12,356.99,tase_eod
2023-06-13,356.93,tase_eod
2023-06-14,356.96,tase_eod
2023-06-15,357.88,tase_eod
2023-06-18,358.77,tase_eod
2023-06-19,358.93,tase_eod
2023-06-20,359.84,tase_eod
2023-06-21,360.37,tase_eod
2023-06-22,361.15,tase_eod
2023-06-25,360.53,tase_eod
2023-06-26,360.11,tase_eod
2023-06-27,359.47,tase_eod
2023-06-28,359.24,tase_eod
2023-06-29,359.37,tase_eod
2023-07-02,360.46,tase_eod
2023-07-03,360.89,tase_eod
2023-07-04,361.36,tase_eod
2023-07-05,361.47,tase_eod
2023-07-06,361.11,tase_eod
2023-07-09,360.22,tase_eod
2023-07-10,359.51,tase_eod
2023-07-11,359.65,tase_eod
2023-07-12,360.77,tase_eod
2023-07-13,361.21,tase_eod
2023-07-16,361.62,tase_eod
2023-07-17,361.63,tase_eod
2023-07-18,362.16,tase_eod
2023-07-19,362.8,tase_eod
2023-07-20,362.71,tase_eod
2023-07-23,362.47,tase_eod
2023-07-24,361.09,tase_eod
2023-07-25,359.65,tase_eod
2023-07-26,360.51,tase_eod
2023-07-30,360.92,tase_eod
2023-07-31,361.25,tase_eod
2023-08-01,361.62,tase_eod
2023-08-02,361.18,tase_eod
2023-08-03,360.89,tase_eod
2023-08-06,361.47,tase_eod
2023-08-07,361.22,tase_eod
2023-08-08,361.42,tase_eod
2023-08-09,361.52,tase_eod
2023-08-10,361.49,tase_eod
2023-08-13,360.36,tase_eod
2023-08-14,360.02,tase_eod
2023-08-15,360.33,tase_eod
2023-08-16,360.51,tase_eod
2023-08-17,360.18,tase_eod
2023-08-20,360.51,tase_eod
2023-08-21,360.56,tase_eod
2023-08-22,360.6,tase_eod
2023-08-23,361.61,tase_eod
2023-08-24,361.98,tase_eod
2023-08-27,361.77,tase_eod
2023-08-28,361.55,tase_eod
2023-08-29,361.43,tase_eod
2023-08-30,361.84,tase_eod
2023-08-31,362.26,tase_eod
2023-09-03,361.53,tase_eod
2023-09-04,361.15,tase_eod
2023-09-05,361.73,tase_eod
2023-09-06,361.56,tase_eod
2023-09-07,361.01,tase_eod
2023-09-10,360.6,tase_eod
2023-09-11,361.03,tase_eod
2023-09-12,361.6,tase_eod
2023-09-13,361.83,tase_eod
2023-09-14,361.82,tase_eod
2023-09-18,361.53,tase_eod
2023-09-19,361.53,tase_eod
2023-09-20,361.85,tase_eod
2023-09-21,361.29,tase_eod
2023-09-26,360.28,tase_eod
2023-09-27,359.87,tase_eod
2023-09-28,359.75,tase_eod
2023-10-01,361.18,tase_eod
2023-10-02,361.27,tase_eod
2023-10-03,361.06,tase_eod
2023-10-04,360.27,tase_eod
2023-10-05,360.61,tase_eod
2023-10-08,353.48,tase_eod
2023-10-09,354.78,tase_eod
2023-10-10,356.59,tase_eod
2023-10-11,357.88,tase_eod
2023-10-12,361.63,tase_eod
2023-10-15,359.91,tase_eod
2023-10-16,360.91,tase_eod
2023-10-17,358.97,tase_eod
2023-10-18,358.4,tase_eod
2023-10-19,355.55,tase_eod
2023-10-22,352.95,tase_eod
2023-10-23,351.48,tase_eod
2023-10-24,350.63,tase_eod
2023-10-25,351.02,tase_eod
2023-10-26,349.17,tase_eod
2023-10-29,348.76,tase_eod
2023-10-30,348.51,tase_eod
2023-10-31,349.78,tase_eod
2023-11-01,351.25,tase_eod
2023-11-02,354.09,tase_eod
2023-11-05,357.15,tase_eod
2023-11-06,357.01,tase_eod
2023-11-07,357.95,tase_eod
2023-11-08,358.94,tase_eod
2023-11-09,358.58,tase_eod
2023-11-12,355.91,tase_eod
2023-11-13,355.19,tase_eod
2023-11-14,358.09,tase_eod
2023-11-15,357.87,tase_eod
2023-11-16,358.86,tase_eod
2023-11-19,358.32,tase_eod
2023-11-20,358.66,tase_eod
2023-11-21,359.55,tase_eod
2023-11-22,361.08,tase_eod
2023-11-23,361.12,tase_eod
2023-11-26,359.86,tase_eod
2023-11-27,360.84,tase_eod
2023-11-28,361.91,tase_eod
2023-11-29,362.83,tase_eod
2023-11-30,362.77,tase_eod
2023-12-03,363.48,tase_eod
2023-12-04,364.09,tase_eod
2023-12-05,365.12,tase_eod
2023-12-06,366.5,tase_eod
2023-12-07,365.84,tase_eod
2023-12-10,364.32,tase_eod
2023-12-11,363.84,tase_eod
2023-12-12,364.45,tase_eod
2023-12-13,365.16,tase_eod
2023-12-14,367.86,tase_eod
2023-12-17,368.75,tase_eod
2023-12-18,368.99,tase_eod
2023-12-19,369.93,tase_eod
2023-12-20,370.4,tase_eod
2023-12-21,368.65,tase_eod
2023-12-24,368.88,tase_eod
2023-12-25,368.03,tase_eod
2023-12-26,367.19,tase_eod
2023-12-27,367.37,tase_eod
2023-12-28,366.36,tase_eod
2023-12-31,367.83,tase_eod
2024-01-01,369.65,tase_eod
2024-01-02,368.88,tase_eod
2024-01-03,368.51,tase_eod
2024-01-04,368.93,tase_eod
2024-01-07,369.05,tase_eod
2024-01-08,368.55,tase_eod
2024-01-09,368.53,tase_eod
2024-01-10,368.52,tase_eod
2024-01-11,368.45,tase_eod
2024-01-14,368.81,tase_eod
2024-01-15,368.52,tase_eod
2024-01-16,367.57,tase_eod
2024-01-17,366.51,tase_eod
2024-01-18,367.02,tase_eod
2024-01-21,365.96,tase_eod
2024-01-22,365.46,tase_eod
2024-01-23,365.34,tase_eod
2024-01-24,366.28,tase_eod
2024-01-25,366.16,tase_eod
2024-01-28,366.28,tase_eod
2024-01-29,367.18,tase_eod
2024-01-30,367.13,tase_eod
2024-01-31,368.58,tase_eod
2024-02-01,369.62,tase_eod
2024-02-04,369.14,tase_eod
2024-02-05,369.19,tase_eod
2024-02-06,370.19,tase_eod
2024-02-07,370.64,tase_eod
2024-02-08,370.43,tase_eod
2024-02-11,369.43,tase_eod
2024-02-12,370.12,tase_eod
2024-02-13,370.18,tase_eod
2024-02-14,369.58,tase_eod
2024-02-15,370.27,tase_eod
2024-02-18,369.85,tase_eod
2024-02-19,369.94,tase_eod
2024-02-20,370.08,tase_eod
2024-02-21,370.32,tase_eod
2024-02-22,370.18,tase_eod
2024-02-25,370.19,tase_eod
2024-02-26,370.15,tase_eod
2024-02-28,370.19,tase_eod
2024-02-29,370.63,tase_eod
2024-03-03,371.77,tase_eod
2024-03-04,371.95,tase_eod
2024-03-05,372.1,tase_eod
2024-03-06,372.48,tase_eod
2024-03-07,372.62,tase_eod
2024-03-10,372.04,tase_eod
2024-03-11,372.02,tase_eod
2024-03-12,371.84,tase_eod
2024-03-13,372.04,tase_eod
2024-03-14,372.05,tase_eod
2024-03-17,372.85,tase_eod
2024-03-18,373.11,tase_eod
2024-03-19,373.7,tase_eod
2024-03-20,374.47,tase_eod
2024-03-21,375.62,tase_eod
2024-03-25,374.2,tase_eod
2024-03-26,372.42,tase_eod
2024-03-27,372.54,tase_eod
2024-03-28,372.41,tase_eod
2024-03-31,373.56,tase_eod
2024-04-01,373.76,tase_eod
2024-04-02,373.05,tase_eod
2024-04-03,373.08,tase_eod
2024-04-04,372.86,tase_eod
2024-04-07,373.24,tase_eod
2024-04-08,374.46,tase_eod
2024-04-09,374.39,tase_eod
2024-04-10,373.78,tase_eod
2024-04-11,372.49,tase_eod
2024-04-14,371.52,tase_eod
2024-04-15,370.54,tase_eod
2024-04-16,370.67,tase_eod
2024-04-17,370.39,tase_eod
2024-04-18,371.36,tase_eod
2024-04-21,372.61,tase_eod
2024-04-24,373.28,tase_eod
2024-04-25,373.19,tase_eod
2024-04-30,373.09,tase_eod
2024-05-01,373.14,tase_eod
2024-05-02,373.98,tase_eod
2024-05-05,375.21,tase_eod
2024-05-06,374.52,tase_eod
2024-05-07,375.52,tase_eod
2024-05-08,375.37,tase_eod
2024-05-09,375.27,tase_eod
2024-05-12,375.53,tase_eod
2024-05-15,376.36,tase_eod
2024-05-16,376.78,tase_eod
2024-05-19,376.3,tase_eod
2024-05-20,376.45,tase_eod
2024-05-21,376.95,tase_eod
2024-05-22,376.44,tase_eod
2024-05-23,376.11,tase_eod
2024-05-26,375.92,tase_eod
2024-05-27,375.16,tase_eod
2024-05-28,374.87,tase_eod
2024-05-29,373.68,tase_eod
2024-05-30,373.09,tase_eod
2024-06-02,373.15,tase_eod
2024-06-03,373.78,tase_eod
2024-06-04,373.35,tase_eod
2024-06-05,372.88,tase_eod
2024-06-06,372.23,tase_eod
2024-06-09,371.22,tase_eod
2024-06-10,371.06,tase_eod
2024-06-13,372.09,tase_eod
2024-06-16,372.27,tase_eod
2024-06-17,372.93,tase_eod
2024-06-18,373.72,tase_eod
2024-06-19,374.32,tase_eod
2024-06-20,373.8,tase_eod
2024-06-23,373.93,tase_eod
2024-06-24,374.0,tase_eod
2024-06-25,373.62,tase_eod
2024-06-26,372.94,tase_eod
2024-06-27,371.83,tase_eod
2024-06-30,371.71,tase_eod
2024-07-01,371.53,tase_eod
2024-07-02,371.38,tase_eod
2024-07-03,371.44,tase_eod
2024-07-04,371.92,tase_eod
2024-07-07,373.57,tase_eod
2024-07-08,372.67,tase_eod
2024-07-09,372.58,tase_eod
2024-07-10,372.56,tase_eod
2024-07-11,373.36,tase_eod
2024-07-14,373.36,tase_eod
2024-07-15,373.86,tase_eod
2024-07-16,375.49,tase_eod
2024-07-17,375.61,tase_eod
2024-07-18,375.74,tase_eod
2024-07-21,374.68,tase_eod
2024-07-22,374.33,tase_eod
2024-07-23,374.73,tase_eod
2024-07-24,375.25,tase_eod
2024-07-25,375.68,tase_eod
2024-07-28,374.17,tase_eod
2024-07-29,374.03,tase_eod
2024-07-30,373.52,tase_eod
2024-07-31,373.32,tase_eod
2024-08-01,373.1,tase_eod
2024-08-04,374.07,tase_eod
2024-08-05,375.61,tase_eod
2024-08-06,375.82,tase_eod
2024-08-07,376.12,tase_eod
2024-08-08,376.74,tase_eod
2024-08-11,377.57,tase_eod
2024-08-12,376.26,tase_eod
2024-08-14,377.03,tase_eod
2024-08-15,376.81,tase_eod
2024-08-18,378.04,tase_eod
2024-08-19,378.7,tase_eod
2024-08-20,379.45,tase_eod
2024-08-21,378.95,tase_eod
2024-08-22,379.46,tase_eod
2024-08-25,379.75,tase_eod
2024-08-26,380.09,tase_eod
2024-08-27,380.27,tase_eod
2024-08-28,379.9,tase_eod
2024-08-29,379.78,tase_eod
2024-09-01,379.16,tase_eod
2024-09-02,379.33,tase_eod
2024-09-03,379.22,tase_eod
2024-09-04,378.78,tase_eod
2024-09-05,379.55,tase_eod
2024-09-08,379.54,tase_eod
2024-09-09,378.34,tase_eod
2024-09-10,378.4,tase_eod
2024-09-11,378.56,tase_eod
2024-09-12,378.91,tase_eod
2024-09-15,378.13,tase_eod
2024-09-16,378.21,tase_eod
2024-09-17,377.83,tase_eod
2024-09-18,378.89,tase_eod
2024-09-19,378.96,tase_eod
2024-09-22,378.59,tase_eod
2024-09-23,378.55,tase_eod
2024-09-24,378.79,tase_eod
2024-09-25,379.63,tase_eod
2024-09-26,380.87,tase_eod
2024-09-29,380.6,tase_eod
2024-09-30,381.26,tase_eod
2024-10-01,381.87,tase_eod
2024-10-06,382.19,tase_eod
2024-10-07,382.46,tase_eod
2024-10-08,382.48,tase_eod
2024-10-09,382.66,tase_eod
2024-10-10,382.47,tase_eod
2024-10-13,382.31,tase_eod
2024-10-14,382.39,tase_eod
2024-10-15,382.8,tase_eod
2024-10-20,383.55,tase_eod
2024-10-21,383.4,tase_eod
2024-10-22,382.98,tase_eod
2024-10-27,383.02,tase_eod
2024-10-28,382.41,tase_eod
2024-10-29,382.61,tase_eod
2024-10-30,383.18,tase_eod
2024-10-31,382.92,tase_eod
2024-11-03,382.16,tase_eod
2024-11-04,382.37,tase_eod
2024-11-05,382.11,tase_eod
2024-11-06,382.06,tase_eod
2024-11-07,382.81,tase_eod
2024-11-10,383.64,tase_eod
2024-11-11,383.65,tase_eod
2024-11-12,383.9,tase_eod
2024-11-13,384.21,tase_eod
2024-11-14,384.42,tase_eod
2024-11-17,385.09,tase_eod
2024-11-18,385.58,tase_eod
2024-11-19,385.64,tase_eod
2024-11-20,385.83,tase_eod
2024-11-21,386.24,tase_eod
2024-11-24,386.7,tase_eod
2024-11-25,387.29,tase_eod
2024-11-26,386.18,tase_eod
2024-11-27,385.56,tase_eod
2024-11-28,385.26,tase_eod
2024-12-01,385.84,tase_eod
2024-12-02,385.47,tase_eod
2024-12-03,385.41,tase_eod
2024-12-04,385.31,tase_eod
2024-12-05,385.85,tase_eod
2024-12-08,386.18,tase_eod
2024-12-09,387.05,tase_eod
2024-12-10,387.18,tase_eod
2024-12-11,387.73,tase_eod
2024-12-12,388.49,tase_eod
2024-12-15,388.33,tase_eod
2024-12-16,387.61,tase_eod
2024-12-17,387.39,tase_eod
2024-12-18,387.56,tase_eod
2024-12-19,386.9,tase_eod
2024-12-22,387.18,tase_eod
2024-12-23,387.1,tase_eod
2024-12-24,388.12,tase_eod
2024-12-25,387.98,tase_eod
2024-12-26,387.84,tase_eod
2024-12-29,388.19,tase_eod
2024-12-30,388.17,tase_eod
2024-12-31,389.34,tase_eod
2025-01-01,389.98,tase_eod
2025-01-02,390.47,tase_eod
2025-01-05,390.81,tase_eod
2025-01-06,391.01,tase_eod
2025-01-07,391.12,tase_eod
2025-01-08,390.63,tase_eod
2025-01-09,391.09,tase_eod
2025-01-12,391.06,tase_eod
2025-01-13,391.0,tase_eod
2025-01-14,390.58,tase_eod
2025-01-15,391.02,tase_eod
2025-01-16,391.34,tase_eod
2025-01-19,391.74,tase_eod
2025-01-20,390.8,tase_eod
2025-01-21,390.4,tase_eod
2025-01-22,390.36,tase_eod
2025-01-23,390.04,tase_eod
2025-01-26,389.42,tase_eod
2025-01-27,389.03,tase_eod
2025-01-28,389.01,tase_eod
2025-01-29,389.48,tase_eod
2025-01-30,389.76,tase_eod
2025-02-02,390.4,tase_eod
2025-02-03,390.49,tase_eod
2025-02-04,391.3,tase_eod
2025-02-05,392.68,tase_eod
2025-02-06,393.15,tase_eod
2025-02-09,392.81,tase_eod
2025-02-10,392.96,tase_eod
2025-02-11,392.85,tase_eod
2025-02-12,392.16,tase_eod
2025-02-13,393.09,tase_eod
2025-02-16,393.49,tase_eod
2025-02-17,393.83,tase_eod
2025-02-18,394.1,tase_eod
2025-02-19,393.94,tase_eod
2025-02-20,394.39,tase_eod
2025-02-23,394.25,tase_eod
2025-02-24,394.1,tase_eod
2025-02-25,393.8,tase_eod
2025-02-26,393.81,tase_eod
2025-02-27,393.83,tase_eod
2025-03-02,394.4,tase_eod
2025-03-03,394.52,tase_eod
2025-03-04,394.09,tase_eod
2025-03-05,393.84,tase_eod
2025-03-06,393.67,tase_eod
2025-03-09,393.92,tase_eod
2025-03-10,393.51,tase_eod
2025-03-11,393.12,tase_eod
2025-03-12,393.28,tase_eod
2025-03-13,393.22,tase_eod
2025-03-16,393.23,tase_eod
2025-03-17,392.98,tase_eod
2025-03-18,393.0,tase_eod
2025-03-19,392.74,tase_eod
2025-03-20,392.89,tase_eod
2025-03-23,390.96,tase_eod
2025-03-24,391.34,tase_eod
2025-03-25,391.17,tase_eod
2025-03-26,390.55,tase_eod
2025-03-27,390.16,tase_eod
2025-03-30,390.4,tase_eod
2025-03-31,390.38,tase_eod
2025-04-01,390.76,tase_eod
2025-04-02,391.05,tase_eod
2025-04-03,391.7,tase_eod
2025-04-06,390.25,tase_eod
2025-04-07,387.38,tase_eod
2025-04-08,386.91,tase_eod
2025-04-09,384.91,tase_eod
2025-04-10,386.32,tase_eod
2025-04-14,387.5,tase_eod
2025-04-15,388.87,tase_eod
2025-04-16,389.96,tase_eod
2025-04-17,390.19,tase_eod
2025-04-20,390.27,tase_eod
2025-04-21,389.67,tase_eod
2025-04-22,390.13,tase_eod
2025-04-23,391.22,tase_eod
2025-04-24,391.36,tase_eod
2025-04-27,392.09,tase_eod
2025-04-28,392.19,tase_eod
2025-04-29,392.96,tase_eod
2025-05-04,392.51,tase_eod
2025-05-05,392.14,tase_eod
2025-05-06,391.96,tase_eod
2025-05-07,391.96,tase_eod
2025-05-08,392.64,tase_eod
2025-05-11,392.38,tase_eod
2025-05-12,392.94,tase_eod
2025-05-13,393.04,tase_eod
2025-05-14,393.26,tase_eod
2025-05-15,393.23,tase_eod
2025-05-18,395.0,tase_eod
2025-05-19,394.63,tase_eod
2025-05-20,393.68,tase_eod
2025-05-21,392.96,tase_eod
2025-05-22,392.99,tase_eod
2025-05-25,393.38,tase_eod
2025-05-26,394.02,tase_eod
2025-05-27,394.49,tase_eod
2025-05-28,394.76,tase_eod
2025-05-29,394.59,tase_eod
2025-06-03,394.32,tase_eod
2025-06-04,394.36,tase_eod
2025-06-05,394.8,tase_eod
2025-06-08,394.32,tase_eod
2025-06-09,394.09,tase_eod
2025-06-10,394.15,tase_eod
2025-06-11,393.91,tase_eod
2025-06-12,392.8,tase_eod
2025-06-15,392.87,tase_eod
2025-06-16,393.57,tase_eod
2025-06-17,394.6,tase_eod
2025-06-18,394.92,tase_eod
2025-06-19,395.75,tase_eod
2025-06-22,397.63,tase_eod
2025-06-23,398.64,tase_eod
2025-06-24,399.61,tase_eod
2025-06-25,400.0,tase_eod
2025-06-26,400.19,tase_eod
2025-06-29,400.91,tase_eod
2025-06-30,401.51,tase_eod
2025-07-01,401.7,tase_eod
2025-07-02,401.04,tase_eod
2025-07-03,401.94,tase_eod
2025-07-06,402.6,tase_eod
2025-07-07,402.31,tase_eod
2025-07-08,401.98,tase_eod
2025-07-09,402.57,tase_eod
2025-07-10,402.99,tase_eod
2025-07-13,402.53,tase_eod
2025-07-14,402.45,tase_eod
2025-07-15,402.68,tase_eod
2025-07-16,402.83,tase_eod
2025-07-17,403.59,tase_eod
2025-07-20,403.97,tase_eod
2025-07-21,404.6,tase_eod
2025-07-22,404.55,tase_eod
2025-07-23,404.25,tase_eod
2025-07-24,404.28,tase_eod
2025-07-27,403.72,tase_eod
2025-07-28,403.06,tase_eod
2025-07-29,402.75,tase_eod
2025-07-30,402.91,tase_eod
2025-07-31,403.35,tase_eod
2025-08-04,403.73,tase_eod
2025-08-05,402.86,tase_eod
2025-08-06,403.4,tase_eod
2025-08-07,404.48,tase_eod
2025-08-10,404.46,tase_eod
2025-08-11,405.05,tase_eod
2025-08-12,404.94,tase_eod
2025-08-13,405.59,tase_eod
2025-08-14,405.78,tase_eod
2025-08-17,405.99,tase_eod
2025-08-18,405.74,tase_eod
2025-08-19,405.84,tase_eod
2025-08-20,405.77,tase_eod
2025-08-21,406.19,tase_eod
2025-08-24,406.98,tase_eod
2025-08-25,407.19,tase_eod
2025-08-26,407.08,tase_eod
2025-08-27,406.94,tase_eod
2025-08-28,406.52,tase_eod
2025-08-31,406.26,tase_eod
2025-09-01,405.67,tase_eod
2025-09-02,404.75,tase_eod
2025-09-03,404.93,tase_eod
2025-09-04,405.03,tase_eod
2025-09-07,405.6,tase_eod
2025-09-08,405.92,tase_eod
2025-09-09,405.72,tase_eod
2025-09-10,405.62,tase_eod
2025-09-11,405.5,tase_eod
2025-09-14,405.56,tase_eod
2025-09-15,405.25,tase_eod
2025-09-16,405.03,tase_eod
2025-09-17,404.58,tase_eod
2025-09-18,404.6,tase_eod
2025-09-21,406.46,tase_eod
2025-09-25,407.33,tase_eod
2025-09-28,408.32,tase_eod
2025-09-29,408.78,tase_eod
2025-09-30,410.07,tase_eod
2025-10-05,411.4,tase_eod
2025-10-08,411.88,tase_eod
2025-10-09,413.34,tase_eod
2025-10-12,413.88,tase_eod
2025-10-15,414.66,tase_eod
2025-10-16,414.42,tase_eod
2025-10-19,413.36,tase_eod
2025-10-20,412.8,tase_eod
2025-10-21,412.78,tase_eod
2025-10-22,413.04,tase_eod
2025-10-23,413.45,tase_eod
2025-10-26,413.03,tase_eod
2025-10-27,412.98,tase_eod
2025-10-28,412.91,tase_eod
2025-10-29,413.23,tase_eod
2025-10-30,412.87,tase_eod
2025-11-02,413.23,tase_eod
2025-11-03,413.5,tase_eod
2025-11-04,413.28,tase_eod
2025-11-05,413.3,tase_eod
2025-11-06,412.49,tase_eod
2025-11-09,412.4,tase_eod
2025-11-10,412.51,tase_eod
2025-11-11,412.26,tase_eod
2025-11-12,413.01,tase_eod
2025-11-13,413.35,tase_eod
2025-11-16,413.75,tase_eod
2025-11-17,414.26,tase_eod
2025-11-18,413.65,tase_eod
2025-11-19,413.73,tase_eod
2025-11-20,413.95,tase_eod
2025-11-23,414.37,tase_eod
2025-11-24,414.15,tase_eod
2025-11-25,414.26,tase_eod
2025-11-26,414.04,tase_eod
2025-11-27,413.71,tase_eod
2025-11-30,413.81,tase_eod
2025-12-01,412.98,tase_eod
2025-12-02,411.95,tase_eod
2025-12-03,412.07,tase_eod
2025-12-04,412.28,tase_eod
2025-12-07,411.98,tase_eod
2025-12-08,410.98,tase_eod
2025-12-09,411.03,tase_eod
2025-12-10,410.9,tase_eod
2025-12-11,411.69,tase_eod
2025-12-14,411.78,tase_eod
2025-12-15,411.83,tase_eod
2025-12-16,412.29,tase_eod
2025-12-17,412.9,tase_eod
2025-12-18,413.63,tase_eod
2025-12-21,413.86,tase_eod
2025-12-22,413.79,tase_eod
2025-12-23,414.18,tase_eod
2025-12-24,414.77,tase_eod
2025-12-25,414.29,tase_eod
2025-12-28,414.39,tase_eod
2025-12-29,414.67,tase_eod
2025-12-30,414.5,tase_eod
2025-12-31,415.18,tase_eod
2026-01-01,415.94,tase_eod
2026-01-05,418.16,tase_eod
2026-01-06,418.79,tase_eod
2026-01-07,418.88,tase_eod
2026-01-08,418.58,tase_eod
2026-01-09,418.71,tase_eod
2026-01-12,418.16,tase_eod
2026-01-13,418.04,tase_eod
2026-01-14,417.47,tase_eod
2026-01-15,417.13,tase_eod
2026-01-16,417.54,tase_eod
2026-01-19,416.19,tase_eod
2026-01-20,415.64,tase_eod
2026-01-21,415.51,tase_eod
2026-01-22,415.44,tase_eod
2026-01-23,415.78,tase_eod
2026-01-26,416.08,tase_eod
2026-01-27,415.95,tase_eod
2026-01-28,416.04,tase_eod
2026-01-29,416.03,tase_eod
2026-01-30,416.36,tase_eod
2026-02-02,416.73,tase_eod
2026-02-03,416.92,tase_eod
2026-02-04,416.99,tase_eod
2026-02-05,416.78,tase_eod
2026-02-06,417.64,tase_eod
2026-02-09,417.21,tase_eod
2026-02-10,417.2,tase_eod
2026-02-11,417.06,tase_eod
2026-02-12,417.51,tase_eod
2026-02-13,418.16,tase_eod
2026-02-16,418.03,tase_eod
2026-02-17,417.36,tase_eod
2026-02-18,417.15,tase_eod
2026-02-19,416.84,tase_eod
2026-02-20,417.44,tase_eod
2026-02-23,416.81,tase_eod
2026-02-24,415.59,tase_eod
2026-02-25,415.18,tase_eod
2026-02-26,414.45,tase_eod
2026-02-27,414.1,tase_eod
2026-03-02,416.35,tase_eod
2026-03-04,417.72,tase_eod
2026-03-05,417.95,tase_eod
2026-03-06,417.93,tase_eod
2026-03-09,417.52,tase_eod
2026-03-10,417.14,tase_eod
2026-03-11,416.88,tase_eod
2026-03-12,416.73,tase_eod
2026-03-13,416.57,tase_eod
2026-03-16,416.27,tase_eod
2026-03-17,416.68,tase_eod
2026-03-18,417.08,tase_eod
2026-03-19,417.0,tase_eod
2026-03-20,417.03,tase_eod
2026-03-23,416.77,tase_eod
2026-03-24,416.26,tase_eod
2026-03-25,415.69,tase_eod
2026-03-26,415.49,tase_eod
2026-03-27,414.28,tase_eod
2026-03-30,413.36,tase_eod
2026-03-31,413.96,tase_eod
2026-04-03,415.52,tase_eod
2026-04-06,416.04,tase_eod
2026-04-09,416.8,tase_eod
2026-04-10,417.36,tase_eod
2026-04-13,416.95,tase_eod
2026-04-14,417.41,tase_eod
2026-04-15,417.37,tase_eod
2026-04-16,417.26,tase_eod
2026-04-17,418.46,tase_eod
2026-04-20,418.19,tase_eod
2026-04-23,418.68,tase_eod
2026-04-24,418.66,tase_eod
2026-04-27,418.97,tase_eod
2026-04-28,419.02,tase_eod
2026-04-29,418.86,tase_eod
2026-04-30,419.23,tase_eod
2026-05-01,420.02,tase_eod
2026-05-04,420.55,tase_eod
2026-05-05,420.98,tase_eod
2026-05-06,421.71,tase_eod
2026-05-07,422.58,tase_eod
2026-05-08,422.8,tase_eod
2026-05-11,422.94,tase_eod
2026-05-12,423.19,tase_eod
2026-05-13,423.46,tase_eod
2026-05-14,423.48,tase_eod
2026-05-15,423.27,tase_eod
2026-05-18,423.47,tase_eod
2026-05-19,423.48,tase_eod
2026-05-20,423.84,tase_eod
2026-05-25,424.94,tase_eod
2026-05-26,424.74,tase_eod
2026-05-27,424.82,tase_eod
2026-05-28,424.62,tase_eod
2026-05-29,425.49,tase_eod
2026-06-01,424.4,tase_eod
2026-06-02,424.9,tase_eod
2026-06-03,424.87,tase_eod
2026-06-04,425.25,tase_eod
2026-06-05,425.85,tase_eod
2026-06-08,425.86,tase_eod
2026-06-09,426.0,tase_eod
2026-06-10,425.73,tase_eod
2026-06-11,426.08,tase_eod
2026-06-12,427.08,tase_eod
2026-06-15,426.97,tase_eod
2026-06-16,427.07,tase_eod
2026-06-17,426.3,tase_eod
2026-06-18,425.87,tase_eod
2026-06-19,425.45,tase_eod
2026-06-22,425.16,tase_eod
2026-06-23,426.33,tase_eod
2026-06-24,426.77,tase_eod
2026-06-25,426.97,tase_eod
2026-06-26,426.54,tase_eod
2026-06-29,426.45,tase_eod
2026-06-30,427.11,tase_eod
2026-07-01,427.29,tase_eod
2026-07-02,427.73,tase_eod
2026-07-03,427.97,tase_eod
2026-07-06,428.25,tase_eod
2026-07-07,428.13,tase_eod
2026-07-08,427.81,tase_eod
2026-07-09,427.96,tase_eod
2026-07-10,428.02,tase_eod
2026-07-13,427.63,tase_eod
2026-07-14,428.11,tase_eod
2026-07-15,428.39,tase_eod
2026-07-16,428.33,tase_eod
2026-07-17,428.31,tase_eod
2026-07-20,428.05,tase_eod
2026-07-21,428.25,tase_eod
2026-07-22,428.13,tase_eod
2026-07-24,427.43,tase_eod
2026-07-27,427.3,tase_eod
2026-07-28,427.34,tase_eod
2026-07-29,427.47,tase_eod
2026-07-30,427.03,tase_eod
2026-07-31,427.82,tase_eod
2026-08-03,427.93,tase_eod
2026-08-04,428.42,tase_eod
2026-08-05,428.96,tase_eod
2026-08-06,429.21,tase_eod
2026-08-07,429.51,tase_eod
2026-08-10,429.43,tase_eod
2026-08-11,429.08,tase_eod
2026-08-12,428.34,tase_eod
2026-08-13,428.57,tase_eod
2026-08-14,428.28,tase_eod
2026-08-17,428.21,tase_eod
2026-08-18,427.79,tase_eod
2026-08-19,428.15,tase_eod
2026-08-20,428.26,tase_eod
2026-08-21,428.64,tase_eod
2026-08-24,428.59,tase_eod
2026-08-25,428.93,tase_eod
2026-08-26,428.84,tase_eod
2026-08-27,428.97,tase_eod
2026-08-28,429.3,tase_eod
2026-08-31,429.05,tase_eod
2026-09-01,429.99,tase_eod
2026-09-02,430.46,tase_eod
2026-09-03,430.68,tase_eod
2026-09-04,430.62,tase_eod
2026-09-05,430.62,tase
2026-09-07,430.41,tase
2026-09-08,430.23,tase
