date,value,source
2000-01-04,149.3,investing
2000-01-05,149.2,investing
2000-01-06,149.4,investing
2000-01-09,149.6,investing
2000-01-10,149.8,investing
2000-01-11,150.1,investing
2000-01-12,150.2,investing
2000-01-13,150.4,investing
2000-01-16,150.9,investing
2000-01-17,151.2,investing
2000-01-18,151.4,investing
2000-01-19,151.3,investing
2000-01-20,151.0,investing
2000-01-23,151.0,investing
2000-01-24,151.0,investing
2000-01-25,150.8,investing
2000-01-26,150.9,investing
2000-01-27,151.0,investing
2000-01-30,151.1,investing
2000-01-31,151.1,investing
2000-02-01,151.2,investing
2000-02-02,151.3,investing
2000-02-03,151.4,investing
2000-02-06,151.7,investing
2000-02-07,151.9,investing
2000-02-08,152.1,investing
2000-02-09,152.1,investing
2000-02-10,152.0,investing
2000-02-13,152.2,investing
2000-02-14,152.3,investing
2000-02-15,152.4,investing
2000-02-16,152.6,investing
2000-02-17,152.7,investing
2000-02-20,153.0,investing
2000-02-21,153.0,investing
2000-02-22,153.1,investing
2000-02-23,153.1,investing
2000-02-24,153.1,investing
2000-02-27,153.3,investing
2000-02-28,153.5,investing
2000-02-29,153.6,investing
2000-03-01,153.8,investing
2000-03-02,154.0,investing
2000-03-05,154.3,investing
2000-03-06,154.5,investing
2000-03-07,154.8,investing
2000-03-08,154.7,investing
2000-03-09,154.8,investing
2000-03-12,155.0,investing
2000-03-13,155.1,investing
2000-03-14,155.3,investing
2000-03-15,155.5,investing
2000-03-16,155.9,investing
2000-03-19,156.0,investing
2000-03-20,156.1,investing
2000-03-22,156.0,investing
2000-03-23,155.6,investing
2000-03-26,155.9,investing
2000-03-27,155.9,investing
2000-03-28,156.4,investing
2000-03-29,156.3,investing
2000-03-30,156.2,investing
2000-04-02,156.4,investing
2000-04-03,156.3,investing
2000-04-04,156.3,investing
2000-04-05,156.0,investing
2000-04-06,156.0,investing
2000-04-09,156.2,investing
2000-04-10,156.2,investing
2000-04-11,156.1,investing
2000-04-12,156.0,investing
2000-04-13,156.0,investing
2000-04-16,154.9,investing
2000-04-17,154.7,investing
2000-04-18,154.8,investing
2000-04-23,155.2,investing
2000-04-24,155.5,investing
2000-04-27,156.4,investing
2000-04-30,156.6,investing
2000-05-01,156.5,investing
2000-05-02,156.5,investing
2000-05-03,156.6,investing
2000-05-04,156.9,investing
2000-05-07,157.4,investing
2000-05-08,157.1,investing
2000-05-11,156.8,investing
2000-05-14,156.9,investing
2000-05-15,156.9,investing
2000-05-16,156.8,investing
2000-05-17,156.6,investing
2000-05-18,156.4,investing
2000-05-21,156.0,investing
2000-05-22,155.6,investing
2000-05-23,155.4,investing
2000-05-24,155.7,investing
2000-05-25,156.0,investing
2000-05-28,156.2,investing
2000-05-29,156.3,investing
2000-05-30,156.2,investing
2000-05-31,156.3,investing
2000-06-01,156.4,investing
2000-06-04,156.8,investing
2000-06-05,157.0,investing
2000-06-06,156.9,investing
2000-06-07,156.8,investing
2000-06-11,156.9,investing
2000-06-12,157.1,investing
2000-06-13,157.3,investing
2000-06-14,157.5,investing
2000-06-15,157.6,investing
2000-06-18,157.8,investing
2000-06-19,157.9,investing
2000-06-20,158.1,investing
2000-06-21,158.0,investing
2000-06-22,158.1,investing
2000-06-25,158.2,investing
2000-06-26,158.2,investing
2000-06-27,158.2,investing
2000-06-28,158.4,investing
2000-06-29,158.4,investing
2000-07-02,158.6,investing
2000-07-03,158.8,investing
2000-07-04,158.8,investing
2000-07-05,158.9,investing
2000-07-06,158.9,investing
2000-07-09,158.9,investing
2000-07-10,158.8,investing
2000-07-11,158.8,investing
2000-07-12,158.8,investing
2000-07-13,158.9,investing
2000-07-16,159.3,investing
2000-07-17,159.6,investing
2000-07-18,159.6,investing
2000-07-19,159.6,investing
2000-07-20,159.4,investing
2000-07-23,159.5,investing
2000-07-24,159.5,investing
2000-07-25,159.6,investing
2000-07-26,159.5,investing
2000-07-27,159.5,investing
2000-07-30,159.4,investing
2000-07-31,159.4,investing
2000-08-01,159.5,investing
2000-08-02,159.6,investing
2000-08-03,159.7,investing
2000-08-06,159.9,investing
2000-08-07,159.9,investing
2000-08-08,159.9,investing
2000-08-09,159.9,investing
2000-08-13,159.9,investing
2000-08-14,160.1,investing
2000-08-15,160.5,investing
2000-08-16,160.5,investing
2000-08-17,160.7,investing
2000-08-20,160.9,investing
2000-08-21,160.9,investing
2000-08-22,161.0,investing
2000-08-23,161.0,investing
2000-08-24,161.0,investing
2000-08-27,161.2,investing
2000-08-28,161.3,investing
2000-08-29,161.3,investing
2000-08-30,161.5,investing
2000-08-31,161.7,investing
2000-09-03,161.9,investing
2000-09-04,161.9,investing
2000-09-05,161.9,investing
2000-09-06,161.9,investing
2000-09-07,161.9,investing
2000-09-10,162.0,investing
2000-09-11,162.1,investing
2000-09-12,162.1,investing
2000-09-13,162.1,investing
2000-09-14,162.2,investing
2000-09-17,162.6,investing
2000-09-18,162.6,investing
2000-09-19,162.7,investing
2000-09-20,162.6,investing
2000-09-21,162.6,investing
2000-09-24,162.6,investing
2000-09-25,162.7,investing
2000-09-26,162.8,investing
2000-09-27,162.9,investing
2000-09-28,163.0,investing
2000-10-02,163.1,investing
2000-10-03,163.1,investing
2000-10-04,163.2,investing
2000-10-05,163.3,investing
2000-10-10,162.8,investing
2000-10-11,162.8,investing
2000-10-12,162.1,investing
2000-10-15,162.3,investing
2000-10-16,162.6,investing
2000-10-17,162.8,investing
2000-10-18,162.9,investing
2000-10-19,163.0,investing
2000-10-22,163.1,investing
2000-10-23,163.1,investing
2000-10-24,162.9,investing
2000-10-25,162.7,investing
2000-10-26,162.8,investing
2000-10-29,163.1,investing
2000-10-30,163.2,investing
2000-10-31,163.2,investing
2000-11-01,163.4,investing
2000-11-02,163.8,investing
2000-11-05,164.4,investing
2000-11-06,164.3,investing
2000-11-07,164.3,investing
2000-11-08,164.4,investing
2000-11-09,164.4,investing
2000-11-12,164.5,investing
2000-11-13,164.6,investing
2000-11-14,164.8,investing
2000-11-15,165.1,investing
2000-11-16,165.2,investing
2000-11-19,165.4,investing
2000-11-20,165.6,investing
2000-11-21,165.4,investing
2000-11-22,165.3,investing
2000-11-23,165.3,investing
2000-11-26,165.5,investing
2000-11-27,165.6,investing
2000-11-28,165.7,investing
2000-11-29,165.8,investing
2000-11-30,165.9,investing
2000-12-03,166.2,investing
2000-12-04,166.1,investing
2000-12-05,166.2,investing
2000-12-06,166.3,investing
2000-12-07,166.4,investing
2000-12-10,166.6,investing
2000-12-11,166.7,investing
2000-12-12,167.0,investing
2000-12-13,167.1,investing
2000-12-14,167.1,investing
2000-12-17,167.7,investing
2000-12-18,167.9,investing
2000-12-19,167.9,investing
2000-12-20,167.8,investing
2000-12-21,167.8,investing
2000-12-24,168.2,investing
2000-12-25,168.4,investing
2000-12-26,168.8,investing
2000-12-27,168.8,investing
2000-12-28,168.8,investing
2000-12-31,169.0,investing
2001-01-01,168.9,investing
2001-01-02,168.6,investing
2001-01-03,168.2,investing
2001-01-04,169.1,investing
2001-01-07,168.8,investing
2001-01-08,168.8,investing
2001-01-09,168.9,investing
2001-01-10,168.9,investing
2001-01-11,169.1,investing
2001-01-14,169.6,investing
2001-01-15,169.7,investing
2001-01-16,169.8,investing
2001-01-17,169.9,investing
2001-01-18,169.9,investing
2001-01-21,169.9,investing
2001-01-22,169.6,investing
2001-01-23,169.8,investing
2001-01-24,169.8,investing
2001-01-25,170.1,investing
2001-01-28,170.1,investing
2001-01-29,170.1,investing
2001-01-30,170.2,investing
2001-01-31,170.4,investing
2001-02-01,170.4,investing
2001-02-04,170.4,investing
2001-02-05,170.5,investing
2001-02-07,170.4,investing
2001-02-08,170.5,investing
2001-02-11,170.8,investing
2001-02-12,171.0,investing
2001-02-13,171.3,investing
2001-02-14,171.2,investing
2001-02-15,171.3,investing
2001-02-18,172.1,investing
2001-02-19,172.3,investing
2001-02-20,172.5,investing
2001-02-21,172.5,investing
2001-02-22,172.4,investing
2001-02-25,172.5,investing
2001-02-26,172.6,investing
2001-02-27,172.6,investing
2001-02-28,172.8,investing
2001-03-01,173.1,investing
2001-03-04,173.1,investing
2001-03-05,173.0,investing
2001-03-06,172.9,investing
2001-03-07,172.9,investing
2001-03-08,172.9,investing
2001-03-11,172.9,investing
2001-03-12,173.0,investing
2001-03-13,173.1,investing
2001-03-14,173.1,investing
2001-03-15,173.1,investing
2001-03-18,173.1,investing
2001-03-19,173.1,investing
2001-03-20,173.1,investing
2001-03-21,172.9,investing
2001-03-22,172.9,investing
2001-03-25,173.4,investing
2001-03-26,173.8,investing
2001-03-27,174.1,investing
2001-03-28,173.9,investing
2001-03-29,173.8,investing
2001-04-01,174.1,investing
2001-04-02,174.1,investing
2001-04-03,174.2,investing
2001-04-04,174.3,investing
2001-04-05,174.5,investing
2001-04-09,174.8,investing
2001-04-10,175.2,investing
2001-04-11,175.3,investing
2001-04-12,175.3,investing
2001-04-15,175.6,investing
2001-04-16,175.6,investing
2001-04-17,175.4,investing
2001-04-18,175.7,investing
2001-04-19,176.1,investing
2001-04-22,176.5,investing
2001-04-23,176.7,investing
2001-04-24,176.8,investing
2001-04-29,177.3,investing
2001-04-30,177.4,investing
2001-05-01,177.3,investing
2001-05-02,177.5,investing
2001-05-03,177.5,investing
2001-05-06,177.7,investing
2001-05-07,177.8,investing
2001-05-08,177.8,investing
2001-05-09,177.5,investing
2001-05-10,177.6,investing
2001-05-13,177.7,investing
2001-05-14,177.8,investing
2001-05-15,178.1,investing
2001-05-16,178.4,investing
2001-05-17,178.6,investing
2001-05-20,178.7,investing
2001-05-21,178.6,investing
2001-05-22,178.6,investing
2001-05-23,178.7,investing
2001-05-24,178.7,investing
2001-05-29,178.8,investing
2001-05-30,178.8,investing
2001-05-31,178.7,investing
2001-06-03,178.9,investing
2001-06-04,179.0,investing
2001-06-05,179.2,investing
2001-06-06,179.6,investing
2001-06-07,179.8,investing
2001-06-10,179.9,investing
2001-06-11,180.1,investing
2001-06-12,180.1,investing
2001-06-13,180.2,investing
2001-06-14,180.4,investing
2001-06-17,180.5,investing
2001-06-18,180.6,investing
2001-06-19,180.7,investing
2001-06-20,180.6,investing
2001-06-21,180.5,investing
2001-06-24,180.4,investing
2001-06-25,180.4,investing
2001-06-26,180.6,investing
2001-06-27,180.8,investing
2001-06-28,180.8,investing
2001-07-01,180.9,investing
2001-07-02,181.1,investing
2001-07-03,181.0,investing
2001-07-04,180.9,investing
2001-07-05,180.9,investing
2001-07-08,180.7,investing
2001-07-09,180.7,investing
2001-07-10,180.8,investing
2001-07-11,180.8,investing
2001-07-12,180.9,investing
2001-07-15,181.0,investing
2001-07-16,180.9,investing
2001-07-17,180.4,investing
2001-07-18,180.1,investing
2001-07-19,180.2,investing
2001-07-22,179.9,investing
2001-07-23,180.3,investing
2001-07-24,180.5,investing
2001-07-25,180.4,investing
2001-07-26,180.0,investing
2001-07-30,179.7,investing
2001-07-31,179.4,investing
2001-08-01,178.6,investing
2001-08-02,178.1,investing
2001-08-05,177.6,investing
2001-08-06,178.1,investing
2001-08-07,178.8,investing
2001-08-08,178.9,investing
2001-08-09,178.4,investing
2001-08-12,178.1,investing
2001-08-13,178.5,investing
2001-08-14,178.8,investing
2001-08-15,179.2,investing
2001-08-16,178.6,investing
2001-08-19,178.6,investing
2001-08-20,178.6,investing
2001-08-21,178.9,investing
2001-08-22,179.5,investing
2001-08-23,179.5,investing
2001-08-26,179.3,investing
2001-08-27,179.0,investing
2001-08-28,178.6,investing
2001-08-29,178.3,investing
2001-08-30,178.1,investing
2001-09-02,177.5,investing
2001-09-03,177.3,investing
2001-09-04,177.0,investing
2001-09-05,176.5,investing
2001-09-06,176.8,investing
2001-09-09,176.1,investing
2001-09-10,175.7,investing
2001-09-11,174.4,investing
2001-09-12,174.1,investing
2001-09-13,175.3,investing
2001-09-16,175.1,investing
2001-09-20,175.8,investing
2001-09-23,175.3,investing
2001-09-24,176.2,investing
2001-09-25,176.6,investing
2001-09-30,177.7,investing
2001-10-03,178.5,investing
2001-10-04,179.3,investing
2001-10-07,180.1,investing
2001-10-10,180.4,investing
2001-10-11,180.1,investing
2001-10-14,180.1,investing
2001-10-15,180.6,investing
2001-10-16,181.6,investing
2001-10-17,181.3,investing
2001-10-18,181.5,investing
2001-10-21,181.9,investing
2001-10-22,182.1,investing
2001-10-23,182.1,investing
2001-10-24,181.6,investing
2001-10-25,181.5,investing
2001-10-28,181.9,investing
2001-10-29,182.1,investing
2001-10-30,182.0,investing
2001-10-31,182.3,investing
2001-11-01,182.7,investing
2001-11-04,183.2,investing
2001-11-05,183.3,investing
2001-11-06,183.1,investing
2001-11-07,183.6,investing
2001-11-08,184.1,investing
2001-11-11,185.0,investing
2001-11-12,184.8,investing
2001-11-13,185.2,investing
2001-11-14,185.7,investing
2001-11-15,186.1,investing
2001-11-18,186.6,investing
2001-11-19,186.1,investing
2001-11-20,185.8,investing
2001-11-21,185.4,investing
2001-11-22,185.7,investing
2001-11-25,186.3,investing
2001-11-26,186.1,investing
2001-11-27,185.5,investing
2001-11-28,185.6,investing
2001-11-29,185.3,investing
2001-12-02,184.7,investing
2001-12-03,185.0,investing
2001-12-04,185.8,investing
2001-12-05,186.7,investing
2001-12-06,186.7,investing
2001-12-09,186.8,investing
2001-12-10,187.1,investing
2001-12-11,187.2,investing
2001-12-12,187.5,investing
2001-12-13,187.2,investing
2001-12-16,188.1,investing
2001-12-17,188.1,investing
2001-12-18,187.9,investing
2001-12-19,188.4,investing
2001-12-20,188.1,investing
2001-12-23,191.4,investing
2001-12-24,190.5,investing
2001-12-25,189.5,investing
2001-12-26,190.2,investing
2001-12-27,190.2,investing
2001-12-30,189.7,investing
2001-12-31,188.9,investing
2002-01-01,189.4,investing
2002-01-02,189.9,investing
2002-01-03,190.2,investing
2002-01-06,189.4,investing
2002-01-07,190.0,investing
2002-01-08,190.9,investing
2002-01-09,191.0,investing
2002-01-10,191.3,investing
2002-01-13,191.3,investing
2002-01-14,191.6,investing
2002-01-15,191.7,investing
2002-01-16,191.9,investing
2002-01-17,192.3,investing
2002-01-20,192.9,investing
2002-01-21,192.7,investing
2002-01-22,192.2,investing
2002-01-23,191.6,investing
2002-01-24,191.3,investing
2002-01-27,191.0,investing
2002-01-28,190.9,investing
2002-01-29,191.4,investing
2002-01-30,192.2,investing
2002-01-31,192.7,investing
2002-02-03,193.0,investing
2002-02-04,192.7,investing
2002-02-05,192.1,investing
2002-02-06,192.0,investing
2002-02-07,191.3,investing
2002-02-10,190.9,investing
2002-02-11,190.4,investing
2002-02-12,191.1,investing
2002-02-13,191.7,investing
2002-02-14,191.6,investing
2002-02-17,191.1,investing
2002-02-18,190.7,investing
2002-02-19,190.2,investing
2002-02-20,190.4,investing
2002-02-21,190.5,investing
2002-02-24,191.0,investing
2002-02-25,191.3,investing
2002-02-27,191.9,investing
2002-02-28,191.5,investing
2002-03-03,190.3,investing
2002-03-04,189.8,investing
2002-03-05,188.5,investing
2002-03-06,188.6,investing
2002-03-07,188.8,investing
2002-03-10,188.7,investing
2002-03-11,189.1,investing
2002-03-12,189.1,investing
2002-03-13,189.1,investing
2002-03-14,189.4,investing
2002-03-17,190.0,investing
2002-03-18,190.2,investing
2002-03-19,190.5,investing
2002-03-20,190.7,investing
2002-03-21,190.2,investing
2002-03-24,190.0,investing
2002-03-25,189.3,investing
2002-03-26,188.9,investing
2002-03-31,185.5,investing
2002-04-01,184.8,investing
2002-04-04,185.7,investing
2002-04-07,187.0,investing
2002-04-08,185.9,investing
2002-04-09,185.8,investing
2002-04-10,186.3,investing
2002-04-11,186.5,investing
2002-04-14,185.6,investing
2002-04-15,184.9,investing
2002-04-18,185.3,investing
2002-04-21,186.1,investing
2002-04-22,185.9,investing
2002-04-23,185.2,investing
2002-04-24,182.3,investing
2002-04-25,181.6,investing
2002-04-28,178.2,investing
2002-04-29,180.4,investing
2002-04-30,180.8,investing
2002-05-01,182.5,investing
2002-05-02,183.4,investing
2002-05-05,183.6,investing
2002-05-06,182.8,investing
2002-05-07,183.1,investing
2002-05-08,182.7,investing
2002-05-09,180.0,investing
2002-05-12,180.6,investing
2002-05-13,179.9,investing
2002-05-14,180.9,investing
2002-05-15,180.7,investing
2002-05-19,179.6,investing
2002-05-20,180.2,investing
2002-05-21,180.1,investing
2002-05-22,180.8,investing
2002-05-23,180.7,investing
2002-05-26,180.4,investing
2002-05-27,181.0,investing
2002-05-28,179.6,investing
2002-05-29,178.5,investing
2002-05-30,178.6,investing
2002-06-02,179.3,investing
2002-06-03,179.6,investing
2002-06-04,179.6,investing
2002-06-05,179.4,investing
2002-06-06,179.7,investing
2002-06-09,178.7,investing
2002-06-10,177.0,investing
2002-06-11,174.3,investing
2002-06-12,175.1,investing
2002-06-13,175.1,investing
2002-06-16,174.6,investing
2002-06-17,174.8,investing
2002-06-18,174.1,investing
2002-06-19,172.5,investing
2002-06-20,168.1,investing
2002-06-23,164.9,investing
2002-06-24,167.6,investing
2002-06-25,171.9,investing
2002-06-26,172.4,investing
2002-06-27,174.2,investing
2002-06-30,174.9,investing
2002-07-01,175.6,investing
2002-07-02,176.2,investing
2002-07-03,177.3,investing
2002-07-04,177.1,investing
2002-07-07,177.1,investing
2002-07-08,176.8,investing
2002-07-09,177.7,investing
2002-07-10,179.2,investing
2002-07-11,178.7,investing
2002-07-14,179.6,investing
2002-07-15,181.0,investing
2002-07-16,180.3,investing
2002-07-17,181.5,investing
2002-07-21,182.4,investing
2002-07-22,181.5,investing
2002-07-23,180.0,investing
2002-07-24,178.1,investing
2002-07-25,178.4,investing
2002-07-28,179.9,investing
2002-07-29,180.1,investing
2002-07-30,180.4,investing
2002-07-31,180.6,investing
2002-08-01,180.3,investing
2002-08-04,179.1,investing
2002-08-05,179.3,investing
2002-08-06,179.6,investing
2002-08-07,179.7,investing
2002-08-08,180.1,investing
2002-08-11,180.7,investing
2002-08-12,181.1,investing
2002-08-13,180.4,investing
2002-08-14,179.9,investing
2002-08-15,180.3,investing
2002-08-18,180.3,investing
2002-08-19,180.7,investing
2002-08-20,180.9,investing
2002-08-21,181.0,investing
2002-08-22,180.9,investing
2002-08-25,181.5,investing
2002-08-26,181.4,investing
2002-08-27,181.4,investing
2002-08-28,181.2,investing
2002-08-29,181.1,investing
2002-09-01,180.5,investing
2002-09-02,180.2,investing
2002-09-03,180.0,investing
2002-09-04,179.3,investing
2002-09-05,179.2,investing
2002-09-09,178.6,investing
2002-09-10,178.4,investing
2002-09-11,178.9,investing
2002-09-12,178.7,investing
2002-09-17,179.0,investing
2002-09-18,175.6,investing
2002-09-19,175.1,investing
2002-09-22,173.3,investing
2002-09-23,173.7,investing
2002-09-24,173.5,investing
2002-09-25,171.9,investing
2002-09-26,172.6,investing
2002-09-29,171.3,investing
2002-09-30,170.1,investing
2002-10-01,171.8,investing
2002-10-02,172.2,investing
2002-10-03,170.9,investing
2002-10-06,168.7,investing
2002-10-07,170.6,investing
2002-10-08,172.0,investing
2002-10-09,172.0,investing
2002-10-10,172.8,investing
2002-10-13,173.4,investing
2002-10-14,172.5,investing
2002-10-15,172.9,investing
2002-10-16,171.4,investing
2002-10-17,172.3,investing
2002-10-20,173.1,investing
2002-10-21,173.3,investing
2002-10-22,172.0,investing
2002-10-23,172.0,investing
2002-10-24,171.2,investing
2002-10-27,170.5,investing
2002-10-28,170.0,investing
2002-10-29,169.1,investing
2002-10-30,171.2,investing
2002-10-31,169.9,investing
2002-11-03,170.1,investing
2002-11-04,171.0,investing
2002-11-05,172.4,investing
2002-11-06,173.5,investing
2002-11-07,173.1,investing
2002-11-10,173.8,investing
2002-11-11,173.5,investing
2002-11-12,172.7,investing
2002-11-13,173.0,investing
2002-11-14,174.3,investing
2002-11-17,175.2,investing
2002-11-18,175.9,investing
2002-11-19,175.8,investing
2002-11-20,176.4,investing
2002-11-21,176.2,investing
2002-11-24,176.4,investing
2002-11-25,177.2,investing
2002-11-26,179.1,investing
2002-11-27,179.0,investing
2002-11-28,178.1,investing
2002-12-01,179.4,investing
2002-12-02,180.3,investing
2002-12-03,180.4,investing
2002-12-04,179.6,investing
2002-12-05,178.9,investing
2002-12-08,177.9,investing
2002-12-09,179.7,investing
2002-12-10,180.8,investing
2002-12-11,181.2,investing
2002-12-12,181.2,investing
2002-12-15,181.9,investing
2002-12-16,183.5,investing
2002-12-17,183.5,investing
2002-12-18,182.8,investing
2002-12-19,180.7,investing
2002-12-22,180.5,investing
2002-12-23,180.6,investing
2002-12-24,180.0,investing
2002-12-25,179.8,investing
2002-12-26,180.2,investing
2002-12-29,179.3,investing
2002-12-30,179.8,investing
2002-12-31,180.2,investing
2003-01-01,179.9,investing
2003-01-02,179.5,investing
2003-01-05,179.4,investing
2003-01-06,180.0,investing
2003-01-07,179.9,investing
2003-01-08,180.0,investing
2003-01-09,180.5,investing
2003-01-12,180.8,investing
2003-01-13,180.9,investing
2003-01-14,180.7,investing
2003-01-15,181.3,investing
2003-01-16,181.4,investing
2003-01-19,180.4,investing
2003-01-20,179.9,investing
2003-01-21,179.0,investing
2003-01-22,177.7,investing
2003-01-23,178.8,investing
2003-01-26,179.3,investing
2003-01-27,179.5,investing
2003-01-29,180.0,investing
2003-01-30,181.0,investing
2003-02-02,181.4,investing
2003-02-03,180.8,investing
2003-02-04,179.6,investing
2003-02-05,179.6,investing
2003-02-06,179.9,investing
2003-02-09,180.0,investing
2003-02-10,179.8,investing
2003-02-11,180.6,investing
2003-02-12,180.3,investing
2003-02-13,179.7,investing
2003-02-16,180.7,investing
2003-02-17,181.2,investing
2003-02-18,181.8,investing
2003-02-19,181.1,investing
2003-02-20,181.0,investing
2003-02-23,181.6,investing
2003-02-24,181.7,investing
2003-02-25,181.5,investing
2003-02-26,181.8,investing
2003-02-27,182.6,investing
2003-03-02,183.2,investing
2003-03-03,183.1,investing
2003-03-04,183.7,investing
2003-03-05,183.9,investing
2003-03-06,184.5,investing
2003-03-09,185.0,investing
2003-03-10,184.9,investing
2003-03-11,185.5,investing
2003-03-12,185.9,investing
2003-03-13,186.1,investing
2003-03-16,186.6,investing
2003-03-17,186.8,investing
2003-03-19,187.7,investing
2003-03-20,188.0,investing
2003-03-23,189.6,investing
2003-03-24,188.8,investing
2003-03-25,188.7,investing
2003-03-26,189.3,investing
2003-03-27,189.6,investing
2003-03-30,188.9,investing
2003-03-31,189.3,investing
2003-04-01,190.7,investing
2003-04-02,192.0,investing
2003-04-03,192.4,investing
2003-04-06,191.4,investing
2003-04-07,192.5,investing
2003-04-08,192.3,investing
2003-04-09,193.0,investing
2003-04-10,193.7,investing
2003-04-13,193.6,investing
2003-04-14,194.1,investing
2003-04-15,195.2,investing
2003-04-20,196.0,investing
2003-04-21,194.8,investing
2003-04-24,196.4,investing
2003-04-27,196.4,investing
2003-04-28,196.5,investing
2003-04-29,198.1,investing
2003-05-04,201.4,investing
2003-05-05,200.8,investing
2003-05-08,200.1,investing
2003-05-11,201.6,investing
2003-05-12,200.3,investing
2003-05-13,200.0,investing
2003-05-14,200.9,investing
2003-05-18,199.4,investing
2003-05-19,199.0,investing
2003-05-20,197.8,investing
2003-05-21,197.2,investing
2003-05-22,198.8,investing
2003-05-25,201.3,investing
2003-05-26,200.9,investing
2003-05-27,201.3,investing
2003-05-28,201.6,investing
2003-05-29,202.1,investing
2003-06-01,203.2,investing
2003-06-02,203.0,investing
2003-06-03,203.6,investing
2003-06-04,203.3,investing
2003-06-08,202.7,investing
2003-06-09,203.2,investing
2003-06-10,203.4,investing
2003-06-11,203.8,investing
2003-06-12,204.0,investing
2003-06-15,204.9,investing
2003-06-16,205.4,investing
2003-06-17,205.5,investing
2003-06-18,204.9,investing
2003-06-19,205.7,investing
2003-06-22,206.2,investing
2003-06-23,205.7,investing
2003-06-24,205.9,investing
2003-06-25,205.9,investing
2003-06-26,206.4,investing
2003-06-29,207.3,investing
2003-06-30,207.9,investing
2003-07-01,208.1,investing
2003-07-02,208.5,investing
2003-07-03,208.3,investing
2003-07-06,208.3,investing
2003-07-07,207.9,investing
2003-07-08,206.7,investing
2003-07-09,207.7,investing
2003-07-10,207.6,investing
2003-07-13,207.0,investing
2003-07-14,206.9,investing
2003-07-15,206.5,investing
2003-07-16,205.0,investing
2003-07-17,204.8,investing
2003-07-20,205.5,investing
2003-07-21,205.8,investing
2003-07-22,206.0,investing
2003-07-23,206.4,investing
2003-07-24,206.5,investing
2003-07-27,207.0,investing
2003-07-28,207.3,investing
2003-07-29,206.9,investing
2003-07-30,206.0,investing
2003-07-31,205.8,investing
2003-08-03,203.9,investing
2003-08-04,203.7,investing
2003-08-05,204.4,investing
2003-08-06,205.6,investing
2003-08-10,204.6,investing
2003-08-11,205.1,investing
2003-08-12,205.4,investing
2003-08-13,206.0,investing
2003-08-14,205.5,investing
2003-08-17,206.5,investing
2003-08-18,206.4,investing
2003-08-19,206.5,investing
2003-08-20,206.1,investing
2003-08-21,205.6,investing
2003-08-24,205.9,investing
2003-08-25,206.9,investing
2003-08-26,207.1,investing
2003-08-27,207.3,investing
2003-08-28,207.7,investing
2003-08-31,207.9,investing
2003-09-01,207.9,investing
2003-09-02,208.1,investing
2003-09-03,209.1,investing
2003-09-04,209.1,investing
2003-09-07,208.1,investing
2003-09-08,208.9,investing
2003-09-09,209.5,investing
2003-09-10,209.2,investing
2003-09-11,208.7,investing
2003-09-14,208.3,investing
2003-09-15,208.2,investing
2003-09-16,208.8,investing
2003-09-17,209.5,investing
2003-09-18,209.9,investing
2003-09-21,210.4,investing
2003-09-22,210.9,investing
2003-09-23,211.2,investing
2003-09-24,211.4,investing
2003-09-25,211.6,investing
2003-09-29,212.3,investing
2003-09-30,212.4,investing
2003-10-01,212.6,investing
2003-10-02,213.0,investing
2003-10-07,213.2,investing
2003-10-08,213.1,investing
2003-10-09,213.1,investing
2003-10-12,213.7,investing
2003-10-13,213.8,investing
2003-10-14,213.6,investing
2003-10-15,213.7,investing
2003-10-16,214.9,investing
2003-10-19,215.7,investing
2003-10-20,216.0,investing
2003-10-21,216.1,investing
2003-10-22,216.1,investing
2003-10-23,215.9,investing
2003-10-26,215.8,investing
2003-10-27,216.3,investing
2003-10-28,216.7,investing
2003-10-29,216.7,investing
2003-10-30,216.7,investing
2003-11-02,217.5,investing
2003-11-03,217.1,investing
2003-11-04,217.4,investing
2003-11-05,217.5,investing
2003-11-06,217.3,investing
2003-11-09,217.2,investing
2003-11-10,216.5,investing
2003-11-11,216.1,investing
2003-11-12,216.6,investing
2003-11-13,216.8,investing
2003-11-16,217.0,investing
2003-11-17,217.3,investing
2003-11-18,217.6,investing
2003-11-19,218.2,investing
2003-11-20,218.3,investing
2003-11-23,218.4,investing
2003-11-24,219.0,investing
2003-11-25,219.2,investing
2003-11-26,219.2,investing
2003-11-27,219.3,investing
2003-11-30,219.4,investing
2003-12-01,219.8,investing
2003-12-02,220.0,investing
2003-12-03,220.6,investing
2003-12-04,220.3,investing
2003-12-07,220.3,investing
2003-12-08,219.9,investing
2003-12-09,220.6,investing
2003-12-10,220.6,investing
2003-12-11,220.9,investing
2003-12-14,221.4,investing
2003-12-15,221.6,investing
2003-12-16,222.0,investing
2003-12-17,222.1,investing
2003-12-18,222.4,investing
2003-12-21,222.5,investing
2003-12-22,222.4,investing
2003-12-23,222.5,investing
2003-12-24,222.5,investing
2003-12-25,222.5,investing
2003-12-28,223.0,investing
2003-12-29,223.4,investing
2003-12-30,223.6,investing
2003-12-31,223.9,investing
2004-01-04,224.4,investing
2004-01-05,224.7,investing
2004-01-06,224.7,investing
2004-01-07,224.3,investing
2004-01-08,224.0,investing
2004-01-11,223.6,investing
2004-01-12,222.9,investing
2004-01-13,223.0,investing
2004-01-14,222.9,investing
2004-01-15,223.1,investing
2004-01-18,223.6,investing
2004-01-19,223.6,investing
2004-01-20,223.2,investing
2004-01-21,222.7,investing
2004-01-22,222.6,investing
2004-01-25,222.6,investing
2004-01-26,222.6,investing
2004-01-27,222.4,investing
2004-01-28,222.0,investing
2004-01-29,221.7,investing
2004-02-01,220.9,investing
2004-02-02,221.4,investing
2004-02-03,221.9,investing
2004-02-04,221.4,investing
2004-02-05,221.5,investing
2004-02-08,221.8,investing
2004-02-09,221.4,investing
2004-02-10,221.3,investing
2004-02-11,221.3,investing
2004-02-12,221.9,investing
2004-02-15,222.4,investing
2004-02-16,222.5,investing
2004-02-17,222.2,investing
2004-02-18,222.0,investing
2004-02-19,222.1,investing
2004-02-22,221.6,investing
2004-02-23,221.8,investing
2004-02-24,221.5,investing
2004-02-25,220.9,investing
2004-02-26,220.7,investing
2004-02-29,220.7,investing
2004-03-01,221.5,investing
2004-03-02,222.0,investing
2004-03-03,222.0,investing
2004-03-04,222.5,investing
2004-03-08,223.2,investing
2004-03-09,223.5,investing
2004-03-10,223.4,investing
2004-03-11,222.9,investing
2004-03-14,223.0,investing
2004-03-15,223.3,investing
2004-03-16,223.9,investing
2004-03-17,224.1,investing
2004-03-18,224.3,investing
2004-03-21,223.8,investing
2004-03-22,223.4,investing
2004-03-23,223.3,investing
2004-03-24,222.9,investing
2004-03-25,222.9,investing
2004-03-28,222.8,investing
2004-03-29,223.6,investing
2004-03-30,223.8,investing
2004-03-31,223.8,investing
2004-04-01,224.0,investing
2004-04-04,223.7,investing
2004-04-07,223.7,investing
2004-04-08,223.6,investing
2004-04-13,223.2,investing
2004-04-14,222.7,investing
2004-04-15,223.0,investing
2004-04-18,222.6,investing
2004-04-19,222.8,investing
2004-04-20,222.6,investing
2004-04-21,222.1,investing
2004-04-22,222.0,investing
2004-04-25,221.9,investing
2004-04-28,221.3,investing
2004-04-29,221.9,investing
2004-05-02,222.3,investing
2004-05-03,222.5,investing
2004-05-04,222.9,investing
2004-05-05,223.1,investing
2004-05-06,223.0,investing
2004-05-09,222.0,investing
2004-05-10,221.6,investing
2004-05-11,221.8,investing
2004-05-12,222.0,investing
2004-05-13,221.9,investing
2004-05-16,222.4,investing
2004-05-17,222.9,investing
2004-05-18,222.8,investing
2004-05-19,222.9,investing
2004-05-20,222.7,investing
2004-05-23,223.2,investing
2004-05-24,223.3,investing
2004-05-27,223.8,investing
2004-05-30,223.2,investing
2004-05-31,223.6,investing
2004-06-01,224.1,investing
2004-06-02,224.2,investing
2004-06-03,223.9,investing
2004-06-06,223.8,investing
2004-06-07,224.5,investing
2004-06-08,224.4,investing
2004-06-09,224.4,investing
2004-06-10,224.2,investing
2004-06-13,224.2,investing
2004-06-14,224.3,investing
2004-06-15,224.5,investing
2004-06-16,224.9,investing
2004-06-17,225.2,investing
2004-06-20,225.4,investing
2004-06-21,225.7,investing
2004-06-22,225.4,investing
2004-06-23,225.0,investing
2004-06-24,225.4,investing
2004-06-27,225.6,investing
2004-06-28,225.8,investing
2004-06-29,225.9,investing
2004-06-30,226.2,investing
2004-07-01,226.5,investing
2004-07-04,226.7,investing
2004-07-05,226.7,investing
2004-07-06,226.4,investing
2004-07-07,226.4,investing
2004-07-08,226.4,investing
2004-07-11,226.3,investing
2004-07-12,226.5,investing
2004-07-13,226.4,investing
2004-07-14,226.4,investing
2004-07-15,226.7,investing
2004-07-18,227.0,investing
2004-07-19,227.0,investing
2004-07-20,226.9,investing
2004-07-21,226.7,investing
2004-07-22,226.6,investing
2004-07-25,226.4,investing
2004-07-26,226.6,investing
2004-07-28,226.0,investing
2004-07-29,226.1,investing
2004-08-01,226.4,investing
2004-08-02,226.3,investing
2004-08-03,226.2,investing
2004-08-04,226.3,investing
2004-08-05,226.4,investing
2004-08-08,226.9,investing
2004-08-09,227.1,investing
2004-08-10,227.2,investing
2004-08-11,226.9,investing
2004-08-12,227.0,investing
2004-08-15,227.3,investing
2004-08-16,227.1,investing
2004-08-17,227.3,investing
2004-08-18,227.3,investing
2004-08-19,227.3,investing
2004-08-22,227.5,investing
2004-08-23,227.4,investing
2004-08-24,227.4,investing
2004-08-25,227.5,investing
2004-08-26,227.8,investing
2004-08-29,228.2,investing
2004-08-30,228.3,investing
2004-08-31,228.5,investing
2004-09-01,228.8,investing
2004-09-02,228.8,investing
2004-09-05,228.8,investing
2004-09-06,228.9,investing
2004-09-07,229.3,investing
2004-09-08,229.5,investing
2004-09-09,229.5,investing
2004-09-12,229.7,investing
2004-09-13,229.9,investing
2004-09-14,229.9,investing
2004-09-19,230.3,investing
2004-09-20,230.4,investing
2004-09-23,230.9,investing
2004-09-26,231.0,investing
2004-09-27,231.1,investing
2004-09-28,230.9,investing
2004-10-03,230.7,investing
2004-10-04,230.9,investing
2004-10-05,231.0,investing
2004-10-10,231.6,investing
2004-10-11,231.5,investing
2004-10-12,231.0,investing
2004-10-13,231.1,investing
2004-10-14,231.1,investing
2004-10-17,231.5,investing
2004-10-18,231.5,investing
2004-10-19,231.6,investing
2004-10-20,232.1,investing
2004-10-21,232.1,investing
2004-10-24,232.5,investing
2004-10-25,232.5,investing
2004-10-26,232.7,investing
2004-10-27,232.0,investing
2004-10-28,231.7,investing
2004-10-31,232.4,investing
2004-11-01,232.7,investing
2004-11-02,232.8,investing
2004-11-03,233.1,investing
2004-11-04,233.4,investing
2004-11-07,233.3,investing
2004-11-08,233.3,investing
2004-11-09,233.6,investing
2004-11-10,233.6,investing
2004-11-11,233.8,investing
2004-11-14,234.1,investing
2004-11-15,234.4,investing
2004-11-16,234.8,investing
2004-11-17,235.0,investing
2004-11-18,235.1,investing
2004-11-21,234.7,investing
2004-11-22,234.8,investing
2004-11-23,235.2,investing
2004-11-24,235.7,investing
2004-11-25,236.0,investing
2004-11-28,235.6,investing
2004-11-29,235.2,investing
2004-11-30,235.2,investing
2004-12-01,235.4,investing
2004-12-02,235.4,investing
2004-12-05,236.2,investing
2004-12-06,236.3,investing
2004-12-07,236.8,investing
2004-12-08,237.0,investing
2004-12-09,237.0,investing
2004-12-12,237.3,investing
2004-12-13,237.8,investing
2004-12-14,238.0,investing
2004-12-15,238.2,investing
2004-12-16,238.3,investing
2004-12-19,238.2,investing
2004-12-20,238.1,investing
2004-12-21,237.8,investing
2004-12-22,238.0,investing
2004-12-23,238.2,investing
2004-12-26,238.8,investing
2004-12-27,238.7,investing
2004-12-28,238.3,investing
2004-12-29,238.0,investing
2004-12-30,238.3,investing
2005-01-02,238.7,investing
2005-01-03,238.3,investing
2005-01-04,238.3,investing
2005-01-05,238.0,investing
2005-01-06,238.1,investing
2005-01-09,237.9,investing
2005-01-10,238.9,investing
2005-01-11,239.6,investing
2005-01-12,239.9,investing
2005-01-13,239.9,investing
2005-01-16,239.5,investing
2005-01-17,239.7,investing
2005-01-18,240.0,investing
2005-01-19,240.6,investing
2005-01-20,240.6,investing
2005-01-23,241.1,investing
2005-01-24,240.9,investing
2005-01-25,240.3,investing
2005-01-26,240.4,investing
2005-01-27,240.3,investing
2005-01-30,240.9,investing
2005-01-31,240.9,investing
2005-02-01,241.0,investing
2005-02-02,241.3,investing
2005-02-03,241.4,investing
2005-02-06,241.6,investing
2005-02-07,241.6,investing
2005-02-08,241.6,investing
2005-02-09,241.8,investing
2005-02-10,242.3,investing
2005-02-13,242.5,investing
2005-02-14,242.9,investing
2005-02-15,243.1,investing
2005-02-16,243.9,investing
2005-02-17,243.7,investing
2005-02-20,242.8,investing
2005-02-21,242.6,investing
2005-02-22,242.3,investing
2005-02-23,242.4,investing
2005-02-24,242.8,investing
2005-02-27,243.1,investing
2005-02-28,243.1,investing
2005-03-01,242.9,investing
2005-03-02,242.9,investing
2005-03-03,243.0,investing
2005-03-06,243.4,investing
2005-03-07,243.9,investing
2005-03-08,244.0,investing
2005-03-09,243.6,investing
2005-03-10,243.6,investing
2005-03-13,243.5,investing
2005-03-14,243.5,investing
2005-03-15,243.7,investing
2005-03-16,243.4,investing
2005-03-17,243.6,investing
2005-03-20,243.7,investing
2005-03-21,244.0,investing
2005-03-22,244.2,investing
2005-03-23,243.4,investing
2005-03-24,243.2,investing
2005-03-27,243.0,investing
2005-03-28,242.6,investing
2005-03-29,242.6,investing
2005-03-30,242.6,investing
2005-03-31,243.1,investing
2005-04-03,243.3,investing
2005-04-04,243.1,investing
2005-04-05,243.2,investing
2005-04-06,243.4,investing
2005-04-07,243.7,investing
2005-04-10,244.0,investing
2005-04-11,244.1,investing
2005-04-12,243.7,investing
2005-04-13,243.9,investing
2005-04-14,243.9,investing
2005-04-17,244.4,investing
2005-04-18,244.6,investing
2005-04-19,244.7,investing
2005-04-20,244.6,investing
2005-04-21,244.9,investing
2005-04-25,245.1,investing
2005-04-26,245.2,investing
2005-04-27,245.2,investing
2005-04-28,245.4,investing
2005-05-01,245.5,investing
2005-05-02,245.7,investing
2005-05-03,245.8,investing
2005-05-04,246.2,investing
2005-05-05,246.6,investing
2005-05-08,246.7,investing
2005-05-09,246.9,investing
2005-05-10,247.1,investing
2005-05-15,247.6,investing
2005-05-16,247.8,investing
2005-05-17,247.9,investing
2005-05-18,248.0,investing
2005-05-19,248.3,investing
2005-05-22,248.3,investing
2005-05-23,247.6,investing
2005-05-24,247.6,investing
2005-05-25,247.9,investing
2005-05-26,248.4,investing
2005-05-29,248.4,investing
2005-05-30,248.7,investing
2005-05-31,248.3,investing
2005-06-01,248.4,investing
2005-06-02,249.1,investing
2005-06-05,249.0,investing
2005-06-06,249.3,investing
2005-06-07,249.7,investing
2005-06-08,250.0,investing
2005-06-09,249.6,investing
2005-06-14,248.8,investing
2005-06-15,248.0,investing
2005-06-16,248.4,investing
2005-06-19,247.9,investing
2005-06-20,246.8,investing
2005-06-21,247.5,investing
2005-06-22,247.4,investing
2005-06-23,247.4,investing
2005-06-26,246.6,investing
2005-06-27,246.6,investing
2005-06-28,246.7,investing
2005-06-29,246.7,investing
2005-06-30,247.1,investing
2005-07-03,246.6,investing
2005-07-04,247.0,investing
2005-07-05,246.8,investing
2005-07-06,246.7,investing
2005-07-07,246.5,investing
2005-07-10,247.0,investing
2005-07-11,247.4,investing
2005-07-12,247.8,investing
2005-07-13,247.6,investing
2005-07-14,248.0,investing
2005-07-17,247.4,investing
2005-07-18,247.8,investing
2005-07-19,247.9,investing
2005-07-20,248.2,investing
2005-07-21,248.4,investing
2005-07-24,248.6,investing
2005-07-25,248.9,investing
2005-07-26,249.2,investing
2005-07-27,249.4,investing
2005-07-28,249.5,investing
2005-07-31,249.2,investing
2005-08-01,249.0,investing
2005-08-02,249.4,investing
2005-08-03,249.6,investing
2005-08-04,249.6,investing
2005-08-07,247.9,investing
2005-08-08,248.6,investing
2005-08-09,248.8,investing
2005-08-10,248.9,investing
2005-08-11,248.7,investing
2005-08-15,249.1,investing
2005-08-16,249.1,investing
2005-08-17,249.9,investing
2005-08-18,250.1,investing
2005-08-21,250.5,investing
2005-08-22,250.6,investing
2005-08-23,250.8,investing
2005-08-24,250.9,investing
2005-08-25,250.1,investing
2005-08-28,249.5,investing
2005-08-29,249.8,investing
2005-08-30,249.9,investing
2005-08-31,249.9,investing
2005-09-01,250.5,investing
2005-09-04,251.1,investing
2005-09-05,251.6,investing
2005-09-06,251.5,investing
2005-09-07,251.5,investing
2005-09-08,251.6,investing
2005-09-11,252.1,investing
2005-09-12,251.9,investing
2005-09-13,251.7,investing
2005-09-14,252.1,investing
2005-09-15,252.2,investing
2005-09-18,251.9,investing
2005-09-19,251.9,investing
2005-09-20,252.1,investing
2005-09-21,251.8,investing
2005-09-22,251.4,investing
2005-09-25,250.9,investing
2005-09-26,251.2,investing
2005-09-27,251.7,investing
2005-09-28,252.0,investing
2005-09-29,252.5,investing
2005-10-02,253.3,investing
2005-10-06,252.8,investing
2005-10-09,252.6,investing
2005-10-10,252.4,investing
2005-10-11,251.6,investing
2005-10-16,250.3,investing
2005-10-19,250.2,investing
2005-10-20,250.4,investing
2005-10-23,251.0,investing
2005-10-26,250.3,investing
2005-10-27,250.0,investing
2005-10-30,250.6,investing
2005-10-31,250.9,investing
2005-11-01,250.8,investing
2005-11-02,250.4,investing
2005-11-03,250.3,investing
2005-11-06,250.3,investing
2005-11-07,250.1,investing
2005-11-08,250.1,investing
2005-11-09,250.3,investing
2005-11-10,249.8,investing
2005-11-13,248.7,investing
2005-11-14,248.9,investing
2005-11-15,248.7,investing
2005-11-16,248.7,investing
2005-11-17,249.2,investing
2005-11-20,249.6,investing
2005-11-21,249.0,investing
2005-11-22,249.0,investing
2005-11-23,250.1,investing
2005-11-24,250.4,investing
2005-11-27,251.1,investing
2005-11-28,250.8,investing
2005-11-29,250.3,investing
2005-11-30,250.0,investing
2005-12-01,250.0,investing
2005-12-04,249.9,investing
2005-12-05,250.0,investing
2005-12-06,250.1,investing
2005-12-07,250.2,investing
2005-12-08,250.4,investing
2005-12-11,250.6,investing
2005-12-12,250.9,investing
2005-12-13,251.1,investing
2005-12-14,251.6,investing
2005-12-15,252.0,investing
2005-12-18,252.4,investing
2005-12-19,251.9,investing
2005-12-20,252.2,investing
2005-12-21,252.1,investing
2005-12-22,251.9,investing
2005-12-25,252.6,investing
2005-12-26,252.4,investing
2005-12-27,252.1,investing
2005-12-28,251.6,investing
2005-12-29,251.9,investing
2006-01-01,251.9,investing
2006-01-02,252.6,investing
2006-01-03,252.5,investing
2006-01-04,252.9,investing
2006-01-05,251.8,investing
2006-01-08,252.3,investing
2006-01-09,251.8,investing
2006-01-10,251.6,investing
2006-01-11,252.1,investing
2006-01-12,252.1,investing
2006-01-15,252.7,investing
2006-01-16,253.0,investing
2006-01-17,252.8,investing
2006-01-18,253.0,investing
2006-01-19,253.0,investing
2006-01-22,253.0,investing
2006-01-23,252.9,investing
2006-01-24,253.3,investing
2006-01-25,253.5,investing
2006-01-26,253.2,investing
2006-01-29,252.8,investing
2006-01-30,252.8,investing
2006-01-31,252.5,investing
2006-02-01,252.7,investing
2006-02-02,252.5,investing
2006-02-05,252.4,investing
2006-02-06,251.9,investing
2006-02-07,251.7,investing
2006-02-08,251.8,investing
2006-02-09,252.0,investing
2006-02-12,251.9,investing
2006-02-13,251.6,investing
2006-02-14,251.4,investing
2006-02-15,251.5,investing
2006-02-16,251.7,investing
2006-02-19,251.7,investing
2006-02-20,251.2,investing
2006-02-21,251.2,investing
2006-02-22,250.9,investing
2006-02-23,251.1,investing
2006-02-26,251.1,investing
2006-02-27,251.4,investing
2006-02-28,251.6,investing
2006-03-01,251.8,investing
2006-03-02,251.8,investing
2006-03-05,251.5,investing
2006-03-06,251.5,investing
2006-03-07,251.2,investing
2006-03-08,251.3,investing
2006-03-09,251.3,investing
2006-03-12,251.3,investing
2006-03-13,251.3,investing
2006-03-15,251.4,investing
2006-03-16,251.5,investing
2006-03-19,252.0,investing
2006-03-20,251.9,investing
2006-03-21,251.8,investing
2006-03-22,251.7,investing
2006-03-23,251.6,investing
2006-03-26,251.7,investing
2006-03-27,251.6,investing
2006-03-29,250.5,investing
2006-03-30,250.7,investing
2006-04-02,250.8,investing
2006-04-03,250.9,investing
2006-04-04,251.5,investing
2006-04-05,252.1,investing
2006-04-06,252.3,investing
2006-04-09,252.1,investing
2006-04-10,252.1,investing
2006-04-11,252.4,investing
2006-04-16,252.1,investing
2006-04-17,252.2,investing
2006-04-20,252.6,investing
2006-04-23,252.8,investing
2006-04-24,253.0,investing
2006-04-25,252.9,investing
2006-04-26,252.4,investing
2006-04-27,252.4,investing
2006-04-30,253.0,investing
2006-05-01,253.1,investing
2006-05-04,253.0,investing
2006-05-07,254.5,investing
2006-05-08,254.5,investing
2006-05-09,254.4,investing
2006-05-10,254.4,investing
2006-05-11,254.4,investing
2006-05-14,253.9,investing
2006-05-15,254.0,investing
2006-05-16,254.5,investing
2006-05-17,254.3,investing
2006-05-18,254.5,investing
2006-05-21,254.3,investing
2006-05-22,254.1,investing
2006-05-23,254.2,investing
2006-05-24,254.1,investing
2006-05-25,254.0,investing
2006-05-28,254.2,investing
2006-05-29,254.4,investing
2006-05-30,254.6,investing
2006-05-31,254.6,investing
2006-06-04,255.0,investing
2006-06-05,255.1,investing
2006-06-06,255.0,investing
2006-06-07,255.1,investing
2006-06-08,254.9,investing
2006-06-11,254.7,investing
2006-06-12,254.9,investing
2006-06-13,254.6,investing
2006-06-14,254.6,investing
2006-06-15,254.8,investing
2006-06-18,255.1,investing
2006-06-19,255.3,investing
2006-06-20,254.8,investing
2006-06-21,254.9,investing
2006-06-22,254.7,investing
2006-06-25,254.3,investing
2006-06-26,254.1,investing
2006-06-27,254.0,investing
2006-06-28,253.8,investing
2006-06-29,253.9,investing
2006-07-02,254.8,investing
2006-07-03,255.2,investing
2006-07-04,255.6,investing
2006-07-05,255.4,investing
2006-07-06,255.6,investing
2006-07-09,256.3,investing
2006-07-10,256.3,investing
2006-07-11,256.5,investing
2006-07-12,255.6,investing
2006-07-13,254.6,investing
2006-07-16,254.1,investing
2006-07-17,254.5,investing
2006-07-18,255.1,investing
2006-07-19,254.8,investing
2006-07-20,255.4,investing
2006-07-23,255.4,investing
2006-07-24,255.5,investing
2006-07-25,255.6,investing
2006-07-26,255.4,investing
2006-07-27,255.7,investing
2006-07-30,256.4,investing
2006-07-31,256.7,investing
2006-08-01,256.5,investing
2006-08-02,256.9,investing
2006-08-06,257.1,investing
2006-08-07,256.8,investing
2006-08-08,256.8,investing
2006-08-09,256.5,investing
2006-08-10,256.2,investing
2006-08-13,256.8,investing
2006-08-14,256.8,investing
2006-08-15,256.9,investing
2006-08-16,256.8,investing
2006-08-17,257.0,investing
2006-08-20,257.3,investing
2006-08-21,257.4,investing
2006-08-22,257.4,investing
2006-08-23,257.4,investing
2006-08-24,257.4,investing
2006-08-27,256.9,investing
2006-08-28,257.0,investing
2006-08-29,257.3,investing
2006-08-30,257.5,investing
2006-08-31,257.8,investing
2006-09-03,257.7,investing
2006-09-04,257.6,investing
2006-09-05,257.3,investing
2006-09-06,257.3,investing
2006-09-07,257.4,investing
2006-09-10,257.6,investing
2006-09-11,257.7,investing
2006-09-12,257.7,investing
2006-09-13,257.9,investing
2006-09-14,257.9,investing
2006-09-17,258.4,investing
2006-09-18,258.6,investing
2006-09-19,258.7,investing
2006-09-20,259.0,investing
2006-09-21,259.3,investing
2006-09-25,260.1,investing
2006-09-26,260.1,investing
2006-09-27,260.4,investing
2006-09-28,260.6,investing
2006-10-03,261.3,investing
2006-10-04,262.0,investing
2006-10-05,262.1,investing
2006-10-08,261.9,investing
2006-10-09,262.1,investing
2006-10-10,261.9,investing
2006-10-11,262.1,investing
2006-10-12,262.5,investing
2006-10-15,263.0,investing
2006-10-16,263.5,investing
2006-10-17,263.8,investing
2006-10-18,263.9,investing
2006-10-19,264.0,investing
2006-10-22,264.0,investing
2006-10-23,264.0,investing
2006-10-24,264.5,investing
2006-10-25,265.0,investing
2006-10-26,265.4,investing
2006-10-29,265.9,investing
2006-10-30,265.4,investing
2006-10-31,265.5,investing
2006-11-01,265.9,investing
2006-11-02,265.4,investing
2006-11-05,265.3,investing
2006-11-06,265.0,investing
2006-11-07,265.2,investing
2006-11-08,265.3,investing
2006-11-09,265.6,investing
2006-11-12,266.3,investing
2006-11-13,266.2,investing
2006-11-14,266.4,investing
2006-11-15,266.2,investing
2006-11-16,266.7,investing
2006-11-19,266.6,investing
2006-11-20,266.6,investing
2006-11-21,266.2,investing
2006-11-22,266.5,investing
2006-11-23,266.4,investing
2006-11-26,266.8,investing
2006-11-27,266.8,investing
2006-11-28,267.3,investing
2006-11-29,267.4,investing
2006-11-30,267.6,investing
2006-12-03,267.8,investing
2006-12-04,267.9,investing
2006-12-05,268.1,investing
2006-12-06,268.3,investing
2006-12-07,269.0,investing
2006-12-10,268.9,investing
2006-12-11,268.8,investing
2006-12-12,268.9,investing
2006-12-13,269.2,investing
2006-12-14,269.1,investing
2006-12-17,269.1,investing
2006-12-18,269.1,investing
2006-12-19,269.1,investing
2006-12-20,269.2,investing
2006-12-21,269.2,investing
2006-12-24,269.2,investing
2006-12-25,269.5,investing
2006-12-26,269.9,investing
2006-12-27,270.0,investing
2006-12-28,270.1,investing
2006-12-31,270.3,investing
2007-01-01,270.5,investing
2007-01-02,270.8,investing
2007-01-03,271.5,investing
2007-01-04,271.4,investing
2007-01-07,271.1,investing
2007-01-08,270.8,investing
2007-01-09,270.7,investing
2007-01-10,270.1,investing
2007-01-11,270.3,investing
2007-01-14,270.9,investing
2007-01-15,271.1,investing
2007-01-16,271.1,investing
2007-01-17,271.3,investing
2007-01-18,271.5,investing
2007-01-21,271.3,investing
2007-01-22,271.7,investing
2007-01-23,271.7,investing
2007-01-24,271.8,investing
2007-01-25,271.5,investing
2007-01-28,271.2,investing
2007-01-29,271.4,investing
2007-01-30,271.8,investing
2007-01-31,271.7,investing
2007-02-01,272.5,investing
2007-02-04,272.6,investing
2007-02-05,272.8,investing
2007-02-06,272.6,investing
2007-02-07,272.9,investing
2007-02-08,273.0,investing
2007-02-11,273.0,investing
2007-02-12,272.9,investing
2007-02-13,273.0,investing
2007-02-14,273.3,investing
2007-02-15,273.5,investing
2007-02-18,273.9,investing
2007-02-19,273.6,investing
2007-02-20,273.7,investing
2007-02-21,273.3,investing
2007-02-22,273.4,investing
2007-02-25,273.9,investing
2007-02-26,273.7,investing
2007-02-27,273.4,investing
2007-02-28,273.1,investing
2007-03-01,273.4,investing
2007-03-05,273.3,investing
2007-03-06,273.6,investing
2007-03-07,273.6,investing
2007-03-08,274.0,investing
2007-03-11,274.1,investing
2007-03-12,274.2,investing
2007-03-13,274.2,investing
2007-03-14,274.0,investing
2007-03-15,273.9,investing
2007-03-18,273.9,investing
2007-03-19,273.4,investing
2007-03-20,273.3,investing
2007-03-21,273.6,investing
2007-03-22,274.1,investing
2007-03-25,274.2,investing
2007-03-26,274.6,investing
2007-03-27,274.6,investing
2007-03-28,274.6,investing
2007-03-29,274.8,investing
2007-04-01,275.1,investing
2007-04-04,276.0,investing
2007-04-05,276.5,investing
2007-04-10,277.1,investing
2007-04-11,277.3,investing
2007-04-12,277.5,investing
2007-04-15,278.0,investing
2007-04-16,278.0,investing
2007-04-17,277.8,investing
2007-04-18,277.9,investing
2007-04-19,277.7,investing
2007-04-22,278.3,investing
2007-04-25,279.0,investing
2007-04-26,279.1,investing
2007-04-29,279.0,investing
2007-04-30,279.1,investing
2007-05-01,279.4,investing
2007-05-02,278.9,investing
2007-05-03,279.3,investing
2007-05-06,279.9,investing
2007-05-07,280.1,investing
2007-05-08,280.2,investing
2007-05-09,280.4,investing
2007-05-10,280.7,investing
2007-05-13,281.0,investing
2007-05-14,281.3,investing
2007-05-15,281.6,investing
2007-05-16,282.0,investing
2007-05-17,281.6,investing
2007-05-20,280.5,investing
2007-05-21,280.3,investing
2007-05-24,280.0,investing
2007-05-27,280.2,investing
2007-05-28,280.5,investing
2007-05-29,280.2,investing
2007-05-30,280.2,investing
2007-05-31,280.6,investing
2007-06-03,280.2,investing
2007-06-04,280.1,investing
2007-06-05,280.3,investing
2007-06-06,279.6,investing
2007-06-07,278.1,investing
2007-06-10,277.0,investing
2007-06-11,276.8,investing
2007-06-12,275.6,investing
2007-06-13,276.2,investing
2007-06-14,277.2,investing
2007-06-17,278.4,investing
2007-06-18,277.6,investing
2007-06-19,277.3,investing
2007-06-20,276.6,investing
2007-06-21,275.4,investing
2007-06-24,275.1,investing
2007-06-25,275.3,investing
2007-06-26,276.0,investing
2007-06-27,276.7,investing
2007-06-28,277.2,investing
2007-07-01,277.6,investing
2007-07-02,278.0,investing
2007-07-03,278.4,investing
2007-07-04,278.1,investing
2007-07-05,277.1,investing
2007-07-08,276.0,investing
2007-07-09,276.4,investing
2007-07-10,276.9,investing
2007-07-11,276.3,investing
2007-07-12,275.8,investing
2007-07-15,275.2,investing
2007-07-16,273.7,investing
2007-07-17,274.8,investing
2007-07-18,275.0,investing
2007-07-19,276.0,investing
2007-07-22,276.0,investing
2007-07-23,275.5,investing
2007-07-25,274.6,investing
2007-07-26,272.8,investing
2007-07-29,270.5,investing
2007-07-30,271.3,investing
2007-07-31,271.6,investing
2007-08-01,271.2,investing
2007-08-02,271.5,investing
2007-08-05,270.3,investing
2007-08-06,271.7,investing
2007-08-07,272.2,investing
2007-08-08,273.3,investing
2007-08-09,272.0,investing
2007-08-12,272.4,investing
2007-08-13,273.1,investing
2007-08-14,272.8,investing
2007-08-15,272.6,investing
2007-08-16,270.2,investing
2007-08-19,270.7,investing
2007-08-20,270.7,investing
2007-08-21,270.7,investing
2007-08-22,272.4,investing
2007-08-23,273.1,investing
2007-08-26,274.0,investing
2007-08-27,274.2,investing
2007-08-28,274.6,investing
2007-08-29,274.9,investing
2007-08-30,274.3,investing
2007-09-02,274.2,investing
2007-09-03,273.0,investing
2007-09-04,273.6,investing
2007-09-05,273.3,investing
2007-09-06,273.2,investing
2007-09-09,273.4,investing
2007-09-10,274.3,investing
2007-09-11,275.0,investing
2007-09-16,276.0,investing
2007-09-17,275.5,investing
2007-09-18,275.8,investing
2007-09-19,277.4,investing
2007-09-20,277.7,investing
2007-09-23,278.2,investing
2007-09-24,278.1,investing
2007-09-25,278.2,investing
2007-09-30,278.8,investing
2007-10-01,278.8,investing
2007-10-02,278.9,investing
2007-10-07,279.6,investing
2007-10-08,279.6,investing
2007-10-09,279.5,investing
2007-10-10,279.5,investing
2007-10-11,279.4,investing
2007-10-14,279.0,investing
2007-10-15,278.7,investing
2007-10-16,278.8,investing
2007-10-17,279.3,investing
2007-10-18,279.7,investing
2007-10-21,279.5,investing
2007-10-22,279.4,investing
2007-10-23,279.5,investing
2007-10-24,279.1,investing
2007-10-25,280.1,investing
2007-10-28,281.4,investing
2007-10-29,281.3,investing
2007-10-30,281.2,investing
2007-10-31,281.4,investing
2007-11-01,281.0,investing
2007-11-04,281.3,investing
2007-11-05,281.3,investing
2007-11-06,281.9,investing
2007-11-07,281.7,investing
2007-11-08,281.7,investing
2007-11-11,281.3,investing
2007-11-12,280.8,investing
2007-11-13,281.2,investing
2007-11-14,281.6,investing
2007-11-15,281.4,investing
2007-11-18,281.0,investing
2007-11-19,280.7,investing
2007-11-20,281.2,investing
2007-11-21,280.7,investing
2007-11-22,280.9,investing
2007-11-25,281.8,investing
2007-11-26,281.3,investing
2007-11-27,281.4,investing
2007-11-28,281.4,investing
2007-11-29,281.3,investing
2007-12-02,280.5,investing
2007-12-03,279.8,investing
2007-12-04,280.1,investing
2007-12-05,280.6,investing
2007-12-06,280.1,investing
2007-12-09,280.1,investing
2007-12-10,280.0,investing
2007-12-11,279.8,investing
2007-12-12,279.8,investing
2007-12-13,279.6,investing
2007-12-16,275.9,investing
2007-12-17,275.4,investing
2007-12-18,276.6,investing
2007-12-19,276.6,investing
2007-12-20,276.3,investing
2007-12-23,276.5,investing
2007-12-24,276.1,investing
2007-12-25,276.4,investing
2007-12-26,276.4,investing
2007-12-27,276.5,investing
2007-12-30,276.5,investing
2007-12-31,276.8,investing
2008-01-01,277.4,investing
2008-01-02,277.2,investing
2008-01-03,277.3,investing
2008-01-06,277.2,investing
2008-01-07,278.1,investing
2008-01-08,279.0,investing
2008-01-09,278.9,investing
2008-01-10,278.5,investing
2008-01-13,279.4,investing
2008-01-14,280.6,investing
2008-01-15,280.4,investing
2008-01-16,280.1,investing
2008-01-17,279.6,investing
2008-01-20,278.8,investing
2008-01-21,278.0,investing
2008-01-22,279.1,investing
2008-01-23,280.0,investing
2008-01-24,281.1,investing
2008-01-27,280.8,investing
2008-01-28,281.5,investing
2008-01-29,282.0,investing
2008-01-30,281.6,investing
2008-01-31,282.0,investing
2008-02-03,283.2,investing
2008-02-04,283.0,investing
2008-02-05,282.7,investing
2008-02-06,282.8,investing
2008-02-07,282.6,investing
2008-02-10,282.6,investing
2008-02-11,283.1,investing
2008-02-12,283.5,investing
2008-02-13,283.7,investing
2008-02-14,283.8,investing
2008-02-17,284.7,investing
2008-02-18,284.7,investing
2008-02-19,284.1,investing
2008-02-20,283.1,investing
2008-02-21,283.0,investing
2008-02-24,283.0,investing
2008-02-25,283.4,investing
2008-02-26,284.6,investing
2008-02-27,284.9,investing
2008-02-28,284.0,investing
2008-03-02,283.5,investing
2008-03-03,283.5,investing
2008-03-04,283.8,investing
2008-03-05,284.4,investing
2008-03-06,284.4,investing
2008-03-09,284.6,investing
2008-03-10,284.9,investing
2008-03-11,285.7,investing
2008-03-12,286.7,investing
2008-03-13,287.7,investing
2008-03-16,288.6,investing
2008-03-17,288.6,investing
2008-03-18,288.7,investing
2008-03-19,289.0,investing
2008-03-20,288.8,investing
2008-03-23,286.7,investing
2008-03-24,286.5,investing
2008-03-25,286.8,investing
2008-03-26,286.1,investing
2008-03-27,285.3,investing
2008-03-30,284.6,investing
2008-03-31,284.9,investing
2008-04-01,285.2,investing
2008-04-02,285.3,investing
2008-04-03,285.1,investing
2008-04-06,285.0,investing
2008-04-07,285.6,investing
2008-04-08,287.0,investing
2008-04-09,286.4,investing
2008-04-10,286.6,investing
2008-04-13,287.0,investing
2008-04-14,288.0,investing
2008-04-15,287.7,investing
2008-04-16,285.8,investing
2008-04-17,285.2,investing
2008-04-21,285.1,investing
2008-04-22,285.3,investing
2008-04-23,285.3,investing
2008-04-24,285.5,investing
2008-04-27,284.5,investing
2008-04-28,283.3,investing
2008-04-29,282.9,investing
2008-04-30,283.4,investing
2008-05-01,284.0,investing
2008-05-04,284.4,investing
2008-05-05,285.0,investing
2008-05-06,284.6,investing
2008-05-11,283.8,investing
2008-05-12,283.8,investing
2008-05-13,283.5,investing
2008-05-14,284.3,investing
2008-05-15,284.8,investing
2008-05-18,283.6,investing
2008-05-19,283.6,investing
2008-05-20,283.8,investing
2008-05-21,284.5,investing
2008-05-22,284.1,investing
2008-05-25,284.1,investing
2008-05-26,284.3,investing
2008-05-27,285.3,investing
2008-05-28,285.5,investing
2008-05-29,285.7,investing
2008-06-01,286.3,investing
2008-06-02,286.0,investing
2008-06-03,285.6,investing
2008-06-04,285.4,investing
2008-06-05,285.3,investing
2008-06-10,284.3,investing
2008-06-11,284.1,investing
2008-06-12,284.1,investing
2008-06-15,284.1,investing
2008-06-16,284.7,investing
2008-06-17,284.8,investing
2008-06-18,284.6,investing
2008-06-22,284.5,investing
2008-06-23,284.5,investing
2008-06-24,284.1,investing
2008-06-25,284.2,investing
2008-06-26,284.0,investing
2008-06-29,283.8,investing
2008-06-30,283.8,investing
2008-07-02,284.2,investing
2008-07-03,284.0,investing
2008-07-06,284.1,investing
2008-07-07,284.2,investing
2008-07-08,284.9,investing
2008-07-09,285.8,investing
2008-07-10,285.1,investing
2008-07-13,284.0,investing
2008-07-14,284.0,investing
2008-07-15,283.7,investing
2008-07-16,286.0,investing
2008-07-17,287.4,investing
2008-07-20,287.7,investing
2008-07-21,286.7,investing
2008-07-22,286.9,investing
2008-07-23,287.4,investing
2008-07-24,287.4,investing
2008-07-27,287.8,investing
2008-07-28,288.1,investing
2008-07-29,288.3,investing
2008-07-30,288.4,investing
2008-07-31,288.2,investing
2008-08-03,288.0,investing
2008-08-04,288.4,investing
2008-08-05,289.1,investing
2008-08-06,289.7,investing
2008-08-07,289.5,investing
2008-08-11,288.8,investing
2008-08-12,289.0,investing
2008-08-13,289.4,investing
2008-08-14,289.5,investing
2008-08-17,289.4,investing
2008-08-18,289.6,investing
2008-08-19,289.5,investing
2008-08-20,289.2,investing
2008-08-21,289.3,investing
2008-08-24,289.5,investing
2008-08-25,289.8,investing
2008-08-26,289.1,investing
2008-08-27,289.0,investing
2008-08-28,288.8,investing
2008-08-31,288.8,investing
2008-09-01,289.0,investing
2008-09-02,290.0,investing
2008-09-03,290.1,investing
2008-09-04,290.5,investing
2008-09-07,290.8,investing
2008-09-08,290.9,investing
2008-09-09,290.8,investing
2008-09-10,290.8,investing
2008-09-11,290.8,investing
2008-09-14,291.2,investing
2008-09-15,291.6,investing
2008-09-16,292.0,investing
2008-09-17,289.3,investing
2008-09-18,287.6,investing
2008-09-21,289.8,investing
2008-09-22,288.9,investing
2008-09-23,289.2,investing
2008-09-24,290.0,investing
2008-09-25,289.9,investing
2008-09-28,289.7,investing
2008-10-02,289.4,investing
2008-10-05,288.8,investing
2008-10-06,288.6,investing
2008-10-07,291.7,investing
2008-10-12,293.1,investing
2008-10-15,292.7,investing
2008-10-16,294.0,investing
2008-10-19,295.4,investing
2008-10-22,293.4,investing
2008-10-23,293.3,investing
2008-10-26,292.7,investing
2008-10-27,292.4,investing
2008-10-28,291.3,investing
2008-10-29,289.5,investing
2008-10-30,288.0,investing
2008-11-02,288.2,investing
2008-11-03,288.2,investing
2008-11-04,289.2,investing
2008-11-05,289.4,investing
2008-11-06,289.0,investing
2008-11-09,289.6,investing
2008-11-10,290.0,investing
2008-11-11,290.4,investing
2008-11-12,292.2,investing
2008-11-13,292.2,investing
2008-11-16,292.5,investing
2008-11-17,293.1,investing
2008-11-18,293.7,investing
2008-11-19,294.3,investing
2008-11-20,293.2,investing
2008-11-23,293.8,investing
2008-11-24,295.6,investing
2008-11-25,296.5,investing
2008-11-26,296.6,investing
2008-11-27,297.4,investing
2008-11-30,296.9,investing
2008-12-01,297.2,investing
2008-12-02,298.9,investing
2008-12-03,300.6,investing
2008-12-04,302.2,investing
2008-12-07,302.1,investing
2008-12-08,302.7,investing
2008-12-09,302.6,investing
2008-12-10,303.5,investing
2008-12-11,305.0,investing
2008-12-14,305.4,investing
2008-12-15,306.2,investing
2008-12-16,306.1,investing
2008-12-17,308.7,investing
2008-12-18,307.4,investing
2008-12-21,308.4,investing
2008-12-22,308.0,investing
2008-12-23,308.1,investing
2008-12-24,309.0,investing
2008-12-25,310.1,investing
2008-12-28,310.0,investing
2008-12-29,309.8,investing
2008-12-30,310.7,investing
2008-12-31,311.4,investing
2009-01-01,310.7,investing
2009-01-04,307.6,investing
2009-01-05,306.4,investing
2009-01-06,306.4,investing
2009-01-07,306.3,investing
2009-01-08,306.3,investing
2009-01-11,308.5,investing
2009-01-12,309.0,investing
2009-01-13,310.3,investing
2009-01-14,310.7,investing
2009-01-15,311.8,investing
2009-01-18,311.8,investing
2009-01-19,311.2,investing
2009-01-20,312.1,investing
2009-01-21,311.5,investing
2009-01-22,311.8,investing
2009-01-25,312.8,investing
2009-01-26,313.8,investing
2009-01-27,313.3,investing
2009-01-28,313.5,investing
2009-01-29,313.0,investing
2009-02-01,313.3,investing
2009-02-02,312.4,investing
2009-02-03,313.7,investing
2009-02-04,314.1,investing
2009-02-05,314.5,investing
2009-02-08,314.5,investing
2009-02-09,314.3,investing
2009-02-11,313.5,investing
2009-02-12,313.7,investing
2009-02-15,313.9,investing
2009-02-16,314.8,investing
2009-02-17,319.1,investing
2009-02-18,318.3,investing
2009-02-19,318.0,investing
2009-02-22,317.5,investing
2009-02-23,317.2,investing
2009-02-24,314.2,investing
2009-02-25,312.8,investing
2009-02-26,314.0,investing
2009-03-01,313.1,investing
2009-03-02,312.5,investing
2009-03-03,313.1,investing
2009-03-04,313.6,investing
2009-03-05,313.9,investing
2009-03-08,314.1,investing
2009-03-09,314.9,investing
2009-03-11,313.7,investing
2009-03-12,313.5,investing
2009-03-15,314.0,investing
2009-03-16,313.2,investing
2009-03-17,314.2,investing
2009-03-18,315.6,investing
2009-03-19,316.8,investing
2009-03-22,317.6,investing
2009-03-23,318.2,investing
2009-03-24,317.6,investing
2009-03-25,317.3,investing
2009-03-26,319.0,investing
2009-03-29,320.1,investing
2009-03-30,321.1,investing
2009-03-31,321.6,investing
2009-04-01,322.1,investing
2009-04-02,321.4,investing
2009-04-05,319.5,investing
2009-04-06,316.7,investing
2009-04-07,317.8,investing
2009-04-12,318.3,investing
2009-04-13,317.5,investing
2009-04-16,316.2,investing
2009-04-19,315.9,investing
2009-04-20,317.4,investing
2009-04-21,318.1,investing
2009-04-22,318.0,investing
2009-04-23,317.4,investing
2009-04-26,316.0,investing
2009-04-27,316.5,investing
2009-04-30,314.6,investing
2009-05-03,314.3,investing
2009-05-04,314.1,investing
2009-05-05,313.1,investing
2009-05-06,312.4,investing
2009-05-07,312.5,investing
2009-05-10,312.3,investing
2009-05-11,312.3,investing
2009-05-12,313.7,investing
2009-05-13,314.7,investing
2009-05-14,314.6,investing
2009-05-17,314.6,investing
2009-05-18,313.4,investing
2009-05-19,309.9,investing
2009-05-20,310.3,investing
2009-05-21,311.4,investing
2009-05-24,309.1,investing
2009-05-25,308.8,investing
2009-05-26,307.3,investing
2009-05-27,307.1,investing
2009-05-31,307.5,investing
2009-06-01,306.4,investing
2009-06-02,305.5,investing
2009-06-03,306.9,investing
2009-06-04,308.1,investing
2009-06-07,306.1,investing
2009-06-08,305.5,investing
2009-06-09,305.0,investing
2009-06-10,306.3,investing
2009-06-11,306.6,investing
2009-06-14,307.8,investing
2009-06-15,308.4,investing
2009-06-16,308.5,investing
2009-06-17,309.8,investing
2009-06-18,309.3,investing
2009-06-21,310.0,investing
2009-06-22,310.5,investing
2009-06-23,311.9,investing
2009-06-24,313.0,investing
2009-06-25,312.9,investing
2009-06-28,314.3,investing
2009-06-29,314.0,investing
2009-06-30,313.8,investing
2009-07-01,312.6,investing
2009-07-02,313.3,investing
2009-07-05,314.2,investing
2009-07-06,315.2,investing
2009-07-07,315.8,investing
2009-07-08,316.6,investing
2009-07-09,315.5,investing
2009-07-12,316.5,investing
2009-07-13,315.9,investing
2009-07-14,315.1,investing
2009-07-15,313.9,investing
2009-07-16,313.2,investing
2009-07-19,312.9,investing
2009-07-20,312.9,investing
2009-07-21,313.1,investing
2009-07-22,314.0,investing
2009-07-23,313.0,investing
2009-07-26,311.4,investing
2009-07-27,310.5,investing
2009-07-28,311.7,investing
2009-07-29,312.5,investing
2009-08-02,313.3,investing
2009-08-03,312.8,investing
2009-08-04,312.6,investing
2009-08-05,312.3,investing
2009-08-06,313.2,investing
2009-08-09,311.8,investing
2009-08-10,311.8,investing
2009-08-11,312.0,investing
2009-08-12,312.4,investing
2009-08-13,312.3,investing
2009-08-16,312.8,investing
2009-08-17,313.0,investing
2009-08-18,313.5,investing
2009-08-19,313.7,investing
2009-08-20,313.2,investing
2009-08-23,312.4,investing
2009-08-24,312.3,investing
2009-08-25,313.0,investing
2009-08-26,313.3,investing
2009-08-27,313.8,investing
2009-08-30,314.6,investing
2009-08-31,314.4,investing
2009-09-01,315.0,investing
2009-09-02,315.8,investing
2009-09-03,316.1,investing
2009-09-06,316.2,investing
2009-09-07,316.9,investing
2009-09-08,316.5,investing
2009-09-09,315.7,investing
2009-09-10,316.3,investing
2009-09-13,316.8,investing
2009-09-14,317.1,investing
2009-09-15,317.1,investing
2009-09-16,318.1,investing
2009-09-17,318.0,investing
2009-09-21,318.0,investing
2009-09-22,317.7,investing
2009-09-23,317.9,investing
2009-09-24,318.5,investing
2009-09-29,319.6,investing
2009-09-30,319.7,investing
2009-10-01,320.1,investing
2009-10-04,320.6,investing
2009-10-05,321.1,investing
2009-10-06,320.5,investing
2009-10-07,320.3,investing
2009-10-08,320.7,investing
2009-10-11,319.6,investing
2009-10-12,319.7,investing
2009-10-13,319.8,investing
2009-10-14,319.4,investing
2009-10-15,319.5,investing
2009-10-18,321.3,investing
2009-10-19,321.9,investing
2009-10-20,321.9,investing
2009-10-21,321.5,investing
2009-10-22,321.8,investing
2009-10-25,322.1,investing
2009-10-26,322.5,investing
2009-10-27,323.0,investing
2009-10-28,322.9,investing
2009-10-29,322.0,investing
2009-11-01,321.9,investing
2009-11-02,321.8,investing
2009-11-03,321.5,investing
2009-11-04,321.2,investing
2009-11-05,321.8,investing
2009-11-08,322.6,investing
2009-11-09,323.0,investing
2009-11-10,323.3,investing
2009-11-11,324.4,investing
2009-11-12,324.4,investing
2009-11-15,324.4,investing
2009-11-16,324.2,investing
2009-11-17,323.9,investing
2009-11-18,323.8,investing
2009-11-19,323.5,investing
2009-11-22,323.6,investing
2009-11-23,323.6,investing
2009-11-24,323.3,investing
2009-11-25,323.8,investing
2009-11-26,324.4,investing
2009-11-29,324.5,investing
2009-11-30,324.2,investing
2009-12-01,324.4,investing
2009-12-02,324.3,investing
2009-12-03,324.0,investing
2009-12-06,323.2,investing
2009-12-07,322.2,investing
2009-12-08,322.0,investing
2009-12-09,321.6,investing
2009-12-10,321.8,investing
2009-12-13,321.0,investing
2009-12-14,320.1,investing
2009-12-15,319.4,investing
2009-12-16,320.4,investing
2009-12-17,320.7,investing
2009-12-20,320.8,investing
2009-12-21,320.1,investing
2009-12-22,319.5,investing
2009-12-23,319.7,investing
2009-12-24,319.4,investing
2009-12-27,318.9,investing
2009-12-28,318.7,investing
2009-12-29,318.4,investing
2009-12-30,319.0,investing
2009-12-31,319.0,investing
2010-01-03,319.8,investing
2010-01-04,319.4,investing
2010-01-05,319.9,investing
2010-01-06,320.1,investing
2010-01-07,320.0,investing
2010-01-10,320.6,investing
2010-01-11,321.1,investing
2010-01-12,321.9,investing
2010-01-13,321.9,investing
2010-01-14,322.2,investing
2010-01-17,323.6,investing
2010-01-18,324.0,investing
2010-01-19,323.7,investing
2010-01-20,323.5,investing
2010-01-21,323.6,investing
2010-01-24,324.3,investing
2010-01-25,323.9,investing
2010-01-26,323.8,investing
2010-01-27,323.6,investing
2010-01-28,323.5,investing
2010-01-31,324.3,investing
2010-02-01,324.6,investing
2010-02-02,325.4,investing
2010-02-03,325.8,investing
2010-02-04,325.8,investing
2010-02-07,326.7,investing
2010-02-08,326.1,investing
2010-02-09,325.4,investing
2010-02-10,325.5,investing
2010-02-11,324.9,investing
2010-02-14,325.7,investing
2010-02-15,325.9,investing
2010-02-16,327.0,investing
2010-02-17,327.0,investing
2010-02-18,326.4,investing
2010-02-21,326.0,investing
2010-02-22,325.2,investing
2010-02-23,325.1,investing
2010-02-24,325.2,investing
2010-02-25,326.0,investing
2010-03-01,326.6,investing
2010-03-02,326.5,investing
2010-03-03,326.9,investing
2010-03-04,327.1,investing
2010-03-07,327.0,investing
2010-03-08,326.8,investing
2010-03-09,327.0,investing
2010-03-10,326.9,investing
2010-03-11,326.9,investing
2010-03-14,327.4,investing
2010-03-15,327.0,investing
2010-03-16,326.5,investing
2010-03-17,326.5,investing
2010-03-18,326.8,investing
2010-03-21,326.6,investing
2010-03-22,326.1,investing
2010-03-23,326.9,investing
2010-03-24,326.6,investing
2010-03-25,326.3,investing
2010-03-28,326.0,investing
2010-03-31,326.2,investing
2010-04-01,326.6,investing
2010-04-06,325.6,investing
2010-04-07,325.2,investing
2010-04-08,325.6,investing
2010-04-11,325.7,investing
2010-04-12,325.9,investing
2010-04-13,326.2,investing
2010-04-14,326.5,investing
2010-04-15,326.6,investing
2010-04-18,327.2,investing
2010-04-21,327.5,investing
2010-04-22,327.5,investing
2010-04-25,326.8,investing
2010-04-26,326.3,investing
2010-04-27,326.9,investing
2010-04-28,326.7,investing
2010-04-29,326.7,investing
2010-05-02,327.3,investing
2010-05-03,327.3,investing
2010-05-04,327.4,investing
2010-05-05,327.5,investing
2010-05-06,328.0,investing
2010-05-09,328.5,investing
2010-05-10,328.4,investing
2010-05-11,329.0,investing
2010-05-12,328.7,investing
2010-05-13,328.8,investing
2010-05-16,329.5,investing
2010-05-17,329.8,investing
2010-05-20,330.4,investing
2010-05-23,330.7,investing
2010-05-24,330.7,investing
2010-05-25,331.0,investing
2010-05-26,330.8,investing
2010-05-27,331.3,investing
2010-05-30,331.8,investing
2010-05-31,331.8,investing
2010-06-01,331.7,investing
2010-06-02,332.2,investing
2010-06-03,332.0,investing
2010-06-06,332.6,investing
2010-06-07,332.6,investing
2010-06-08,332.8,investing
2010-06-09,332.5,investing
2010-06-10,332.2,investing
2010-06-13,332.2,investing
2010-06-14,331.8,investing
2010-06-15,332.0,investing
2010-06-16,332.4,investing
2010-06-17,332.9,investing
2010-06-20,333.1,investing
2010-06-21,332.9,investing
2010-06-22,333.2,investing
2010-06-23,333.5,investing
2010-06-24,333.9,investing
2010-06-27,333.8,investing
2010-06-28,333.5,investing
2010-06-29,334.5,investing
2010-06-30,335.4,investing
2010-07-01,335.6,investing
2010-07-04,335.4,investing
2010-07-05,335.1,investing
2010-07-06,335.0,investing
2010-07-07,335.4,investing
2010-07-08,335.0,investing
2010-07-11,334.3,investing
2010-07-12,333.9,investing
2010-07-13,333.7,investing
2010-07-14,334.9,investing
2010-07-15,334.7,investing
2010-07-18,335.6,investing
2010-07-19,336.0,investing
2010-07-21,336.4,investing
2010-07-22,337.1,investing
2010-07-25,336.8,investing
2010-07-26,336.9,investing
2010-07-27,336.2,investing
2010-07-28,336.4,investing
2010-07-29,337.1,investing
2010-08-01,337.3,investing
2010-08-02,337.0,investing
2010-08-03,336.8,investing
2010-08-04,337.1,investing
2010-08-05,337.5,investing
2010-08-08,338.5,investing
2010-08-09,338.2,investing
2010-08-10,338.1,investing
2010-08-11,338.5,investing
2010-08-12,338.5,investing
2010-08-15,338.4,investing
2010-08-16,339.9,investing
2010-08-17,339.4,investing
2010-08-18,339.2,investing
2010-08-19,338.8,investing
2010-08-22,339.0,investing
2010-08-23,339.2,investing
2010-08-24,339.9,investing
2010-08-25,340.6,investing
2010-08-26,340.5,investing
2010-08-29,340.2,investing
2010-08-30,340.6,investing
2010-08-31,341.2,investing
2010-09-01,341.3,investing
2010-09-02,340.8,investing
2010-09-05,340.1,investing
2010-09-06,339.8,investing
2010-09-07,340.0,investing
2010-09-12,339.3,investing
2010-09-13,339.1,investing
2010-09-14,338.9,investing
2010-09-15,339.4,investing
2010-09-16,338.5,investing
2010-09-19,337.9,investing
2010-09-20,337.9,investing
2010-09-21,337.4,investing
2010-09-26,337.9,investing
2010-09-27,338.8,investing
2010-09-28,338.5,investing
2010-10-03,338.9,investing
2010-10-04,339.2,investing
2010-10-05,339.8,investing
2010-10-06,340.6,investing
2010-10-07,340.9,investing
2010-10-10,341.2,investing
2010-10-11,341.3,investing
2010-10-12,341.1,investing
2010-10-13,340.0,investing
2010-10-14,339.9,investing
2010-10-17,339.9,investing
2010-10-18,340.5,investing
2010-10-19,340.8,investing
2010-10-20,340.5,investing
2010-10-21,340.5,investing
2010-10-24,340.8,investing
2010-10-25,341.2,investing
2010-10-26,340.9,investing
2010-10-27,340.4,investing
2010-10-28,341.0,investing
2010-10-31,341.7,investing
2010-11-01,341.4,investing
2010-11-02,341.4,investing
2010-11-03,341.4,investing
2010-11-04,341.4,investing
2010-11-07,341.1,investing
2010-11-08,339.8,investing
2010-11-09,340.0,investing
2010-11-10,339.3,investing
2010-11-11,339.3,investing
2010-11-14,338.7,investing
2010-11-15,339.1,investing
2010-11-16,339.4,investing
2010-11-17,339.7,investing
2010-11-18,339.5,investing
2010-11-21,339.7,investing
2010-11-22,340.0,investing
2010-11-23,340.7,investing
2010-11-24,340.2,investing
2010-11-25,340.0,investing
2010-11-28,339.9,investing
2010-11-29,339.8,investing
2010-11-30,340.1,investing
2010-12-01,339.3,investing
2010-12-02,339.1,investing
2010-12-05,339.0,investing
2010-12-06,339.0,investing
2010-12-07,338.7,investing
2010-12-08,338.2,investing
2010-12-09,338.6,investing
2010-12-12,338.4,investing
2010-12-13,338.2,investing
2010-12-14,338.4,investing
2010-12-15,338.3,investing
2010-12-16,338.5,investing
2010-12-19,339.1,investing
2010-12-20,339.2,investing
2010-12-21,339.3,investing
2010-12-22,339.2,investing
2010-12-23,339.0,investing
2010-12-26,338.7,investing
2010-12-27,338.5,investing
2010-12-28,338.5,investing
2010-12-29,338.1,investing
2010-12-30,338.9,investing
2011-01-02,339.4,investing
2011-01-03,339.2,investing
2011-01-04,339.3,investing
2011-01-05,338.7,investing
2011-01-06,338.4,investing
2011-01-09,338.9,investing
2011-01-10,339.3,investing
2011-01-11,339.5,investing
2011-01-12,339.4,investing
2011-01-13,339.1,investing
2011-01-16,338.9,investing
2011-01-17,338.8,investing
2011-01-18,339.2,investing
2011-01-19,339.0,investing
2011-01-20,338.6,investing
2011-01-23,338.0,investing
2011-01-24,338.2,investing
2011-01-25,338.5,investing
2011-01-26,338.4,investing
2011-01-27,337.8,investing
2011-01-30,337.0,investing
2011-01-31,336.6,investing
2011-02-01,336.5,investing
2011-02-02,336.3,investing
2011-02-03,335.6,investing
2011-02-06,335.3,investing
2011-02-07,335.2,investing
2011-02-08,335.7,investing
2011-02-09,335.9,investing
2011-02-10,335.9,investing
2011-02-13,336.3,investing
2011-02-14,336.5,investing
2011-02-15,336.9,investing
2011-02-16,336.2,investing
2011-02-17,335.9,investing
2011-02-20,335.4,investing
2011-02-21,335.2,investing
2011-02-22,335.1,investing
2011-02-23,335.0,investing
2011-02-24,335.5,investing
2011-02-27,336.2,investing
2011-02-28,336.2,investing
2011-03-01,335.6,investing
2011-03-02,335.2,investing
2011-03-03,334.7,investing
2011-03-06,334.4,investing
2011-03-07,334.0,investing
2011-03-08,334.3,investing
2011-03-09,334.6,investing
2011-03-10,334.8,investing
2011-03-13,334.9,investing
2011-03-14,334.5,investing
2011-03-15,335.1,investing
2011-03-16,334.6,investing
2011-03-17,334.7,investing
2011-03-21,334.3,investing
2011-03-22,334.3,investing
2011-03-23,334.3,investing
2011-03-24,333.9,investing
2011-03-27,333.4,investing
2011-03-28,333.4,investing
2011-03-29,333.1,investing
2011-03-30,333.2,investing
2011-03-31,333.8,investing
2011-04-03,333.9,investing
2011-04-04,333.6,investing
2011-04-05,333.7,investing
2011-04-06,333.7,investing
2011-04-07,333.5,investing
2011-04-10,333.3,investing
2011-04-11,332.8,investing
2011-04-12,333.5,investing
2011-04-13,334.0,investing
2011-04-14,334.3,investing
2011-04-17,334.4,investing
2011-04-20,334.6,investing
2011-04-21,334.6,investing
2011-04-26,335.0,investing
2011-04-27,334.6,investing
2011-04-28,334.5,investing
2011-05-01,334.3,investing
2011-05-02,334.0,investing
2011-05-03,334.3,investing
2011-05-04,334.4,investing
2011-05-05,335.1,investing
2011-05-08,335.5,investing
2011-05-11,335.6,investing
2011-05-12,336.2,investing
2011-05-15,336.7,investing
2011-05-16,337.3,investing
2011-05-17,337.3,investing
2011-05-18,337.4,investing
2011-05-19,336.5,investing
2011-05-22,336.9,investing
2011-05-23,337.1,investing
2011-05-24,336.8,investing
2011-05-25,337.2,investing
2011-05-26,337.8,investing
2011-05-29,338.1,investing
2011-05-30,338.1,investing
2011-05-31,337.9,investing
2011-06-01,338.2,investing
2011-06-02,338.2,investing
2011-06-05,338.3,investing
2011-06-06,338.5,investing
2011-06-09,338.4,investing
2011-06-12,338.6,investing
2011-06-13,337.7,investing
2011-06-14,337.9,investing
2011-06-15,337.5,investing
2011-06-16,337.7,investing
2011-06-19,337.6,investing
2011-06-20,337.9,investing
2011-06-21,338.3,investing
2011-06-22,338.6,investing
2011-06-23,339.2,investing
2011-06-26,339.6,investing
2011-06-27,339.5,investing
2011-06-28,339.5,investing
2011-06-29,339.0,investing
2011-06-30,339.2,investing
2011-07-03,338.8,investing
2011-07-04,339.1,investing
2011-07-05,339.5,investing
2011-07-06,340.1,investing
2011-07-07,340.0,investing
2011-07-10,340.7,investing
2011-07-11,341.0,investing
2011-07-12,340.6,investing
2011-07-13,341.0,investing
2011-07-14,341.5,investing
2011-07-17,342.0,investing
2011-07-18,342.3,investing
2011-07-19,342.3,investing
2011-07-20,342.4,investing
2011-07-21,342.2,investing
2011-07-24,342.1,investing
2011-07-25,342.1,investing
2011-07-26,342.0,investing
2011-07-27,341.9,investing
2011-07-28,342.2,investing
2011-07-31,342.0,investing
2011-08-01,342.2,investing
2011-08-02,342.9,investing
2011-08-03,343.2,investing
2011-08-04,344.1,investing
2011-08-07,343.8,investing
2011-08-08,344.6,investing
2011-08-10,347.7,investing
2011-08-11,347.0,investing
2011-08-14,346.6,investing
2011-08-15,346.9,investing
2011-08-16,349.6,investing
2011-08-17,349.7,investing
2011-08-18,350.4,investing
2011-08-21,349.9,investing
2011-08-22,349.2,investing
2011-08-23,349.3,investing
2011-08-24,349.0,investing
2011-08-25,348.7,investing
2011-08-28,350.1,investing
2011-08-29,350.6,investing
2011-08-30,351.3,investing
2011-08-31,351.3,investing
2011-09-01,351.6,investing
2011-09-04,352.9,investing
2011-09-05,352.4,investing
2011-09-06,351.1,investing
2011-09-07,350.7,investing
2011-09-08,350.9,investing
2011-09-11,351.6,investing
2011-09-12,350.4,investing
2011-09-13,350.1,investing
2011-09-14,351.1,investing
2011-09-15,350.9,investing
2011-09-18,350.8,investing
2011-09-19,350.4,investing
2011-09-20,350.5,investing
2011-09-21,350.6,investing
2011-09-22,350.9,investing
2011-09-25,351.3,investing
2011-09-26,352.0,investing
2011-09-27,352.6,investing
2011-10-02,353.1,investing
2011-10-03,353.4,investing
2011-10-04,354.3,investing
2011-10-05,354.3,investing
2011-10-06,354.5,investing
2011-10-09,354.4,investing
2011-10-10,354.0,investing
2011-10-11,353.7,investing
2011-10-16,353.7,investing
2011-10-17,353.5,investing
2011-10-18,353.8,investing
2011-10-23,353.7,investing
2011-10-24,353.9,investing
2011-10-25,354.1,investing
2011-10-26,354.6,investing
2011-10-27,354.4,investing
2011-10-30,354.4,investing
2011-10-31,354.9,investing
2011-11-01,355.3,investing
2011-11-02,355.4,investing
2011-11-03,355.7,investing
2011-11-06,356.2,investing
2011-11-07,356.5,investing
2011-11-08,356.1,investing
2011-11-09,355.7,investing
2011-11-10,355.5,investing
2011-11-13,355.5,investing
2011-11-14,355.4,investing
2011-11-15,355.8,investing
2011-11-16,356.0,investing
2011-11-17,356.2,investing
2011-11-20,356.1,investing
2011-11-21,355.6,investing
2011-11-22,355.9,investing
2011-11-23,355.9,investing
2011-11-24,355.5,investing
2011-11-27,355.4,investing
2011-11-28,356.1,investing
2011-11-29,356.0,investing
2011-11-30,355.8,investing
2011-12-01,356.0,investing
2011-12-04,356.1,investing
2011-12-05,356.1,investing
2011-12-06,356.1,investing
2011-12-07,356.0,investing
2011-12-08,356.4,investing
2011-12-11,356.3,investing
2011-12-12,355.9,investing
2011-12-13,356.2,investing
2011-12-14,356.6,investing
2011-12-15,357.3,investing
2011-12-18,358.6,investing
2011-12-19,358.9,investing
2011-12-20,358.9,investing
2011-12-21,359.0,investing
2011-12-22,359.1,investing
2011-12-25,359.1,investing
2011-12-26,359.0,investing
2011-12-27,358.8,investing
2011-12-28,358.9,investing
2011-12-29,359.0,investing
2012-01-01,359.7,investing
2012-01-02,359.9,investing
2012-01-03,360.4,investing
2012-01-04,360.3,investing
2012-01-05,360.1,investing
2012-01-08,360.0,investing
2012-01-09,360.2,investing
2012-01-10,360.2,investing
2012-01-11,360.1,investing
2012-01-12,360.5,investing
2012-01-15,360.6,investing
2012-01-16,360.4,investing
2012-01-17,360.0,investing
2012-01-18,360.4,investing
2012-01-19,360.5,investing
2012-01-22,360.2,investing
2012-01-23,359.8,investing
2012-01-24,360.1,investing
2012-01-25,360.0,investing
2012-01-26,360.4,investing
2012-01-29,360.8,investing
2012-01-30,361.4,investing
2012-01-31,361.3,investing
2012-02-01,361.7,investing
2012-02-02,361.8,investing
2012-02-05,361.4,investing
2012-02-06,361.3,investing
2012-02-07,361.1,investing
2012-02-12,360.5,investing
2012-02-13,360.2,investing
2012-02-14,360.3,investing
2012-02-15,360.9,investing
2012-02-16,360.9,investing
2012-02-19,360.8,investing
2012-02-20,360.3,investing
2012-02-21,359.9,investing
2012-02-22,360.1,investing
2012-02-23,360.1,investing
2012-02-26,360.0,investing
2012-02-27,360.0,investing
2012-02-28,360.4,investing
2012-02-29,360.0,investing
2012-03-01,359.7,investing
2012-03-04,359.9,investing
2012-03-05,360.0,investing
2012-03-06,359.7,investing
2012-03-07,359.6,investing
2012-03-11,359.3,investing
2012-03-12,359.7,investing
2012-03-13,359.6,investing
2012-03-14,358.7,investing
2012-03-15,358.8,investing
2012-03-18,359.3,investing
2012-03-19,359.0,investing
2012-03-20,358.9,investing
2012-03-21,359.3,investing
2012-03-22,360.0,investing
2012-03-25,360.2,investing
2012-03-26,360.5,investing
2012-03-27,360.3,investing
2012-03-28,360.5,investing
2012-04-02,360.9,investing
2012-04-03,360.8,investing
2012-04-04,360.7,investing
2012-04-05,361.1,investing
2012-04-08,362.0,investing
2012-04-09,361.9,investing
2012-04-10,362.2,investing
2012-04-11,362.5,investing
2012-04-15,362.7,investing
2012-04-16,362.4,investing
2012-04-17,362.0,investing
2012-04-18,362.1,investing
2012-04-19,362.0,investing
2012-04-22,361.9,investing
2012-04-23,361.9,investing
2012-04-24,361.8,investing
2012-04-29,362.0,investing
2012-04-30,362.1,investing
2012-05-01,362.4,investing
2012-05-02,362.6,investing
2012-05-03,362.9,investing
2012-05-06,363.8,investing
2012-05-07,364.3,investing
2012-05-08,364.4,investing
2012-05-09,364.8,investing
2012-05-10,364.5,investing
2012-05-13,364.8,investing
2012-05-14,364.9,investing
2012-05-15,364.8,investing
2012-05-16,364.6,investing
2012-05-17,364.5,investing
2012-05-20,365.3,investing
2012-05-21,365.3,investing
2012-05-22,365.6,investing
2012-05-23,366.0,investing
2012-05-24,366.6,investing
2012-05-28,367.1,investing
2012-05-29,367.5,investing
2012-05-30,368.2,investing
2012-05-31,367.9,investing
2012-06-03,369.7,investing
2012-06-04,369.2,investing
2012-06-05,368.7,investing
2012-06-06,368.0,investing
2012-06-07,367.8,investing
2012-06-10,367.6,investing
2012-06-11,367.5,investing
2012-06-12,367.9,investing
2012-06-13,367.8,investing
2012-06-14,368.7,investing
2012-06-17,369.8,investing
2012-06-18,370.1,investing
2012-06-19,370.3,investing
2012-06-20,369.8,investing
2012-06-21,369.7,investing
2012-06-24,369.5,investing
2012-06-25,369.9,investing
2012-06-26,370.4,investing
2012-06-27,369.9,investing
2012-06-28,370.3,investing
2012-07-01,370.3,investing
2012-07-02,370.8,investing
2012-07-03,370.9,investing
2012-07-04,371.3,investing
2012-07-05,372.0,investing
2012-07-08,372.5,investing
2012-07-09,372.3,investing
2012-07-10,372.1,investing
2012-07-11,372.4,investing
2012-07-12,372.9,investing
2012-07-15,373.3,investing
2012-07-16,375.0,investing
2012-07-17,375.1,investing
2012-07-18,375.2,investing
2012-07-19,374.5,investing
2012-07-22,374.8,investing
2012-07-23,375.7,investing
2012-07-24,375.3,investing
2012-07-25,376.0,investing
2012-07-26,376.7,investing
2012-07-30,376.5,investing
2012-07-31,377.1,investing
2012-08-01,377.6,investing
2012-08-02,377.7,investing
2012-08-05,377.3,investing
2012-08-06,376.8,investing
2012-08-07,374.9,investing
2012-08-08,375.0,investing
2012-08-12,373.6,investing
2012-08-13,372.4,investing
2012-08-14,372.6,investing
2012-08-15,372.7,investing
2012-08-16,372.8,investing
2012-08-19,373.4,investing
2012-08-20,373.4,investing
2012-08-21,373.4,investing
2012-08-22,374.8,investing
2012-08-23,374.8,investing
2012-08-26,374.8,investing
2012-08-27,374.9,investing
2012-08-28,375.0,investing
2012-08-29,374.6,investing
2012-08-30,373.9,investing
2012-09-02,374.5,investing
2012-09-03,374.2,investing
2012-09-04,373.9,investing
2012-09-05,373.5,investing
2012-09-06,373.0,investing
2012-09-09,373.0,investing
2012-09-10,373.3,investing
2012-09-11,373.4,investing
2012-09-12,372.7,investing
2012-09-13,372.7,investing
2012-09-19,371.7,investing
2012-09-20,373.0,investing
2012-09-23,373.8,investing
2012-09-24,374.1,investing
2012-09-27,375.1,investing
2012-10-02,375.2,investing
2012-10-03,375.4,investing
2012-10-04,374.8,investing
2012-10-09,374.4,investing
2012-10-10,375.3,investing
2012-10-11,375.8,investing
2012-10-14,376.2,investing
2012-10-15,376.1,investing
2012-10-16,376.9,investing
2012-10-17,376.5,investing
2012-10-18,376.8,investing
2012-10-21,377.4,investing
2012-10-22,377.7,investing
2012-10-23,377.8,investing
2012-10-24,377.6,investing
2012-10-25,377.1,investing
2012-10-28,377.7,investing
2012-10-29,378.1,investing
2012-10-30,379.4,investing
2012-10-31,379.7,investing
2012-11-01,379.8,investing
2012-11-04,379.7,investing
2012-11-05,380.1,investing
2012-11-06,380.0,investing
2012-11-07,380.6,investing
2012-11-08,380.6,investing
2012-11-11,381.0,investing
2012-11-12,380.6,investing
2012-11-13,380.8,investing
2012-11-14,380.2,investing
2012-11-15,379.9,investing
2012-11-18,380.9,investing
2012-11-19,380.9,investing
2012-11-20,380.9,investing
2012-11-21,380.6,investing
2012-11-22,380.9,investing
2012-11-25,381.3,investing
2012-11-26,382.1,investing
2012-11-27,382.2,investing
2012-11-28,382.3,investing
2012-11-29,382.1,investing
2012-12-02,382.2,investing
2012-12-03,381.9,investing
2012-12-04,382.0,investing
2012-12-05,382.4,investing
2012-12-06,383.2,investing
2012-12-09,383.5,investing
2012-12-10,383.7,investing
2012-12-11,383.8,investing
2012-12-12,383.8,investing
2012-12-13,383.9,investing
2012-12-16,385.0,investing
2012-12-17,384.8,investing
2012-12-18,384.2,investing
2012-12-19,383.8,investing
2012-12-20,384.1,investing
2012-12-23,384.9,investing
2012-12-24,385.4,investing
2012-12-25,386.0,investing
2012-12-26,386.2,investing
2012-12-27,385.9,investing
2012-12-30,386.5,investing
2012-12-31,386.7,investing
2013-01-01,386.1,investing
2013-01-02,385.6,investing
2013-01-03,385.7,investing
2013-01-06,385.0,investing
2013-01-07,384.2,investing
2013-01-08,384.7,investing
2013-01-09,385.5,investing
2013-01-10,385.0,investing
2013-01-13,385.1,investing
2013-01-14,385.1,investing
2013-01-15,385.8,investing
2013-01-16,385.7,investing
2013-01-17,385.1,investing
2013-01-20,384.7,investing
2013-01-21,384.9,investing
2013-01-23,385.6,investing
2013-01-24,386.0,investing
2013-01-29,384.2,investing
2013-01-30,384.1,investing
2013-01-31,384.2,investing
2013-02-03,384.4,investing
2013-02-04,384.0,investing
2013-02-05,384.4,investing
2013-02-06,384.8,investing
2013-02-07,384.8,investing
2013-02-10,385.2,investing
2013-02-11,385.4,investing
2013-02-12,385.1,investing
2013-02-13,384.5,investing
2013-02-14,384.8,investing
2013-02-17,385.2,investing
2013-02-18,385.5,investing
2013-02-19,385.9,investing
2013-02-20,386.4,investing
2013-02-21,386.9,investing
2013-02-25,386.9,investing
2013-02-26,386.8,investing
2013-02-27,386.9,investing
2013-02-28,386.8,investing
2013-03-03,387.2,investing
2013-03-04,387.7,investing
2013-03-05,387.7,investing
2013-03-06,387.8,investing
2013-03-07,387.4,investing
2013-03-10,386.7,investing
2013-03-11,386.6,investing
2013-03-12,386.5,investing
2013-03-13,386.2,investing
2013-03-14,386.2,investing
2013-03-17,386.6,investing
2013-03-18,386.8,investing
2013-03-19,386.8,investing
2013-03-20,386.6,investing
2013-03-21,387.0,investing
2013-03-24,387.7,investing
2013-03-27,388.0,investing
2013-03-28,388.0,investing
2013-04-02,387.9,investing
2013-04-03,388.3,investing
2013-04-04,388.9,investing
2013-04-07,389.6,investing
2013-04-08,389.8,investing
2013-04-09,390.0,investing
2013-04-10,389.7,investing
2013-04-11,390.0,investing
2013-04-14,390.4,investing
2013-04-17,391.2,investing
2013-04-18,392.0,investing
2013-04-22,392.8,investing
2013-04-23,392.9,investing
2013-04-24,392.4,investing
2013-04-25,392.6,investing
2013-04-28,393.4,investing
2013-04-29,394.5,investing
2013-04-30,394.8,investing
2013-05-01,395.1,investing
2013-05-02,395.0,investing
2013-05-05,393.6,investing
2013-05-06,393.5,investing
2013-05-07,394.0,investing
2013-05-08,394.8,investing
2013-05-09,395.7,investing
2013-05-12,395.3,investing
2013-05-13,396.3,investing
2013-05-16,397.6,investing
2013-05-19,397.1,investing
2013-05-20,396.9,investing
2013-05-21,396.1,investing
2013-05-22,397.6,investing
2013-05-23,396.6,investing
2013-05-26,396.6,investing
2013-05-27,396.6,investing
2013-05-28,396.6,investing
2013-05-29,395.1,investing
2013-05-30,394.7,investing
2013-06-02,394.8,investing
2013-06-03,393.8,investing
2013-06-04,393.8,investing
2013-06-05,394.3,investing
2013-06-06,394.3,investing
2013-06-10,393.3,investing
2013-06-12,392.1,investing
2013-06-13,393.2,investing
2013-06-16,395.9,investing
2013-06-17,396.1,investing
2013-06-18,395.1,investing
2013-06-19,394.7,investing
2013-06-20,393.8,investing
2013-06-23,393.6,investing
2013-06-24,392.6,investing
2013-06-25,393.8,investing
2013-06-26,394.5,investing
2013-06-27,394.7,investing
2013-06-30,394.7,investing
2013-07-01,393.9,investing
2013-07-02,394.2,investing
2013-07-03,395.0,investing
2013-07-04,395.4,investing
2013-07-07,394.1,investing
2013-07-08,394.2,investing
2013-07-09,395.1,investing
2013-07-10,394.8,investing
2013-07-11,395.2,investing
2013-07-14,395.3,investing
2013-07-15,395.9,investing
2013-07-17,396.5,investing
2013-07-18,396.5,investing
2013-07-21,397.0,investing
2013-07-22,397.5,investing
2013-07-23,397.4,investing
2013-07-24,396.5,investing
2013-07-25,396.4,investing
2013-07-28,396.9,investing
2013-07-29,397.1,investing
2013-07-30,397.0,investing
2013-07-31,396.4,investing
2013-08-01,395.9,investing
2013-08-04,396.4,investing
2013-08-05,396.4,investing
2013-08-06,396.4,investing
2013-08-07,396.8,investing
2013-08-08,396.9,investing
2013-08-11,397.4,investing
2013-08-12,397.5,investing
2013-08-13,397.3,investing
2013-08-14,396.8,investing
2013-08-15,396.0,investing
2013-08-18,395.1,investing
2013-08-19,394.0,investing
2013-08-20,394.1,investing
2013-08-21,393.2,investing
2013-08-22,392.4,investing
2013-08-25,393.6,investing
2013-08-26,393.9,investing
2013-08-27,393.2,investing
2013-08-28,392.5,investing
2013-08-29,393.1,investing
2013-09-01,393.9,investing
2013-09-02,393.5,investing
2013-09-03,392.5,investing
2013-09-08,391.9,investing
2013-09-09,392.5,investing
2013-09-10,392.9,investing
2013-09-11,393.9,investing
2013-09-12,394.0,investing
2013-09-15,394.1,investing
2013-09-16,395.3,investing
2013-09-17,394.6,investing
2013-09-22,396.5,investing
2013-09-23,397.3,investing
2013-09-24,397.8,investing
2013-09-29,398.3,investing
2013-09-30,397.8,investing
2013-10-01,397.6,investing
2013-10-02,398.2,investing
2013-10-03,398.4,investing
2013-10-06,398.8,investing
2013-10-07,398.7,investing
2013-10-08,398.6,investing
2013-10-09,398.9,investing
2013-10-10,398.6,investing
2013-10-13,398.7,investing
2013-10-14,398.4,investing
2013-10-15,398.3,investing
2013-10-16,398.9,investing
2013-10-17,400.6,investing
2013-10-20,401.3,investing
2013-10-21,401.4,investing
2013-10-22,402.2,investing
2013-10-23,402.3,investing
2013-10-24,402.4,investing
2013-10-27,402.7,investing
2013-10-28,402.7,investing
2013-10-29,402.5,investing
2013-10-30,402.5,investing
2013-10-31,401.9,investing
2013-11-03,401.3,investing
2013-11-04,401.5,investing
2013-11-05,400.8,investing
2013-11-06,401.1,investing
2013-11-07,402.3,investing
2013-11-10,401.5,investing
2013-11-11,401.8,investing
2013-11-12,402.5,investing
2013-11-13,403.1,investing
2013-11-14,403.7,investing
2013-11-17,403.9,investing
2013-11-18,403.9,investing
2013-11-19,403.9,investing
2013-11-20,403.7,investing
2013-11-21,403.0,investing
2013-11-24,404.1,investing
2013-11-25,404.3,investing
2013-11-26,404.4,investing
2013-11-27,404.3,investing
2013-11-28,404.5,investing
2013-12-01,405.1,investing
2013-12-02,404.8,investing
2013-12-03,405.3,investing
2013-12-04,405.0,investing
2013-12-05,404.3,investing
2013-12-08,404.5,investing
2013-12-09,405.2,investing
2013-12-10,405.7,investing
2013-12-11,405.7,investing
2013-12-12,405.2,investing
2013-12-15,405.3,investing
2013-12-16,405.0,investing
2013-12-17,404.7,investing
2013-12-18,404.3,investing
2013-12-19,403.8,investing
2013-12-22,404.1,investing
2013-12-23,404.1,investing
2013-12-24,403.5,investing
2013-12-25,403.9,investing
2013-12-26,403.8,investing
2013-12-29,403.4,investing
2013-12-30,403.4,investing
2013-12-31,403.6,investing
2014-01-01,402.7,investing
2014-01-02,402.8,investing
2014-01-05,402.9,investing
2014-01-06,403.5,investing
2014-01-07,403.7,investing
2014-01-08,403.4,investing
2014-01-09,403.6,investing
2014-01-12,404.5,investing
2014-01-13,404.6,investing
2014-01-14,404.7,investing
2014-01-15,404.2,investing
2014-01-16,405.1,investing
2014-01-19,405.4,investing
2014-01-20,405.3,investing
2014-01-21,405.3,investing
2014-01-22,405.4,investing
2014-01-23,406.4,investing
2014-01-26,406.7,investing
2014-01-27,406.6,investing
2014-01-28,406.0,investing
2014-01-29,406.2,investing
2014-01-30,406.4,investing
2014-02-02,406.4,investing
2014-02-03,406.3,investing
2014-02-04,406.3,investing
2014-02-05,406.4,investing
2014-02-06,406.0,investing
2014-02-09,406.4,investing
2014-02-10,406.5,investing
2014-02-11,406.1,investing
2014-02-12,405.8,investing
2014-02-13,406.3,investing
2014-02-16,407.5,investing
2014-02-17,407.9,investing
2014-02-18,408.3,investing
2014-02-19,408.9,investing
2014-02-20,408.5,investing
2014-02-23,408.7,investing
2014-02-24,408.7,investing
2014-02-25,410.0,investing
2014-02-26,410.6,investing
2014-02-27,411.4,investing
2014-03-02,411.7,investing
2014-03-03,411.6,investing
2014-03-04,411.1,investing
2014-03-05,410.8,investing
2014-03-06,411.0,investing
2014-03-09,411.2,investing
2014-03-10,412.0,investing
2014-03-11,412.2,investing
2014-03-12,412.9,investing
2014-03-13,413.1,investing
2014-03-17,413.8,investing
2014-03-18,413.7,investing
2014-03-19,413.9,investing
2014-03-20,413.1,investing
2014-03-23,413.6,investing
2014-03-24,413.5,investing
2014-03-25,413.8,investing
2014-03-26,413.6,investing
2014-03-27,413.3,investing
2014-03-30,413.1,investing
2014-03-31,412.4,investing
2014-04-01,412.2,investing
2014-04-02,411.3,investing
2014-04-03,411.8,investing
2014-04-06,412.9,investing
2014-04-07,413.1,investing
2014-04-08,413.4,investing
2014-04-09,412.8,investing
2014-04-10,413.8,investing
2014-04-13,414.5,investing
2014-04-16,414.2,investing
2014-04-17,414.4,investing
2014-04-22,413.3,investing
2014-04-23,413.7,investing
2014-04-24,413.7,investing
2014-04-27,414.0,investing
2014-04-28,413.7,investing
2014-04-29,413.6,investing
2014-04-30,414.2,investing
2014-05-01,415.1,investing
2014-05-04,415.5,investing
2014-05-07,416.0,investing
2014-05-08,416.8,investing
2014-05-11,417.4,investing
2014-05-12,416.8,investing
2014-05-13,416.8,investing
2014-05-14,417.9,investing
2014-05-15,418.7,investing
2014-05-18,420.7,investing
2014-05-19,421.4,investing
2014-05-20,421.6,investing
2014-05-21,422.1,investing
2014-05-22,422.0,investing
2014-05-25,422.1,investing
2014-05-26,421.1,investing
2014-05-27,421.0,investing
2014-05-28,422.0,investing
2014-05-29,422.6,investing
2014-06-01,422.5,investing
2014-06-02,422.1,investing
2014-06-05,421.7,investing
2014-06-08,422.6,investing
2014-06-09,422.6,investing
2014-06-10,422.5,investing
2014-06-11,422.4,investing
2014-06-12,423.3,investing
2014-06-15,423.9,investing
2014-06-16,423.1,investing
2014-06-17,422.3,investing
2014-06-18,422.5,investing
2014-06-19,423.5,investing
2014-06-22,423.4,investing
2014-06-23,422.9,investing
2014-06-24,423.0,investing
2014-06-25,423.6,investing
2014-06-26,424.3,investing
2014-06-29,424.1,investing
2014-06-30,423.7,investing
2014-07-01,423.6,investing
2014-07-02,423.1,investing
2014-07-03,422.4,investing
2014-07-06,422.4,investing
2014-07-07,422.0,investing
2014-07-08,422.2,investing
2014-07-09,422.9,investing
2014-07-10,423.6,investing
2014-07-13,423.9,investing
2014-07-14,424.0,investing
2014-07-15,424.4,investing
2014-07-16,423.9,investing
2014-07-17,424.5,investing
2014-07-20,424.3,investing
2014-07-21,424.4,investing
2014-07-22,424.7,investing
2014-07-23,425.3,investing
2014-07-24,425.6,investing
2014-07-27,426.2,investing
2014-07-28,427.2,investing
2014-07-29,427.5,investing
2014-07-30,426.7,investing
2014-07-31,425.9,investing
2014-08-03,426.8,investing
2014-08-04,427.1,investing
2014-08-06,426.8,investing
2014-08-07,426.9,investing
2014-08-10,427.4,investing
2014-08-11,427.4,investing
2014-08-12,427.5,investing
2014-08-13,427.6,investing
2014-08-14,428.5,investing
2014-08-17,429.1,investing
2014-08-18,428.8,investing
2014-08-19,429.1,investing
2014-08-20,429.2,investing
2014-08-21,429.0,investing
2014-08-24,429.1,investing
2014-08-25,431.1,investing
2014-08-26,431.9,investing
2014-08-27,432.2,investing
2014-08-28,433.1,investing
2014-08-31,434.2,investing
2014-09-01,434.0,investing
2014-09-02,433.3,investing
2014-09-03,433.2,investing
2014-09-04,434.1,investing
2014-09-07,434.1,investing
2014-09-08,434.2,investing
2014-09-09,433.1,investing
2014-09-10,431.9,investing
2014-09-11,432.3,investing
2014-09-14,431.4,investing
2014-09-15,431.9,investing
2014-09-16,433.2,investing
2014-09-17,433.4,investing
2014-09-18,433.1,investing
2014-09-21,433.5,investing
2014-09-22,434.7,investing
2014-09-23,435.1,investing
2014-09-28,436.1,investing
2014-09-29,436.0,investing
2014-09-30,435.5,investing
2014-10-01,436.2,investing
2014-10-02,436.4,investing
2014-10-05,436.3,investing
2014-10-06,437.0,investing
2014-10-07,437.4,investing
2014-10-12,439.5,investing
2014-10-13,439.5,investing
2014-10-14,440.6,investing
2014-10-19,441.3,investing
2014-10-20,440.8,investing
2014-10-21,440.9,investing
2014-10-22,440.8,investing
2014-10-23,440.6,investing
2014-10-26,441.7,investing
2014-10-27,440.7,investing
2014-10-28,440.2,investing
2014-10-29,439.7,investing
2014-10-30,439.6,investing
2014-11-02,439.4,investing
2014-11-03,439.2,investing
2014-11-04,439.6,investing
2014-11-05,439.4,investing
2014-11-06,439.7,investing
2014-11-09,440.4,investing
2014-11-10,440.4,investing
2014-11-11,439.7,investing
2014-11-12,440.4,investing
2014-11-13,440.8,investing
2014-11-16,441.2,investing
2014-11-17,440.7,investing
2014-11-18,440.2,investing
2014-11-19,440.0,investing
2014-11-20,440.6,investing
2014-11-23,440.2,investing
2014-11-24,439.9,investing
2014-11-25,439.6,investing
2014-11-26,440.2,investing
2014-11-27,440.4,investing
2014-11-30,441.4,investing
2014-12-01,441.1,investing
2014-12-02,439.6,investing
2014-12-03,438.0,investing
2014-12-04,437.9,investing
2014-12-07,435.8,investing
2014-12-08,434.7,investing
2014-12-09,435.4,investing
2014-12-10,435.8,investing
2014-12-11,436.4,investing
2014-12-14,437.9,investing
2014-12-15,435.8,investing
2014-12-16,434.8,investing
2014-12-17,436.0,investing
2014-12-18,435.7,investing
2014-12-21,436.4,investing
2014-12-22,437.1,investing
2014-12-23,435.8,investing
2014-12-24,434.7,investing
2014-12-25,434.7,investing
2014-12-28,434.7,investing
2014-12-29,435.7,investing
2014-12-30,437.0,investing
2014-12-31,437.0,investing
2015-01-01,437.2,investing
2015-01-04,438.0,investing
2015-01-05,439.0,investing
2015-01-06,439.6,investing
2015-01-07,440.4,investing
2015-01-08,440.5,investing
2015-01-11,441.4,investing
2015-01-12,442.3,investing
2015-01-13,442.1,investing
2015-01-14,442.9,investing
2015-01-15,444.2,investing
2015-01-18,444.6,investing
2015-01-19,444.8,investing
2015-01-20,445.6,investing
2015-01-21,445.3,investing
2015-01-22,446.0,investing
2015-01-25,447.6,investing
2015-01-26,448.1,investing
2015-01-27,448.8,investing
2015-01-28,448.5,investing
2015-01-29,449.5,investing
2015-02-01,449.9,investing
2015-02-02,449.7,investing
2015-02-03,448.8,investing
2015-02-04,447.9,investing
2015-02-05,448.3,investing
2015-02-08,446.4,investing
2015-02-09,447.0,investing
2015-02-10,446.5,investing
2015-02-11,447.2,investing
2015-02-12,448.0,investing
2015-02-15,448.0,investing
2015-02-16,448.3,investing
2015-02-17,447.9,investing
2015-02-18,447.1,investing
2015-02-19,447.9,investing
2015-02-22,447.9,investing
2015-02-23,450.4,investing
2015-02-24,450.9,investing
2015-02-25,452.7,investing
2015-02-26,453.1,investing
2015-03-01,453.4,investing
2015-03-02,452.7,investing
2015-03-03,452.1,investing
2015-03-04,451.5,investing
2015-03-08,449.4,investing
2015-03-09,449.8,investing
2015-03-10,450.4,investing
2015-03-11,450.2,investing
2015-03-12,450.8,investing
2015-03-15,451.0,investing
2015-03-16,452.1,investing
2015-03-18,453.0,investing
2015-03-19,455.0,investing
2015-03-22,456.2,investing
2015-03-23,454.9,investing
2015-03-24,455.7,investing
2015-03-25,454.9,investing
2015-03-26,454.5,investing
2015-03-29,454.4,investing
2015-03-30,454.9,investing
2015-03-31,455.1,investing
2015-04-01,455.7,investing
2015-04-02,455.1,investing
2015-04-05,456.0,investing
2015-04-06,456.4,investing
2015-04-07,456.1,investing
2015-04-08,456.4,investing
2015-04-12,456.2,investing
2015-04-13,455.9,investing
2015-04-14,456.4,investing
2015-04-15,456.5,investing
2015-04-16,456.6,investing
2015-04-19,457.1,investing
2015-04-20,457.3,investing
2015-04-21,457.8,investing
2015-04-26,458.3,investing
2015-04-27,457.7,investing
2015-04-28,457.3,investing
2015-04-29,456.7,investing
2015-04-30,455.5,investing
2015-05-03,454.5,investing
2015-05-04,455.1,investing
2015-05-05,453.5,investing
2015-05-06,451.3,investing
2015-05-07,451.3,investing
2015-05-10,453.1,investing
2015-05-11,452.1,investing
2015-05-12,449.9,investing
2015-05-13,449.9,investing
2015-05-14,448.3,investing
2015-05-17,449.8,investing
2015-05-18,447.9,investing
2015-05-19,447.4,investing
2015-05-20,448.1,investing
2015-05-21,450.3,investing
2015-05-25,450.7,investing
2015-05-26,450.4,investing
2015-05-27,449.5,investing
2015-05-28,450.6,investing
2015-05-31,451.0,investing
2015-06-01,450.5,investing
2015-06-02,447.7,investing
2015-06-03,445.0,investing
2015-06-04,444.8,investing
2015-06-07,443.3,investing
2015-06-08,445.8,investing
2015-06-09,443.8,investing
2015-06-10,443.2,investing
2015-06-11,443.5,investing
2015-06-14,443.9,investing
2015-06-15,444.9,investing
2015-06-16,445.3,investing
2015-06-17,444.6,investing
2015-06-18,445.2,investing
2015-06-21,445.7,investing
2015-06-22,442.7,investing
2015-06-23,440.8,investing
2015-06-24,440.3,investing
2015-06-25,439.8,investing
2015-06-28,440.0,investing
2015-06-29,439.9,investing
2015-06-30,440.5,investing
2015-07-01,440.1,investing
2015-07-02,441.1,investing
2015-07-05,441.5,investing
2015-07-06,442.0,investing
2015-07-07,445.1,investing
2015-07-08,443.9,investing
2015-07-09,443.8,investing
2015-07-12,442.7,investing
2015-07-13,441.6,investing
2015-07-14,442.6,investing
2015-07-15,443.8,investing
2015-07-16,443.7,investing
2015-07-19,444.3,investing
2015-07-20,444.8,investing
2015-07-21,444.6,investing
2015-07-22,444.6,investing
2015-07-23,444.8,investing
2015-07-27,446.6,investing
2015-07-28,446.1,investing
2015-07-29,445.1,investing
2015-07-30,445.5,investing
2015-08-02,446.5,investing
2015-08-03,446.6,investing
2015-08-04,445.8,investing
2015-08-05,443.7,investing
2015-08-06,444.1,investing
2015-08-09,444.9,investing
2015-08-10,445.2,investing
2015-08-11,446.1,investing
2015-08-12,447.3,investing
2015-08-13,446.9,investing
2015-08-16,447.2,investing
2015-08-17,447.8,investing
2015-08-18,447.7,investing
2015-08-19,447.7,investing
2015-08-20,449.0,investing
2015-08-23,449.7,investing
2015-08-24,450.0,investing
2015-08-25,449.5,investing
2015-08-26,449.3,investing
2015-08-27,449.1,investing
2015-08-30,448.0,investing
2015-08-31,449.1,investing
2015-09-01,449.0,investing
2015-09-02,448.6,investing
2015-09-03,448.2,investing
2015-09-06,447.6,investing
2015-09-07,447.5,investing
2015-09-08,446.6,investing
2015-09-09,445.3,investing
2015-09-10,445.8,investing
2015-09-16,445.2,investing
2015-09-17,445.1,investing
2015-09-20,448.6,investing
2015-09-21,448.9,investing
2015-09-24,450.1,investing
2015-09-29,449.6,investing
2015-09-30,449.2,investing
2015-10-01,449.3,investing
2015-10-06,449.8,investing
2015-10-07,450.4,investing
2015-10-08,450.6,investing
2015-10-11,450.1,investing
2015-10-12,449.9,investing
2015-10-13,449.9,investing
2015-10-14,451.1,investing
2015-10-15,451.4,investing
2015-10-18,451.5,investing
2015-10-19,451.3,investing
2015-10-20,451.2,investing
2015-10-21,451.7,investing
2015-10-22,452.6,investing
2015-10-25,452.3,investing
2015-10-26,453.4,investing
2015-10-27,454.8,investing
2015-10-28,454.2,investing
2015-10-29,453.1,investing
2015-11-01,453.1,investing
2015-11-02,452.2,investing
2015-11-03,451.0,investing
2015-11-04,450.9,investing
2015-11-05,450.7,investing
2015-11-08,449.3,investing
2015-11-09,448.8,investing
2015-11-10,449.6,investing
2015-11-11,449.5,investing
2015-11-12,450.1,investing
2015-11-15,451.0,investing
2015-11-16,450.8,investing
2015-11-17,449.7,investing
2015-11-18,449.4,investing
2015-11-19,450.0,investing
2015-11-22,450.0,investing
2015-11-23,449.3,investing
2015-11-24,450.0,investing
2015-11-25,450.4,investing
2015-11-26,450.4,investing
2015-11-29,450.1,investing
2015-11-30,449.8,investing
2015-12-01,450.4,investing
2015-12-02,450.1,investing
2015-12-03,449.3,investing
2015-12-06,448.5,investing
2015-12-07,448.9,investing
2015-12-08,449.4,investing
2015-12-09,448.9,investing
2015-12-10,449.4,investing
2015-12-13,450.4,investing
2015-12-14,449.8,investing
2015-12-15,449.1,investing
2015-12-16,449.5,investing
2015-12-17,450.1,investing
2015-12-20,451.0,investing
2015-12-21,450.9,investing
2015-12-22,450.5,investing
2015-12-23,450.6,investing
2015-12-24,450.5,investing
2015-12-27,451.3,investing
2015-12-28,451.6,investing
2015-12-29,451.4,investing
2015-12-30,451.0,investing
2015-12-31,451.3,investing
2016-01-03,451.7,investing
2016-01-04,452.0,investing
2016-01-05,451.8,investing
2016-01-06,452.0,investing
2016-01-07,453.0,investing
2016-01-10,453.9,investing
2016-01-11,453.4,investing
2016-01-12,453.1,investing
2016-01-13,453.6,investing
2016-01-14,454.3,investing
2016-01-17,454.7,investing
2016-01-18,454.0,investing
2016-01-19,453.9,investing
2016-01-20,455.1,investing
2016-01-21,455.0,investing
2016-01-24,454.3,investing
2016-01-25,454.6,investing
2016-01-26,454.5,investing
2016-01-27,454.4,investing
2016-01-28,454.5,investing
2016-01-31,456.0,investing
2016-02-01,455.5,investing
2016-02-02,456.4,investing
2016-02-03,457.2,investing
2016-02-04,456.9,investing
2016-02-07,457.5,investing
2016-02-08,458.3,investing
2016-02-09,458.2,investing
2016-02-10,458.2,investing
2016-02-11,458.7,investing
2016-02-14,458.1,investing
2016-02-15,458.0,investing
2016-02-16,458.0,investing
2016-02-17,457.3,investing
2016-02-18,457.6,investing
2016-02-21,458.0,investing
2016-02-22,457.5,investing
2016-02-23,457.5,investing
2016-02-24,458.7,investing
2016-02-25,458.6,investing
2016-02-28,458.0,investing
2016-02-29,458.6,investing
2016-03-01,458.2,investing
2016-03-02,457.9,investing
2016-03-03,457.7,investing
2016-03-06,457.5,investing
2016-03-07,457.1,investing
2016-03-08,457.7,investing
2016-03-09,457.4,investing
2016-03-10,457.4,investing
2016-03-13,456.7,investing
2016-03-14,456.5,investing
2016-03-15,456.2,investing
2016-03-16,455.9,investing
2016-03-17,456.7,investing
2016-03-20,456.9,investing
2016-03-21,456.2,investing
2016-03-22,456.3,investing
2016-03-23,456.4,investing
2016-03-27,456.2,investing
2016-03-28,456.6,investing
2016-03-29,456.7,investing
2016-03-30,457.1,investing
2016-03-31,457.6,investing
2016-04-03,458.4,investing
2016-04-04,458.6,investing
2016-04-05,459.4,investing
2016-04-06,459.4,investing
2016-04-07,460.0,investing
2016-04-10,459.7,investing
2016-04-11,459.2,investing
2016-04-12,458.8,investing
2016-04-13,458.4,investing
2016-04-14,458.7,investing
2016-04-17,459.5,investing
2016-04-18,459.1,investing
2016-04-19,458.8,investing
2016-04-20,459.1,investing
2016-04-21,458.3,investing
2016-04-24,458.5,investing
2016-04-25,458.6,investing
2016-04-26,458.1,investing
2016-04-27,458.2,investing
2016-05-01,459.3,investing
2016-05-02,459.1,investing
2016-05-03,459.7,investing
2016-05-04,459.5,investing
2016-05-05,459.9,investing
2016-05-08,460.2,investing
2016-05-09,460.2,investing
2016-05-10,460.1,investing
2016-05-15,460.3,investing
2016-05-16,460.5,investing
2016-05-17,460.5,investing
2016-05-18,459.7,investing
2016-05-19,459.4,investing
2016-05-22,459.4,investing
2016-05-23,458.9,investing
2016-05-24,458.7,investing
2016-05-25,458.3,investing
2016-05-26,458.7,investing
2016-05-29,459.4,investing
2016-05-30,458.8,investing
2016-05-31,458.6,investing
2016-06-01,459.2,investing
2016-06-02,459.6,investing
2016-06-05,460.6,investing
2016-06-06,460.2,investing
2016-06-07,460.5,investing
2016-06-08,460.9,investing
2016-06-09,461.4,investing
2016-06-13,461.9,investing
2016-06-14,462.1,investing
2016-06-15,461.3,investing
2016-06-16,461.8,investing
2016-06-19,461.2,investing
2016-06-20,460.3,investing
2016-06-21,460.2,investing
2016-06-22,460.3,investing
2016-06-23,460.2,investing
2016-06-26,462.4,investing
2016-06-27,463.3,investing
2016-06-28,463.2,investing
2016-06-29,463.0,investing
2016-06-30,463.0,investing
2016-07-03,463.8,investing
2016-07-04,463.6,investing
2016-07-05,464.2,investing
2016-07-06,464.4,investing
2016-07-07,463.8,investing
2016-07-10,464.2,investing
2016-07-11,463.8,investing
2016-07-12,462.8,investing
2016-07-13,463.0,investing
2016-07-14,462.7,investing
2016-07-17,462.4,investing
2016-07-18,462.4,investing
2016-07-19,462.7,investing
2016-07-20,462.5,investing
2016-07-21,462.0,investing
2016-07-24,462.6,investing
2016-07-25,462.7,investing
2016-07-26,462.6,investing
2016-07-27,462.7,investing
2016-07-28,462.8,investing
2016-07-31,463.8,investing
2016-08-01,463.4,investing
2016-08-02,462.6,investing
2016-08-03,462.6,investing
2016-08-04,463.0,investing
2016-08-07,462.0,investing
2016-08-08,461.8,investing
2016-08-09,462.0,investing
2016-08-10,462.4,investing
2016-08-11,462.5,investing
2016-08-15,462.3,investing
2016-08-16,462.1,investing
2016-08-17,462.7,investing
2016-08-18,462.5,investing
2016-08-21,462.5,investing
2016-08-22,462.3,investing
2016-08-23,462.4,investing
2016-08-24,462.4,investing
2016-08-25,462.1,investing
2016-08-28,461.5,investing
2016-08-29,461.3,investing
2016-08-30,461.7,investing
2016-08-31,461.5,investing
2016-09-01,461.5,investing
2016-09-05,461.4,investing
2016-09-06,461.7,investing
2016-09-07,462.5,investing
2016-09-11,460.9,investing
2016-09-13,461.2,investing
2016-09-14,461.4,investing
2016-09-15,461.2,investing
2016-09-18,461.7,investing
2016-09-19,461.7,investing
2016-09-20,461.7,investing
2016-09-21,461.3,investing
2016-09-22,462.4,investing
2016-09-25,462.8,investing
2016-09-26,463.0,investing
2016-09-27,463.2,investing
2016-09-28,463.3,investing
2016-09-29,462.4,investing
2016-10-05,461.0,investing
2016-10-06,460.9,investing
2016-10-09,460.9,investing
2016-10-10,460.4,investing
2016-10-13,460.4,investing
2016-10-18,460.4,investing
2016-10-19,460.8,investing
2016-10-20,460.8,investing
2016-10-25,461.1,investing
2016-10-26,460.8,investing
2016-10-27,460.4,investing
2016-10-30,460.7,investing
2016-10-31,461.1,investing
2016-11-01,460.8,investing
2016-11-02,460.9,investing
2016-11-03,460.7,investing
2016-11-06,460.8,investing
2016-11-07,460.3,investing
2016-11-08,459.8,investing
2016-11-09,458.5,investing
2016-11-10,457.1,investing
2016-11-13,455.6,investing
2016-11-14,454.8,investing
2016-11-15,455.4,investing
2016-11-16,455.5,investing
2016-11-17,455.0,investing
2016-11-20,454.4,investing
2016-11-21,455.0,investing
2016-11-22,454.7,investing
2016-11-23,454.2,investing
2016-11-24,454.3,investing
2016-11-27,454.6,investing
2016-11-28,455.3,investing
2016-11-29,455.0,investing
2016-11-30,454.6,investing
2016-12-01,453.6,investing
2016-12-04,453.9,investing
2016-12-05,453.0,investing
2016-12-06,453.8,investing
2016-12-07,455.0,investing
2016-12-08,454.3,investing
2016-12-11,453.4,investing
2016-12-12,453.4,investing
2016-12-13,453.7,investing
2016-12-14,454.5,investing
2016-12-15,453.2,investing
2016-12-18,453.5,investing
2016-12-19,454.6,investing
2016-12-20,454.6,investing
2016-12-21,455.6,investing
2016-12-22,455.7,investing
2016-12-25,455.6,investing
2016-12-26,456.0,investing
2016-12-27,456.1,investing
2016-12-28,456.4,investing
2016-12-29,457.3,investing
2017-01-01,458.0,investing
2017-01-02,458.0,investing
2017-01-03,456.9,investing
2017-01-04,457.2,investing
2017-01-05,457.3,investing
2017-01-08,456.6,investing
2017-01-09,456.9,investing
2017-01-10,457.5,investing
2017-01-11,457.0,investing
2017-01-12,457.8,investing
2017-01-15,456.8,investing
2017-01-16,457.0,investing
2017-01-17,457.5,investing
2017-01-18,457.2,investing
2017-01-19,456.4,investing
2017-01-22,456.1,investing
2017-01-23,456.3,investing
2017-01-24,456.0,investing
2017-01-25,455.6,investing
2017-01-26,455.4,investing
2017-01-29,455.9,investing
2017-01-30,456.3,investing
2017-01-31,456.6,investing
2017-02-01,456.1,investing
2017-02-02,456.5,investing
2017-02-05,456.3,investing
2017-02-06,456.5,investing
2017-02-07,456.8,investing
2017-02-08,457.6,investing
2017-02-09,457.8,investing
2017-02-12,457.0,investing
2017-02-13,457.2,investing
2017-02-14,456.6,investing
2017-02-15,456.3,investing
2017-02-16,457.3,investing
2017-02-19,457.7,investing
2017-02-20,457.6,investing
2017-02-21,457.4,investing
2017-02-22,457.8,investing
2017-02-23,457.7,investing
2017-02-26,458.3,investing
2017-02-27,457.9,investing
2017-02-28,457.6,investing
2017-03-01,456.8,investing
2017-03-02,456.4,investing
2017-03-05,456.0,investing
2017-03-06,457.3,investing
2017-03-07,456.9,investing
2017-03-08,456.7,investing
2017-03-09,457.0,investing
2017-03-13,457.7,investing
2017-03-14,458.3,investing
2017-03-15,458.2,investing
2017-03-16,459.2,investing
2017-03-19,459.9,investing
2017-03-20,461.1,investing
2017-03-21,461.5,investing
2017-03-22,460.8,investing
2017-03-23,460.5,investing
2017-03-26,461.0,investing
2017-03-27,460.8,investing
2017-03-28,460.7,investing
2017-03-29,460.4,investing
2017-03-30,460.4,investing
2017-04-02,460.6,investing
2017-04-03,460.6,investing
2017-04-04,460.9,investing
2017-04-05,460.3,investing
2017-04-06,460.3,investing
2017-04-09,460.5,investing
2017-04-12,461.3,investing
2017-04-13,461.8,investing
2017-04-18,461.0,investing
2017-04-19,460.6,investing
2017-04-20,460.4,investing
2017-04-23,460.2,investing
2017-04-24,459.3,investing
2017-04-25,459.5,investing
2017-04-26,459.6,investing
2017-04-27,460.0,investing
2017-04-30,460.6,investing
2017-05-03,460.5,investing
2017-05-04,460.0,investing
2017-05-07,459.7,investing
2017-05-08,460.1,investing
2017-05-09,460.1,investing
2017-05-10,460.7,investing
2017-05-11,460.5,investing
2017-05-14,461.1,investing
2017-05-15,461.3,investing
2017-05-16,462.2,investing
2017-05-17,463.3,investing
2017-05-18,463.1,investing
2017-05-21,463.0,investing
2017-05-22,463.0,investing
2017-05-23,463.2,investing
2017-05-24,463.3,investing
2017-05-25,464.0,investing
2017-05-28,464.0,investing
2017-05-29,464.4,investing
2017-06-01,464.9,investing
2017-06-04,465.5,investing
2017-06-05,465.2,investing
2017-06-06,465.4,investing
2017-06-07,465.4,investing
2017-06-08,464.7,investing
2017-06-11,464.6,investing
2017-06-12,464.3,investing
2017-06-13,463.8,investing
2017-06-14,465.1,investing
2017-06-15,465.1,investing
2017-06-18,465.2,investing
2017-06-19,465.1,investing
2017-06-20,464.7,investing
2017-06-21,464.8,investing
2017-06-22,465.1,investing
2017-06-25,464.9,investing
2017-06-26,465.3,investing
2017-06-27,464.8,investing
2017-06-28,464.4,investing
2017-06-29,464.1,investing
2017-07-02,464.0,investing
2017-07-03,463.8,investing
2017-07-04,464.0,investing
2017-07-05,464.4,investing
2017-07-06,463.9,investing
2017-07-09,464.0,investing
2017-07-10,464.5,investing
2017-07-11,464.6,investing
2017-07-12,465.3,investing
2017-07-13,465.1,investing
2017-07-16,466.9,investing
2017-07-17,467.6,investing
2017-07-18,468.6,investing
2017-07-19,468.3,investing
2017-07-20,468.1,investing
2017-07-23,468.7,investing
2017-07-24,468.7,investing
2017-07-25,468.2,investing
2017-07-26,468.3,investing
2017-07-27,468.7,investing
2017-07-30,469.4,investing
2017-07-31,469.8,investing
2017-08-02,470.4,investing
2017-08-03,470.5,investing
2017-08-06,470.3,investing
2017-08-07,470.1,investing
2017-08-08,469.9,investing
2017-08-09,470.1,investing
2017-08-10,470.0,investing
2017-08-13,470.4,investing
2017-08-14,469.8,investing
2017-08-15,469.3,investing
2017-08-16,470.6,investing
2017-08-17,471.2,investing
2017-08-20,472.0,investing
2017-08-21,472.4,investing
2017-08-22,472.5,investing
2017-08-23,473.4,investing
2017-08-24,473.9,investing
2017-08-27,474.4,investing
2017-08-28,474.0,investing
2017-08-29,474.5,investing
2017-08-30,473.5,investing
2017-08-31,472.7,investing
2017-09-03,473.1,investing
2017-09-04,472.6,investing
2017-09-05,472.9,investing
2017-09-06,473.1,investing
2017-09-07,473.2,investing
2017-09-10,473.4,investing
2017-09-11,473.1,investing
2017-09-12,472.6,investing
2017-09-13,472.5,investing
2017-09-14,473.0,investing
2017-09-17,473.9,investing
2017-09-18,473.5,investing
2017-09-19,473.2,investing
2017-09-24,472.9,investing
2017-09-25,472.9,investing
2017-09-26,473.0,investing
2017-09-27,472.2,investing
2017-09-28,472.2,investing
2017-10-01,472.3,investing
2017-10-02,472.7,investing
2017-10-03,472.5,investing
2017-10-08,472.6,investing
2017-10-09,472.7,investing
2017-10-10,472.6,investing
2017-10-15,473.3,investing
2017-10-16,473.3,investing
2017-10-17,472.9,investing
2017-10-18,472.6,investing
2017-10-19,472.9,investing
2017-10-22,472.2,investing
2017-10-23,472.4,investing
2017-10-24,472.2,investing
2017-10-25,471.7,investing
2017-10-26,471.6,investing
2017-10-29,472.0,investing
2017-10-30,472.6,investing
2017-10-31,473.2,investing
2017-11-01,473.1,investing
2017-11-02,473.3,investing
2017-11-05,473.9,investing
2017-11-06,474.3,investing
2017-11-07,474.6,investing
2017-11-08,474.8,investing
2017-11-09,474.4,investing
2017-11-12,473.8,investing
2017-11-13,474.0,investing
2017-11-14,473.8,investing
2017-11-15,474.2,investing
2017-11-16,473.6,investing
2017-11-19,473.7,investing
2017-11-20,473.7,investing
2017-11-21,473.7,investing
2017-11-22,473.3,investing
2017-11-23,473.8,investing
2017-11-26,473.5,investing
2017-11-27,473.3,investing
2017-11-28,473.7,investing
2017-11-29,473.3,investing
2017-11-30,473.5,investing
2017-12-03,472.9,investing
2017-12-04,473.3,investing
2017-12-05,473.6,investing
2017-12-06,473.7,investing
2017-12-07,473.6,investing
2017-12-10,473.6,investing
2017-12-11,473.8,investing
2017-12-12,473.5,investing
2017-12-13,473.7,investing
2017-12-14,474.3,investing
2017-12-17,475.4,investing
2017-12-18,475.6,investing
2017-12-19,475.1,investing
2017-12-20,474.7,investing
2017-12-21,474.7,investing
2017-12-24,474.9,investing
2017-12-25,475.2,investing
2017-12-26,475.4,investing
2017-12-27,475.7,investing
2017-12-28,475.9,investing
2017-12-31,476.3,investing
2018-01-01,476.3,investing
2018-01-02,475.6,investing
2018-01-03,475.8,investing
2018-01-04,475.6,investing
2018-01-07,476.0,investing
2018-01-08,476.8,investing
2018-01-09,476.2,investing
2018-01-10,475.8,investing
2018-01-11,476.2,investing
2018-01-14,476.8,investing
2018-01-15,477.2,investing
2018-01-16,477.4,investing
2018-01-17,477.5,investing
2018-01-18,477.6,investing
2018-01-21,476.8,investing
2018-01-22,477.2,investing
2018-01-23,477.2,investing
2018-01-24,476.8,investing
2018-01-25,476.9,investing
2018-01-28,476.7,investing
2018-01-29,476.1,investing
2018-01-30,476.2,investing
2018-01-31,476.1,investing
2018-02-01,475.4,investing
2018-02-04,474.2,investing
2018-02-05,474.1,investing
2018-02-06,474.0,investing
2018-02-07,473.5,investing
2018-02-08,472.6,investing
2018-02-11,471.6,investing
2018-02-12,471.4,investing
2018-02-13,471.0,investing
2018-02-14,470.6,investing
2018-02-15,471.0,investing
2018-02-18,472.8,investing
2018-02-19,472.2,investing
2018-02-20,472.1,investing
2018-02-21,472.4,investing
2018-02-22,472.3,investing
2018-02-25,472.9,investing
2018-02-26,473.5,investing
2018-02-27,473.9,investing
2018-02-28,474.4,investing
2018-03-04,474.8,investing
2018-03-05,475.3,investing
2018-03-06,475.1,investing
2018-03-07,475.0,investing
2018-03-08,474.9,investing
2018-03-11,474.7,investing
2018-03-12,474.8,investing
2018-03-13,475.0,investing
2018-03-14,475.4,investing
2018-03-15,475.3,investing
2018-03-18,475.4,investing
2018-03-19,475.6,investing
2018-03-20,475.6,investing
2018-03-21,475.5,investing
2018-03-22,476.8,investing
2018-03-25,476.7,investing
2018-03-26,476.8,investing
2018-03-27,476.8,investing
2018-03-28,477.1,investing
2018-03-29,477.2,investing
2018-04-01,477.4,investing
2018-04-03,476.8,investing
2018-04-04,476.6,investing
2018-04-08,476.8,investing
2018-04-09,476.2,investing
2018-04-10,475.6,investing
2018-04-11,475.5,investing
2018-04-12,475.3,investing
2018-04-15,475.4,investing
2018-04-16,475.3,investing
2018-04-17,474.9,investing
2018-04-22,473.4,investing
2018-04-23,472.7,investing
2018-04-24,472.5,investing
2018-04-25,472.4,investing
2018-04-26,473.5,investing
2018-04-29,473.4,investing
2018-04-30,473.2,investing
2018-05-01,473.0,investing
2018-05-02,473.2,investing
2018-05-03,473.4,investing
2018-05-06,473.3,investing
2018-05-07,473.4,investing
2018-05-08,472.9,investing
2018-05-09,472.2,investing
2018-05-10,472.7,investing
2018-05-13,472.6,investing
2018-05-14,472.0,investing
2018-05-15,471.4,investing
2018-05-16,471.3,investing
2018-05-17,471.3,investing
2018-05-21,471.3,investing
2018-05-22,471.5,investing
2018-05-23,472.1,investing
2018-05-24,472.7,investing
2018-05-27,474.0,investing
2018-05-28,474.2,investing
2018-05-29,474.7,investing
2018-05-30,474.7,investing
2018-05-31,474.7,investing
2018-06-03,474.1,investing
2018-06-04,473.8,investing
2018-06-05,473.9,investing
2018-06-06,473.5,investing
2018-06-07,473.2,investing
2018-06-10,473.3,investing
2018-06-11,472.4,investing
2018-06-12,472.0,investing
2018-06-13,472.5,investing
2018-06-14,472.4,investing
2018-06-17,472.0,investing
2018-06-18,470.7,investing
2018-06-19,470.5,investing
2018-06-20,470.7,investing
2018-06-21,470.7,investing
2018-06-24,470.4,investing
2018-06-25,470.3,investing
2018-06-26,470.3,investing
2018-06-27,470.7,investing
2018-06-28,471.0,investing
2018-07-01,470.6,investing
2018-07-02,468.6,investing
2018-07-03,468.7,investing
2018-07-04,468.3,investing
2018-07-05,468.7,investing
2018-07-08,468.6,investing
2018-07-09,470.1,investing
2018-07-10,471.5,investing
2018-07-11,471.8,investing
2018-07-12,471.9,investing
2018-07-15,472.1,investing
2018-07-16,471.4,investing
2018-07-17,471.8,investing
2018-07-18,471.8,investing
2018-07-19,471.1,investing
2018-07-23,470.3,investing
2018-07-24,470.2,investing
2018-07-25,470.7,investing
2018-07-26,471.0,investing
2018-07-29,470.9,investing
2018-07-30,470.8,investing
2018-07-31,470.6,investing
2018-08-01,470.6,investing
2018-08-02,470.4,investing
2018-08-05,471.5,investing
2018-08-06,471.6,investing
2018-08-07,472.0,investing
2018-08-08,472.7,investing
2018-08-09,472.5,investing
2018-08-12,472.7,investing
2018-08-13,471.6,investing
2018-08-14,470.7,investing
2018-08-15,470.8,investing
2018-08-16,471.4,investing
2018-08-19,472.2,investing
2018-08-20,472.5,investing
2018-08-21,472.2,investing
2018-08-22,472.8,investing
2018-08-23,472.9,investing
2018-08-26,473.0,investing
2018-08-27,473.0,investing
2018-08-28,472.9,investing
2018-08-29,472.5,investing
2018-08-30,472.0,investing
2018-09-02,472.1,investing
2018-09-03,472.0,investing
2018-09-04,470.9,investing
2018-09-05,470.4,investing
2018-09-06,470.6,investing
2018-09-12,470.1,investing
2018-09-13,470.7,investing
2018-09-16,471.6,investing
2018-09-17,472.4,investing
2018-09-20,471.7,investing
2018-09-25,471.2,investing
2018-09-26,471.6,investing
2018-09-27,471.8,investing
2018-10-02,471.8,investing
2018-10-03,471.5,investing
2018-10-04,470.4,investing
2018-10-07,469.9,investing
2018-10-08,471.0,investing
2018-10-09,470.7,investing
2018-10-10,470.1,investing
2018-10-11,470.2,investing
2018-10-14,469.9,investing
2018-10-15,470.3,investing
2018-10-16,470.0,investing
2018-10-17,470.4,investing
2018-10-18,470.2,investing
2018-10-21,470.0,investing
2018-10-22,470.0,investing
2018-10-23,471.0,investing
2018-10-24,470.9,investing
2018-10-25,470.3,investing
2018-10-28,470.4,investing
2018-10-29,469.9,investing
2018-10-31,469.3,investing
2018-11-01,469.5,investing
2018-11-04,468.8,investing
2018-11-05,469.4,investing
2018-11-06,468.8,investing
2018-11-07,468.7,investing
2018-11-08,468.4,investing
2018-11-11,468.2,investing
2018-11-12,468.2,investing
2018-11-13,468.5,investing
2018-11-14,468.9,investing
2018-11-15,469.7,investing
2018-11-18,470.0,investing
2018-11-19,470.3,investing
2018-11-20,470.7,investing
2018-11-21,470.4,investing
2018-11-22,470.4,investing
2018-11-25,470.8,investing
2018-11-26,469.3,investing
2018-11-27,467.9,investing
2018-11-28,467.8,investing
2018-11-29,468.5,investing
2018-12-02,468.4,investing
2018-12-03,467.9,investing
2018-12-04,467.9,investing
2018-12-05,468.1,investing
2018-12-06,468.6,investing
2018-12-09,468.7,investing
2018-12-10,469.0,investing
2018-12-11,468.7,investing
2018-12-12,467.8,investing
2018-12-13,467.3,investing
2018-12-16,466.9,investing
2018-12-17,467.6,investing
2018-12-18,468.0,investing
2018-12-19,467.9,investing
2018-12-20,469.0,investing
2018-12-23,468.6,investing
2018-12-24,469.1,investing
2018-12-25,468.9,investing
2018-12-26,469.3,investing
2018-12-27,469.3,investing
2018-12-30,470.0,investing
2018-12-31,469.7,investing
2019-01-01,470.2,investing
2019-01-02,470.5,investing
2019-01-03,471.4,investing
2019-01-06,470.8,investing
2019-01-07,471.7,investing
2019-01-08,472.3,investing
2019-01-09,471.8,investing
2019-01-10,472.6,investing
2019-01-13,472.9,investing
2019-01-14,473.3,investing
2019-01-15,473.6,investing
2019-01-16,474.2,investing
2019-01-17,474.6,investing
2019-01-20,474.0,investing
2019-01-21,473.1,investing
2019-01-22,473.4,investing
2019-01-23,473.6,investing
2019-01-24,474.4,investing
2019-01-27,474.7,investing
2019-01-28,474.6,investing
2019-01-29,475.0,investing
2019-01-30,475.1,investing
2019-01-31,476.5,investing
2019-02-03,476.1,investing
2019-02-04,475.4,investing
2019-02-05,476.0,investing
2019-02-06,476.6,investing
2019-02-07,477.1,investing
2019-02-10,477.3,investing
2019-02-11,477.0,investing
2019-02-12,476.6,investing
2019-02-13,476.9,investing
2019-02-14,478.1,investing
2019-02-17,477.3,investing
2019-02-18,478.0,investing
2019-02-19,478.2,investing
2019-02-20,478.5,investing
2019-02-21,477.7,investing
2019-02-24,478.2,investing
2019-02-25,478.5,investing
2019-02-26,479.0,investing
2019-02-27,478.8,investing
2019-02-28,478.9,investing
2019-03-03,477.6,investing
2019-03-04,477.6,investing
2019-03-05,477.3,investing
2019-03-06,477.6,investing
2019-03-07,478.8,investing
2019-03-10,478.3,investing
2019-03-11,477.7,investing
2019-03-12,478.2,investing
2019-03-13,478.8,investing
2019-03-14,478.9,investing
2019-03-17,478.5,investing
2019-03-18,478.3,investing
2019-03-19,478.3,investing
2019-03-20,478.7,investing
2019-03-24,481.1,investing
2019-03-25,481.1,investing
2019-03-26,481.5,investing
2019-03-27,482.9,investing
2019-03-28,482.8,investing
2019-04-01,480.5,investing
2019-04-02,479.7,investing
2019-04-03,479.1,investing
2019-04-04,478.9,investing
2019-04-07,472.3,investing
2019-04-08,479.0,investing
2019-04-10,480.0,investing
2019-04-11,481.3,investing
2019-04-14,480.3,investing
2019-04-15,481.0,investing
2019-04-16,481.4,investing
2019-04-17,482.2,investing
2019-04-18,482.8,investing
2019-04-21,483.1,investing
2019-04-22,483.1,investing
2019-04-23,483.0,investing
2019-04-24,483.4,investing
2019-04-28,483.8,investing
2019-04-29,483.2,investing
2019-04-30,475.1,investing
2019-05-01,483.3,investing
2019-05-02,482.4,investing
2019-05-05,482.0,investing
2019-05-06,481.6,investing
2019-05-07,481.7,investing
2019-05-12,481.5,investing
2019-05-13,482.4,investing
2019-05-14,482.1,investing
2019-05-16,484.5,investing
2019-05-19,484.8,investing
2019-05-20,485.3,investing
2019-05-22,485.3,investing
2019-05-23,486.6,investing
2019-05-26,487.5,investing
2019-05-27,487.2,investing
2019-05-28,487.0,investing
2019-05-29,487.4,investing
2019-05-30,486.3,investing
2019-06-02,489.1,investing
2019-06-03,489.5,investing
2019-06-04,489.3,investing
2019-06-05,489.7,investing
2019-06-06,490.0,investing
2019-06-10,489.3,investing
2019-06-11,489.0,investing
2019-06-12,489.6,investing
2019-06-13,489.7,investing
2019-06-16,489.9,investing
2019-06-17,489.6,investing
2019-06-18,490.3,investing
2019-06-19,490.2,investing
2019-06-20,491.8,investing
2019-06-23,491.1,investing
2019-06-24,490.4,investing
2019-06-25,490.8,investing
2019-06-26,490.4,investing
2019-06-27,490.1,investing
2019-06-30,489.7,investing
2019-07-01,489.8,investing
2019-07-02,490.3,investing
2019-07-03,492.3,investing
2019-07-04,493.2,investing
2019-07-07,492.4,investing
2019-07-08,492.6,investing
2019-07-09,492.6,investing
2019-07-10,493.0,investing
2019-07-11,493.2,investing
2019-07-14,492.6,investing
2019-07-15,493.4,investing
2019-07-16,494.0,investing
2019-07-17,494.2,investing
2019-07-18,494.0,investing
2019-07-21,494.4,investing
2019-07-22,495.0,investing
2019-07-23,495.5,investing
2019-07-24,496.5,investing
2019-07-25,496.1,investing
2019-07-28,496.6,investing
2019-07-29,497.6,investing
2019-07-30,498.1,investing
2019-07-31,499.9,investing
2019-08-01,501.1,investing
2019-08-04,504.5,investing
2019-08-05,505.3,investing
2019-08-06,504.0,investing
2019-08-07,505.9,investing
2019-08-08,504.7,investing
2019-08-12,505.3,investing
2019-08-13,505.7,investing
2019-08-14,508.8,investing
2019-08-15,510.8,investing
2019-08-18,512.2,investing
2019-08-19,510.1,investing
2019-08-20,510.0,investing
2019-08-21,507.8,investing
2019-08-22,506.6,investing
2019-08-25,509.7,investing
2019-08-26,508.5,investing
2019-08-27,508.7,investing
2019-08-28,509.8,investing
2019-08-29,508.9,investing
2019-09-01,509.5,investing
2019-09-02,509.1,investing
2019-09-03,509.1,investing
2019-09-04,508.4,investing
2019-09-05,506.0,investing
2019-09-08,505.9,investing
2019-09-09,504.5,investing
2019-09-10,504.5,investing
2019-09-11,505.1,investing
2019-09-12,506.6,investing
2019-09-15,505.2,investing
2019-09-16,505.3,investing
2019-09-18,506.8,investing
2019-09-19,506.3,investing
2019-09-22,507.4,investing
2019-09-23,508.7,investing
2019-09-24,509.4,investing
2019-09-25,510.0,investing
2019-09-26,509.9,investing
2019-10-02,512.0,investing
2019-10-03,512.3,investing
2019-10-06,512.2,investing
2019-10-07,512.5,investing
2019-10-10,511.5,investing
2019-10-15,511.1,investing
2019-10-16,510.6,investing
2019-10-17,510.5,investing
2019-10-22,511.6,investing
2019-10-23,511.8,investing
2019-10-24,512.3,investing
2019-10-27,512.0,investing
2019-10-28,511.1,investing
2019-10-29,510.5,investing
2019-10-30,510.6,investing
2019-10-31,511.9,investing
2019-11-03,512.0,investing
2019-11-04,511.2,investing
2019-11-05,510.6,investing
2019-11-06,511.4,investing
2019-11-07,510.4,investing
2019-11-10,510.0,investing
2019-11-11,510.0,investing
2019-11-12,509.2,investing
2019-11-13,509.7,investing
2019-11-14,510.0,investing
2019-11-17,510.7,investing
2019-11-18,511.8,investing
2019-11-19,511.4,investing
2019-11-20,511.3,investing
2019-11-21,511.7,investing
2019-11-24,512.4,investing
2019-11-25,512.0,investing
2019-11-26,512.9,investing
2019-11-27,513.2,investing
2019-11-28,513.9,investing
2019-12-01,513.8,investing
2019-12-02,512.9,investing
2019-12-03,514.0,investing
2019-12-04,514.0,investing
2019-12-05,513.5,investing
2019-12-08,512.9,investing
2019-12-09,513.6,investing
2019-12-10,514.2,investing
2019-12-11,515.0,investing
2019-12-12,514.9,investing
2019-12-15,516.3,investing
2019-12-16,516.6,investing
2019-12-17,516.0,investing
2019-12-18,515.3,investing
2019-12-19,515.1,investing
2019-12-22,514.7,investing
2019-12-23,515.0,investing
2019-12-24,515.2,investing
2019-12-25,515.2,investing
2019-12-26,515.0,investing
2019-12-29,515.4,investing
2019-12-30,515.1,investing
2019-12-31,515.1,investing
2020-01-01,515.4,investing
2020-01-02,516.3,investing
2020-01-05,517.4,investing
2020-01-06,517.4,investing
2020-01-07,517.3,investing
2020-01-08,517.3,investing
2020-01-09,517.1,investing
2020-01-12,517.6,investing
2020-01-13,517.5,investing
2020-01-14,517.8,investing
2020-01-15,517.6,investing
2020-01-16,517.7,investing
2020-01-19,517.5,investing
2020-01-20,517.6,investing
2020-01-21,518.0,investing
2020-01-22,518.3,investing
2020-01-23,518.1,investing
2020-01-26,518.5,investing
2020-01-27,518.7,investing
2020-01-28,518.0,investing
2020-01-29,517.7,investing
2020-01-30,517.9,investing
2020-02-02,518.4,investing
2020-02-03,517.8,investing
2020-02-04,517.9,investing
2020-02-05,518.0,investing
2020-02-06,518.8,investing
2020-02-09,519.2,investing
2020-02-10,519.6,investing
2020-02-11,520.3,investing
2020-02-12,520.8,investing
2020-02-13,521.2,investing
2020-02-16,522.4,investing
2020-02-17,522.3,investing
2020-02-18,522.0,investing
2020-02-19,522.0,investing
2020-02-20,522.2,investing
2020-02-23,523.6,investing
2020-02-24,524.8,investing
2020-02-25,525.4,investing
2020-02-26,525.2,investing
2020-02-27,526.4,investing
2020-03-01,525.6,investing
2020-03-03,529.3,investing
2020-03-04,533.0,investing
2020-03-05,531.2,investing
2020-03-08,529.7,investing
2020-03-09,526.8,investing
2020-03-11,520.4,investing
2020-03-12,515.1,investing
2020-03-15,515.6,investing
2020-03-16,513.2,investing
2020-03-17,509.4,investing
2020-03-18,502.7,investing
2020-03-19,503.5,investing
2020-03-22,500.3,investing
2020-03-23,508.4,investing
2020-03-24,511.4,investing
2020-03-25,512.4,investing
2020-03-26,512.5,investing
2020-03-29,510.5,investing
2020-03-30,508.4,investing
2020-03-31,508.7,investing
2020-04-01,508.0,investing
2020-04-02,508.6,investing
2020-04-05,509.4,investing
2020-04-06,517.4,investing
2020-04-07,517.3,investing
2020-04-12,518.8,investing
2020-04-16,522.2,investing
2020-04-19,522.2,investing
2020-04-20,521.1,investing
2020-04-21,519.9,investing
2020-04-22,519.8,investing
2020-04-23,520.0,investing
2020-04-26,520.7,investing
2020-04-27,520.9,investing
2020-04-30,519.9,investing
2020-05-03,518.6,investing
2020-05-05,517.8,investing
2020-05-06,517.3,investing
2020-05-07,518.3,investing
2020-05-10,519.7,investing
2020-05-11,520.3,investing
2020-05-12,520.6,investing
2020-05-13,521.1,investing
2020-05-14,521.6,investing
2020-05-17,521.2,investing
2020-05-18,521.0,investing
2020-05-19,521.1,investing
2020-05-20,521.7,investing
2020-05-21,521.6,investing
2020-05-24,521.7,investing
2020-05-25,521.7,investing
2020-05-26,522.0,investing
2020-05-27,521.6,investing
2020-05-31,521.8,investing
2020-06-01,521.7,investing
2020-06-02,521.3,investing
2020-06-03,521.2,investing
2020-06-04,520.8,investing
2020-06-08,519.6,investing
2020-06-09,520.4,investing
2020-06-10,521.0,investing
2020-06-11,522.3,investing
2020-06-14,522.5,investing
2020-06-15,522.8,investing
2020-06-16,523.4,investing
2020-06-17,524.4,investing
2020-06-18,525.0,investing
2020-06-21,525.2,investing
2020-06-22,525.7,investing
2020-06-23,525.8,investing
2020-06-24,526.1,investing
2020-06-25,526.4,investing
2020-06-28,526.7,investing
2020-06-29,526.1,investing
2020-06-30,526.0,investing
2020-07-01,525.5,investing
2020-07-02,525.8,investing
2020-07-05,526.4,investing
2020-07-06,526.7,investing
2020-07-07,526.7,investing
2020-07-08,525.7,investing
2020-07-09,526.2,investing
2020-07-12,526.3,investing
2020-07-13,525.6,investing
2020-07-14,526.4,investing
2020-07-15,526.5,investing
2020-07-16,526.8,investing
2020-07-19,526.0,investing
2020-07-20,526.0,investing
2020-07-21,525.9,investing
2020-07-22,525.8,investing
2020-07-23,526.0,investing
2020-07-26,526.2,investing
2020-07-27,526.1,investing
2020-07-28,526.0,investing
2020-07-29,526.2,investing
2020-08-02,526.3,investing
2020-08-03,525.7,investing
2020-08-04,526.0,investing
2020-08-05,526.3,investing
2020-08-06,526.3,investing
2020-08-09,526.0,investing
2020-08-10,526.1,investing
2020-08-11,525.7,investing
2020-08-12,525.5,investing
2020-08-13,525.9,investing
2020-08-16,525.7,investing
2020-08-17,525.6,investing
2020-08-19,525.4,investing
2020-08-23,525.9,investing
2020-08-24,526.1,investing
2020-08-25,525.5,investing
2020-08-26,525.3,investing
2020-08-27,525.9,investing
2020-08-30,526.1,investing
2020-08-31,526.2,investing
2020-09-01,526.1,investing
2020-09-02,525.7,investing
2020-09-03,525.4,investing
2020-09-06,525.0,investing
2020-09-07,524.7,investing
2020-09-08,525.2,investing
2020-09-09,524.6,investing
2020-09-10,523.7,investing
2020-09-13,523.1,investing
2020-09-14,522.8,investing
2020-09-15,523.2,investing
2020-09-16,524.3,investing
2020-09-17,525.1,investing
2020-09-21,525.7,investing
2020-09-22,524.9,investing
2020-09-23,524.0,investing
2020-09-24,523.4,investing
2020-09-29,523.8,investing
2020-09-30,523.7,investing
2020-10-01,523.2,investing
2020-10-05,522.8,investing
2020-10-06,522.3,investing
2020-10-07,522.1,investing
2020-10-08,522.3,investing
2020-10-11,522.1,investing
2020-10-12,522.0,investing
2020-10-13,522.6,investing
2020-10-14,522.9,investing
2020-10-15,523.3,investing
2020-10-18,523.7,investing
2020-10-19,523.5,investing
2020-10-20,523.5,investing
2020-10-21,523.3,investing
2020-10-22,523.0,investing
2020-10-25,523.3,investing
2020-10-26,523.2,investing
2020-10-27,522.8,investing
2020-10-28,522.6,investing
2020-10-29,521.2,investing
2020-11-01,520.6,investing
2020-11-02,520.0,investing
2020-11-03,518.9,investing
2020-11-04,519.7,investing
2020-11-05,519.8,investing
2020-11-08,519.3,investing
2020-11-09,517.9,investing
2020-11-10,519.2,investing
2020-11-11,519.5,investing
2020-11-12,520.4,investing
2020-11-15,520.5,investing
2020-11-16,520.8,investing
2020-11-17,521.0,investing
2020-11-18,521.6,investing
2020-11-19,521.8,investing
2020-11-22,521.9,investing
2020-11-23,521.7,investing
2020-11-24,521.2,investing
2020-11-25,521.1,investing
2020-11-26,521.6,investing
2020-11-29,521.6,investing
2020-11-30,521.1,investing
2020-12-01,520.7,investing
2020-12-02,519.9,investing
2020-12-03,520.3,investing
2020-12-06,519.6,investing
2020-12-07,520.1,investing
2020-12-08,519.8,investing
2020-12-09,519.2,investing
2020-12-10,518.7,investing
2020-12-14,518.8,investing
2020-12-15,519.0,investing
2020-12-16,518.7,investing
2020-12-17,519.8,investing
2020-12-20,520.2,investing
2020-12-21,520.8,investing
2020-12-22,521.9,investing
2020-12-23,521.6,investing
2020-12-24,522.1,investing
2020-12-27,522.3,investing
2020-12-28,521.6,investing
2020-12-29,522.0,investing
2020-12-30,522.5,investing
2020-12-31,522.7,investing
2021-01-03,521.9,investing
2021-01-04,522.5,investing
2021-01-05,522.5,investing
2021-01-06,521.6,investing
2021-01-07,520.6,investing
2021-01-11,518.9,investing
2021-01-12,519.4,investing
2021-01-13,520.5,investing
2021-01-14,521.5,investing
2021-01-17,521.8,investing
2021-01-18,521.9,investing
2021-01-19,522.1,investing
2021-01-20,522.3,investing
2021-01-21,520.6,investing
2021-01-25,522.1,investing
2021-01-26,522.0,investing
2021-01-27,522.7,investing
2021-01-28,522.3,investing
2021-01-31,521.8,investing
2021-02-01,521.3,investing
2021-02-02,520.3,investing
2021-02-03,520.0,investing
2021-02-04,520.0,investing
2021-02-07,519.3,investing
2021-02-08,519.0,investing
2021-02-09,520.0,investing
2021-02-10,520.2,investing
2021-02-11,520.4,investing
2021-02-14,519.2,investing
2021-02-15,517.8,investing
2021-02-16,516.5,investing
2021-02-17,516.8,investing
2021-02-18,515.9,investing
2021-02-21,514.9,investing
2021-02-22,514.5,investing
2021-02-23,514.1,investing
2021-02-24,513.0,investing
2021-02-25,512.1,investing
2021-02-28,513.0,investing
2021-03-01,514.3,investing
2021-03-02,514.6,investing
2021-03-03,513.5,investing
2021-03-04,513.5,investing
2021-03-07,512.3,investing
2021-03-08,512.9,investing
2021-03-09,513.5,investing
2021-03-10,513.9,investing
2021-03-11,513.7,investing
2021-03-14,512.2,investing
2021-03-15,512.1,investing
2021-03-16,512.1,investing
2021-03-17,511.6,investing
2021-03-18,510.9,investing
2021-03-22,512.7,investing
2021-03-24,513.7,investing
2021-03-25,515.3,investing
2021-03-29,515.5,investing
2021-03-30,513.7,investing
2021-03-31,514.1,investing
2021-04-01,514.3,investing
2021-04-05,513.8,investing
2021-04-06,514.5,investing
2021-04-07,514.4,investing
2021-04-08,514.7,investing
2021-04-11,514.9,investing
2021-04-12,514.6,investing
2021-04-13,514.4,investing
2021-04-18,515.4,investing
2021-04-19,515.3,investing
2021-04-20,515.6,investing
2021-04-21,515.9,investing
2021-04-22,516.3,investing
2021-04-25,516.4,investing
2021-04-26,516.3,investing
2021-04-27,515.5,investing
2021-04-28,514.3,investing
2021-04-29,513.2,investing
2021-05-02,513.2,investing
2021-05-03,513.8,investing
2021-05-04,514.3,investing
2021-05-05,513.1,investing
2021-05-06,511.2,investing
2021-05-09,510.9,investing
2021-05-10,510.3,investing
2021-05-11,507.9,investing
2021-05-12,508.6,investing
2021-05-13,508.8,investing
2021-05-18,510.4,investing
2021-05-19,510.5,investing
2021-05-20,510.9,investing
2021-05-23,511.0,investing
2021-05-24,511.5,investing
2021-05-25,511.8,investing
2021-05-26,512.0,investing
2021-05-27,511.4,investing
2021-05-30,511.3,investing
2021-05-31,511.7,investing
2021-06-01,510.3,investing
2021-06-02,510.5,investing
2021-06-03,511.2,investing
2021-06-06,511.5,investing
2021-06-07,509.6,investing
2021-06-08,509.0,investing
2021-06-09,509.8,investing
2021-06-10,509.5,investing
2021-06-13,510.2,investing
2021-06-14,510.4,investing
2021-06-15,510.1,investing
2021-06-16,511.6,investing
2021-06-17,511.4,investing
2021-06-20,512.6,investing
2021-06-21,512.1,investing
2021-06-22,512.2,investing
2021-06-23,512.8,investing
2021-06-24,513.4,investing
2021-06-27,513.1,investing
2021-06-28,513.4,investing
2021-06-29,513.4,investing
2021-06-30,513.8,investing
2021-07-01,514.4,investing
2021-07-04,514.9,investing
2021-07-05,514.7,investing
2021-07-06,515.5,investing
2021-07-07,515.8,investing
2021-07-08,516.5,investing
2021-07-11,515.8,investing
2021-07-12,515.4,investing
2021-07-13,515.1,investing
2021-07-14,514.9,investing
2021-07-15,515.5,investing
2021-07-19,516.6,investing
2021-07-20,516.8,investing
2021-07-21,516.1,investing
2021-07-22,516.8,investing
2021-07-25,517.2,investing
2021-07-26,517.2,investing
2021-07-27,517.4,investing
2021-07-28,517.9,investing
2021-07-29,517.8,investing
2021-08-01,518.3,investing
2021-08-02,518.6,investing
2021-08-03,519.1,investing
2021-08-04,519.4,investing
2021-08-05,519.6,investing
2021-08-08,518.5,investing
2021-08-09,518.6,investing
2021-08-10,517.7,investing
2021-08-11,517.0,investing
2021-08-12,516.9,investing
2021-08-15,517.5,investing
2021-08-16,517.5,investing
2021-08-17,517.5,investing
2021-08-18,517.5,investing
2021-08-19,517.9,investing
2021-08-22,518.3,investing
2021-08-23,517.9,investing
2021-08-24,517.7,investing
2021-08-25,517.2,investing
2021-08-26,517.9,investing
2021-08-29,518.8,investing
2021-08-30,519.3,investing
2021-08-31,519.1,investing
2021-09-01,518.2,investing
2021-09-02,517.3,investing
2021-09-05,516.7,investing
2021-09-09,516.3,investing
2021-09-12,516.0,investing
2021-09-13,516.2,investing
2021-09-14,516.6,investing
2021-09-19,515.6,investing
2021-09-22,515.6,investing
2021-09-23,515.9,investing
2021-09-26,514.6,investing
2021-09-29,514.1,investing
2021-09-30,512.8,investing
2021-10-03,513.0,investing
2021-10-04,511.3,investing
2021-10-05,511.2,investing
2021-10-06,511.5,investing
2021-10-07,511.5,investing
2021-10-10,510.4,investing
2021-10-11,511.4,investing
2021-10-12,512.7,investing
2021-10-13,513.9,investing
2021-10-14,514.9,investing
2021-10-17,514.2,investing
2021-10-18,513.0,investing
2021-10-19,512.6,investing
2021-10-20,512.9,investing
2021-10-21,511.8,investing
2021-10-24,511.5,investing
2021-10-25,510.5,investing
2021-10-26,510.2,investing
2021-10-27,510.5,investing
2021-10-28,511.0,investing
2021-10-31,511.1,investing
2021-11-01,510.0,investing
2021-11-02,510.9,investing
2021-11-03,510.1,investing
2021-11-04,511.6,investing
2021-11-07,512.7,investing
2021-11-08,512.4,investing
2021-11-09,513.2,investing
2021-11-10,512.2,investing
2021-11-11,511.5,investing
2021-11-14,511.9,investing
2021-11-15,512.4,investing
2021-11-16,514.1,investing
2021-11-17,515.1,investing
2021-11-18,516.5,investing
2021-11-21,517.3,investing
2021-11-22,517.5,investing
2021-11-23,516.8,investing
2021-11-24,516.8,investing
2021-11-25,518.9,investing
2021-11-28,520.5,investing
2021-11-29,520.4,investing
2021-11-30,521.4,investing
2021-12-01,520.0,investing
2021-12-02,520.8,investing
2021-12-05,521.7,investing
2021-12-06,522.1,investing
2021-12-07,521.0,investing
2021-12-08,519.8,investing
2021-12-09,520.8,investing
2021-12-12,520.3,investing
2021-12-13,520.5,investing
2021-12-14,519.6,investing
2021-12-15,518.7,investing
2021-12-16,519.5,investing
2021-12-19,519.7,investing
2021-12-20,520.0,investing
2021-12-21,518.6,investing
2021-12-22,518.2,investing
2021-12-23,517.6,investing
2021-12-26,517.7,investing
2021-12-27,518.0,investing
2021-12-28,518.6,investing
2021-12-29,517.8,investing
2021-12-30,517.6,investing
2022-01-02,518.4,investing
2022-01-03,517.9,investing
2022-01-04,517.8,investing
2022-01-05,517.8,investing
2022-01-06,516.4,investing
2022-01-09,515.3,investing
2022-01-10,514.4,investing
2022-01-11,513.9,investing
2022-01-12,513.7,investing
2022-01-13,514.0,investing
2022-01-16,512.1,investing
2022-01-17,510.5,investing
2022-01-18,510.1,investing
2022-01-19,510.1,investing
2022-01-20,511.1,investing
2022-01-23,510.6,investing
2022-01-24,509.6,investing
2022-01-25,509.0,investing
2022-01-26,508.8,investing
2022-01-27,508.7,investing
2022-01-30,509.3,investing
2022-01-31,507.6,investing
2022-02-01,506.8,investing
2022-02-02,506.3,investing
2022-02-03,504.6,investing
2022-02-06,502.6,investing
2022-02-07,503.4,investing
2022-02-08,504.4,investing
2022-02-09,505.1,investing
2022-02-10,504.3,investing
2022-02-13,504.0,investing
2022-02-14,503.4,investing
2022-02-15,503.6,investing
2022-02-16,503.4,investing
2022-02-17,504.9,investing
2022-02-20,505.1,investing
2022-02-21,503.8,investing
2022-02-22,501.6,investing
2022-02-23,498.9,investing
2022-02-24,498.5,investing
2022-02-27,497.7,investing
2022-02-28,497.9,investing
2022-03-01,499.6,investing
2022-03-02,499.2,investing
2022-03-03,498.1,investing
2022-03-06,498.4,investing
2022-03-07,497.0,investing
2022-03-08,496.3,investing
2022-03-09,496.9,investing
2022-03-10,496.3,investing
2022-03-13,494.6,investing
2022-03-14,493.6,investing
2022-03-15,494.4,investing
2022-03-16,492.7,investing
2022-03-20,493.5,investing
2022-03-21,491.3,investing
2022-03-22,489.0,investing
2022-03-23,489.6,investing
2022-03-24,488.1,investing
2022-03-27,485.3,investing
2022-03-28,486.4,investing
2022-03-29,487.8,investing
2022-03-30,490.0,investing
2022-03-31,491.8,investing
2022-04-03,491.1,investing
2022-04-04,492.4,investing
2022-04-05,491.7,investing
2022-04-06,490.6,investing
2022-04-07,490.1,investing
2022-04-10,488.7,investing
2022-04-11,487.4,investing
2022-04-12,486.4,investing
2022-04-13,487.1,investing
2022-04-14,487.4,investing
2022-04-17,487.5,investing
2022-04-18,487.6,investing
2022-04-19,487.2,investing
2022-04-20,487.7,investing
2022-04-24,486.8,investing
2022-04-25,487.8,investing
2022-04-26,488.2,investing
2022-04-27,488.1,investing
2022-04-28,488.8,investing
2022-05-01,487.9,investing
2022-05-02,487.0,investing
2022-05-03,487.6,investing
2022-05-08,485.1,investing
2022-05-09,482.9,investing
2022-05-10,483.2,investing
2022-05-11,483.5,investing
2022-05-12,483.6,investing
2022-05-15,483.1,investing
2022-05-16,483.1,investing
2022-05-17,482.9,investing
2022-05-18,483.2,investing
2022-05-19,484.5,investing
2022-05-22,484.4,investing
2022-05-23,482.1,investing
2022-05-24,482.0,investing
2022-05-25,482.6,investing
2022-05-26,483.2,investing
2022-05-29,483.8,investing
2022-05-30,482.8,investing
2022-05-31,481.2,investing
2022-06-01,479.6,investing
2022-06-02,478.4,investing
2022-06-06,476.0,investing
2022-06-07,474.6,investing
2022-06-08,472.7,investing
2022-06-09,472.7,investing
2022-06-12,469.9,investing
2022-06-13,467.4,investing
2022-06-14,466.2,investing
2022-06-15,466.7,investing
2022-06-16,466.4,investing
2022-06-19,469.2,investing
2022-06-20,470.8,investing
2022-06-21,471.2,investing
2022-06-22,474.6,investing
2022-06-23,478.1,investing
2022-06-26,477.4,investing
2022-06-27,477.3,investing
2022-06-28,476.5,investing
2022-06-29,478.3,investing
2022-06-30,480.2,investing
2022-07-03,482.5,investing
2022-07-04,481.5,investing
2022-07-05,482.8,investing
2022-07-06,482.3,investing
2022-07-07,481.4,investing
2022-07-10,478.8,investing
2022-07-11,480.3,investing
2022-07-12,482.2,investing
2022-07-13,481.6,investing
2022-07-14,481.9,investing
2022-07-17,483.0,investing
2022-07-18,482.5,investing
2022-07-19,482.8,investing
2022-07-20,483.0,investing
2022-07-21,484.0,investing
2022-07-24,485.8,investing
2022-07-25,484.7,investing
2022-07-26,484.9,investing
2022-07-27,485.2,investing
2022-07-28,486.8,investing
2022-07-31,487.4,investing
2022-08-01,487.9,investing
2022-08-02,486.8,investing
2022-08-03,484.2,investing
2022-08-04,485.5,investing
2022-08-08,485.8,investing
2022-08-09,485.4,investing
2022-08-10,486.9,investing
2022-08-11,487.8,investing
2022-08-14,488.0,investing
2022-08-15,489.0,investing
2022-08-16,484.8,investing
2022-08-17,482.9,investing
2022-08-18,484.5,investing
2022-08-21,482.1,investing
2022-08-22,481.6,investing
2022-08-23,480.3,investing
2022-08-24,478.5,investing
2022-08-25,478.5,investing
2022-08-28,478.4,investing
2022-08-29,477.6,investing
2022-08-30,477.2,investing
2022-08-31,476.3,investing
2022-09-01,475.0,investing
2022-09-04,476.0,investing
2022-09-05,475.2,investing
2022-09-06,472.9,investing
2022-09-07,473.8,investing
2022-09-08,474.0,investing
2022-09-11,473.1,investing
2022-09-12,474.1,investing
2022-09-13,472.6,investing
2022-09-14,471.8,investing
2022-09-15,471.4,investing
2022-09-18,473.2,investing
2022-09-19,472.6,investing
2022-09-20,471.3,investing
2022-09-21,471.8,investing
2022-09-22,471.1,investing
2022-09-28,468.3,investing
2022-09-29,466.9,investing
2022-10-02,466.6,investing
2022-10-03,469.0,investing
2022-10-06,469.2,investing
2022-10-11,467.8,investing
2022-10-12,467.7,investing
2022-10-13,467.9,investing
2022-10-18,466.9,investing
2022-10-19,466.3,investing
2022-10-20,466.2,investing
2022-10-23,466.8,investing
2022-10-24,467.4,investing
2022-10-25,468.7,investing
2022-10-26,471.0,investing
2022-10-27,471.7,investing
2022-10-30,470.7,investing
2022-10-31,470.3,investing
2022-11-02,470.8,investing
2022-11-03,469.7,investing
2022-11-06,468.8,investing
2022-11-07,468.9,investing
2022-11-08,470.0,investing
2022-11-09,470.1,investing
2022-11-10,473.4,investing
2022-11-13,473.9,investing
2022-11-14,472.5,investing
2022-11-15,473.4,investing
2022-11-16,473.5,investing
2022-11-17,472.6,investing
2022-11-20,471.9,investing
2022-11-21,473.3,investing
2022-11-22,474.0,investing
2022-11-23,473.7,investing
2022-11-24,473.7,investing
2022-11-27,473.1,investing
2022-11-28,472.3,investing
2022-11-29,471.6,investing
2022-11-30,470.9,investing
2022-12-01,471.9,investing
2022-12-04,471.7,investing
2022-12-05,471.5,investing
2022-12-06,471.5,investing
2022-12-07,471.7,investing
2022-12-08,471.6,investing
2022-12-11,470.6,investing
2022-12-12,470.8,investing
2022-12-13,472.0,investing
2022-12-14,472.2,investing
2022-12-15,472.4,investing
2022-12-18,472.0,investing
2022-12-19,471.6,investing
2022-12-20,470.6,investing
2022-12-21,469.5,investing
2022-12-22,468.8,investing
2022-12-25,467.5,investing
2022-12-26,466.8,investing
2022-12-27,465.9,investing
2022-12-28,465.3,investing
2022-12-29,465.8,investing
2023-01-01,466.0,investing
2023-01-02,466.0,investing
2023-01-03,466.6,investing
2023-01-04,467.3,investing
2023-01-05,467.9,investing
2023-01-08,470.0,investing
2023-01-09,471.7,investing
2023-01-10,471.4,investing
2023-01-11,472.9,investing
2023-01-12,474.6,investing
2023-01-15,474.3,investing
2023-01-16,475.6,investing
2023-01-17,474.8,investing
2023-01-18,477.0,investing
2023-01-19,476.7,investing
2023-01-22,475.5,investing
2023-01-23,474.1,investing
2023-01-24,473.8,investing
2023-01-25,473.0,investing
2023-01-26,471.0,investing
2023-01-29,469.9,investing
2023-01-30,470.6,investing
2023-01-31,472.3,investing
2023-02-01,473.8,investing
2023-02-02,475.8,investing
2023-02-05,473.9,investing
2023-02-06,473.5,investing
2023-02-07,473.4,investing
2023-02-08,472.6,investing
2023-02-09,472.5,investing
2023-02-12,469.7,investing
2023-02-13,469.6,investing
2023-02-14,469.6,investing
2023-02-15,468.4,investing
2023-02-16,466.2,investing
2023-02-19,465.5,investing
2023-02-20,465.4,investing
2023-02-21,462.3,investing
2023-02-22,461.4,investing
2023-02-23,461.9,investing
2023-02-26,457.8,investing
2023-02-27,456.3,investing
2023-02-28,455.6,investing
2023-03-01,456.6,investing
2023-03-02,454.1,investing
2023-03-05,454.9,investing
2023-03-06,457.2,investing
2023-03-08,458.1,investing
2023-03-09,458.2,investing
2023-03-12,460.3,investing
2023-03-13,463.1,investing
2023-03-14,462.6,investing
2023-03-15,466.3,investing
2023-03-16,463.6,investing
2023-03-19,463.7,investing
2023-03-20,462.8,investing
2023-03-21,459.7,investing
2023-03-22,457.6,investing
2023-03-23,460.6,investing
2023-03-26,459.1,investing
2023-03-27,462.2,investing
2023-03-28,463.6,investing
2023-03-29,463.6,investing
2023-03-30,463.8,investing
2023-04-02,463.9,investing
2023-04-03,464.4,investing
2023-04-04,464.4,investing
2023-04-09,464.4,investing
2023-04-10,464.3,investing
2023-04-13,462.9,investing
2023-04-16,461.2,investing
2023-04-17,459.9,investing
2023-04-18,460.7,investing
2023-04-19,460.3,investing
2023-04-20,460.5,investing
2023-04-23,459.6,investing
2023-04-24,459.8,investing
2023-04-27,460.6,investing
2023-04-30,461.7,investing
2023-05-01,461.9,investing
2023-05-02,463.2,investing
2023-05-03,464.9,investing
2023-05-04,465.9,investing
2023-05-07,465.0,investing
2023-05-08,465.0,investing
2023-05-09,465.4,investing
2023-05-10,466.8,investing
2023-05-11,468.8,investing
2023-05-14,467.9,investing
2023-05-15,467.6,investing
2023-05-16,465.5,investing
2023-05-17,464.6,investing
2023-05-18,462.6,investing
2023-05-21,461.6,investing
2023-05-22,462.6,investing
2023-05-23,461.9,investing
2023-05-24,462.0,investing
2023-05-28,461.3,investing
2023-05-29,461.1,investing
2023-05-30,462.6,investing
2023-05-31,465.0,investing
2023-06-01,465.1,investing
2023-06-04,463.1,investing
2023-06-05,464.5,investing
2023-06-06,463.7,investing
2023-06-07,464.6,investing
2023-06-08,463.9,investing
2023-06-11,464.6,investing
2023-06-12,465.9,investing
2023-06-13,466.8,investing
2023-06-14,466.0,investing
2023-06-15,466.5,investing
2023-06-18,469.3,investing
2023-06-19,468.0,investing
2023-06-20,468.6,investing
2023-06-21,468.9,investing
2023-06-22,468.6,investing
2023-06-25,468.7,investing
2023-06-26,469.7,investing
2023-06-27,468.7,investing
2023-06-28,469.1,investing
2023-06-29,467.3,investing
2023-07-02,466.7,investing
2023-07-03,467.7,investing
2023-07-04,467.0,investing
2023-07-05,467.2,investing
2023-07-06,465.6,investing
2023-07-09,464.6,investing
2023-07-10,464.9,investing
2023-07-11,465.7,investing
2023-07-12,467.4,investing
2023-07-13,468.5,investing
2023-07-16,471.7,investing
2023-07-17,471.1,investing
2023-07-18,471.6,investing
2023-07-19,472.4,investing
2023-07-20,472.2,investing
2023-07-23,471.4,investing
2023-07-24,468.4,investing
2023-07-25,465.7,investing
2023-07-26,467.0,investing
2023-07-30,467.2,investing
2023-07-31,467.6,investing
2023-08-01,467.0,investing
2023-08-02,466.4,investing
2023-08-03,465.7,investing
2023-08-06,467.4,investing
2023-08-07,466.3,investing
2023-08-08,467.2,investing
2023-08-09,467.0,investing
2023-08-10,466.4,investing
2023-08-13,465.3,investing
2023-08-14,465.2,investing
2023-08-15,465.5,investing
2023-08-16,466.1,investing
2023-08-17,465.6,investing
2023-08-20,465.6,investing
2023-08-21,464.5,investing
2023-08-22,464.3,investing
2023-08-23,466.2,investing
2023-08-24,466.6,investing
2023-08-27,466.4,investing
2023-08-28,466.3,investing
2023-08-29,467.4,investing
2023-08-30,468.7,investing
2023-08-31,468.7,investing
2023-09-03,467.7,investing
2023-09-04,467.4,investing
2023-09-05,467.6,investing
2023-09-06,466.8,investing
2023-09-07,465.9,investing
2023-09-10,465.5,investing
2023-09-11,466.9,investing
2023-09-12,467.2,investing
2023-09-13,467.1,investing
2023-09-14,466.9,investing
2023-09-18,465.0,investing
2023-09-19,464.9,investing
2023-09-20,465.0,investing
2023-09-21,464.1,investing
2023-09-26,463.3,investing
2023-09-27,462.4,investing
2023-09-28,461.3,investing
2023-10-01,462.7,investing
2023-10-02,462.7,investing
2023-10-03,461.6,investing
2023-10-04,460.2,investing
2023-10-05,460.9,investing
2023-10-08,455.7,investing
2023-10-09,456.0,investing
2023-10-10,457.3,investing
2023-10-11,460.0,investing
2023-10-12,465.2,investing
2023-10-15,463.2,investing
2023-10-16,463.4,investing
2023-10-17,459.0,investing
2023-10-18,460.1,investing
2023-10-19,457.2,investing
2023-10-22,455.9,investing
2023-10-23,455.6,investing
2023-10-24,455.6,investing
2023-10-25,455.1,investing
2023-10-26,452.5,investing
2023-10-29,452.0,investing
2023-10-30,450.8,investing
2023-10-31,453.1,investing
2023-11-01,455.2,investing
2023-11-02,457.6,investing
2023-11-05,460.8,investing
2023-11-06,461.5,investing
2023-11-07,462.5,investing
2023-11-08,464.9,investing
2023-11-09,462.5,investing
2023-11-12,458.8,investing
2023-11-13,458.9,investing
2023-11-14,461.7,investing
2023-11-15,461.1,investing
2023-11-16,462.1,investing
2023-11-19,461.7,investing
2023-11-20,463.0,investing
2023-11-21,465.2,investing
2023-11-22,465.5,investing
2023-11-23,464.6,investing
2023-11-26,463.5,investing
2023-11-27,465.2,investing
2023-11-28,465.4,investing
2023-11-29,467.3,investing
2023-11-30,465.8,investing
2023-12-03,466.8,investing
2023-12-04,467.3,investing
2023-12-05,468.9,investing
2023-12-06,470.0,investing
2023-12-07,470.6,investing
2023-12-10,469.4,investing
2023-12-11,468.2,investing
2023-12-12,469.2,investing
2023-12-13,470.4,investing
2023-12-14,474.2,investing
2023-12-17,474.9,investing
2023-12-18,474.5,investing
2023-12-19,475.8,investing
2023-12-20,476.1,investing
2023-12-21,476.1,investing
2023-12-24,475.7,investing
2023-12-25,475.2,investing
2023-12-26,474.3,investing
2023-12-27,474.0,investing
2023-12-28,471.9,investing
2023-12-31,472.0,investing
2024-01-01,473.4,investing
2024-01-02,472.7,investing
2024-01-03,471.2,investing
2024-01-04,471.2,investing
2024-01-07,470.0,investing
2024-01-08,469.7,investing
2024-01-09,469.6,investing
2024-01-10,470.1,investing
2024-01-11,469.9,investing
2024-01-14,470.1,investing
2024-01-15,468.9,investing
2024-01-16,467.5,investing
2024-01-17,466.3,investing
2024-01-18,466.3,investing
2024-01-21,464.9,investing
2024-01-22,463.9,investing
2024-01-23,463.9,investing
2024-01-24,465.5,investing
2024-01-25,465.7,investing
2024-01-28,466.2,investing
2024-01-29,469.2,investing
2024-01-30,468.9,investing
2024-01-31,470.0,investing
2024-02-01,470.3,investing
2024-02-04,468.9,investing
2024-02-05,468.2,investing
2024-02-06,469.7,investing
2024-02-07,470.3,investing
2024-02-08,469.2,investing
2024-02-11,467.2,investing
2024-02-12,468.4,investing
2024-02-13,468.5,investing
2024-02-14,467.6,investing
2024-02-15,468.2,investing
2024-02-18,468.7,investing
2024-02-19,469.6,investing
2024-02-20,469.7,investing
2024-02-21,469.8,investing
2024-02-22,469.3,investing
2024-02-25,470.3,investing
2024-02-26,470.4,investing
2024-02-28,470.4,investing
2024-02-29,471.0,investing
2024-03-03,472.0,investing
2024-03-04,471.5,investing
2024-03-05,472.3,investing
2024-03-06,472.3,investing
2024-03-07,472.3,investing
2024-03-10,472.0,investing
2024-03-11,471.5,investing
2024-03-12,470.4,investing
2024-03-13,469.7,investing
2024-03-14,469.0,investing
2024-03-17,468.3,investing
2024-03-18,467.0,investing
2024-03-19,467.5,investing
2024-03-20,468.4,investing
2024-03-21,470.0,investing
2024-03-25,469.5,investing
2024-03-26,468.0,investing
2024-03-27,468.4,investing
2024-03-28,468.5,investing
2024-03-31,468.4,investing
2024-04-01,467.5,investing
2024-04-02,466.6,investing
2024-04-03,466.2,investing
2024-04-04,465.8,investing
2024-04-07,464.7,investing
2024-04-08,465.9,investing
2024-04-09,465.0,investing
2024-04-10,464.0,investing
2024-04-11,462.9,investing
2024-04-14,462.6,investing
2024-04-15,461.2,investing
2024-04-16,460.5,investing
2024-04-17,459.1,investing
2024-04-18,460.0,investing
2024-04-21,460.8,investing
2024-04-24,461.6,investing
2024-04-25,461.0,investing
2024-04-30,461.7,investing
2024-05-01,462.7,investing
2024-05-02,463.7,investing
2024-05-05,465.9,investing
2024-05-06,464.4,investing
2024-05-07,466.2,investing
2024-05-08,466.2,investing
2024-05-09,466.1,investing
2024-05-12,465.7,investing
2024-05-15,466.6,investing
2024-05-16,465.0,investing
2024-05-19,462.5,investing
2024-05-20,461.5,investing
2024-05-21,462.3,investing
2024-05-22,461.2,investing
2024-05-23,460.5,investing
2024-05-26,459.0,investing
2024-05-27,457.8,investing
2024-05-28,458.1,investing
2024-05-29,456.1,investing
2024-05-30,457.6,investing
2024-06-02,458.4,investing
2024-06-03,462.3,investing
2024-06-04,462.6,investing
2024-06-05,461.2,investing
2024-06-06,460.7,investing
2024-06-09,459.1,investing
2024-06-10,458.4,investing
2024-06-13,459.8,investing
2024-06-16,461.0,investing
2024-06-17,461.2,investing
2024-06-18,462.7,investing
2024-06-19,464.3,investing
2024-06-20,463.1,investing
2024-06-23,461.8,investing
2024-06-24,462.0,investing
2024-06-25,462.0,investing
2024-06-26,461.0,investing
2024-06-27,459.9,investing
2024-06-30,458.9,investing
2024-07-01,456.7,investing
2024-07-02,455.8,investing
2024-07-03,456.8,investing
2024-07-04,458.3,investing
2024-07-07,462.8,investing
2024-07-08,461.4,investing
2024-07-09,462.3,investing
2024-07-10,463.0,investing
2024-07-11,467.0,investing
2024-07-14,466.2,investing
2024-07-15,467.0,investing
2024-07-16,467.4,investing
2024-07-17,467.6,investing
2024-07-18,467.4,investing
2024-07-21,465.6,investing
2024-07-22,465.9,investing
2024-07-23,467.1,investing
2024-07-24,467.7,investing
2024-07-25,468.6,investing
2024-07-28,465.0,investing
2024-07-29,464.4,investing
2024-07-30,464.2,investing
2024-07-31,464.1,investing
2024-08-01,464.1,investing
2024-08-04,467.5,investing
2024-08-05,471.4,investing
2024-08-06,470.7,investing
2024-08-07,471.4,investing
2024-08-08,471.3,investing
2024-08-11,472.1,investing
2024-08-12,469.1,investing
2024-08-14,470.0,investing
2024-08-15,469.4,investing
2024-08-18,469.2,investing
2024-08-19,468.9,investing
2024-08-20,469.1,investing
2024-08-21,467.8,investing
2024-08-22,467.2,investing
2024-08-25,468.2,investing
2024-08-26,469.1,investing
2024-08-27,468.7,investing
2024-08-28,468.6,investing
2024-08-29,467.8,investing
2024-09-01,467.3,investing
2024-09-02,466.5,investing
2024-09-03,466.4,investing
2024-09-04,467.5,investing
2024-09-05,468.9,investing
2024-09-08,469.0,investing
2024-09-10,468.3,investing
2024-09-11,468.7,investing
2024-09-12,468.9,investing
2024-09-15,468.0,investing
2024-09-16,467.0,investing
2024-09-17,464.6,investing
2024-09-18,464.8,investing
2024-09-19,463.8,investing
2024-09-22,462.7,investing
2024-09-23,461.4,investing
2024-09-24,462.7,investing
2024-09-25,464.7,investing
2024-09-26,468.1,investing
2024-09-29,467.4,investing
2024-09-30,467.5,investing
2024-10-01,467.2,investing
2024-10-06,465.6,investing
2024-10-07,465.6,investing
2024-10-08,466.6,investing
2024-10-09,467.1,investing
2024-10-10,465.9,investing
2024-10-13,465.3,investing
2024-10-14,464.3,investing
2024-10-15,466.1,investing
2024-10-20,469.2,investing
2024-10-21,468.0,investing
2024-10-22,466.5,investing
2024-10-27,467.4,investing
2024-10-28,467.7,investing
2024-10-29,469.6,investing
2024-10-30,472.0,investing
2024-10-31,470.4,investing
2024-11-03,469.3,investing
2024-11-04,470.5,investing
2024-11-05,471.0,investing
2024-11-06,470.5,investing
2024-11-07,471.9,investing
2024-11-10,472.6,investing
2024-11-11,472.5,investing
2024-11-12,472.0,investing
2024-11-13,472.0,investing
2024-11-14,472.2,investing
2024-11-17,472.4,investing
2024-11-18,474.3,investing
2024-11-19,475.1,investing
2024-11-20,476.9,investing
2024-11-21,477.2,investing
2024-11-24,479.1,investing
2024-11-25,480.6,investing
2024-11-26,480.4,investing
2024-11-27,480.4,investing
2024-11-28,480.2,investing
2024-12-01,481.3,investing
2024-12-02,479.8,investing
2024-12-03,479.0,investing
2024-12-04,479.0,investing
2024-12-05,479.8,investing
2024-12-08,481.8,investing
2024-12-09,484.4,investing
2024-12-10,484.3,investing
2024-12-11,484.5,investing
2024-12-12,485.0,investing
2024-12-15,484.4,investing
2024-12-16,485.0,investing
2024-12-17,485.0,investing
2024-12-18,484.8,investing
2024-12-19,483.1,investing
2024-12-22,483.1,investing
2024-12-23,482.6,investing
2024-12-24,482.2,investing
2024-12-25,482.4,investing
2024-12-26,481.9,investing
2024-12-29,481.8,investing
2024-12-30,483.0,investing
2024-12-31,483.9,investing
2025-01-01,484.1,investing
2025-01-02,484.5,investing
2025-01-05,484.3,investing
2025-01-06,484.7,investing
2025-01-07,484.4,investing
2025-01-08,483.8,investing
2025-01-09,484.2,investing
2025-01-12,483.1,investing
2025-01-13,482.3,investing
2025-01-14,481.8,investing
2025-01-15,484.0,investing
2025-01-16,484.4,investing
2025-01-19,485.6,investing
2025-01-20,485.6,investing
2025-01-21,485.4,investing
2025-01-22,485.6,investing
2025-01-23,484.9,investing
2025-01-26,484.9,investing
2025-01-27,485.0,investing
2025-01-28,485.1,investing
2025-01-29,485.7,investing
2025-01-30,486.8,investing
2025-02-02,486.7,investing
2025-02-03,487.9,investing
2025-02-04,488.0,investing
2025-02-05,490.5,investing
2025-02-06,491.0,investing
2025-02-09,490.5,investing
2025-02-10,491.2,investing
2025-02-11,490.8,investing
2025-02-12,489.6,investing
2025-02-13,490.6,investing
2025-02-16,491.2,investing
2025-02-17,491.0,investing
2025-02-18,491.2,investing
2025-02-19,490.9,investing
2025-02-20,490.9,investing
2025-02-23,491.1,investing
2025-02-24,490.9,investing
2025-02-25,490.9,investing
2025-02-26,490.6,investing
2025-02-27,490.9,investing
2025-03-02,491.7,investing
2025-03-03,491.4,investing
2025-03-04,491.9,investing
2025-03-05,491.1,investing
2025-03-06,490.1,investing
2025-03-09,490.5,investing
2025-03-10,490.5,investing
2025-03-11,490.6,investing
2025-03-12,490.2,investing
2025-03-13,490.0,investing
2025-03-16,491.7,investing
2025-03-17,491.6,investing
2025-03-18,491.5,investing
2025-03-19,491.3,investing
2025-03-20,491.4,investing
2025-03-23,488.2,investing
2025-03-24,487.5,investing
2025-03-25,487.9,investing
2025-03-26,486.8,investing
2025-03-27,486.3,investing
2025-03-30,486.7,investing
2025-03-31,487.8,investing
2025-04-01,488.1,investing
2025-04-02,487.7,investing
2025-04-03,490.3,investing
2025-04-06,492.1,investing
2025-04-07,491.2,investing
2025-04-08,490.7,investing
2025-04-09,490.0,investing
2025-04-10,491.1,investing
2025-04-14,492.0,investing
2025-04-15,493.0,investing
2025-04-16,492.6,investing
2025-04-17,492.4,investing
2025-04-20,492.0,investing
2025-04-21,491.0,investing
2025-04-22,491.6,investing
2025-04-23,492.2,investing
2025-04-24,492.5,investing
2025-04-27,493.7,investing
2025-04-28,494.2,investing
2025-04-29,495.0,investing
2025-05-04,493.8,investing
2025-05-05,493.5,investing
2025-05-06,493.0,investing
2025-05-07,493.3,investing
2025-05-08,493.8,investing
2025-05-11,493.1,investing
2025-05-12,493.2,investing
2025-05-13,493.1,investing
2025-05-14,493.8,investing
2025-05-15,493.8,investing
2025-05-18,493.5,investing
2025-05-19,492.2,investing
2025-05-20,491.0,investing
2025-05-21,489.2,investing
2025-05-22,488.5,investing
2025-05-25,489.3,investing
2025-05-26,490.0,investing
2025-05-27,491.3,investing
2025-05-28,491.8,investing
2025-05-29,491.9,investing
2025-06-03,490.4,investing
2025-06-04,491.3,investing
2025-06-05,491.2,investing
2025-06-08,490.2,investing
2025-06-09,490.3,investing
2025-06-10,491.0,investing
2025-06-11,490.4,investing
2025-06-12,489.5,investing
2025-06-15,488.7,investing
2025-06-16,491.4,investing
2025-06-17,491.3,investing
2025-06-18,492.5,investing
2025-06-19,493.0,investing
2025-06-22,496.3,investing
2025-06-23,495.8,investing
2025-06-24,498.7,investing
2025-06-25,499.1,investing
2025-06-26,500.2,investing
2025-06-29,501.4,investing
2025-06-30,502.9,investing
2025-07-01,503.3,investing
2025-07-02,503.4,investing
2025-07-03,503.5,investing
2025-07-06,504.6,investing
2025-07-07,504.8,investing
2025-07-08,503.7,investing
2025-07-09,502.7,investing
2025-07-10,504.1,investing
2025-07-13,503.9,investing
2025-07-14,502.8,investing
2025-07-15,502.0,investing
2025-07-16,502.1,investing
2025-07-17,501.4,investing
2025-07-20,501.5,investing
2025-07-21,501.9,investing
2025-07-22,501.7,investing
2025-07-23,501.6,investing
2025-07-24,501.9,investing
2025-07-27,501.4,investing
2025-07-28,500.8,investing
2025-07-29,500.0,investing
2025-07-30,499.9,investing
2025-07-31,500.4,investing
2025-08-03,500.2,investing
2025-08-04,501.0,investing
2025-08-05,502.5,investing
2025-08-06,501.8,investing
2025-08-07,502.0,investing
2025-08-10,502.2,investing
2025-08-11,502.1,investing
2025-08-12,502.1,investing
2025-08-13,502.1,investing
2025-08-14,503.6,investing
2025-08-17,504.1,investing
2025-08-18,504.5,investing
2025-08-19,504.6,investing
2025-08-20,504.4,investing
2025-08-21,504.0,investing
2025-08-24,505.5,investing
2025-08-25,505.4,investing
2025-08-26,505.0,investing
2025-08-27,505.0,investing
2025-08-28,506.0,investing
2025-08-31,505.8,investing
2025-09-01,505.0,investing
2025-09-02,504.4,investing
2025-09-03,505.2,investing
2025-09-04,506.1,investing
2025-09-07,507.6,investing
2025-09-08,507.7,investing
2025-09-09,507.3,investing
2025-09-10,507.4,investing
2025-09-11,507.5,investing
2025-09-14,507.4,investing
2025-09-15,506.1,investing
2025-09-16,506.0,investing
2025-09-17,505.3,investing
2025-09-18,505.2,investing
2025-09-21,505.0,investing
2025-09-25,505.4,investing
2025-09-28,506.1,investing
2025-09-29,507.3,investing
2025-09-30,508.6,investing
2025-10-05,510.4,investing
2025-10-08,510.5,investing
2025-10-09,512.9,investing
2025-10-12,514.1,investing
2025-10-15,515.5,investing
2025-10-16,516.0,investing
2025-10-18,516.0,investing
2025-10-19,515.4,investing
2025-10-20,515.4,investing
2025-10-21,515.3,investing
2025-10-22,515.5,investing
2025-10-23,516.2,investing
2025-10-26,515.9,investing
2025-10-27,516.0,investing
2025-10-28,516.1,investing
2025-10-29,516.7,investing
2025-10-30,516.0,investing
2025-11-02,516.2,investing
2025-11-03,515.8,investing
2025-11-04,515.9,investing
2025-11-05,515.4,investing
2025-11-06,515.3,investing
2025-11-09,515.3,investing
2025-11-10,515.2,investing
2025-11-11,516.0,investing
2025-11-12,517.3,investing
2025-11-13,517.8,investing
2025-11-16,517.5,investing
2025-11-17,517.4,investing
2025-11-18,517.1,investing
2025-11-19,517.3,investing
2025-11-20,517.0,investing
2025-11-23,517.2,investing
2025-11-24,517.5,investing
2025-11-25,517.6,investing
2025-11-26,517.2,investing
2025-11-27,517.4,investing
2025-11-29,517.4,investing
2025-11-30,517.6,investing
2025-12-01,516.7,investing
2025-12-02,516.1,investing
2025-12-03,516.3,investing
2025-12-04,516.1,investing
2025-12-07,515.6,investing
2025-12-08,515.1,investing
2025-12-09,514.9,investing
2025-12-10,514.6,investing
2025-12-11,515.2,investing
2025-12-14,514.9,investing
2025-12-15,515.6,investing
2025-12-16,516.0,investing
2025-12-17,516.2,investing
2025-12-18,517.1,investing
2025-12-21,517.3,investing
2025-12-22,516.7,investing
2025-12-23,516.7,investing
2025-12-24,517.3,investing
2025-12-25,517.5,investing
2025-12-28,517.8,investing
2025-12-29,518.3,investing
2025-12-30,518.5,investing
2025-12-31,519.0,investing
2026-01-01,519.2,investing
2026-01-05,522.6,investing
2026-01-06,523.4,investing
2026-01-07,524.6,investing
2026-01-08,523.8,investing
2026-01-09,524.0,investing
2026-01-12,524.0,investing
2026-01-13,524.5,investing
2026-01-14,524.2,investing
2026-01-15,524.5,investing
2026-01-16,524.7,investing
2026-01-19,523.5,investing
2026-01-20,522.3,investing
2026-01-21,522.2,investing
2026-01-22,522.5,investing
2026-01-23,522.2,investing
2026-01-25,522.2,investing
2026-01-26,522.9,investing
2026-01-27,524.1,investing
2026-01-28,524.2,investing
2026-01-29,524.1,investing
2026-01-30,524.0,investing
2026-02-02,524.5,investing
2026-02-03,524.8,investing
2026-02-04,524.9,investing
2026-02-05,524.4,investing
2026-02-06,525.2,investing
2026-02-09,525.4,investing
2026-02-10,525.8,investing
2026-02-11,525.8,investing
2026-02-12,526.7,investing
2026-02-13,528.0,investing
2026-02-16,529.7,investing
2026-02-17,530.1,investing
2026-02-18,529.0,investing
2026-02-19,528.3,investing
2026-02-20,528.6,investing
2026-02-23,528.6,investing
2026-02-24,527.9,investing
2026-02-25,527.7,investing
2026-02-26,525.9,investing
2026-02-27,525.8,investing
2026-03-02,528.4,investing
2026-03-04,529.5,investing
2026-03-05,528.8,investing
2026-03-06,527.7,investing
2026-03-09,525.2,investing
2026-03-10,526.1,investing
2026-03-11,524.9,investing
2026-03-12,523.2,investing
2026-03-13,521.7,investing
2026-03-16,520.4,investing
2026-03-17,521.9,investing
2026-03-18,521.2,investing
2026-03-19,520.6,investing
2026-03-20,520.9,investing
2026-03-23,521.8,investing
2026-03-24,521.2,investing
2026-03-25,521.4,investing
2026-03-26,521.1,investing
2026-03-27,519.3,investing
2026-03-30,518.8,investing
2026-03-31,519.8,investing
2026-04-03,521.1,investing
2026-04-06,522.0,investing
2026-04-09,523.7,investing
2026-04-10,524.4,investing
2026-04-12,524.4,investing
2026-04-13,522.7,investing
2026-04-14,523.9,investing
2026-04-15,523.6,investing
2026-04-16,524.6,investing
2026-04-17,526.6,investing
2026-04-18,526.6,investing
2026-04-20,526.0,investing
2026-04-23,525.4,investing
2026-04-24,524.5,investing
2026-04-27,523.6,investing
2026-04-28,523.6,investing
2026-04-29,523.2,investing
2026-04-30,523.8,investing
2026-05-01,524.6,investing
2026-05-04,524.5,investing
2026-05-05,524.5,investing
2026-05-06,527.3,investing
2026-05-07,529.5,investing
2026-05-08,529.5,investing
2026-05-09,529.5,investing
2026-05-11,529.2,investing
2026-05-12,528.0,investing
2026-05-13,527.4,investing
2026-05-14,527.4,investing
2026-05-15,525.8,investing
2026-05-18,526.1,investing
2026-05-19,525.3,investing
2026-05-20,525.8,investing
2026-05-25,530.2,investing
2026-05-26,530.2,investing
2026-05-27,531.7,investing
2026-05-28,532.2,investing
2026-05-29,534.0,investing
2026-06-01,533.2,investing
2026-06-02,536.2,investing
2026-06-03,536.1,investing
2026-06-04,537.3,investing
2026-06-05,537.4,investing
2026-06-08,536.2,investing
2026-06-09,536.3,investing
2026-06-10,535.6,investing
2026-06-11,536.1,investing
2026-06-12,537.2,investing
2026-06-13,537.2,investing
2026-06-15,537.2,investing
2026-06-16,536.9,investing
2026-06-17,536.5,investing
2026-06-18,535.2,investing
2026-06-19,534.0,investing
2026-06-22,533.7,investing
2026-06-23,535.2,investing
2026-06-24,536.8,investing
2026-06-25,537.8,investing
2026-06-26,537.0,investing
2026-06-29,536.9,investing
2026-06-30,536.8,investing
2026-07-01,537.0,investing
2026-07-02,536.7,investing
2026-07-03,537.1,investing
2026-07-06,537.3,investing
2026-07-07,536.6,investing
2026-07-08,535.8,investing
2026-07-09,535.8,investing
2026-07-10,536.4,investing
2026-07-13,535.1,investing
2026-07-14,535.1,investing
2026-07-15,535.6,investing
2026-07-16,534.4,investing
2026-07-17,534.2,investing
2026-07-20,532.8,investing
2026-07-21,532.6,investing
2026-07-22,531.9,investing
2026-07-24,531.1,investing
2026-07-27,531.8,investing
2026-07-28,532.5,investing
2026-07-29,532.6,investing
2026-07-30,532.9,investing
2026-07-31,533.3,investing
2026-08-03,533.3,investing
2026-08-04,534.3,investing
2026-08-05,535.4,investing
2026-08-06,535.51,tase
2026-08-07,535.52,tase
2026-08-08,535.56,tase
2026-08-10,535.88,tase
2026-08-11,534.79,tase
2026-08-12,535.07,tase
2026-08-13,535.31,tase
2026-08-14,535.98,tase
2026-08-15,536.3,tase
2026-08-17,536.3,tase
2026-08-18,536.46,tase
2026-08-19,535.54,tase
2026-08-20,536.92,tase
2026-08-21,536.14,tase
2026-08-22,535.9,tase
